gameid,datacompleteness,league,split,playoffs,date,game,patch,participantid,side,teamname,teamid,gamelength,result,golddiffat15,xpdiffat15,csdiffat15,killsat15,opp_killsat15,golddiffat20,xpdiffat20,csdiffat20,killsat20,opp_killsat20,golddiffat25,xpdiffat25,csdiffat25,killsat25,opp_killsat25,draft,day,opponent,opponent_draft,blue,killdiff20,gold_change15_20,xp_change15_20,cs_change15_20,elo_diff,eligible20,next5
LOLTMNT03_337058,complete,LCK,Cup,0,2026-01-14 08:13:43,1,16.01,100,Blue,DN SOOPers,oe:team:b3c72a20aa56f5d28022ac04a7dc294,1888,1,513.0,1888.0,57.0,3.0,3.0,4410.0,6065.0,85.0,10.0,5.0,5395.0,6739.0,110.0,12.0,7.0,top: Rumble / jng: Wukong / mid: Ahri / bot: Corki / sup: Pantheon,2026-01-14,KT Rolster,top: K'Sante / jng: Malphite / mid: Taliyah / bot: Yunara / sup: Alistar,1,5.0,3897.0,4177.0,28.0,0.0,True,Grew by >500g
LOLTMNT03_337069,complete,LCK,Cup,0,2026-01-14 09:06:16,2,16.01,200,Red,KT Rolster,oe:team:d723992568441c6bafa2658129eade7,1650,1,1719.0,456.0,4.0,2.0,0.0,4792.0,2125.0,44.0,3.0,0.0,9970.0,8536.0,87.0,8.0,0.0,top: Renekton / jng: Sylas / mid: Ryze / bot: Lucian / sup: Braum,2026-01-14,DN SOOPers,top: Sion / jng: Dr. Mundo / mid: Viktor / bot: Ashe / sup: Soraka,0,3.0,3073.0,1669.0,40.0,-0.0,True,Grew by >500g
LOLTMNT03_337081,complete,LCK,Cup,0,2026-01-14 09:54:54,3,16.01,100,Blue,KT Rolster,oe:team:d723992568441c6bafa2658129eade7,2197,1,563.0,-717.0,28.0,4.0,4.0,1068.0,-1803.0,23.0,6.0,7.0,99.0,-2254.0,27.0,7.0,9.0,top: Rek'Sai / jng: Jarvan IV / mid: Zoe / bot: Aphelios / sup: Thresh,2026-01-14,DN SOOPers,top: Ambessa / jng: Nocturne / mid: Aurora / bot: Ziggs / sup: Rell,1,-1.0,505.0,-1086.0,-5.0,0.0,True,Shrank by >500g
LOLTMNT03_337109,complete,LCK,Cup,0,2026-01-14 11:22:18,1,16.01,100,Blue,Dplus Kia,oe:team:ef69efa6acebe94107f0cf1ba716806,1699,1,4255.0,3108.0,63.0,6.0,2.0,7853.0,5198.0,94.0,12.0,4.0,9346.0,8758.0,151.0,12.0,5.0,top: Ambessa / jng: Jarvan IV / mid: Ryze / bot: Ezreal / sup: Karma,2026-01-14,HANJIN BRION,top: Rek'Sai / jng: Xin Zhao / mid: Taliyah / bot: Yunara / sup: Neeko,1,8.0,3598.0,2090.0,31.0,0.0,True,Grew by >500g
LOLTMNT03_336084,complete,LCK,Cup,0,2026-01-14 12:11:18,2,16.01,100,Blue,Dplus Kia,oe:team:ef69efa6acebe94107f0cf1ba716806,1530,1,5437.0,5109.0,69.0,11.0,3.0,7105.0,5036.0,77.0,14.0,5.0,14324.0,14591.0,118.0,24.0,7.0,top: Rumble / jng: Pantheon / mid: LeBlanc / bot: Sivir / sup: Bard,2026-01-14,HANJIN BRION,top: K'Sante / jng: Nocturne / mid: Orianna / bot: Jhin / sup: Elise,1,9.0,1668.0,-73.0,8.0,0.0,True,Grew by >500g
LOLTMNT03_336244,complete,LCK,Cup,0,2026-01-15 08:05:23,1,16.01,200,Red,Gen.G,oe:team:50f58982d91a36557ec8aec52ab014f,1782,1,-368.0,-498.0,-13.0,1.0,1.0,4653.0,4072.0,28.0,6.0,1.0,2406.0,-1044.0,48.0,10.0,7.0,top: Renekton / jng: Pantheon / mid: Azir / bot: Corki / sup: Nami,2026-01-15,Kiwoom DRX,top: Kennen / jng: Xin Zhao / mid: Orianna / bot: Yunara / sup: Alistar,0,5.0,5021.0,4570.0,41.0,-0.0,True,Shrank by >500g
13062-13062_game_2,complete,LPL,Split 1,0,2026-01-15 08:14:04,2,16.01,200,Red,LGD Gaming,oe:team:5f401785b6b78326f9a46b3c6b206ed,2240,1,997.0,-502.0,-25.0,2.0,1.0,3544.0,3439.0,29.0,8.0,5.0,6897.0,6265.0,65.0,10.0,5.0,top: Jax / jng: Dr. Mundo / mid: Taliyah / bot: Sivir / sup: Lulu,2026-01-15,Ultra Prime,top: Renekton / jng: Malphite / mid: Syndra / bot: Miss Fortune / sup: Alistar,0,3.0,2547.0,3941.0,54.0,-0.0,True,Grew by >500g
LOLTMNT03_336246,complete,LCK,Cup,0,2026-01-15 08:56:47,2,16.01,100,Blue,Gen.G,oe:team:50f58982d91a36557ec8aec52ab014f,1469,1,5562.0,3494.0,73.0,10.0,2.0,11233.0,8471.0,125.0,19.0,3.0,18726.0,18445.0,167.0,34.0,5.0,top: Ambessa / jng: Wukong / mid: Ryze / bot: Ezreal / sup: Leona,2026-01-15,Kiwoom DRX,top: Sion / jng: Jarvan IV / mid: Cassiopeia / bot: Jhin / sup: Bard,1,16.0,5671.0,4977.0,52.0,0.0,True,Won before 25
13063-13063_game_1,complete,LPL,Split 1,0,2026-01-15 09:26:10,1,16.01,100,Blue,Anyone's Legend,oe:team:ed28f87f0cfdba0a2a8f183cebae73a,1583,1,3629.0,4054.0,37.0,10.0,5.0,2730.0,3475.0,54.0,10.0,8.0,5236.0,5648.0,60.0,16.0,11.0,top: Rek'Sai / jng: Jarvan IV / mid: Azir / bot: Varus / sup: Bard,2026-01-15,Invictus Gaming,top: Renekton / jng: Ambessa / mid: Orianna / bot: Sivir / sup: Alistar,1,2.0,-899.0,-579.0,17.0,10.0,True,Grew by >500g
LOLTMNT03_337298,complete,LCK,Cup,0,2026-01-15 10:15:24,1,16.01,100,Blue,Nongshim RedForce,oe:team:5cd2cd09ec94296f605dd13a2924d6c,2070,0,78.0,1016.0,29.0,1.0,3.0,1513.0,3005.0,26.0,5.0,5.0,-2930.0,727.0,23.0,7.0,13.0,top: Sion / jng: Malphite / mid: Taliyah / bot: Aphelios / sup: Karma,2026-01-15,BNK FEARX,top: Rek'Sai / jng: Nautilus / mid: Ahri / bot: Yunara / sup: Lulu,1,0.0,1435.0,1989.0,-3.0,0.0,True,Lead lost by 25
13063-13063_game_2,complete,LPL,Split 1,0,2026-01-15 10:16:14,2,16.01,200,Red,Invictus Gaming,oe:team:53a258f289c26d94431c0496a54e151,2049,0,1512.0,-628.0,-8.0,8.0,10.0,1712.0,-393.0,-15.0,9.0,11.0,-2334.0,-4840.0,-69.0,9.0,14.0,top: Zaahen / jng: Pantheon / mid: Anivia / bot: Yunara / sup: Lulu,2026-01-15,Anyone's Legend,top: Sion / jng: Xin Zhao / mid: Ryze / bot: Aphelios / sup: Thresh,0,-2.0,200.0,235.0,-7.0,-10.0,True,Lead lost by 25
LOLTMNT03_337304,complete,LCK,Cup,0,2026-01-15 11:14:42,2,16.01,100,Blue,BNK FEARX,oe:team:5c2e7e9ea8dfcba0150d9a5619baecf,1727,1,1286.0,854.0,31.0,4.0,3.0,1984.0,300.0,5.0,10.0,8.0,4184.0,1189.0,50.0,12.0,10.0,top: Kennen / jng: Pantheon / mid: Sylas / bot: Ezreal / sup: Neeko,2026-01-15,Nongshim RedForce,top: Renekton / jng: Wukong / mid: Orianna / bot: Varus / sup: Alistar,1,2.0,698.0,-554.0,-26.0,0.0,True,Grew by >500g
13064-13064_game_1,complete,LPL,Split 1,0,2026-01-15 11:30:15,1,16.01,200,Red,Weibo Gaming,oe:team:606c6ac695907af3823ee6405c58ff1,2097,1,1630.0,906.0,11.0,7.0,3.0,1896.0,1390.0,17.0,9.0,4.0,939.0,335.0,20.0,12.0,7.0,top: Ambessa / jng: Jarvan IV / mid: LeBlanc / bot: Yunara / sup: Neeko,2026-01-15,Bilibili Gaming,top: Zaahen / jng: Wukong / mid: Azir / bot: Varus / sup: Nautilus,0,5.0,266.0,484.0,6.0,10.0,True,Shrank by >500g
13064-13064_game_2,complete,LPL,Split 1,0,2026-01-15 12:30:36,2,16.01,200,Red,Bilibili Gaming,oe:team:d356a144644879dabb5f34cd99c886d,2267,1,-595.0,-28.0,-2.0,4.0,6.0,649.0,1599.0,24.0,6.0,6.0,-32.0,2853.0,-12.0,8.0,9.0,top: Gnar / jng: Malphite / mid: Syndra / bot: Aphelios / sup: Thresh,2026-01-15,Weibo Gaming,top: Renekton / jng: Dr. Mundo / mid: Aurora / bot: Corki / sup: Blitzcrank,0,0.0,1244.0,1627.0,26.0,-10.0,True,Lead lost by 25
LOLTMNT01_320405,complete,LCP,Split 1,0,2026-01-16 06:23:26,1,16.01,100,Blue,Ground Zero Gaming,oe:team:788115a84f68bc65fa6d3a4e0f67a3e,2107,1,-696.0,-840.0,17.0,1.0,2.0,3062.0,2323.0,41.0,6.0,3.0,5384.0,6516.0,60.0,7.0,3.0,top: K'Sante / jng: Wukong / mid: Ryze / bot: Yunara / sup: Rakan,2026-01-16,Team Secret Whales,top: Rumble / jng: Ambessa / mid: Galio / bot: Ezreal / sup: Leona,1,3.0,3758.0,3163.0,24.0,0.0,True,Grew by >500g
LOLTMNT01_320423,complete,LCP,Split 1,0,2026-01-16 07:18:35,2,16.01,200,Red,Team Secret Whales,oe:team:740de582f50775c516c77ed7b923fd5,1820,1,-241.0,902.0,1.0,6.0,7.0,3575.0,3290.0,21.0,11.0,8.0,8994.0,9983.0,23.0,18.0,9.0,top: Renekton / jng: Malphite / mid: Akali / bot: Kai'Sa / sup: Rell,2026-01-16,Ground Zero Gaming,top: Sion / jng: Dr. Mundo / mid: Azir / bot: Corki / sup: Nautilus,0,3.0,3816.0,2388.0,20.0,-0.0,True,Grew by >500g
LOLTMNT03_336495,complete,LCK,Cup,0,2026-01-16 08:05:40,1,16.01,100,Blue,Dplus Kia,oe:team:ef69efa6acebe94107f0cf1ba716806,1505,1,560.0,1242.0,34.0,3.0,3.0,5756.0,5613.0,71.0,8.0,3.0,11212.0,13318.0,109.0,17.0,3.0,top: K'Sante / jng: Ambessa / mid: Ryze / bot: Yunara / sup: Lulu,2026-01-16,DN SOOPers,top: Rumble / jng: Wukong / mid: Taliyah / bot: Corki / sup: Nami,1,5.0,5196.0,4371.0,37.0,30.0,True,Grew by >500g
LOLTMNT01_320441,complete,LCP,Split 1,0,2026-01-16 08:15:42,3,16.01,200,Red,Team Secret Whales,oe:team:740de582f50775c516c77ed7b923fd5,1750,1,3562.0,1557.0,15.0,8.0,3.0,4029.0,1659.0,14.0,9.0,4.0,2942.0,2119.0,1.0,13.0,7.0,top: Jax / jng: Lee Sin / mid: Aurora / bot: Miss Fortune / sup: Poppy,2026-01-16,Ground Zero Gaming,top: Gnar / jng: Pantheon / mid: Taliyah / bot: Caitlyn / sup: Alistar,0,5.0,467.0,102.0,-1.0,-0.0,True,Shrank by >500g
LOLTMNT03_336502,complete,LCK,Cup,0,2026-01-16 08:53:11,2,16.01,100,Blue,Dplus Kia,oe:team:ef69efa6acebe94107f0cf1ba716806,1535,1,1004.0,1658.0,85.0,2.0,4.0,3235.0,3370.0,118.0,3.0,4.0,11403.0,11726.0,154.0,12.0,6.0,top: Gwen / jng: Xin Zhao / mid: Ekko / bot: Varus / sup: Rakan,2026-01-16,DN SOOPers,top: Sion / jng: Jarvan IV / mid: Syndra / bot: Ashe / sup: Braum,1,-1.0,2231.0,1712.0,33.0,30.0,True,Grew by >500g
13106-13106_game_1,complete,LPL,Split 1,0,2026-01-16 09:16:42,1,16.01,200,Red,LNG Esports,oe:team:a9145b7711873f53e610fbba0493484,1729,1,3880.0,1129.0,37.0,5.0,2.0,6671.0,4468.0,74.0,7.0,3.0,8344.0,4542.0,57.0,11.0,4.0,top: Renekton / jng: Jarvan IV / mid: Orianna / bot: Yunara / sup: Lulu,2026-01-16,Oh My God,top: K'Sante / jng: Malphite / mid: Akali / bot: Aphelios / sup: Alistar,0,4.0,2791.0,3339.0,37.0,-0.0,True,Grew by >500g
LOLTMNT01_320481,complete,LCP,Split 1,0,2026-01-16 09:25:37,1,16.01,100,Blue,Fukuoka SoftBank HAWKS gaming,oe:team:d8ca3fc1f0827ec76369af7b70d43e3,2369,0,2339.0,3916.0,31.0,4.0,0.0,4285.0,4051.0,15.0,6.0,0.0,6413.0,6565.0,1.0,10.0,1.0,top: K'Sante / jng: Jayce / mid: Anivia / bot: Aphelios / sup: Thresh,2026-01-16,Deep Cross Gaming,top: Gwen / jng: Dr. Mundo / mid: Ryze / bot: Yunara / sup: Blitzcrank,1,6.0,1946.0,135.0,-16.0,0.0,True,Grew by >500g
13106-13106_game_2,complete,LPL,Split 1,0,2026-01-16 10:08:11,2,16.01,100,Blue,LNG Esports,oe:team:a9145b7711873f53e610fbba0493484,1452,1,6715.0,3910.0,67.0,12.0,2.0,8282.0,5756.0,112.0,16.0,4.0,16365.0,15040.0,143.0,25.0,4.0,top: Rek'Sai / jng: Xin Zhao / mid: Azir / bot: Varus / sup: Renata Glasc,2026-01-16,Oh My God,top: Sion / jng: Wukong / mid: Viktor / bot: Miss Fortune / sup: Leona,1,12.0,1567.0,1846.0,45.0,0.0,True,Won before 25
LOLTMNT03_337590,complete,LCK,Cup,0,2026-01-16 10:08:16,1,16.01,100,Blue,T1,oe:team:ce499dea30cfce118f4fe85da0227e8,2204,0,1300.0,1378.0,3.0,5.0,4.0,641.0,835.0,3.0,6.0,6.0,1103.0,1724.0,-2.0,6.0,6.0,top: Ambessa / jng: Pantheon / mid: Ryze / bot: Lucian / sup: Milio,2026-01-16,Hanwha Life Esports,top: Rumble / jng: Vi / mid: Taliyah / bot: Corki / sup: Alistar,1,0.0,-659.0,-543.0,0.0,0.0,True,Within 500g
LOLTMNT01_320496,complete,LCP,Split 1,0,2026-01-16 10:31:49,2,16.01,100,Blue,Deep Cross Gaming,oe:team:7e56e9367c023df96cc8257ff4e16c0,2302,1,4428.0,3727.0,55.0,5.0,0.0,5633.0,3545.0,75.0,7.0,2.0,7868.0,6407.0,95.0,11.0,3.0,top: Renekton / jng: Wukong / mid: Ahri / bot: Varus / sup: Rakan,2026-01-16,Fukuoka SoftBank HAWKS gaming,top: Ornn / jng: Aatrox / mid: Taliyah / bot: Sivir / sup: Bard,1,5.0,1205.0,-182.0,20.0,0.0,True,Grew by >500g
LOLTMNT03_336511,complete,LCK,Cup,0,2026-01-16 11:07:37,2,16.01,200,Red,T1,oe:team:ce499dea30cfce118f4fe85da0227e8,1603,1,1892.0,1737.0,-3.0,5.0,1.0,3691.0,2296.0,4.0,9.0,3.0,10108.0,11820.0,75.0,17.0,5.0,top: K'Sante / jng: Xin Zhao / mid: Sylas / bot: Aphelios / sup: Lulu,2026-01-16,Hanwha Life Esports,top: Gnar / jng: Wukong / mid: Aurora / bot: Ziggs / sup: Rakan,0,6.0,1799.0,559.0,7.0,-0.0,True,Grew by >500g
13066-13066_game_1,complete,LPL,Split 1,0,2026-01-16 11:10:15,1,16.01,100,Blue,EDward Gaming,oe:team:056c3140a119e44a03d462e2c832f27,2299,0,-297.0,-1580.0,-35.0,1.0,2.0,692.0,-573.0,-7.0,3.0,5.0,2206.0,2740.0,-5.0,6.0,6.0,top: K'Sante / jng: Ambessa / mid: Orianna / bot: Yunara / sup: Poppy,2026-01-16,Team WE,top: Renekton / jng: Jarvan IV / mid: Akali / bot: Varus / sup: Rakan,1,-2.0,989.0,1007.0,28.0,0.0,True,Grew by >500g
LOLTMNT03_337603,complete,LCK,Cup,0,2026-01-16 11:56:34,3,16.01,100,Blue,T1,oe:team:ce499dea30cfce118f4fe85da0227e8,1700,1,4414.0,3707.0,18.0,7.0,1.0,8289.0,6055.0,43.0,15.0,5.0,14552.0,13316.0,82.0,24.0,7.0,top: Akali / jng: Nocturne / mid: Orianna / bot: Sivir / sup: Bard,2026-01-16,Hanwha Life Esports,top: Rek'Sai / jng: Jarvan IV / mid: Azir / bot: Jhin / sup: Nautilus,1,10.0,3875.0,2348.0,25.0,0.0,True,Grew by >500g
13066-13066_game_2,complete,LPL,Split 1,0,2026-01-16 12:15:45,2,16.01,200,Red,EDward Gaming,oe:team:056c3140a119e44a03d462e2c832f27,1910,0,5322.0,3787.0,45.0,8.0,1.0,3534.0,2853.0,26.0,13.0,5.0,644.0,924.0,10.0,15.0,9.0,top: Gnar / jng: Malphite / mid: Taliyah / bot: Jinx / sup: Rell,2026-01-16,Team WE,top: Yorick / jng: Dr. Mundo / mid: Azir / bot: Sivir / sup: Lulu,0,8.0,-1788.0,-934.0,-19.0,-0.0,True,Shrank by >500g
LOLTMNT01_320768,complete,LCP,Split 1,0,2026-01-17 06:17:02,1,16.01,200,Red,GAM Esports,oe:team:9cae7677cd0dbcc1cd86653870b73c2,2217,1,207.0,622.0,15.0,5.0,5.0,1243.0,2206.0,16.0,7.0,6.0,43.0,1098.0,26.0,7.0,7.0,top: Rumble / jng: Jarvan IV / mid: Ryze / bot: Miss Fortune / sup: Rell,2026-01-17,CTBC Flying Oyster,top: K'Sante / jng: Jayce / mid: Taliyah / bot: Yunara / sup: Nautilus,0,1.0,1036.0,1584.0,1.0,-0.0,True,Shrank by >500g
LOLTMNT01_321834,complete,LCP,Split 1,0,2026-01-17 07:12:45,2,16.01,200,Red,GAM Esports,oe:team:9cae7677cd0dbcc1cd86653870b73c2,2020,1,-658.0,-86.0,5.0,6.0,5.0,2201.0,2437.0,29.0,12.0,6.0,2685.0,3317.0,45.0,12.0,6.0,top: Rek'Sai / jng: Wukong / mid: Ahri / bot: Corki / sup: Nami,2026-01-17,CTBC Flying Oyster,top: Sion / jng: Ambessa / mid: Azir / bot: Kai'Sa / sup: Neeko,0,6.0,2859.0,2523.0,24.0,-0.0,True,Within 500g
LOLTMNT03_336667,complete,LCK,Cup,0,2026-01-17 08:05:53,1,16.01,200,Red,HANJIN BRION,oe:team:b77b3f6068e20a2b3edc0ecd3dc70d4,1913,0,2917.0,3633.0,28.0,5.0,0.0,2629.0,5053.0,41.0,10.0,3.0,2532.0,5280.0,57.0,12.0,5.0,top: Gnar / jng: Vi / mid: Taliyah / bot: Ezreal / sup: Leona,2026-01-17,BNK FEARX,top: Renekton / jng: Pantheon / mid: Azir / bot: Xayah / sup: Rakan,0,7.0,-288.0,1420.0,13.0,-40.0,True,Within 500g
LOLTMNT01_321853,complete,LCP,Split 1,0,2026-01-17 08:21:31,1,16.01,200,Red,MVK Esports,oe:team:bc3824b0bbb8139d16109178faa4822,1760,1,1452.0,854.0,17.0,1.0,0.0,5037.0,2703.0,47.0,4.0,1.0,4981.0,2669.0,29.0,6.0,2.0,top: Rek'Sai / jng: Malphite / mid: Anivia / bot: Varus / sup: Alistar,2026-01-17,DetonatioN FocusMe,top: Sion / jng: Dr. Mundo / mid: Ryze / bot: Corki / sup: Nami,0,3.0,3585.0,1849.0,30.0,-0.0,True,Within 500g
LOLTMNT03_337754,complete,LCK,Cup,0,2026-01-17 09:01:27,2,16.01,200,Red,HANJIN BRION,oe:team:b77b3f6068e20a2b3edc0ecd3dc70d4,1506,1,-410.0,360.0,19.0,5.0,6.0,165.0,642.0,35.0,6.0,8.0,11987.0,15832.0,95.0,20.0,10.0,top: Ambessa / jng: Trundle / mid: Ryze / bot: Varus / sup: Nautilus,2026-01-17,BNK FEARX,top: Aatrox / jng: Xin Zhao / mid: Galio / bot: Yunara / sup: Lulu,0,-2.0,575.0,282.0,16.0,-40.0,True,Grew by >500g
LOLTMNT01_321867,complete,LCP,Split 1,0,2026-01-17 09:10:21,2,16.01,200,Red,MVK Esports,oe:team:bc3824b0bbb8139d16109178faa4822,1691,1,6560.0,4197.0,64.0,11.0,3.0,6700.0,3882.0,80.0,11.0,4.0,9794.0,8047.0,113.0,16.0,6.0,top: Renekton / jng: Vi / mid: Aurora / bot: Ashe / sup: Mel,2026-01-17,DetonatioN FocusMe,top: Jax / jng: Jayce / mid: Syndra / bot: Aphelios / sup: Thresh,0,7.0,140.0,-315.0,16.0,-0.0,True,Grew by >500g
13067-13067_game_1,complete,LPL,Split 1,0,2026-01-17 09:15:53,1,16.01,100,Blue,Anyone's Legend,oe:team:ed28f87f0cfdba0a2a8f183cebae73a,1902,1,1279.0,1793.0,2.0,5.0,5.0,1141.0,547.0,9.0,5.0,6.0,1840.0,4368.0,31.0,8.0,10.0,top: Rek'Sai / jng: Jayce / mid: Orianna / bot: Varus / sup: Bard,2026-01-17,Bilibili Gaming,top: Renekton / jng: Malphite / mid: Azir / bot: Jhin / sup: Alistar,1,-1.0,-138.0,-1246.0,7.0,8.56128158340016,True,Grew by >500g
LOLTMNT03_337756,complete,LCK,Cup,0,2026-01-17 09:47:06,3,16.01,200,Red,BNK FEARX,oe:team:5c2e7e9ea8dfcba0150d9a5619baecf,2187,1,-981.0,-469.0,-5.0,3.0,4.0,242.0,1505.0,6.0,7.0,6.0,238.0,2285.0,5.0,9.0,8.0,top: Rek'Sai / jng: Wukong / mid: Orianna / bot: Kai'Sa / sup: Alistar,2026-01-17,HANJIN BRION,top: Sion / jng: Poppy / mid: Syndra / bot: Lucian / sup: Braum,0,1.0,1223.0,1974.0,11.0,40.0,True,Within 500g
13067-13067_game_2,complete,LPL,Split 1,0,2026-01-17 10:13:08,2,16.01,200,Red,Bilibili Gaming,oe:team:d356a144644879dabb5f34cd99c886d,1861,1,2410.0,-194.0,3.0,5.0,4.0,3914.0,485.0,39.0,7.0,6.0,8887.0,7590.0,48.0,13.0,8.0,top: Rumble / jng: Nocturne / mid: Syndra / bot: Miss Fortune / sup: Neeko,2026-01-17,Anyone's Legend,top: Aurora / jng: Xin Zhao / mid: Akali / bot: Aphelios / sup: Lulu,0,1.0,1504.0,679.0,36.0,-8.56128158340016,True,Grew by >500g
LOLTMNT03_336695,complete,LCK,Cup,0,2026-01-17 11:10:45,1,16.01,200,Red,Gen.G,oe:team:50f58982d91a36557ec8aec52ab014f,1872,1,3162.0,1910.0,30.0,3.0,1.0,3362.0,1529.0,41.0,4.0,4.0,8468.0,9313.0,87.0,9.0,4.0,top: Rumble / jng: Xin Zhao / mid: Yone / bot: Varus / sup: Rakan,2026-01-17,KT Rolster,top: K'Sante / jng: Vi / mid: Taliyah / bot: Ezreal / sup: Alistar,0,0.0,200.0,-381.0,11.0,10.0,True,Grew by >500g
13067-13067_game_3,complete,LPL,Split 1,0,2026-01-17 11:11:12,3,16.01,100,Blue,Bilibili Gaming,oe:team:d356a144644879dabb5f34cd99c886d,1966,1,1252.0,989.0,20.0,2.0,1.0,2878.0,2672.0,15.0,4.0,2.0,5730.0,7335.0,2.0,9.0,6.0,top: Jax / jng: Qiyana / mid: Ryze / bot: Sivir / sup: Shen,2026-01-17,Anyone's Legend,top: K'Sante / jng: Pantheon / mid: Taliyah / bot: Kai'Sa / sup: Rell,1,2.0,1626.0,1683.0,-5.0,-8.56128158340016,True,Grew by >500g
LOLTMNT03_337782,complete,LCK,Cup,0,2026-01-17 12:05:01,2,16.01,100,Blue,Gen.G,oe:team:50f58982d91a36557ec8aec52ab014f,1682,1,2889.0,2467.0,-2.0,9.0,4.0,7849.0,7069.0,57.0,13.0,5.0,11616.0,12985.0,97.0,17.0,6.0,top: Sion / jng: Ambessa / mid: Anivia / bot: Yunara / sup: Rell,2026-01-17,KT Rolster,top: Renekton / jng: Wukong / mid: Ryze / bot: Ziggs / sup: Nautilus,1,8.0,4960.0,4602.0,59.0,10.0,True,Grew by >500g
13068-13068_game_1,complete,LPL,Split 1,0,2026-01-17 12:22:23,1,16.01,200,Red,JD Gaming,oe:team:b42d0f31f2727621b963042276817c4,2130,0,1464.0,1487.0,33.0,4.0,3.0,2292.0,1338.0,30.0,6.0,4.0,-2237.0,-4499.0,7.0,8.0,8.0,top: Renekton / jng: Malphite / mid: Azir / bot: Yunara / sup: Lulu,2026-01-17,Invictus Gaming,top: K'Sante / jng: Dr. Mundo / mid: Syndra / bot: Kai'Sa / sup: Neeko,0,2.0,828.0,-149.0,-3.0,49.42451263336011,True,Lead lost by 25
13068-13068_game_2,complete,LPL,Split 1,0,2026-01-17 13:21:55,2,16.01,200,Red,JD Gaming,oe:team:b42d0f31f2727621b963042276817c4,1724,1,3008.0,3099.0,49.0,4.0,1.0,2499.0,2903.0,51.0,7.0,4.0,7922.0,8612.0,56.0,12.0,4.0,top: Zaahen / jng: Vi / mid: Orianna / bot: Sivir / sup: Nautilus,2026-01-17,Invictus Gaming,top: Sion / jng: Xin Zhao / mid: LeBlanc / bot: Aphelios / sup: Thresh,0,3.0,-509.0,-196.0,2.0,49.42451263336011,True,Grew by >500g
13068-13068_game_3,complete,LPL,Split 1,0,2026-01-17 14:17:15,3,16.01,200,Red,Invictus Gaming,oe:team:53a258f289c26d94431c0496a54e151,1905,1,1246.0,1489.0,18.0,2.0,1.0,2992.0,666.0,33.0,3.0,2.0,4633.0,1591.0,28.0,6.0,3.0,top: Yorick / jng: Qiyana / mid: Taliyah / bot: Varus / sup: Alistar,2026-01-17,JD Gaming,top: Gwen / jng: Wukong / mid: Ahri / bot: Jhin / sup: Poppy,0,1.0,1746.0,-823.0,15.0,-49.42451263336011,True,Grew by >500g
LOLTMNT06_164200,complete,LEC,Versus,0,2026-01-17 16:08:02,1,16.01,100,Blue,Fnatic,oe:team:78f183fa5a7d8ecb22b9ad272c3abd7,1933,1,320.0,813.0,0.0,2.0,1.0,686.0,2411.0,5.0,3.0,1.0,4881.0,6812.0,29.0,7.0,2.0,top: Ambessa / jng: Vi / mid: Taliyah / bot: Yunara / sup: Alistar,2026-01-17,Los Ratones,top: Kled / jng: Jarvan IV / mid: Ryze / bot: Corki / sup: Braum,1,2.0,366.0,1598.0,5.0,0.0,True,Grew by >500g
LOLTMNT03_337813,complete,CBLOL,Cup,0,2026-01-17 16:19:20,1,16.01,100,Blue,Vivo Keyd Stars,oe:team:b9e44c69c1a70fb35df9be96f9eafea,2016,1,1644.0,1964.0,25.0,1.0,1.0,5478.0,4625.0,93.0,5.0,2.0,11750.0,14282.0,164.0,10.0,3.0,top: Ambessa / jng: Qiyana / mid: Ryze / bot: Varus / sup: Bard,2026-01-17,paiN Gaming,top: Rumble / jng: Jarvan IV / mid: Cassiopeia / bot: Sivir / sup: Rell,1,3.0,3834.0,2661.0,68.0,0.0,True,Grew by >500g
LOLTMNT06_163223,complete,LEC,Versus,0,2026-01-17 17:06:08,1,16.01,200,Red,Shifters,oe:team:a2065488a11a2c0a2403a7b347eec61,2125,0,357.0,534.0,-19.0,2.0,0.0,2885.0,4448.0,11.0,5.0,1.0,-3115.0,-1254.0,-30.0,9.0,10.0,top: K'Sante / jng: Wukong / mid: Azir / bot: Ezreal / sup: Bard,2026-01-17,GiantX,top: Rumble / jng: Xin Zhao / mid: Orianna / bot: Kai'Sa / sup: Rakan,0,4.0,2528.0,3914.0,30.0,-0.0,True,Lead lost by 25
LOLTMNT03_336773,complete,CBLOL,Cup,0,2026-01-17 17:20:13,1,16.01,100,Blue,RED Canids,oe:team:67169969ecc058b307edfa9c6b7a3c0,2083,1,2423.0,1264.0,47.0,7.0,6.0,3357.0,806.0,42.0,10.0,10.0,1872.0,-2101.0,14.0,11.0,14.0,top: Sion / jng: Jayce / mid: Zoe / bot: Varus / sup: Bard,2026-01-17,Fluxo W7M,top: Rumble / jng: Ambessa / mid: Galio / bot: Jhin / sup: Alistar,1,0.0,934.0,-458.0,-5.0,0.0,True,Shrank by >500g
LOLTMNT06_164218,complete,LEC,Versus,0,2026-01-17 18:08:00,1,16.01,200,Red,Natus Vincere,oe:team:d2ba9f92d85cff67d60aaad88e61048,1954,1,3520.0,2730.0,37.0,4.0,1.0,6698.0,6045.0,69.0,8.0,2.0,8035.0,7457.0,72.0,11.0,3.0,top: K'Sante / jng: Qiyana / mid: Azir / bot: Yunara / sup: Rakan,2026-01-17,Team Heretics,top: Rumble / jng: Wukong / mid: Orianna / bot: Corki / sup: Rell,0,6.0,3178.0,3315.0,32.0,-0.0,True,Grew by >500g
LOLTMNT03_337829,complete,CBLOL,Cup,0,2026-01-17 18:27:20,1,16.01,200,Red,FURIA,oe:team:87e3e1e75839f75a10bbc66e894d806,1779,1,4708.0,4428.0,74.0,8.0,2.0,10509.0,7329.0,101.0,13.0,3.0,17036.0,11535.0,90.0,20.0,3.0,top: K'Sante / jng: Jayce / mid: Viktor / bot: Yunara / sup: Alistar,2026-01-17,LOUD,top: Rumble / jng: Lee Sin / mid: Orianna / bot: Kai'Sa / sup: Rakan,0,10.0,5801.0,2901.0,27.0,-0.0,True,Grew by >500g
LOLTMNT06_164234,complete,LEC,Versus,0,2026-01-17 19:07:52,1,16.01,200,Red,Team Vitality,oe:team:e8d8ae992fe72acb7adc7bfcee31dbb,2024,1,944.0,-143.0,-6.0,4.0,4.0,691.0,376.0,13.0,7.0,8.0,1081.0,2038.0,-33.0,14.0,13.0,top: Aatrox / jng: Pantheon / mid: Taliyah / bot: Corki / sup: Rakan,2026-01-17,SK Gaming,top: Ambessa / jng: Jayce / mid: Viktor / bot: Yunara / sup: Alistar,0,-1.0,-253.0,519.0,19.0,-0.0,True,Within 500g
LOLTMNT03_337841,complete,CBLOL,Cup,0,2026-01-17 19:25:07,1,16.01,100,Blue,LØS,oe:team:ea65e6cc48a9be50fc5334369a5fca5,1513,1,2023.0,2697.0,24.0,7.0,3.0,4486.0,3747.0,13.0,9.0,3.0,14137.0,15258.0,99.0,17.0,3.0,top: Rumble / jng: Vi / mid: Taliyah / bot: Ezreal / sup: Leona,2026-01-17,Vivo Keyd Stars,top: Ambessa / jng: Jarvan IV / mid: Ryze / bot: Miss Fortune / sup: Rakan,1,6.0,2463.0,1050.0,-11.0,0.0,True,Grew by >500g
LOLTMNT06_163258,complete,LEC,Versus,0,2026-01-17 20:06:09,1,16.01,100,Blue,Karmine Corp,oe:team:f3aa9bbd924ce3af42ac53f8326bc7c,2134,1,725.0,506.0,-11.0,6.0,6.0,2033.0,858.0,-25.0,7.0,7.0,4798.0,4144.0,-3.0,11.0,9.0,top: Sion / jng: Xin Zhao / mid: Azir / bot: Ezreal / sup: Bard,2026-01-17,Karmine Corp Blue,top: Aatrox / jng: Vi / mid: Taliyah / bot: Varus / sup: Nautilus,1,0.0,1308.0,352.0,-14.0,0.0,True,Grew by >500g
LOLTMNT03_337847,complete,CBLOL,Cup,0,2026-01-17 20:16:54,1,16.01,200,Red,FURIA,oe:team:87e3e1e75839f75a10bbc66e894d806,1909,1,4465.0,2199.0,35.0,4.0,1.0,6579.0,3642.0,82.0,7.0,3.0,8416.0,6314.0,132.0,7.0,3.0,top: Zaahen / jng: Ambessa / mid: Syndra / bot: Varus / sup: Alistar,2026-01-17,Leviatan,top: K'Sante / jng: Wukong / mid: Ryze / bot: Yunara / sup: Bard,0,4.0,2114.0,1443.0,47.0,-0.0,True,Grew by >500g
LOLTMNT06_163282,complete,LEC,Versus,0,2026-01-17 21:08:03,1,16.01,200,Red,Movistar KOI,oe:team:4acc40654379b4da680be1bd3129dfa,1912,1,906.0,566.0,34.0,1.0,3.0,4212.0,3883.0,62.0,5.0,4.0,8323.0,10273.0,101.0,9.0,5.0,top: K'Sante / jng: Jayce / mid: Taliyah / bot: Yunara / sup: Lulu,2026-01-17,G2 Esports,top: Gnar / jng: Wukong / mid: Azir / bot: Corki / sup: Alistar,0,1.0,3306.0,3317.0,28.0,-0.0,True,Grew by >500g
LOLTMNT01_322090,complete,LCP,Split 1,0,2026-01-18 06:23:21,1,16.01,200,Red,Deep Cross Gaming,oe:team:7e56e9367c023df96cc8257ff4e16c0,1634,1,3160.0,4352.0,56.0,7.0,3.0,7443.0,7657.0,77.0,15.0,4.0,10446.0,11763.0,132.0,24.0,7.0,top: K'Sante / jng: Sylas / mid: Taliyah / bot: Aphelios / sup: Thresh,2026-01-18,Ground Zero Gaming,top: Ambessa / jng: Malphite / mid: Aurora / bot: Yunara / sup: Zaahen,0,11.0,4283.0,3305.0,21.0,30.0,True,Grew by >500g
LOLTMNT01_320998,complete,LCP,Split 1,0,2026-01-18 07:11:15,2,16.01,200,Red,Deep Cross Gaming,oe:team:7e56e9367c023df96cc8257ff4e16c0,2185,0,-165.0,198.0,-36.0,8.0,5.0,100.0,1229.0,-43.0,12.0,9.0,3202.0,5559.0,-17.0,18.0,11.0,top: Renekton / jng: Wukong / mid: Akali / bot: Corki / sup: Rakan,2026-01-18,Ground Zero Gaming,top: Jax / jng: Dr. Mundo / mid: LeBlanc / bot: Varus / sup: Nautilus,0,3.0,265.0,1031.0,-7.0,30.0,True,Grew by >500g
LOLTMNT03_336834,complete,LCK,Cup,0,2026-01-18 08:05:24,1,16.01,100,Blue,Hanwha Life Esports,oe:team:3a1d18f46bcb3716ebcfcf4ef068934,1856,0,2654.0,2862.0,37.0,7.0,3.0,2377.0,3031.0,43.0,10.0,5.0,1121.0,419.0,28.0,14.0,9.0,top: Sion / jng: Aatrox / mid: Azir / bot: Aphelios / sup: Lulu,2026-01-18,Nongshim RedForce,top: Zaahen / jng: Pantheon / mid: Orianna / bot: Corki / sup: Neeko,1,5.0,-277.0,169.0,6.0,10.0,True,Shrank by >500g
LOLTMNT01_321000,complete,LCP,Split 1,0,2026-01-18 08:08:50,3,16.01,200,Red,Deep Cross Gaming,oe:team:7e56e9367c023df96cc8257ff4e16c0,2483,0,1656.0,1022.0,-9.0,4.0,4.0,3788.0,2339.0,-15.0,6.0,4.0,3060.0,-753.0,-12.0,6.0,7.0,top: Rumble / jng: Vi / mid: Ahri / bot: Zeri / sup: Bard,2026-01-18,Ground Zero Gaming,top: Sion / jng: Xin Zhao / mid: Viktor / bot: Lucian / sup: Braum,0,2.0,2132.0,1317.0,-6.0,30.0,True,Shrank by >500g
LOLTMNT03_336842,complete,LCK,Cup,0,2026-01-18 08:58:36,2,16.01,100,Blue,Nongshim RedForce,oe:team:5cd2cd09ec94296f605dd13a2924d6c,2071,1,1067.0,770.0,-14.0,6.0,7.0,4260.0,3535.0,15.0,12.0,9.0,4686.0,1702.0,25.0,15.0,12.0,top: Gwen / jng: Jarvan IV / mid: Taliyah / bot: Yunara / sup: Nautilus,2026-01-18,Hanwha Life Esports,top: Ambessa / jng: Xin Zhao / mid: Ryze / bot: Varus / sup: Braum,1,3.0,3193.0,2765.0,29.0,-10.0,True,Within 500g
13069-13069_game_1,complete,LPL,Split 1,0,2026-01-18 09:12:53,1,16.01,100,Blue,Bilibili Gaming,oe:team:d356a144644879dabb5f34cd99c886d,1671,1,7215.0,4965.0,96.0,9.0,1.0,8795.0,4237.0,87.0,10.0,2.0,11809.0,8787.0,106.0,14.0,3.0,top: Renekton / jng: Pantheon / mid: Orianna / bot: Varus / sup: Braum,2026-01-18,Top Esports,top: Ornn / jng: Ambessa / mid: Akali / bot: Jhin / sup: Rell,1,8.0,1580.0,-728.0,-9.0,41.602321940639285,True,Grew by >500g
LOLTMNT01_322115,complete,LCP,Split 1,0,2026-01-18 09:32:33,1,16.01,200,Red,Team Secret Whales,oe:team:740de582f50775c516c77ed7b923fd5,1961,1,608.0,-164.0,4.0,2.0,2.0,6381.0,5629.0,45.0,8.0,2.0,8273.0,11355.0,115.0,12.0,4.0,top: Olaf / jng: Wukong / mid: Akali / bot: Yunara / sup: Rakan,2026-01-18,Fukuoka SoftBank HAWKS gaming,top: K'Sante / jng: Lee Sin / mid: Ryze / bot: Varus / sup: Renata Glasc,0,6.0,5773.0,5793.0,41.0,30.0,True,Grew by >500g
13069-13069_game_2,complete,LPL,Split 1,0,2026-01-18 10:08:10,2,16.01,200,Red,Top Esports,oe:team:fcec508e780bbd1ad493852640f5b36,2173,0,395.0,-84.0,-1.0,5.0,4.0,395.0,-192.0,-4.0,8.0,7.0,-3740.0,-4768.0,-23.0,13.0,17.0,top: Mordekaiser / jng: Trundle / mid: Azir / bot: Miss Fortune / sup: Poppy,2026-01-18,Bilibili Gaming,top: Sion / jng: Qiyana / mid: Ziggs / bot: Sivir / sup: Alistar,0,1.0,0.0,-108.0,-3.0,-41.602321940639285,True,Lead lost by 25
LOLTMNT03_337890,complete,LCK,Cup,0,2026-01-18 10:20:18,1,16.01,100,Blue,T1,oe:team:ce499dea30cfce118f4fe85da0227e8,1766,1,4243.0,2706.0,33.0,13.0,6.0,1363.0,-1133.0,34.0,16.0,12.0,550.0,382.0,39.0,20.0,17.0,top: Zaahen / jng: Nocturne / mid: Azir / bot: Aphelios / sup: Thresh,2026-01-18,Kiwoom DRX,top: Jax / jng: Xin Zhao / mid: Orianna / bot: Yunara / sup: Bard,1,4.0,-2880.0,-3839.0,1.0,30.0,True,Shrank by >500g
LOLTMNT01_322119,complete,LCP,Split 1,0,2026-01-18 10:26:03,2,16.01,200,Red,Fukuoka SoftBank HAWKS gaming,oe:team:d8ca3fc1f0827ec76369af7b70d43e3,1909,0,2042.0,2846.0,53.0,4.0,2.0,350.0,2676.0,26.0,5.0,3.0,-6959.0,-7410.0,-22.0,8.0,13.0,top: Rumble / jng: Sejuani / mid: Yone / bot: Aphelios / sup: Thresh,2026-01-18,Team Secret Whales,top: Ornn / jng: Jarvan IV / mid: Ahri / bot: Kai'Sa / sup: Neeko,0,2.0,-1692.0,-170.0,-27.0,-30.0,True,Lead lost by 25
LOLTMNT03_337894,complete,LCK,Cup,0,2026-01-18 11:12:18,2,16.01,200,Red,Kiwoom DRX,oe:team:1d0389df0c5eea93b04122ba167c010,1832,1,-90.0,-457.0,5.0,4.0,2.0,656.0,209.0,9.0,6.0,5.0,1383.0,127.0,11.0,14.0,9.0,top: Renekton / jng: Ambessa / mid: Taliyah / bot: Corki / sup: Alistar,2026-01-18,T1,top: Gnar / jng: Sylas / mid: Ryze / bot: Kai'Sa / sup: Neeko,0,1.0,746.0,666.0,4.0,-30.0,True,Grew by >500g
13070-13070_game_1,complete,LPL,Split 1,0,2026-01-18 11:26:38,1,16.01,100,Blue,JD Gaming,oe:team:b42d0f31f2727621b963042276817c4,1890,1,584.0,586.0,26.0,7.0,4.0,3935.0,4188.0,35.0,11.0,4.0,6883.0,9453.0,43.0,16.0,5.0,top: K'Sante / jng: Vi / mid: Taliyah / bot: Aphelios / sup: Nautilus,2026-01-18,Anyone's Legend,top: Rumble / jng: Qiyana / mid: Azir / bot: Yunara / sup: Alistar,1,7.0,3351.0,3602.0,9.0,-2.9245208265140263,True,Grew by >500g
LOLTMNT03_336867,complete,LCK,Cup,0,2026-01-18 12:05:41,3,16.01,200,Red,T1,oe:team:ce499dea30cfce118f4fe85da0227e8,2102,1,531.0,571.0,12.0,7.0,5.0,2458.0,1127.0,25.0,11.0,7.0,5534.0,6134.0,23.0,19.0,11.0,top: Gwen / jng: Jarvan IV / mid: Aurora / bot: Kalista / sup: Renata Glasc,2026-01-18,Kiwoom DRX,top: Gragas / jng: Vi / mid: Syndra / bot: Lucian / sup: Braum,0,4.0,1927.0,556.0,13.0,30.0,True,Grew by >500g
13070-13070_game_2,complete,LPL,Split 1,0,2026-01-18 12:23:38,2,16.01,200,Red,Anyone's Legend,oe:team:ed28f87f0cfdba0a2a8f183cebae73a,2665,1,814.0,200.0,5.0,2.0,1.0,151.0,-535.0,-6.0,2.0,1.0,1980.0,1959.0,3.0,6.0,2.0,top: Sion / jng: Poppy / mid: Ryze / bot: Varus / sup: Karma,2026-01-18,JD Gaming,top: Gwen / jng: Xin Zhao / mid: Anivia / bot: Sivir / sup: Bard,0,1.0,-663.0,-735.0,-11.0,2.9245208265140263,True,Grew by >500g
13070-13070_game_3,complete,LPL,Split 1,0,2026-01-18 13:33:03,3,16.01,200,Red,JD Gaming,oe:team:b42d0f31f2727621b963042276817c4,1978,1,4387.0,4614.0,37.0,6.0,0.0,3489.0,1886.0,22.0,7.0,2.0,4900.0,3734.0,28.0,7.0,2.0,top: Zaahen / jng: Jarvan IV / mid: Viktor / bot: Miss Fortune / sup: Rakan,2026-01-18,Anyone's Legend,top: Rek'Sai / jng: Wukong / mid: Ahri / bot: Kalista / sup: Renata Glasc,0,5.0,-898.0,-2728.0,-15.0,-2.9245208265140263,True,Grew by >500g
LOLTMNT06_163306,complete,LEC,Versus,0,2026-01-18 16:09:02,1,16.01,200,Red,Shifters,oe:team:a2065488a11a2c0a2403a7b347eec61,2419,1,752.0,1071.0,4.0,6.0,4.0,2405.0,1097.0,-28.0,8.0,4.0,1869.0,2010.0,-40.0,8.0,5.0,top: K'Sante / jng: Wukong / mid: Ryze / bot: Corki / sup: Rell,2026-01-18,Team Heretics,top: Rumble / jng: Pantheon / mid: Azir / bot: Smolder / sup: Nautilus,0,4.0,1653.0,26.0,-32.0,-0.0,True,Shrank by >500g
LOLTMNT03_337955,complete,CBLOL,Cup,0,2026-01-18 16:09:22,1,16.01,200,Red,LØS,oe:team:ea65e6cc48a9be50fc5334369a5fca5,1806,1,3296.0,1235.0,64.0,2.0,1.0,8298.0,5097.0,71.0,10.0,2.0,8701.0,5293.0,74.0,14.0,7.0,top: Ambessa / jng: Jarvan IV / mid: Azir / bot: Aphelios / sup: Alistar,2026-01-18,Fluxo W7M,top: Aatrox / jng: Wukong / mid: Orianna / bot: Yunara / sup: Leona,0,8.0,5002.0,3862.0,7.0,20.0,True,Within 500g
LOLTMNT03_337968,complete,CBLOL,Cup,0,2026-01-18 17:04:31,1,16.01,200,Red,FURIA,oe:team:87e3e1e75839f75a10bbc66e894d806,1694,1,2335.0,2187.0,60.0,4.0,6.0,4337.0,2506.0,65.0,7.0,6.0,10784.0,8349.0,103.0,14.0,8.0,top: Jax / jng: Wukong / mid: Akali / bot: Varus / sup: Rakan,2026-01-18,paiN Gaming,top: Zaahen / jng: Xin Zhao / mid: Orianna / bot: Ezreal / sup: Leona,0,1.0,2002.0,319.0,5.0,30.0,True,Grew by >500g
LOLTMNT06_163319,complete,LEC,Versus,0,2026-01-18 17:13:41,1,16.01,200,Red,Karmine Corp Blue,oe:team:42bf6c1040db8f2221ff017fa4d34e4,2241,1,2741.0,4055.0,40.0,7.0,2.0,3355.0,2413.0,52.0,8.0,3.0,593.0,-1060.0,56.0,9.0,7.0,top: Zaahen / jng: Wukong / mid: Orianna / bot: Yunara / sup: Alistar,2026-01-18,Los Ratones,top: Volibear / jng: Jarvan IV / mid: Ryze / bot: Corki / sup: Nami,0,5.0,614.0,-1642.0,12.0,-0.0,True,Shrank by >500g
LOLTMNT03_336925,complete,CBLOL,Cup,0,2026-01-18 17:55:02,1,16.01,200,Red,Vivo Keyd Stars,oe:team:b9e44c69c1a70fb35df9be96f9eafea,1635,1,6953.0,4377.0,77.0,10.0,2.0,10553.0,7079.0,105.0,15.0,3.0,13728.0,10165.0,127.0,20.0,4.0,top: Rumble / jng: Qiyana / mid: Taliyah / bot: Varus / sup: Alistar,2026-01-18,Fluxo W7M,top: Ambessa / jng: Xin Zhao / mid: Ahri / bot: Corki / sup: Leona,0,12.0,3600.0,2702.0,28.0,10.0,True,Grew by >500g
LOLTMNT06_164300,complete,LEC,Versus,0,2026-01-18 18:16:21,1,16.01,200,Red,Natus Vincere,oe:team:d2ba9f92d85cff67d60aaad88e61048,1841,1,708.0,1104.0,7.0,2.0,2.0,3448.0,4337.0,19.0,8.0,3.0,5212.0,7173.0,21.0,12.0,5.0,top: K'Sante / jng: Ambessa / mid: Taliyah / bot: Yunara / sup: Alistar,2026-01-18,Team Vitality,top: Renekton / jng: Xin Zhao / mid: Azir / bot: Corki / sup: Nautilus,0,5.0,2740.0,3233.0,12.0,-0.0,True,Grew by >500g
LOLTMNT03_337985,complete,CBLOL,Cup,0,2026-01-18 18:43:16,1,16.01,200,Red,paiN Gaming,oe:team:61450737f7b683db4da7b3e0bf0dced,1821,0,-1082.0,-2180.0,-53.0,7.0,8.0,147.0,-2604.0,-53.0,10.0,10.0,-1169.0,-3468.0,-92.0,14.0,15.0,top: Poppy / jng: Jayce / mid: Ryze / bot: Varus / sup: Neeko,2026-01-18,LOUD,top: Sion / jng: Jarvan IV / mid: Syndra / bot: Sivir / sup: Rell,0,0.0,1229.0,-424.0,0.0,-0.0,True,Lead lost by 25
LOLTMNT06_163332,complete,LEC,Versus,0,2026-01-18 19:11:12,1,16.01,200,Red,SK Gaming,oe:team:75760dca486d4682426196b76bd1a54,1691,1,4644.0,4913.0,68.0,7.0,3.0,6016.0,4456.0,60.0,9.0,4.0,10734.0,11607.0,85.0,21.0,8.0,top: Kennen / jng: Vi / mid: Ryze / bot: Varus / sup: Nautilus,2026-01-18,Fnatic,top: Renekton / jng: Wukong / mid: Taliyah / bot: Yunara / sup: Alistar,0,5.0,1372.0,-457.0,-8.0,-20.0,True,Grew by >500g
LOLTMNT03_337997,complete,CBLOL,Cup,0,2026-01-18 19:36:10,1,16.01,100,Blue,Leviatan,oe:team:53ef3d5a3ac5d88bc000eff7d87aeb3,2649,0,1577.0,200.0,4.0,5.0,2.0,1257.0,-2000.0,-22.0,5.0,3.0,-814.0,-4033.0,-27.0,6.0,7.0,top: Renekton / jng: Pantheon / mid: Taliyah / bot: Ezreal / sup: Rell,2026-01-18,RED Canids,top: Gnar / jng: Wukong / mid: Aurora / bot: Varus / sup: Rakan,1,2.0,-320.0,-2200.0,-26.0,-20.0,True,Lead lost by 25
LOLTMNT06_164317,complete,LEC,Versus,0,2026-01-18 20:04:44,1,16.01,200,Red,GiantX,oe:team:6cd05f0ac20bfb965a59dc8bcc4f184,2159,1,1287.0,1067.0,1.0,4.0,3.0,855.0,358.0,3.0,5.0,4.0,321.0,-83.0,38.0,6.0,6.0,top: Ambessa / jng: Jarvan IV / mid: Ryze / bot: Varus / sup: Bard,2026-01-18,G2 Esports,top: K'Sante / jng: Xin Zhao / mid: Anivia / bot: Yunara / sup: Rell,0,1.0,-432.0,-709.0,2.0,20.0,True,Shrank by >500g
LOLTMNT06_164335,complete,LEC,Versus,0,2026-01-18 21:10:16,1,16.01,200,Red,Movistar KOI,oe:team:4acc40654379b4da680be1bd3129dfa,1934,1,-1016.0,-1530.0,-20.0,2.0,3.0,2099.0,1758.0,4.0,6.0,3.0,1281.0,3267.0,26.0,6.0,4.0,top: Sion / jng: Jarvan IV / mid: Azir / bot: Yunara / sup: Bard,2026-01-18,Karmine Corp,top: Rumble / jng: Xin Zhao / mid: Taliyah / bot: Caitlyn / sup: Karma,0,3.0,3115.0,3288.0,24.0,-0.0,True,Shrank by >500g
13071-13071_game_1,complete,LPL,Split 1,0,2026-01-19 07:13:41,1,16.01,200,Red,ThunderTalk Gaming,oe:team:df80f468a3f9a722df056fe9104f052,1550,0,1598.0,2619.0,37.0,4.0,3.0,634.0,1960.0,41.0,5.0,5.0,-2296.0,-1645.0,59.0,7.0,10.0,top: Ambessa / jng: Malphite / mid: Azir / bot: Miss Fortune / sup: Nautilus,2026-01-19,Team WE,top: Yorick / jng: Trundle / mid: Sylas / bot: Varus / sup: Braum,0,0.0,-964.0,-659.0,4.0,-20.0,True,Lead lost by 25
13071-13071_game_2,complete,LPL,Split 1,0,2026-01-19 08:04:18,2,16.01,200,Red,ThunderTalk Gaming,oe:team:df80f468a3f9a722df056fe9104f052,1799,0,1054.0,2159.0,-7.0,4.0,1.0,3984.0,4055.0,14.0,7.0,2.0,4448.0,4756.0,8.0,12.0,5.0,top: Renekton / jng: Vi / mid: Taliyah / bot: Yunara / sup: Alistar,2026-01-19,Team WE,top: Sion / jng: Wukong / mid: Ryze / bot: Corki / sup: Nami,0,5.0,2930.0,1896.0,21.0,-20.0,True,Within 500g
13072-13072_game_1,complete,LPL,Split 1,0,2026-01-19 09:14:21,1,16.01,100,Blue,Weibo Gaming,oe:team:606c6ac695907af3823ee6405c58ff1,2523,0,-527.0,-2135.0,-46.0,4.0,4.0,386.0,1844.0,-15.0,7.0,4.0,-1221.0,405.0,-42.0,12.0,9.0,top: K'Sante / jng: Wukong / mid: Syndra / bot: Jhin / sup: Leona,2026-01-19,Top Esports,top: Renekton / jng: Poppy / mid: Azir / bot: Varus / sup: Nautilus,1,3.0,913.0,3979.0,31.0,36.753327127758894,True,Lead lost by 25
13072-13072_game_3,complete,LPL,Split 1,0,2026-01-19 11:16:45,3,16.01,200,Red,Top Esports,oe:team:fcec508e780bbd1ad493852640f5b36,1416,1,3318.0,2474.0,36.0,6.0,2.0,8121.0,7476.0,75.0,12.0,2.0,,,,,,top: Kennen / jng: Vi / mid: Ahri / bot: Aphelios / sup: Rakan,2026-01-19,Weibo Gaming,top: Zaahen / jng: Qiyana / mid: Aurora / bot: Yunara / sup: Bard,0,10.0,4803.0,5002.0,39.0,-36.753327127758894,True,Won before 25
LOLTMNT06_163405,complete,LEC,Versus,0,2026-01-19 16:09:18,1,16.01,100,Blue,Natus Vincere,oe:team:d2ba9f92d85cff67d60aaad88e61048,2269,0,961.0,1057.0,28.0,1.0,1.0,4391.0,3122.0,44.0,4.0,2.0,7489.0,5738.0,51.0,5.0,2.0,top: K'Sante / jng: Ambessa / mid: Akali / bot: Varus / sup: Rakan,2026-01-19,Fnatic,top: Rumble / jng: Jarvan IV / mid: Azir / bot: Corki / sup: Alistar,1,2.0,3430.0,2065.0,16.0,20.575011277845306,True,Grew by >500g
LOLTMNT06_164420,complete,LEC,Versus,0,2026-01-19 17:13:34,1,16.01,200,Red,Team Vitality,oe:team:e8d8ae992fe72acb7adc7bfcee31dbb,2163,1,4308.0,1691.0,39.0,5.0,1.0,5123.0,2322.0,55.0,6.0,2.0,9292.0,7724.0,108.0,14.0,4.0,top: Renekton / jng: Wukong / mid: Azir / bot: Xayah / sup: Rakan,2026-01-19,Karmine Corp Blue,top: Aatrox / jng: Pantheon / mid: Ryze / bot: Aphelios / sup: Bard,0,4.0,815.0,631.0,16.0,-0.0,True,Grew by >500g
LOLTMNT06_163424,complete,LEC,Versus,0,2026-01-19 18:14:25,1,16.01,100,Blue,Team Heretics,oe:team:1285e1c04d54de96502f12da4d49458,2507,1,551.0,1100.0,17.0,1.0,1.0,2155.0,1523.0,9.0,3.0,2.0,2519.0,2255.0,38.0,5.0,3.0,top: Ambessa / jng: Dr. Mundo / mid: Ryze / bot: Varus / sup: Rakan,2026-01-19,GiantX,top: Aatrox / jng: Malphite / mid: Azir / bot: Jhin / sup: Alistar,1,1.0,1604.0,423.0,-8.0,-39.424988722154694,True,Within 500g
LOLTMNT06_164458,complete,LEC,Versus,0,2026-01-19 19:30:22,1,16.01,100,Blue,Shifters,oe:team:a2065488a11a2c0a2403a7b347eec61,1601,1,2922.0,2068.0,1.0,6.0,0.0,5804.0,4080.0,-2.0,11.0,1.0,7068.0,10959.0,-28.0,16.0,3.0,top: Aurora / jng: Vi / mid: Cassiopeia / bot: Varus / sup: Neeko,2026-01-19,Movistar KOI,top: Rumble / jng: Ambessa / mid: Azir / bot: Sivir / sup: Nautilus,1,10.0,2882.0,2012.0,-3.0,-20.0,True,Grew by >500g
LOLTMNT06_164476,complete,LEC,Versus,0,2026-01-19 20:23:44,1,16.01,200,Red,Karmine Corp,oe:team:f3aa9bbd924ce3af42ac53f8326bc7c,2241,1,2628.0,1413.0,2.0,5.0,1.0,216.0,-1540.0,-9.0,7.0,6.0,-1028.0,-2308.0,-22.0,8.0,8.0,top: Gnar / jng: Wukong / mid: Azir / bot: Aphelios / sup: Lulu,2026-01-19,Los Ratones,top: Vi / jng: Dr. Mundo / mid: Orianna / bot: Yunara / sup: Bard,0,1.0,-2412.0,-2953.0,-11.0,20.0,True,Lead lost by 25
LOLTMNT06_164483,complete,LEC,Versus,0,2026-01-19 21:46:20,1,16.01,100,Blue,G2 Esports,oe:team:7d6673d3a9d00363c6bebc1a630da6e,1532,1,6715.0,4706.0,84.0,11.0,2.0,9238.0,6839.0,124.0,15.0,4.0,15776.0,14790.0,172.0,19.0,4.0,top: K'Sante / jng: Jayce / mid: Orianna / bot: Ezreal / sup: Nautilus,2026-01-19,SK Gaming,top: Ambessa / jng: Vi / mid: Aurelion Sol / bot: Corki / sup: Bard,1,11.0,2523.0,2133.0,40.0,-20.0,True,Grew by >500g
LOLTMNT03_338494,complete,LCK,Cup,0,2026-01-21 08:05:24,1,16.01,200,Red,Nongshim RedForce,oe:team:5cd2cd09ec94296f605dd13a2924d6c,2306,0,843.0,397.0,9.0,2.0,2.0,3197.0,-1541.0,-8.0,4.0,2.0,2963.0,-1058.0,12.0,4.0,3.0,top: Rumble / jng: Pantheon / mid: Taliyah / bot: Ezreal / sup: Neeko,2026-01-21,Dplus Kia,top: K'Sante / jng: Jarvan IV / mid: Ryze / bot: Sivir / sup: Bard,0,2.0,2354.0,-1938.0,-17.0,-37.701852952471654,True,Within 500g
LOLTMNT03_339373,complete,LCK,Cup,0,2026-01-21 09:07:05,2,16.01,200,Red,Nongshim RedForce,oe:team:5cd2cd09ec94296f605dd13a2924d6c,1436,1,1703.0,1556.0,-1.0,9.0,6.0,2506.0,3284.0,25.0,11.0,8.0,,,,,,top: Ambessa / jng: Nocturne / mid: Aurora / bot: Yunara / sup: Leona,2026-01-21,Dplus Kia,top: Gwen / jng: Qiyana / mid: Zoe / bot: Varus / sup: Nautilus,0,3.0,803.0,1728.0,26.0,-37.701852952471654,True,Won before 25
LOLTMNT03_338498,complete,LCK,Cup,0,2026-01-21 09:52:46,3,16.01,100,Blue,Dplus Kia,oe:team:ef69efa6acebe94107f0cf1ba716806,1626,1,2041.0,1591.0,-31.0,9.0,4.0,5114.0,4103.0,-29.0,17.0,7.0,10701.0,14825.0,6.0,25.0,8.0,top: Zaahen / jng: Vi / mid: Twisted Fate / bot: Lucian / sup: Nami,2026-01-21,Nongshim RedForce,top: Gnar / jng: Jayce / mid: Akali / bot: Kalista / sup: Renata Glasc,1,10.0,3073.0,2512.0,2.0,37.701852952471654,True,Grew by >500g
LOLTMNT03_338517,complete,LCK,Cup,0,2026-01-21 11:14:52,1,16.01,200,Red,Kiwoom DRX,oe:team:1d0389df0c5eea93b04122ba167c010,1879,1,1996.0,2221.0,2.0,3.0,0.0,3190.0,2423.0,16.0,3.0,0.0,4639.0,3128.0,19.0,4.0,0.0,top: Renekton / jng: Nocturne / mid: Orianna / bot: Corki / sup: Braum,2026-01-21,DN SOOPers,top: Rek'Sai / jng: Xin Zhao / mid: Azir / bot: Yunara / sup: Alistar,0,3.0,1194.0,202.0,14.0,0.8613298404443412,True,Grew by >500g
LOLTMNT03_338532,complete,LCK,Cup,0,2026-01-21 12:06:46,2,16.01,200,Red,DN SOOPers,oe:team:b3c72a20aa56f5d28022ac04a7dc294,1943,1,1410.0,918.0,3.0,6.0,2.0,2466.0,2598.0,27.0,9.0,4.0,3654.0,6522.0,65.0,13.0,7.0,top: Kennen / jng: Lee Sin / mid: Ryze / bot: Aphelios / sup: Neeko,2026-01-21,Kiwoom DRX,top: Gnar / jng: Pantheon / mid: Taliyah / bot: Sivir / sup: Leona,0,5.0,1056.0,1680.0,24.0,-0.8613298404443412,True,Grew by >500g
LOLTMNT03_338544,complete,LCK,Cup,0,2026-01-21 13:00:21,3,16.01,100,Blue,DN SOOPers,oe:team:b3c72a20aa56f5d28022ac04a7dc294,2003,1,739.0,463.0,66.0,2.0,6.0,645.0,1256.0,93.0,3.0,9.0,8675.0,6811.0,83.0,9.0,9.0,top: K'Sante / jng: Jayce / mid: Zoe / bot: Kalista / sup: Renata Glasc,2026-01-21,Kiwoom DRX,top: Gwen / jng: Jarvan IV / mid: Aurora / bot: Lucian / sup: Nami,1,-6.0,-94.0,793.0,27.0,-0.8613298404443412,True,Grew by >500g
LOLTMNT03_339583,complete,LCK,Cup,0,2026-01-22 08:05:25,1,16.01,100,Blue,Hanwha Life Esports,oe:team:3a1d18f46bcb3716ebcfcf4ef068934,2219,1,2088.0,1231.0,49.0,2.0,2.0,4621.0,3393.0,97.0,6.0,7.0,5955.0,4545.0,129.0,9.0,9.0,top: Gnar / jng: Jarvan IV / mid: Azir / bot: Varus / sup: Rakan,2026-01-22,HANJIN BRION,top: Renekton / jng: Nocturne / mid: Orianna / bot: Jhin / sup: Pantheon,1,-1.0,2533.0,2162.0,48.0,-4.014185392377385,True,Grew by >500g
LOLTMNT03_339592,complete,LCK,Cup,0,2026-01-22 09:06:13,2,16.01,200,Red,HANJIN BRION,oe:team:b77b3f6068e20a2b3edc0ecd3dc70d4,2088,1,2865.0,2415.0,24.0,9.0,6.0,2819.0,3035.0,37.0,11.0,7.0,829.0,402.0,34.0,13.0,11.0,top: Ambessa / jng: Xin Zhao / mid: Taliyah / bot: Corki / sup: Elise,2026-01-22,Hanwha Life Esports,top: Zaahen / jng: Aatrox / mid: Aurora / bot: Yunara / sup: Poppy,0,4.0,-46.0,620.0,13.0,4.014185392377385,True,Shrank by >500g
LOLTMNT03_339605,complete,LCK,Cup,0,2026-01-22 10:02:22,3,16.01,200,Red,Hanwha Life Esports,oe:team:3a1d18f46bcb3716ebcfcf4ef068934,1738,1,1487.0,1098.0,31.0,1.0,1.0,5841.0,3468.0,51.0,7.0,2.0,5344.0,1194.0,63.0,8.0,4.0,top: Gwen / jng: Vi / mid: Akali / bot: Sivir / sup: Alistar,2026-01-22,HANJIN BRION,top: K'Sante / jng: Wukong / mid: Ryze / bot: Lucian / sup: Braum,0,5.0,4354.0,2370.0,20.0,-4.014185392377385,True,Within 500g
LOLTMNT03_339627,complete,LCK,Cup,0,2026-01-22 11:14:53,1,16.01,200,Red,BNK FEARX,oe:team:5c2e7e9ea8dfcba0150d9a5619baecf,2075,0,2116.0,3150.0,19.0,5.0,1.0,596.0,1827.0,0.0,5.0,2.0,450.0,-966.0,0.0,11.0,6.0,top: K'Sante / jng: Pantheon / mid: Akali / bot: Yunara / sup: Lulu,2026-01-22,Gen.G,top: Renekton / jng: Jarvan IV / mid: Azir / bot: Corki / sup: Nami,0,3.0,-1520.0,-1323.0,-19.0,-12.863210659097604,True,Within 500g
LOLTMNT03_340003,complete,LCK,Cup,0,2026-01-22 12:11:59,2,16.01,200,Red,BNK FEARX,oe:team:5c2e7e9ea8dfcba0150d9a5619baecf,1916,0,1180.0,1233.0,15.0,5.0,5.0,1486.0,799.0,14.0,5.0,7.0,-1968.0,-7549.0,-37.0,8.0,15.0,top: Ambessa / jng: Qiyana / mid: Orianna / bot: Ezreal / sup: Leona,2026-01-22,Gen.G,top: Gwen / jng: Xin Zhao / mid: Ryze / bot: Jhin / sup: Rakan,0,-2.0,306.0,-434.0,-1.0,-12.863210659097604,True,Lead lost by 25
LOLTMNT02_344078,complete,LCP,Split 1,0,2026-01-23 06:47:18,1,16.01,200,Red,CTBC Flying Oyster,oe:team:0916b3c324c8577b0c6344f3e067f62,1814,1,1680.0,743.0,20.0,5.0,4.0,4254.0,3674.0,56.0,8.0,5.0,4438.0,2820.0,47.0,12.0,9.0,top: Rumble / jng: Pantheon / mid: Azir / bot: Lucian / sup: Nami,2026-01-23,DetonatioN FocusMe,top: K'Sante / jng: Xin Zhao / mid: Orianna / bot: Varus / sup: Alistar,0,3.0,2574.0,2931.0,36.0,-0.0,True,Within 500g
13081-13081_game_1,complete,LPL,Split 1,0,2026-01-23 07:11:20,1,16.01,100,Blue,LGD Gaming,oe:team:5f401785b6b78326f9a46b3c6b206ed,2783,0,356.0,-631.0,-24.0,4.0,1.0,1383.0,1413.0,7.0,5.0,2.0,2269.0,3992.0,26.0,5.0,3.0,top: K'Sante / jng: Wukong / mid: Ryze / bot: Varus / sup: Rell,2026-01-23,Oh My God,top: Rumble / jng: Jarvan IV / mid: Taliyah / bot: Yunara / sup: Lulu,1,3.0,1027.0,2044.0,31.0,50.0,True,Grew by >500g
LOLTMNT02_343066,complete,LCP,Split 1,0,2026-01-23 07:37:52,2,16.01,100,Blue,CTBC Flying Oyster,oe:team:0916b3c324c8577b0c6344f3e067f62,1583,1,4615.0,3926.0,57.0,8.0,2.0,5988.0,3046.0,60.0,11.0,5.0,11577.0,8395.0,89.0,16.0,6.0,top: Rek'Sai / jng: Wukong / mid: Taliyah / bot: Kai'Sa / sup: Neeko,2026-01-23,DetonatioN FocusMe,top: Renekton / jng: Qiyana / mid: Ryze / bot: Miss Fortune / sup: Rell,1,6.0,1373.0,-880.0,3.0,0.0,True,Grew by >500g
LOLTMNT03_341143,complete,LCK,Cup,0,2026-01-23 08:04:55,1,16.01,100,Blue,T1,oe:team:ce499dea30cfce118f4fe85da0227e8,1848,1,1941.0,2127.0,21.0,4.0,2.0,2994.0,1101.0,7.0,5.0,3.0,3818.0,3329.0,53.0,6.0,5.0,top: Gnar / jng: Vi / mid: Ryze / bot: Ezreal / sup: Lissandra,2026-01-23,KT Rolster,top: Renekton / jng: Wukong / mid: Taliyah / bot: Varus / sup: Rakan,1,2.0,1053.0,-1026.0,-14.0,26.840523112027313,True,Grew by >500g
13081-13081_game_2,complete,LPL,Split 1,0,2026-01-23 08:20:58,2,16.01,100,Blue,LGD Gaming,oe:team:5f401785b6b78326f9a46b3c6b206ed,1669,1,3978.0,3621.0,66.0,6.0,1.0,7590.0,6069.0,89.0,8.0,1.0,12102.0,12234.0,107.0,13.0,1.0,top: Ambessa / jng: Nocturne / mid: Syndra / bot: Draven / sup: Nautilus,2026-01-23,Oh My God,top: Sion / jng: Qiyana / mid: Azir / bot: Kai'Sa / sup: Neeko,1,7.0,3612.0,2448.0,23.0,50.0,True,Grew by >500g
LOLTMNT02_343084,complete,LCP,Split 1,0,2026-01-23 08:41:06,1,16.01,100,Blue,MVK Esports,oe:team:bc3824b0bbb8139d16109178faa4822,2746,0,1019.0,556.0,28.0,0.0,0.0,2380.0,-207.0,20.0,0.0,0.0,5442.0,3387.0,44.0,3.0,0.0,top: K'Sante / jng: Qiyana / mid: Orianna / bot: Ziggs / sup: Alistar,2026-01-23,GAM Esports,top: Rumble / jng: Jarvan IV / mid: Azir / bot: Varus / sup: Leona,1,0.0,1361.0,-763.0,-8.0,0.0,True,Grew by >500g
LOLTMNT03_341150,complete,LCK,Cup,0,2026-01-23 09:00:11,2,16.01,200,Red,KT Rolster,oe:team:d723992568441c6bafa2658129eade7,2796,0,318.0,-153.0,-50.0,5.0,1.0,3751.0,2262.0,-36.0,10.0,1.0,8409.0,9002.0,12.0,15.0,1.0,top: Rek'Sai / jng: Sejuani / mid: Akali / bot: Yunara / sup: Neeko,2026-01-23,T1,top: Zaahen / jng: Dr. Mundo / mid: Azir / bot: Aphelios / sup: Lulu,0,9.0,3433.0,2415.0,14.0,-26.840523112027313,True,Grew by >500g
13081-13081_game_3,complete,LPL,Split 1,0,2026-01-23 09:10:41,3,16.01,200,Red,Oh My God,oe:team:f4c4528c6981e104a11ea7548630c23,1742,1,386.0,69.0,16.0,6.0,4.0,808.0,416.0,20.0,10.0,7.0,4248.0,7853.0,36.0,15.0,7.0,top: Zaahen / jng: Xin Zhao / mid: Sylas / bot: Ashe / sup: Seraphine,2026-01-23,LGD Gaming,top: Udyr / jng: Vi / mid: Ahri / bot: Miss Fortune / sup: Bard,0,3.0,422.0,347.0,4.0,-50.0,True,Grew by >500g
LOLTMNT02_343085,complete,LCP,Split 1,0,2026-01-23 09:46:06,2,16.01,100,Blue,MVK Esports,oe:team:bc3824b0bbb8139d16109178faa4822,2186,1,1893.0,120.0,0.0,3.0,0.0,2802.0,1875.0,11.0,4.0,0.0,5866.0,4299.0,9.0,8.0,1.0,top: Aatrox / jng: Malphite / mid: Ryze / bot: Kai'Sa / sup: Nidalee,2026-01-23,GAM Esports,top: Zaahen / jng: Dr. Mundo / mid: Taliyah / bot: Yunara / sup: Bard,1,4.0,909.0,1755.0,11.0,0.0,True,Grew by >500g
13082-13082_game_1,complete,LPL,Split 1,0,2026-01-23 10:20:25,1,16.01,100,Blue,ThunderTalk Gaming,oe:team:df80f468a3f9a722df056fe9104f052,1948,1,793.0,-175.0,30.0,5.0,5.0,1546.0,-671.0,2.0,7.0,6.0,2187.0,550.0,14.0,11.0,9.0,top: Ambessa / jng: Jarvan IV / mid: Orianna / bot: Miss Fortune / sup: Alistar,2026-01-23,EDward Gaming,top: Zaahen / jng: Xin Zhao / mid: Azir / bot: Yunara / sup: Rell,1,1.0,753.0,-496.0,-28.0,-31.659837113290678,True,Grew by >500g
LOLTMNT03_340138,complete,LCK,Cup,0,2026-01-23 10:33:19,1,16.01,200,Red,Nongshim RedForce,oe:team:5cd2cd09ec94296f605dd13a2924d6c,1806,0,4529.0,3104.0,28.0,8.0,2.0,3372.0,1611.0,34.0,8.0,5.0,139.0,-4716.0,44.0,13.0,13.0,top: Renekton / jng: Jayce / mid: Taliyah / bot: Yunara / sup: Alistar,2026-01-23,Kiwoom DRX,top: Gnar / jng: Vi / mid: Ryze / bot: Kai'Sa / sup: Neeko,0,3.0,-1157.0,-1493.0,6.0,31.308592395362894,True,Shrank by >500g
LOLTMNT02_344092,complete,LCP,Split 1,0,2026-01-23 10:41:59,3,16.01,100,Blue,GAM Esports,oe:team:9cae7677cd0dbcc1cd86653870b73c2,1900,0,1689.0,687.0,31.0,3.0,3.0,447.0,-3050.0,-8.0,4.0,6.0,-2416.0,-7447.0,-31.0,6.0,9.0,top: Gnar / jng: Wukong / mid: Ahri / bot: Miss Fortune / sup: Nautilus,2026-01-23,MVK Esports,top: Vayne / jng: Zyra / mid: Sion / bot: Corki / sup: Taric,1,-2.0,-1242.0,-3737.0,-39.0,0.0,True,Lead lost by 25
13082-13082_game_2,complete,LPL,Split 1,0,2026-01-23 11:15:41,2,16.01,200,Red,EDward Gaming,oe:team:056c3140a119e44a03d462e2c832f27,2166,1,3237.0,1323.0,24.0,4.0,1.0,3294.0,152.0,23.0,5.0,2.0,5459.0,3816.0,12.0,9.0,4.0,top: Sion / jng: Wukong / mid: Akali / bot: Kai'Sa / sup: Neeko,2026-01-23,ThunderTalk Gaming,top: Gwen / jng: Vi / mid: Taliyah / bot: Corki / sup: Nami,0,3.0,57.0,-1171.0,-1.0,31.659837113290678,True,Grew by >500g
LOLTMNT03_340145,complete,LCK,Cup,0,2026-01-23 11:24:18,2,16.01,200,Red,Nongshim RedForce,oe:team:5cd2cd09ec94296f605dd13a2924d6c,2054,1,-567.0,-64.0,23.0,3.0,5.0,866.0,1650.0,38.0,8.0,8.0,-1200.0,-826.0,32.0,11.0,13.0,top: Zaahen / jng: Jarvan IV / mid: Aurora / bot: Kalista / sup: Renata Glasc,2026-01-23,Kiwoom DRX,top: Gwen / jng: Pantheon / mid: Akali / bot: Corki / sup: Poppy,0,0.0,1433.0,1714.0,15.0,31.308592395362894,True,Lead lost by 25
13082-13082_game_3,complete,LPL,Split 1,0,2026-01-23 12:14:49,3,16.01,100,Blue,EDward Gaming,oe:team:056c3140a119e44a03d462e2c832f27,2192,1,1389.0,85.0,4.0,3.0,3.0,1211.0,-681.0,-9.0,4.0,5.0,758.0,-1984.0,31.0,5.0,8.0,top: Gnar / jng: Pantheon / mid: Syndra / bot: Sivir / sup: Leona,2026-01-23,ThunderTalk Gaming,top: K'Sante / jng: Nocturne / mid: Ryze / bot: Varus / sup: Nautilus,1,-1.0,-178.0,-766.0,-13.0,31.659837113290678,True,Within 500g
LOLTMNT03_341173,complete,LCK,Cup,0,2026-01-23 12:21:14,3,16.01,200,Red,Kiwoom DRX,oe:team:1d0389df0c5eea93b04122ba167c010,2129,1,1090.0,2033.0,-14.0,7.0,4.0,2655.0,3758.0,15.0,11.0,6.0,4151.0,7102.0,10.0,14.0,7.0,top: K'Sante / jng: Jax / mid: Orianna / bot: Jhin / sup: Bard,2026-01-23,Nongshim RedForce,top: Sion / jng: Xin Zhao / mid: Azir / bot: Caitlyn / sup: Braum,0,5.0,1565.0,1725.0,29.0,-31.308592395362894,True,Grew by >500g
13083-13083_game_1,complete,LPL,Split 1,0,2026-01-23 13:26:53,1,16.01,100,Blue,Bilibili Gaming,oe:team:d356a144644879dabb5f34cd99c886d,2446,0,1422.0,1718.0,25.0,6.0,4.0,48.0,-84.0,-20.0,7.0,5.0,1154.0,776.0,-15.0,13.0,9.0,top: Renekton / jng: Dr. Mundo / mid: Syndra / bot: Yunara / sup: Blitzcrank,2026-01-23,JD Gaming,top: Gnar / jng: Malphite / mid: Ryze / bot: Aphelios / sup: Thresh,1,2.0,-1374.0,-1802.0,-45.0,40.09904704670612,True,Grew by >500g
LOLTMNT02_344149,complete,LCP,Split 1,0,2026-01-24 06:21:12,1,16.01,200,Red,Deep Cross Gaming,oe:team:7e56e9367c023df96cc8257ff4e16c0,2073,1,779.0,1222.0,-35.0,3.0,2.0,4275.0,5398.0,1.0,9.0,3.0,3977.0,3657.0,13.0,9.0,4.0,top: Rumble / jng: Jarvan IV / mid: Azir / bot: Yunara / sup: Bard,2026-01-24,Team Secret Whales,top: Renekton / jng: Wukong / mid: Ryze / bot: Ezreal / sup: Rakan,0,6.0,3496.0,4176.0,36.0,-20.86132984044434,True,Within 500g
LOLTMNT02_343149,complete,LCP,Split 1,0,2026-01-24 07:22:06,2,16.01,100,Blue,Team Secret Whales,oe:team:740de582f50775c516c77ed7b923fd5,1655,1,426.0,1284.0,9.0,4.0,3.0,2484.0,1902.0,7.0,8.0,5.0,12165.0,10181.0,18.0,16.0,5.0,top: Volibear / jng: Jayce / mid: Sylas / bot: Kai'Sa / sup: Alistar,2026-01-24,Deep Cross Gaming,top: Ambessa / jng: Nocturne / mid: Aurora / bot: Xayah / sup: Poppy,1,3.0,2058.0,618.0,-2.0,20.86132984044434,True,Grew by >500g
LOLTMNT03_341253,complete,LCK,Cup,0,2026-01-24 08:04:56,1,16.01,200,Red,Hanwha Life Esports,oe:team:3a1d18f46bcb3716ebcfcf4ef068934,2243,1,-722.0,-935.0,-26.0,4.0,6.0,2212.0,2163.0,8.0,8.0,7.0,3505.0,5661.0,-2.0,14.0,11.0,top: Sion / jng: Xin Zhao / mid: Azir / bot: Varus / sup: Rakan,2026-01-24,DN SOOPers,top: Rek'Sai / jng: Jarvan IV / mid: Orianna / bot: Sivir / sup: Alistar,0,1.0,2934.0,3098.0,34.0,-2.0259228850745785,True,Grew by >500g
LOLTMNT02_343151,complete,LCP,Split 1,0,2026-01-24 08:09:57,3,16.01,200,Red,Deep Cross Gaming,oe:team:7e56e9367c023df96cc8257ff4e16c0,1937,1,113.0,-315.0,-44.0,5.0,5.0,393.0,-1839.0,-37.0,6.0,6.0,5991.0,7068.0,-6.0,11.0,6.0,top: Gwen / jng: Pantheon / mid: Syndra / bot: Aphelios / sup: Lulu,2026-01-24,Team Secret Whales,top: K'Sante / jng: Xin Zhao / mid: Viktor / bot: Corki / sup: Neeko,0,0.0,280.0,-1524.0,7.0,-20.86132984044434,True,Grew by >500g
LOLTMNT03_340232,complete,LCK,Cup,0,2026-01-24 09:04:12,2,16.01,100,Blue,DN SOOPers,oe:team:b3c72a20aa56f5d28022ac04a7dc294,2371,1,904.0,1483.0,22.0,1.0,0.0,2403.0,2873.0,36.0,2.0,0.0,598.0,2581.0,24.0,5.0,5.0,top: K'Sante / jng: Wukong / mid: Ahri / bot: Ezreal / sup: Neeko,2026-01-24,Hanwha Life Esports,top: Aurora / jng: Vi / mid: Taliyah / bot: Corki / sup: Bard,1,2.0,1499.0,1390.0,14.0,2.0259228850745785,True,Shrank by >500g
13084-13084_game_1,complete,LPL,Split 1,0,2026-01-24 09:15:02,1,16.01,100,Blue,Anyone's Legend,oe:team:ed28f87f0cfdba0a2a8f183cebae73a,1944,1,1327.0,1348.0,-38.0,5.0,2.0,4666.0,5467.0,-31.0,16.0,6.0,4863.0,5724.0,-31.0,18.0,7.0,top: Sion / jng: Pantheon / mid: Azir / bot: Yunara / sup: Braum,2026-01-24,Top Esports,top: Ambessa / jng: Trundle / mid: Orianna / bot: Corki / sup: Alistar,1,10.0,3339.0,4119.0,7.0,52.82910365030307,True,Within 500g
LOLTMNT02_343177,complete,LCP,Split 1,0,2026-01-24 09:19:54,1,16.01,100,Blue,Fukuoka SoftBank HAWKS gaming,oe:team:d8ca3fc1f0827ec76369af7b70d43e3,2185,1,1835.0,1088.0,16.0,2.0,1.0,2353.0,416.0,-4.0,3.0,1.0,3270.0,1043.0,14.0,4.0,2.0,top: K'Sante / jng: Jarvan IV / mid: Taliyah / bot: Varus / sup: Bard,2026-01-24,Ground Zero Gaming,top: Rumble / jng: Xin Zhao / mid: Yone / bot: Kai'Sa / sup: Neeko,1,2.0,518.0,-672.0,-20.0,-40.86132984044434,True,Grew by >500g
LOLTMNT03_341276,complete,LCK,Cup,0,2026-01-24 10:06:14,3,16.01,200,Red,Hanwha Life Esports,oe:team:3a1d18f46bcb3716ebcfcf4ef068934,1748,1,2812.0,1751.0,2.0,9.0,7.0,4647.0,1207.0,9.0,10.0,7.0,5250.0,2193.0,9.0,11.0,8.0,top: Renekton / jng: Trundle / mid: Ryze / bot: Ziggs / sup: Nautilus,2026-01-24,DN SOOPers,top: Aatrox / jng: Hecarim / mid: Cassiopeia / bot: Aphelios / sup: Rell,0,3.0,1835.0,-544.0,7.0,-2.0259228850745785,True,Grew by >500g
13084-13084_game_2,complete,LPL,Split 1,0,2026-01-24 10:10:20,2,16.01,200,Red,Top Esports,oe:team:fcec508e780bbd1ad493852640f5b36,1713,1,1238.0,2082.0,22.0,4.0,4.0,2220.0,170.0,12.0,7.0,9.0,5302.0,2772.0,64.0,11.0,11.0,top: Rumble / jng: Wukong / mid: Akali / bot: Miss Fortune / sup: Rell,2026-01-24,Anyone's Legend,top: Galio / jng: Jarvan IV / mid: Ryze / bot: Varus / sup: Leona,0,-2.0,982.0,-1912.0,-10.0,-52.82910365030307,True,Grew by >500g
LOLTMNT02_343178,complete,LCP,Split 1,0,2026-01-24 10:17:03,2,16.01,100,Blue,Fukuoka SoftBank HAWKS gaming,oe:team:d8ca3fc1f0827ec76369af7b70d43e3,2167,0,2028.0,1783.0,-21.0,7.0,4.0,758.0,24.0,-50.0,7.0,5.0,-2215.0,-6206.0,-55.0,7.0,8.0,top: Zaahen / jng: Pantheon / mid: Ahri / bot: Aphelios / sup: Thresh,2026-01-24,Ground Zero Gaming,top: Ambessa / jng: Dr. Mundo / mid: LeBlanc / bot: Miss Fortune / sup: Blitzcrank,1,2.0,-1270.0,-1759.0,-29.0,-40.86132984044434,True,Lead lost by 25
13084-13084_game_3,complete,LPL,Split 1,0,2026-01-24 11:02:10,3,16.01,100,Blue,Top Esports,oe:team:fcec508e780bbd1ad493852640f5b36,1751,0,3353.0,2284.0,22.0,7.0,4.0,4329.0,3679.0,50.0,8.0,5.0,-3103.0,-7149.0,38.0,8.0,12.0,top: Renekton / jng: Viego / mid: Syndra / bot: Aphelios / sup: Nautilus,2026-01-24,Anyone's Legend,top: Aurora / jng: Xin Zhao / mid: Cassiopeia / bot: Sivir / sup: Rakan,1,3.0,976.0,1395.0,28.0,-52.82910365030307,True,Lead lost by 25
LOLTMNT02_343180,complete,LCP,Split 1,0,2026-01-24 11:15:43,3,16.01,100,Blue,Ground Zero Gaming,oe:team:788115a84f68bc65fa6d3a4e0f67a3e,2028,0,-340.0,-411.0,13.0,1.0,3.0,768.0,-1271.0,23.0,1.0,3.0,-774.0,-1591.0,24.0,4.0,8.0,top: Aatrox / jng: Wukong / mid: Ryze / bot: Yunara / sup: Nautilus,2026-01-24,Fukuoka SoftBank HAWKS gaming,top: Sion / jng: Lee Sin / mid: Orianna / bot: Corki / sup: Poppy,1,-2.0,1108.0,-860.0,10.0,40.86132984044434,True,Lead lost by 25
LOLTMNT03_341342,complete,LCK,Cup,0,2026-01-24 11:24:48,1,16.01,200,Red,Gen.G,oe:team:50f58982d91a36557ec8aec52ab014f,2034,1,343.0,68.0,-26.0,4.0,3.0,1726.0,2015.0,-5.0,6.0,4.0,4708.0,4123.0,8.0,9.0,4.0,top: Gwen / jng: Xin Zhao / mid: Anivia / bot: Varus / sup: Bard,2026-01-24,Dplus Kia,top: Ambessa / jng: Jarvan IV / mid: Ryze / bot: Corki / sup: Nami,0,2.0,1383.0,1947.0,21.0,13.649766031500121,True,Grew by >500g
LOLTMNT03_341348,complete,LCK,Cup,0,2026-01-24 12:21:19,2,16.01,100,Blue,Gen.G,oe:team:50f58982d91a36557ec8aec52ab014f,1817,1,1463.0,616.0,23.0,5.0,3.0,4344.0,2842.0,41.0,8.0,4.0,7257.0,4260.0,54.0,11.0,4.0,top: Rumble / jng: Wukong / mid: Galio / bot: Ashe / sup: Seraphine,2026-01-24,Dplus Kia,top: Sion / jng: Vi / mid: Syndra / bot: Yunara / sup: Lulu,1,4.0,2881.0,2226.0,18.0,13.649766031500121,True,Grew by >500g
13085-13085_game_2,complete,LPL,Split 1,0,2026-01-24 13:19:44,2,16.01,100,Blue,Weibo Gaming,oe:team:606c6ac695907af3823ee6405c58ff1,1879,1,2467.0,863.0,25.0,2.0,0.0,2643.0,144.0,18.0,2.0,1.0,2882.0,173.0,18.0,2.0,1.0,top: Jax / jng: Poppy / mid: Ahri / bot: Sivir / sup: Alistar,2026-01-24,JD Gaming,top: Zaahen / jng: Wukong / mid: Taliyah / bot: Varus / sup: Rakan,1,1.0,176.0,-719.0,-7.0,-71.6196672316596,True,Within 500g
LOLTMNT04_149111,complete,LEC,Versus,0,2026-01-24 15:51:32,1,16.02,100,Blue,GiantX,oe:team:6cd05f0ac20bfb965a59dc8bcc4f184,1471,1,3119.0,2375.0,47.0,6.0,5.0,4800.0,2703.0,32.0,9.0,5.0,13500.0,12307.0,92.0,14.0,5.0,top: Gnar / jng: Sejuani / mid: Yone / bot: Kai'Sa / sup: Rakan,2026-01-24,Los Ratones,top: Volibear / jng: Wukong / mid: Azir / bot: Corki / sup: Braum,1,4.0,1681.0,328.0,-15.0,37.72008056395816,True,Won before 25
LOLTMNT01_324576,complete,CBLOL,Cup,0,2026-01-24 16:10:43,1,16.02,100,Blue,Leviatan,oe:team:53ef3d5a3ac5d88bc000eff7d87aeb3,1842,0,404.0,-1549.0,-38.0,5.0,6.0,1223.0,73.0,-36.0,7.0,6.0,-1116.0,534.0,-51.0,10.0,11.0,top: Ambessa / jng: Jarvan IV / mid: Ryze / bot: Yunara / sup: Nautilus,2026-01-24,LØS,top: Rumble / jng: Vi / mid: Taliyah / bot: Tristana / sup: Rakan,1,1.0,819.0,1622.0,2.0,-38.84997744430939,True,Lead lost by 25
LOLTMNT04_149122,complete,LEC,Versus,0,2026-01-24 16:36:30,1,16.02,100,Blue,Natus Vincere,oe:team:d2ba9f92d85cff67d60aaad88e61048,2275,1,641.0,1263.0,3.0,7.0,7.0,760.0,1103.0,58.0,9.0,13.0,1068.0,1007.0,48.0,9.0,13.0,top: Sion / jng: Aatrox / mid: Azir / bot: Yunara / sup: Alistar,2026-01-24,Karmine Corp Blue,top: Rumble / jng: Jarvan IV / mid: Akali / bot: Aphelios / sup: Neeko,1,-4.0,119.0,-160.0,55.0,19.408494872993288,True,Within 500g
LOLTMNT01_324588,complete,CBLOL,Cup,0,2026-01-24 17:01:45,1,16.02,100,Blue,RED Canids,oe:team:67169969ecc058b307edfa9c6b7a3c0,2076,1,2866.0,1975.0,-12.0,4.0,0.0,5979.0,4000.0,-8.0,7.0,0.0,4484.0,3997.0,-9.0,10.0,3.0,top: Rumble / jng: Xin Zhao / mid: Ryze / bot: Yunara / sup: Bard,2026-01-24,FURIA,top: K'Sante / jng: Wukong / mid: Anivia / bot: Corki / sup: Alistar,1,7.0,3113.0,2025.0,4.0,-9.713681437400965,True,Shrank by >500g
LOLTMNT04_149134,complete,LEC,Versus,0,2026-01-24 17:34:22,1,16.02,100,Blue,Team Heretics,oe:team:1285e1c04d54de96502f12da4d49458,1946,1,2078.0,2267.0,38.0,2.0,0.0,1905.0,1026.0,30.0,3.0,2.0,-1388.0,-1091.0,46.0,3.0,4.0,top: K'Sante / jng: Dr. Mundo / mid: Ryze / bot: Aphelios / sup: Thresh,2026-01-24,Team Vitality,top: Rumble / jng: Wukong / mid: Taliyah / bot: Kalista / sup: Renata Glasc,1,1.0,-173.0,-1241.0,-8.0,-18.870103119648775,True,Lead lost by 25
LOLTMNT01_325644,complete,CBLOL,Cup,0,2026-01-24 17:59:45,1,16.02,100,Blue,Vivo Keyd Stars,oe:team:b9e44c69c1a70fb35df9be96f9eafea,1491,1,2018.0,2599.0,16.0,3.0,1.0,8628.0,8638.0,96.0,9.0,2.0,17538.0,17736.0,151.0,17.0,2.0,top: Rumble / jng: Wukong / mid: Ahri / bot: Yunara / sup: Nautilus,2026-01-24,Leviatan,top: K'Sante / jng: Xin Zhao / mid: Orianna / bot: Kai'Sa / sup: Rell,1,7.0,6610.0,6039.0,80.0,29.137245038834635,True,Won before 25
LOLTMNT04_149143,complete,LEC,Versus,0,2026-01-24 18:28:43,1,16.02,100,Blue,G2 Esports,oe:team:7d6673d3a9d00363c6bebc1a630da6e,1769,1,5999.0,4896.0,78.0,10.0,2.0,7379.0,5986.0,108.0,12.0,3.0,10204.0,9315.0,164.0,16.0,4.0,top: Rumble / jng: Jarvan IV / mid: Taliyah / bot: Kai'Sa / sup: Rakan,2026-01-24,Shifters,top: K'Sante / jng: Xin Zhao / mid: Azir / bot: Ezreal / sup: Karma,1,9.0,1380.0,1090.0,30.0,-19.424988722154694,True,Grew by >500g
LOLTMNT01_325655,complete,CBLOL,Cup,0,2026-01-24 18:46:55,1,16.02,100,Blue,LØS,oe:team:ea65e6cc48a9be50fc5334369a5fca5,1643,1,6015.0,3850.0,66.0,11.0,1.0,8010.0,6130.0,96.0,16.0,3.0,11137.0,8961.0,99.0,22.0,4.0,top: Aurora / jng: Wukong / mid: Akali / bot: Corki / sup: Bard,2026-01-24,LOUD,top: Rumble / jng: Nocturne / mid: Orianna / bot: Lucian / sup: Alistar,1,13.0,1995.0,2280.0,30.0,19.424988722154694,True,Grew by >500g
LOLTMNT04_150134,complete,LEC,Versus,0,2026-01-24 19:21:26,1,16.02,200,Red,Karmine Corp,oe:team:f3aa9bbd924ce3af42ac53f8326bc7c,2240,1,2245.0,2803.0,13.0,7.0,2.0,3925.0,3374.0,9.0,11.0,3.0,3744.0,2850.0,6.0,14.0,5.0,top: Sion / jng: Jarvan IV / mid: Azir / bot: Yunara / sup: Leona,2026-01-24,SK Gaming,top: Kled / jng: Pantheon / mid: Ekko / bot: Jinx / sup: Nautilus,0,8.0,1680.0,571.0,-4.0,19.424988722154694,True,Within 500g
LOLTMNT01_324613,complete,CBLOL,Cup,0,2026-01-24 19:35:19,1,16.02,100,Blue,paiN Gaming,oe:team:61450737f7b683db4da7b3e0bf0dced,1911,0,883.0,-648.0,12.0,7.0,6.0,2222.0,-878.0,-8.0,9.0,6.0,1102.0,-3260.0,-18.0,11.0,8.0,top: Olaf / jng: Pantheon / mid: Taliyah / bot: Yunara / sup: Rakan,2026-01-24,Fluxo W7M,top: Renekton / jng: Jarvan IV / mid: Ryze / bot: Kai'Sa / sup: Alistar,1,3.0,1339.0,-230.0,-20.0,-0.0014251207210236316,True,Shrank by >500g
LOLTMNT04_149159,complete,LEC,Versus,0,2026-01-24 20:19:05,1,16.02,200,Red,Movistar KOI,oe:team:4acc40654379b4da680be1bd3129dfa,1925,1,1438.0,2852.0,15.0,7.0,5.0,2410.0,3700.0,34.0,7.0,5.0,2535.0,3315.0,28.0,11.0,8.0,top: Rumble / jng: Pantheon / mid: Akali / bot: Corki / sup: Alistar,2026-01-24,Fnatic,top: K'Sante / jng: Jarvan IV / mid: Azir / bot: Aphelios / sup: Thresh,0,2.0,972.0,848.0,19.0,-0.5915051270067124,True,Within 500g
LOLTMNT01_325708,complete,LCS,Lock-In,0,2026-01-24 21:24:34,1,16.02,100,Blue,Team Liquid,oe:team:8eb884e168f28402ce685bedebb5250,2158,0,179.0,-107.0,-17.0,3.0,2.0,690.0,-1644.0,-26.0,3.0,3.0,1731.0,-997.0,-41.0,6.0,4.0,top: Sion / jng: Xin Zhao / mid: Orianna / bot: Corki / sup: Nami,2026-01-24,Cloud9,top: Renekton / jng: Nidalee / mid: Azir / bot: Sivir / sup: Bard,1,0.0,511.0,-1537.0,-9.0,0.0,True,Grew by >500g
LOLTMNT01_325721,complete,LCS,Lock-In,0,2026-01-24 22:19:00,2,16.02,100,Blue,Cloud9,oe:team:fc8e90107dabb9a35c490b0d86adea0,1828,1,2194.0,1234.0,69.0,5.0,3.0,4024.0,1648.0,53.0,8.0,4.0,7548.0,6811.0,47.0,13.0,4.0,top: Aurora / jng: Jarvan IV / mid: Taliyah / bot: Varus / sup: Rakan,2026-01-24,Team Liquid,top: Rumble / jng: Vi / mid: Yone / bot: Jhin / sup: Tahm Kench,1,4.0,1830.0,414.0,-16.0,0.0,True,Grew by >500g
LOLTMNT01_325749,complete,LCS,Lock-In,0,2026-01-24 23:14:34,1,16.02,200,Red,Sentinels,oe:team:f90422f1cbcb24bc2a855202582ec29,2982,1,-494.0,1646.0,21.0,2.0,2.0,1647.0,4994.0,52.0,5.0,4.0,-1027.0,1229.0,43.0,8.0,9.0,top: K'Sante / jng: Qiyana / mid: Azir / bot: Corki / sup: Alistar,2026-01-24,Disguised,top: Renekton / jng: Pantheon / mid: Taliyah / bot: Kai'Sa / sup: Neeko,0,1.0,2141.0,3348.0,31.0,-0.0,True,Lead lost by 25
LOLTMNT01_325761,complete,LCS,Lock-In,0,2026-01-25 00:22:15,2,16.02,200,Red,Disguised,oe:team:289284911fb6f41c0ccaecc3a0c2891,2230,1,-102.0,-467.0,-53.0,4.0,2.0,1232.0,2053.0,-46.0,7.0,2.0,1577.0,1353.0,-21.0,12.0,6.0,top: Ambessa / jng: Wukong / mid: Aurora / bot: Yunara / sup: Rakan,2026-01-25,Sentinels,top: Gwen / jng: Vi / mid: Cassiopeia / bot: Lucian / sup: Nami,0,5.0,1334.0,2520.0,7.0,-20.0,True,Within 500g
LOLTMNT01_324691,complete,LCS,Lock-In,0,2026-01-25 01:17:06,3,16.02,100,Blue,Disguised,oe:team:289284911fb6f41c0ccaecc3a0c2891,1716,1,609.0,289.0,34.0,1.0,2.0,2587.0,2227.0,57.0,4.0,4.0,4220.0,2565.0,80.0,6.0,5.0,top: Sion / jng: Xin Zhao / mid: Akali / bot: Sivir / sup: Bard,2026-01-25,Sentinels,top: Mordekaiser / jng: Jarvan IV / mid: Viktor / bot: Aphelios / sup: Rell,1,0.0,1978.0,1938.0,23.0,-20.0,True,Grew by >500g
LOLTMNT02_343221,complete,LCP,Split 1,0,2026-01-25 06:23:02,1,16.01,100,Blue,CTBC Flying Oyster,oe:team:0916b3c324c8577b0c6344f3e067f62,2140,1,3886.0,1539.0,-21.0,5.0,1.0,4706.0,1126.0,-17.0,6.0,1.0,6445.0,975.0,-9.0,7.0,1.0,top: Rumble / jng: Jarvan IV / mid: Akali / bot: Sivir / sup: Poppy,2026-01-25,MVK Esports,top: K'Sante / jng: Lee Sin / mid: Orianna / bot: Corki / sup: Alistar,1,5.0,820.0,-413.0,4.0,-30.0,True,Grew by >500g
LOLTMNT02_344203,complete,LCP,Split 1,0,2026-01-25 07:17:47,2,16.01,200,Red,MVK Esports,oe:team:bc3824b0bbb8139d16109178faa4822,2095,1,1716.0,2558.0,31.0,2.0,0.0,2686.0,2636.0,57.0,2.0,1.0,4222.0,5975.0,89.0,3.0,2.0,top: Ambessa / jng: Jayce / mid: Ryze / bot: Varus / sup: Rakan,2026-01-25,CTBC Flying Oyster,top: Renekton / jng: Wukong / mid: Taliyah / bot: Yunara / sup: Yuumi,0,1.0,970.0,78.0,26.0,30.0,True,Grew by >500g
LOLTMNT03_341399,complete,LCK,Cup,0,2026-01-25 08:05:39,1,16.01,200,Red,T1,oe:team:ce499dea30cfce118f4fe85da0227e8,2363,1,1144.0,-117.0,16.0,4.0,2.0,34.0,-386.0,25.0,7.0,7.0,346.0,-387.0,34.0,8.0,9.0,top: Jayce / jng: Vi / mid: Ryze / bot: Corki / sup: Nami,2026-01-25,BNK FEARX,top: Rumble / jng: Nocturne / mid: Taliyah / bot: Varus / sup: Neeko,0,0.0,-1110.0,-269.0,9.0,28.57258236697112,True,Within 500g
LOLTMNT02_344204,complete,LCP,Split 1,0,2026-01-25 08:12:19,3,16.01,100,Blue,CTBC Flying Oyster,oe:team:0916b3c324c8577b0c6344f3e067f62,2269,1,3044.0,2431.0,28.0,7.0,4.0,5721.0,3497.0,18.0,12.0,6.0,4150.0,-2349.0,24.0,13.0,9.0,top: Gwen / jng: Pantheon / mid: Syndra / bot: Aphelios / sup: Thresh,2026-01-25,MVK Esports,top: Aatrox / jng: Nautilus / mid: Viktor / bot: Ezreal / sup: Karma,1,6.0,2677.0,1066.0,-10.0,-30.0,True,Shrank by >500g
LOLTMNT03_340339,complete,LCK,Cup,0,2026-01-25 09:06:56,2,16.01,200,Red,BNK FEARX,oe:team:5c2e7e9ea8dfcba0150d9a5619baecf,2575,1,1508.0,2148.0,-20.0,8.0,3.0,2078.0,2436.0,-34.0,9.0,3.0,620.0,-484.0,-74.0,9.0,3.0,top: Sion / jng: Jarvan IV / mid: Syndra / bot: Lucian / sup: Milio,2026-01-25,T1,top: Aurora / jng: Xin Zhao / mid: Yone / bot: Aphelios / sup: Thresh,0,6.0,570.0,288.0,-14.0,-28.57258236697112,True,Shrank by >500g
13086-13086_game_1,complete,LPL,Split 1,0,2026-01-25 09:14:08,1,16.01,200,Red,Ninjas in Pyjamas,oe:team:48d7941ccbd5b89aca46c57b0c2f8fb,2657,0,1466.0,732.0,8.0,6.0,4.0,1774.0,598.0,15.0,7.0,5.0,3160.0,2415.0,56.0,11.0,8.0,top: K'Sante / jng: Jarvan IV / mid: Orianna / bot: Yunara / sup: Lulu,2026-01-25,Team WE,top: Rumble / jng: Dr. Mundo / mid: Azir / bot: Ezreal / sup: Karma,0,2.0,308.0,-134.0,7.0,-5.308482146631604,True,Grew by >500g
LOLTMNT02_344221,complete,LCP,Split 1,0,2026-01-25 09:25:06,1,16.01,200,Red,GAM Esports,oe:team:9cae7677cd0dbcc1cd86653870b73c2,2061,1,2686.0,997.0,80.0,8.0,4.0,2897.0,1436.0,84.0,10.0,5.0,885.0,52.0,105.0,15.0,9.0,top: Kennen / jng: Jarvan IV / mid: Ryze / bot: Sivir / sup: Neeko,2026-01-25,DetonatioN FocusMe,top: Renekton / jng: Jayce / mid: Azir / bot: Corki / sup: Alistar,0,5.0,211.0,439.0,4.0,50.0,True,Shrank by >500g
LOLTMNT03_340341,complete,LCK,Cup,0,2026-01-25 10:12:05,3,16.01,200,Red,T1,oe:team:ce499dea30cfce118f4fe85da0227e8,1820,1,-805.0,-1462.0,-28.0,3.0,3.0,2531.0,3447.0,13.0,6.0,3.0,1341.0,2658.0,10.0,9.0,6.0,top: K'Sante / jng: Pantheon / mid: Galio / bot: Kai'Sa / sup: Bard,2026-01-25,BNK FEARX,top: Gnar / jng: Qiyana / mid: Ahri / bot: Ezreal / sup: Rell,0,3.0,3336.0,4909.0,41.0,28.57258236697112,True,Shrank by >500g
LOLTMNT02_344222,complete,LCP,Split 1,0,2026-01-25 10:18:32,2,16.01,200,Red,GAM Esports,oe:team:9cae7677cd0dbcc1cd86653870b73c2,1885,1,1827.0,1487.0,48.0,4.0,2.0,3493.0,1910.0,87.0,4.0,3.0,984.0,-766.0,60.0,6.0,7.0,top: Aurora / jng: Wukong / mid: Galio / bot: Jhin / sup: Leona,2026-01-25,DetonatioN FocusMe,top: Rumble / jng: Lee Sin / mid: LeBlanc / bot: Varus / sup: Nautilus,0,1.0,1666.0,423.0,39.0,50.0,True,Shrank by >500g
13086-13086_game_2,complete,LPL,Split 1,0,2026-01-25 10:20:15,2,16.01,200,Red,Ninjas in Pyjamas,oe:team:48d7941ccbd5b89aca46c57b0c2f8fb,2184,1,468.0,701.0,16.0,4.0,4.0,412.0,972.0,39.0,5.0,5.0,-436.0,-3399.0,42.0,7.0,7.0,top: Renekton / jng: Vi / mid: Ahri / bot: Miss Fortune / sup: Rell,2026-01-25,Team WE,top: Sion / jng: Wukong / mid: Aurora / bot: Corki / sup: Braum,0,0.0,-56.0,271.0,23.0,-5.308482146631604,True,Lead lost by 25
LOLTMNT03_341439,complete,LCK,Cup,0,2026-01-25 11:28:02,1,16.01,100,Blue,HANJIN BRION,oe:team:b77b3f6068e20a2b3edc0ecd3dc70d4,2279,1,-689.0,-68.0,-26.0,1.0,1.0,214.0,567.0,-32.0,2.0,1.0,-299.0,-1709.0,-28.0,3.0,1.0,top: Gwen / jng: Pantheon / mid: Orianna / bot: Corki / sup: Rakan,2026-01-25,KT Rolster,top: K'Sante / jng: Xin Zhao / mid: Azir / bot: Lucian / sup: Braum,1,1.0,903.0,635.0,-6.0,-9.025384897062622,True,Lead lost by 25
13086-13086_game_3,complete,LPL,Split 1,0,2026-01-25 11:29:58,3,16.01,100,Blue,Team WE,oe:team:62c1cd9465dc63824593ee5046f5aa8,2331,1,1509.0,771.0,-8.0,3.0,1.0,3062.0,2199.0,13.0,5.0,2.0,-664.0,-1966.0,1.0,7.0,7.0,top: Yorick / jng: Ambessa / mid: Ryze / bot: Sivir / sup: Alistar,2026-01-25,Ninjas in Pyjamas,top: Gnar / jng: Qiyana / mid: Cassiopeia / bot: Kalista / sup: Renata Glasc,1,3.0,1553.0,1428.0,21.0,5.308482146631604,True,Lead lost by 25
LOLTMNT03_341446,complete,LCK,Cup,0,2026-01-25 12:29:52,2,16.01,100,Blue,HANJIN BRION,oe:team:b77b3f6068e20a2b3edc0ecd3dc70d4,2730,0,3026.0,2809.0,25.0,6.0,0.0,3630.0,4617.0,50.0,7.0,2.0,4355.0,7473.0,73.0,7.0,2.0,top: Renekton / jng: Ambessa / mid: Ryze / bot: Varus / sup: Karma,2026-01-25,KT Rolster,top: Gnar / jng: Dr. Mundo / mid: Taliyah / bot: Yunara / sup: Neeko,1,5.0,604.0,1808.0,25.0,-9.025384897062622,True,Grew by >500g
13087-13087_game_1,complete,LPL,Split 1,0,2026-01-25 12:44:41,1,16.01,200,Red,Top Esports,oe:team:fcec508e780bbd1ad493852640f5b36,1994,1,1395.0,980.0,22.0,7.0,4.0,1116.0,854.0,36.0,8.0,6.0,1857.0,1734.0,28.0,11.0,7.0,top: Ambessa / jng: Pantheon / mid: Orianna / bot: Yunara / sup: Alistar,2026-01-25,Invictus Gaming,top: Rumble / jng: Qiyana / mid: Syndra / bot: Varus / sup: Nautilus,0,2.0,-279.0,-126.0,14.0,-19.16544927631594,True,Grew by >500g
LOLTMNT03_341450,complete,LCK,Cup,0,2026-01-25 13:39:08,3,16.01,100,Blue,KT Rolster,oe:team:d723992568441c6bafa2658129eade7,1801,1,1301.0,1509.0,20.0,4.0,1.0,612.0,1289.0,36.0,7.0,4.0,2742.0,2374.0,46.0,8.0,4.0,top: Kennen / jng: Wukong / mid: Zoe / bot: Kai'Sa / sup: Nautilus,2026-01-25,HANJIN BRION,top: Zaahen / jng: Vi / mid: Ziggs / bot: Miss Fortune / sup: Leona,1,3.0,-689.0,-220.0,16.0,9.025384897062622,True,Grew by >500g
13087-13087_game_2,complete,LPL,Split 1,0,2026-01-25 13:41:49,2,16.01,100,Blue,Top Esports,oe:team:fcec508e780bbd1ad493852640f5b36,1518,1,3992.0,2091.0,46.0,5.0,1.0,6555.0,3826.0,83.0,7.0,2.0,13269.0,13143.0,120.0,17.0,4.0,top: Sion / jng: Xin Zhao / mid: Azir / bot: Miss Fortune / sup: Poppy,2026-01-25,Invictus Gaming,top: Renekton / jng: Trundle / mid: Taliyah / bot: Corki / sup: Rell,1,5.0,2563.0,1735.0,37.0,-19.16544927631594,True,Grew by >500g
LOLTMNT04_150207,complete,LEC,Versus,0,2026-01-25 15:52:48,1,16.02,100,Blue,Team Vitality,oe:team:e8d8ae992fe72acb7adc7bfcee31dbb,1977,1,2268.0,1403.0,30.0,4.0,1.0,1151.0,-705.0,10.0,5.0,5.0,-3186.0,-5750.0,26.0,7.0,11.0,top: K'Sante / jng: Jarvan IV / mid: Zoe / bot: Kai'Sa / sup: Neeko,2026-01-25,Shifters,top: Rumble / jng: Vi / mid: Swain / bot: Corki / sup: Nami,1,0.0,-1117.0,-2108.0,-20.0,-0.5590887989576458,True,Lead lost by 25
LOLTMNT01_325945,complete,CBLOL,Cup,0,2026-01-25 16:11:37,1,16.02,100,Blue,RED Canids,oe:team:67169969ecc058b307edfa9c6b7a3c0,2657,0,6793.0,4930.0,39.0,14.0,3.0,7828.0,5752.0,48.0,18.0,4.0,9066.0,7166.0,27.0,23.0,5.0,top: Rumble / jng: Pantheon / mid: Azir / bot: Lucian / sup: Pyke,2026-01-25,LOUD,top: Ambessa / jng: Jarvan IV / mid: Ryze / bot: Corki / sup: Nami,1,14.0,1035.0,822.0,9.0,39.14598383547991,True,Grew by >500g
LOLTMNT04_150214,complete,LEC,Versus,0,2026-01-25 16:45:10,1,16.02,200,Red,Natus Vincere,oe:team:d2ba9f92d85cff67d60aaad88e61048,1843,1,1059.0,26.0,18.0,0.0,1.0,5530.0,4531.0,52.0,7.0,3.0,6184.0,7716.0,63.0,11.0,5.0,top: Sion / jng: Aatrox / mid: Taliyah / bot: Aphelios / sup: Rakan,2026-01-25,SK Gaming,top: Cho'Gath / jng: Wukong / mid: Ryze / bot: Yunara / sup: Rell,0,4.0,4471.0,4505.0,34.0,38.29193954630932,True,Grew by >500g
LOLTMNT01_325969,complete,CBLOL,Cup,0,2026-01-25 17:27:29,1,16.02,100,Blue,Leviatan,oe:team:53ef3d5a3ac5d88bc000eff7d87aeb3,2234,1,2251.0,1569.0,15.0,7.0,2.0,347.0,-545.0,-8.0,7.0,3.0,1776.0,652.0,-20.0,11.0,5.0,top: Rumble / jng: Jarvan IV / mid: Cassiopeia / bot: Miss Fortune / sup: Alistar,2026-01-25,Fluxo W7M,top: K'Sante / jng: Xin Zhao / mid: Ryze / bot: Jhin / sup: Bard,1,4.0,-1904.0,-2114.0,-23.0,-18.337470929524898,True,Grew by >500g
LOLTMNT04_149225,complete,LEC,Versus,0,2026-01-25 17:41:52,1,16.02,100,Blue,Team Heretics,oe:team:1285e1c04d54de96502f12da4d49458,1969,0,2898.0,2230.0,62.0,3.0,1.0,2001.0,1673.0,56.0,4.0,4.0,-195.0,-4534.0,26.0,6.0,7.0,top: K'Sante / jng: Jayce / mid: Cassiopeia / bot: Aphelios / sup: Nautilus,2026-01-25,Los Ratones,top: Kled / jng: Dr. Mundo / mid: Ryze / bot: Caitlyn / sup: Braum,1,0.0,-897.0,-557.0,-6.0,40.01605174392921,True,Lead lost by 25
LOLTMNT01_325989,complete,CBLOL,Cup,0,2026-01-25 18:24:07,1,16.02,100,Blue,RED Canids,oe:team:67169969ecc058b307edfa9c6b7a3c0,1745,1,2337.0,1484.0,4.0,6.0,2.0,4602.0,4150.0,-7.0,14.0,4.0,7435.0,10191.0,29.0,21.0,7.0,top: Sion / jng: Xin Zhao / mid: Taliyah / bot: Yunara / sup: Leona,2026-01-25,paiN Gaming,top: Rumble / jng: Wukong / mid: Azir / bot: Ashe / sup: Seraphine,1,10.0,2265.0,2666.0,-11.0,68.84312726586927,True,Grew by >500g
LOLTMNT04_150239,complete,LEC,Versus,0,2026-01-25 18:34:50,1,16.02,200,Red,Movistar KOI,oe:team:4acc40654379b4da680be1bd3129dfa,1555,1,4081.0,3402.0,58.0,8.0,5.0,10729.0,8905.0,105.0,15.0,5.0,16836.0,13074.0,136.0,22.0,6.0,top: Rumble / jng: Vi / mid: Taliyah / bot: Aphelios / sup: Alistar,2026-01-25,Karmine Corp Blue,top: K'Sante / jng: Xin Zhao / mid: Ryze / bot: Yunara / sup: Bard,0,10.0,6648.0,5503.0,47.0,38.88397255422569,True,Grew by >500g
LOLTMNT01_324926,complete,CBLOL,Cup,0,2026-01-25 19:16:09,1,16.02,100,Blue,LOUD,oe:team:658a021a796aa5501503220adb38cf4,2019,1,-507.0,461.0,12.0,1.0,1.0,1848.0,1580.0,29.0,3.0,3.0,2253.0,3771.0,78.0,3.0,4.0,top: K'Sante / jng: Qiyana / mid: Ryze / bot: Ezreal / sup: Leona,2026-01-25,Vivo Keyd Stars,top: Rumble / jng: Wukong / mid: Orianna / bot: Yunara / sup: Nautilus,1,0.0,2355.0,1119.0,17.0,-28.317065266793634,True,Within 500g
LOLTMNT04_149245,complete,LEC,Versus,0,2026-01-25 19:22:26,1,16.02,100,Blue,Fnatic,oe:team:78f183fa5a7d8ecb22b9ad272c3abd7,1710,1,-170.0,973.0,29.0,2.0,1.0,2236.0,930.0,53.0,5.0,4.0,4186.0,1867.0,47.0,8.0,4.0,top: Rumble / jng: Xin Zhao / mid: Azir / bot: Yunara / sup: Alistar,2026-01-25,GiantX,top: K'Sante / jng: Nocturne / mid: Orianna / bot: Aphelios / sup: Lulu,1,1.0,2406.0,-43.0,24.0,-17.21419719349751,True,Grew by >500g
LOLTMNT01_324952,complete,CBLOL,Cup,0,2026-01-25 20:11:14,1,16.02,100,Blue,LØS,oe:team:ea65e6cc48a9be50fc5334369a5fca5,1680,1,1802.0,1337.0,31.0,3.0,1.0,2806.0,2581.0,12.0,5.0,2.0,2723.0,1145.0,21.0,6.0,2.0,top: Rumble / jng: Wukong / mid: Taliyah / bot: Corki / sup: Nautilus,2026-01-25,FURIA,top: Ambessa / jng: Xin Zhao / mid: Ryze / bot: Ezreal / sup: Leona,1,3.0,1004.0,1244.0,-19.0,18.893758701181696,True,Within 500g
LOLTMNT04_149251,complete,LEC,Versus,0,2026-01-25 20:13:39,1,16.02,200,Red,Karmine Corp,oe:team:f3aa9bbd924ce3af42ac53f8326bc7c,2023,1,982.0,1932.0,-2.0,3.0,1.0,3197.0,3384.0,-21.0,6.0,1.0,5731.0,6565.0,-14.0,10.0,3.0,top: Rumble / jng: Aatrox / mid: Ryze / bot: Yunara / sup: Alistar,2026-01-25,G2 Esports,top: Lee Sin / jng: Xin Zhao / mid: Galio / bot: Corki / sup: Rakan,0,5.0,2215.0,1452.0,-19.0,17.157937588253617,True,Grew by >500g
LOLTMNT01_326052,complete,LCS,Lock-In,0,2026-01-25 21:13:51,1,16.02,200,Red,Shopify Rebellion,oe:team:b360f1d729b0a8e0f29a5243c4200fa,2382,0,829.0,1071.0,-21.0,6.0,3.0,2682.0,1242.0,-6.0,9.0,6.0,1488.0,982.0,37.0,11.0,11.0,top: Renekton / jng: Malphite / mid: Azir / bot: Varus / sup: Bard,2026-01-25,FlyQuest,top: K'Sante / jng: Wukong / mid: Orianna / bot: Jhin / sup: Karma,0,3.0,1853.0,171.0,15.0,-0.0,True,Shrank by >500g
LOLTMNT01_326059,complete,LCS,Lock-In,0,2026-01-25 22:12:03,2,16.02,100,Blue,FlyQuest,oe:team:2e66da41dc460dd378e3bcc57042d31,2337,1,2955.0,1266.0,-3.0,7.0,1.0,3497.0,1758.0,-8.0,11.0,4.0,3715.0,1716.0,-18.0,12.0,4.0,top: Sion / jng: Volibear / mid: Taliyah / bot: Aphelios / sup: Thresh,2026-01-25,Shopify Rebellion,top: Gnar / jng: Xin Zhao / mid: Ryze / bot: Corki / sup: Neeko,1,7.0,542.0,492.0,-5.0,0.0,True,Within 500g
LOLTMNT01_324980,complete,LCS,Lock-In,0,2026-01-25 23:15:54,1,16.02,100,Blue,LYON,oe:team:da1143bf9a245b78a8dc86417de85b3,1831,1,3618.0,3770.0,47.0,3.0,1.0,8801.0,6750.0,55.0,8.0,1.0,9617.0,7243.0,87.0,8.0,1.0,top: Rumble / jng: Jarvan IV / mid: Akali / bot: Yunara / sup: Bard,2026-01-25,Dignitas,top: K'Sante / jng: Wukong / mid: Orianna / bot: Kai'Sa / sup: Alistar,1,7.0,5183.0,2980.0,8.0,0.0,True,Grew by >500g
LOLTMNT01_324984,complete,LCS,Lock-In,0,2026-01-26 00:04:23,2,16.02,200,Red,Dignitas,oe:team:0dbb780176ecad18f17292d1f5653af,2228,0,-2437.0,-1458.0,-25.0,6.0,7.0,811.0,1156.0,-8.0,11.0,8.0,1101.0,2051.0,27.0,12.0,10.0,top: Kennen / jng: Vi / mid: Taliyah / bot: Jinx / sup: Nautilus,2026-01-26,LYON,top: Renekton / jng: Pantheon / mid: Ryze / bot: Aphelios / sup: Lulu,0,3.0,3248.0,2614.0,17.0,-20.0,True,Within 500g
13088-13088_game_1,complete,LPL,Split 1,0,2026-01-26 09:13:55,1,16.01,200,Red,Team WE,oe:team:62c1cd9465dc63824593ee5046f5aa8,1569,1,3522.0,1453.0,32.0,6.0,2.0,6070.0,2718.0,43.0,8.0,3.0,13437.0,10282.0,74.0,15.0,3.0,top: Sion / jng: Jarvan IV / mid: Azir / bot: Ezreal / sup: Leona,2026-01-26,ThunderTalk Gaming,top: Renekton / jng: Xin Zhao / mid: Orianna / bot: Varus / sup: Alistar,0,5.0,2548.0,1265.0,11.0,82.42457921762298,True,Grew by >500g
13088-13088_game_2,complete,LPL,Split 1,0,2026-01-26 10:04:06,2,16.01,100,Blue,ThunderTalk Gaming,oe:team:df80f468a3f9a722df056fe9104f052,2377,0,-1941.0,-1997.0,9.0,6.0,9.0,1832.0,974.0,13.0,12.0,10.0,3257.0,898.0,-20.0,16.0,12.0,top: Rumble / jng: Wukong / mid: Syndra / bot: Yunara / sup: Braum,2026-01-26,Team WE,top: K'Sante / jng: Viego / mid: Ryze / bot: Kai'Sa / sup: Rell,1,2.0,3773.0,2971.0,4.0,-82.42457921762298,True,Grew by >500g
13089-13089_game_1,complete,LPL,Split 1,0,2026-01-26 11:24:45,1,16.01,200,Red,Bilibili Gaming,oe:team:d356a144644879dabb5f34cd99c886d,2354,0,-313.0,-702.0,-21.0,3.0,2.0,4273.0,3715.0,14.0,8.0,2.0,7054.0,4593.0,41.0,11.0,3.0,top: K'Sante / jng: Pantheon / mid: Azir / bot: Corki / sup: Rakan,2026-01-26,JD Gaming,top: Rumble / jng: Xin Zhao / mid: Ziggs / bot: Varus / sup: Alistar,0,6.0,4586.0,4417.0,35.0,19.56820260536324,True,Grew by >500g
13089-13089_game_2,complete,LPL,Split 1,0,2026-01-26 12:31:33,2,16.01,100,Blue,JD Gaming,oe:team:b42d0f31f2727621b963042276817c4,2118,0,2670.0,3933.0,-7.0,8.0,3.0,3249.0,3585.0,-19.0,12.0,5.0,4560.0,3904.0,-9.0,14.0,5.0,top: Ambessa / jng: Dr. Mundo / mid: Galio / bot: Yunara / sup: Neeko,2026-01-26,Bilibili Gaming,top: Gnar / jng: Malphite / mid: Aurora / bot: Ashe / sup: Seraphine,1,7.0,579.0,-348.0,-12.0,-19.56820260536324,True,Grew by >500g
13089-13089_game_3,complete,LPL,Split 1,0,2026-01-26 13:31:07,3,16.01,200,Red,JD Gaming,oe:team:b42d0f31f2727621b963042276817c4,1756,1,-1643.0,-57.0,14.0,3.0,7.0,1863.0,4667.0,29.0,7.0,7.0,416.0,3775.0,15.0,8.0,8.0,top: Sion / jng: Jarvan IV / mid: Viktor / bot: Sivir / sup: Bard,2026-01-26,Bilibili Gaming,top: Rek'Sai / jng: Vi / mid: Ahri / bot: Aphelios / sup: Thresh,0,0.0,3506.0,4724.0,15.0,-19.56820260536324,True,Shrank by >500g
LOLTMNT04_150288,complete,LEC,Versus,0,2026-01-26 15:56:02,1,16.02,100,Blue,SK Gaming,oe:team:75760dca486d4682426196b76bd1a54,1517,1,8808.0,7566.0,104.0,12.0,2.0,8275.0,5728.0,100.0,12.0,4.0,16112.0,15586.0,115.0,26.0,7.0,top: Rumble / jng: Pantheon / mid: Yone / bot: Varus / sup: Alistar,2026-01-26,Karmine Corp Blue,top: Aatrox / jng: Jarvan IV / mid: Azir / bot: Yunara / sup: Rakan,1,8.0,-533.0,-1838.0,-4.0,-0.016358343829551814,True,Grew by >500g
LOLTMNT04_149293,complete,LEC,Versus,0,2026-01-26 16:40:33,1,16.02,100,Blue,Shifters,oe:team:a2065488a11a2c0a2403a7b347eec61,2244,0,2431.0,2153.0,59.0,3.0,3.0,4619.0,3103.0,53.0,6.0,4.0,7061.0,3209.0,50.0,10.0,5.0,top: Nidalee / jng: Vi / mid: Taliyah / bot: Lucian / sup: Neeko,2026-01-26,Los Ratones,top: Gragas / jng: Pantheon / mid: Ryze / bot: Caitlyn / sup: Nami,1,2.0,2188.0,950.0,-6.0,17.19727957772102,True,Grew by >500g
LOLTMNT04_149305,complete,LEC,Versus,0,2026-01-26 17:39:01,1,16.02,200,Red,Fnatic,oe:team:78f183fa5a7d8ecb22b9ad272c3abd7,1781,1,-207.0,1166.0,6.0,1.0,1.0,3071.0,4987.0,17.0,8.0,1.0,6473.0,9085.0,25.0,12.0,2.0,top: K'Sante / jng: Wukong / mid: Orianna / bot: Kai'Sa / sup: Nautilus,2026-01-26,Team Vitality,top: Gwen / jng: Jarvan IV / mid: Ryze / bot: Yunara / sup: Alistar,0,7.0,3278.0,3821.0,11.0,1.021028324954841,True,Grew by >500g
LOLTMNT04_149323,complete,LEC,Versus,0,2026-01-26 18:30:36,1,16.02,100,Blue,G2 Esports,oe:team:7d6673d3a9d00363c6bebc1a630da6e,1745,1,1347.0,1034.0,41.0,0.0,2.0,3291.0,2635.0,28.0,2.0,2.0,8477.0,7994.0,78.0,10.0,4.0,top: K'Sante / jng: Aatrox / mid: Orianna / bot: Varus / sup: Neeko,2026-01-26,Team Heretics,top: Gwen / jng: Dr. Mundo / mid: Azir / bot: Jhin / sup: Alistar,1,0.0,1944.0,1601.0,-13.0,1.6761808278893113,True,Grew by >500g
LOLTMNT04_150332,complete,LEC,Versus,0,2026-01-26 19:21:50,1,16.02,200,Red,Karmine Corp,oe:team:f3aa9bbd924ce3af42ac53f8326bc7c,1848,1,-278.0,-1498.0,8.0,2.0,3.0,5108.0,5616.0,58.0,9.0,3.0,7605.0,8049.0,74.0,10.0,4.0,top: Ambessa / jng: Pantheon / mid: Azir / bot: Yunara / sup: Leona,2026-01-26,Natus Vincere,top: Poppy / jng: Aatrox / mid: Taliyah / bot: Aphelios / sup: Nautilus,0,6.0,5386.0,7114.0,50.0,0.620266226912463,True,Grew by >500g
LOLTMNT04_150342,complete,LEC,Versus,0,2026-01-26 20:10:44,1,16.02,200,Red,GiantX,oe:team:6cd05f0ac20bfb965a59dc8bcc4f184,1961,1,4365.0,2487.0,21.0,4.0,1.0,4325.0,970.0,-13.0,4.0,1.0,2948.0,-475.0,-11.0,6.0,4.0,top: K'Sante / jng: Vi / mid: Taliyah / bot: Caitlyn / sup: Elise,2026-01-26,Movistar KOI,top: Renekton / jng: Trundle / mid: Azir / bot: Yunara / sup: Lulu,0,3.0,-40.0,-1517.0,-34.0,-21.608885520104423,True,Shrank by >500g
13090-13090_game_1,complete,LPL,Split 1,0,2026-01-27 07:13:52,1,16.02,100,Blue,LNG Esports,oe:team:a9145b7711873f53e610fbba0493484,1557,1,630.0,1309.0,25.0,0.0,1.0,1106.0,8.0,11.0,2.0,2.0,8589.0,9817.0,32.0,11.0,4.0,top: Rumble / jng: Jarvan IV / mid: Azir / bot: Jhin / sup: Bard,2026-01-27,Ultra Prime,top: K'Sante / jng: Vi / mid: Ekko / bot: Ashe / sup: Seraphine,1,0.0,476.0,-1301.0,-14.0,30.0,True,Grew by >500g
13090-13090_game_2,complete,LPL,Split 1,0,2026-01-27 08:02:32,2,16.02,100,Blue,LNG Esports,oe:team:a9145b7711873f53e610fbba0493484,1737,1,4516.0,3055.0,66.0,6.0,1.0,6285.0,4374.0,68.0,9.0,2.0,10200.0,6447.0,100.0,14.0,3.0,top: Gwen / jng: Xin Zhao / mid: Akali / bot: Corki / sup: Rakan,2026-01-27,Ultra Prime,top: Sion / jng: Wukong / mid: Orianna / bot: Kai'Sa / sup: Rell,1,7.0,1769.0,1319.0,2.0,30.0,True,Grew by >500g
13091-13091_game_1,complete,LPL,Split 1,0,2026-01-27 09:06:42,1,16.02,200,Red,Weibo Gaming,oe:team:606c6ac695907af3823ee6405c58ff1,1783,1,1318.0,454.0,7.0,4.0,1.0,3528.0,1944.0,6.0,8.0,2.0,5733.0,5291.0,-18.0,21.0,5.0,top: Rumble / jng: Vi / mid: Orianna / bot: Sivir / sup: Alistar,2026-01-27,Top Esports,top: Ambessa / jng: Pantheon / mid: Azir / bot: Corki / sup: Bard,0,6.0,2210.0,1490.0,-1.0,10.24127605393187,True,Grew by >500g
13091-13091_game_2,complete,LPL,Split 1,0,2026-01-27 10:00:37,2,16.02,200,Red,Top Esports,oe:team:fcec508e780bbd1ad493852640f5b36,1497,1,4164.0,3044.0,33.0,10.0,6.0,6395.0,4340.0,53.0,11.0,6.0,12967.0,14017.0,83.0,20.0,6.0,top: Aatrox / jng: Xin Zhao / mid: Syndra / bot: Yunara / sup: Lulu,2026-01-27,Weibo Gaming,top: Sion / jng: Jarvan IV / mid: Viktor / bot: Aphelios / sup: Thresh,0,5.0,2231.0,1296.0,20.0,-10.24127605393187,True,Won before 25
13091-13091_game_3,complete,LPL,Split 1,0,2026-01-27 10:47:08,3,16.02,200,Red,Weibo Gaming,oe:team:606c6ac695907af3823ee6405c58ff1,1965,1,2374.0,833.0,43.0,7.0,6.0,1342.0,1130.0,44.0,10.0,9.0,-3070.0,-3996.0,5.0,11.0,12.0,top: Renekton / jng: Qiyana / mid: Ryze / bot: Ashe / sup: Nautilus,2026-01-27,Top Esports,top: Gnar / jng: Wukong / mid: Sylas / bot: Miss Fortune / sup: Rell,0,1.0,-1032.0,297.0,1.0,10.24127605393187,True,Lead lost by 25
13092-13092_game_1,complete,LPL,Split 1,0,2026-01-27 11:56:02,1,16.02,200,Red,Anyone's Legend,oe:team:ed28f87f0cfdba0a2a8f183cebae73a,1938,1,1717.0,1408.0,19.0,4.0,4.0,6813.0,5445.0,42.0,9.0,4.0,7612.0,4859.0,39.0,9.0,4.0,top: Sion / jng: Xin Zhao / mid: Azir / bot: Corki / sup: Neeko,2026-01-27,Invictus Gaming,top: Rumble / jng: Wukong / mid: Syndra / bot: Ashe / sup: Seraphine,0,5.0,5096.0,4037.0,23.0,65.71219300336952,True,Grew by >500g
13092-13092_game_2,complete,LPL,Split 1,0,2026-01-27 12:50:48,2,16.02,200,Red,Invictus Gaming,oe:team:53a258f289c26d94431c0496a54e151,1935,1,1870.0,1800.0,23.0,8.0,3.0,3775.0,1978.0,24.0,9.0,3.0,2156.0,1005.0,22.0,13.0,7.0,top: Renekton / jng: Jayce / mid: Anivia / bot: Ezreal / sup: Alistar,2026-01-27,Anyone's Legend,top: Aurora / jng: Qiyana / mid: Ryze / bot: Miss Fortune / sup: Leona,0,6.0,1905.0,178.0,1.0,-65.71219300336952,True,Shrank by >500g
13092-13092_game_3,complete,LPL,Split 1,0,2026-01-27 13:48:01,3,16.02,200,Red,Anyone's Legend,oe:team:ed28f87f0cfdba0a2a8f183cebae73a,1908,1,352.0,-933.0,-28.0,1.0,0.0,177.0,767.0,-4.0,1.0,1.0,3547.0,4084.0,8.0,6.0,2.0,top: Zaahen / jng: Pantheon / mid: Galio / bot: Varus / sup: Rakan,2026-01-27,Invictus Gaming,top: K'Sante / jng: Ambessa / mid: Swain / bot: Sivir / sup: Nautilus,0,0.0,-175.0,1700.0,24.0,65.71219300336952,True,Grew by >500g
13093-13093_game_1,complete,LPL,Split 1,0,2026-01-28 07:12:22,1,16.02,200,Red,LGD Gaming,oe:team:5f401785b6b78326f9a46b3c6b206ed,1725,0,730.0,-763.0,-8.0,4.0,2.0,361.0,-2153.0,-3.0,5.0,4.0,-6432.0,-10823.0,-24.0,6.0,12.0,top: K'Sante / jng: Xin Zhao / mid: Azir / bot: Varus / sup: Braum,2026-01-28,Ultra Prime,top: Rumble / jng: Trundle / mid: Akali / bot: Sivir / sup: Rell,0,1.0,-369.0,-1390.0,5.0,13.989553274608625,True,Lead lost by 25
13093-13093_game_2,complete,LPL,Split 1,0,2026-01-28 08:02:47,2,16.02,200,Red,LGD Gaming,oe:team:5f401785b6b78326f9a46b3c6b206ed,2107,1,1579.0,1656.0,71.0,4.0,4.0,1077.0,1192.0,74.0,5.0,6.0,1510.0,2899.0,87.0,6.0,6.0,top: Ambessa / jng: Wukong / mid: Ahri / bot: Draven / sup: Nautilus,2026-01-28,Ultra Prime,top: Jax / jng: Jarvan IV / mid: Taliyah / bot: Corki / sup: Alistar,0,-1.0,-502.0,-464.0,3.0,13.989553274608625,True,Within 500g
LOLTMNT01_326821,complete,LCK,Cup,0,2026-01-28 08:04:54,1,16.02,100,Blue,Kiwoom DRX,oe:team:1d0389df0c5eea93b04122ba167c010,2170,1,1510.0,2478.0,-9.0,6.0,2.0,1901.0,2978.0,-16.0,8.0,3.0,2204.0,4118.0,-39.0,12.0,6.0,top: Gnar / jng: Xin Zhao / mid: Taliyah / bot: Yunara / sup: Bard,2026-01-28,HANJIN BRION,top: Renekton / jng: Pantheon / mid: Ryze / bot: Ezreal / sup: Braum,1,5.0,391.0,500.0,-7.0,21.334483817132877,True,Within 500g
13093-13093_game_3,complete,LPL,Split 1,0,2026-01-28 08:58:34,3,16.02,100,Blue,Ultra Prime,oe:team:8d09428f093dfbf3c488bce350af0b1,1793,0,12.0,388.0,16.0,1.0,2.0,1210.0,478.0,17.0,2.0,2.0,-64.0,248.0,-7.0,2.0,3.0,top: Sion / jng: Viego / mid: Ryze / bot: Yunara / sup: Neeko,2026-01-28,LGD Gaming,top: Gwen / jng: Nocturne / mid: Syndra / bot: Ashe / sup: Seraphine,1,0.0,1198.0,90.0,1.0,-13.989553274608625,True,Lead lost by 25
LOLTMNT01_326837,complete,LCK,Cup,0,2026-01-28 09:03:47,2,16.02,200,Red,HANJIN BRION,oe:team:b77b3f6068e20a2b3edc0ecd3dc70d4,2106,1,1050.0,376.0,-9.0,2.0,0.0,2723.0,867.0,-7.0,6.0,1.0,3926.0,4879.0,-37.0,12.0,3.0,top: Gwen / jng: Jarvan IV / mid: Azir / bot: Sivir / sup: Karma,2026-01-28,Kiwoom DRX,top: Ambessa / jng: Vi / mid: Orianna / bot: Kai'Sa / sup: Neeko,0,5.0,1673.0,491.0,2.0,-21.334483817132877,True,Grew by >500g
LOLTMNT01_327784,complete,LCK,Cup,0,2026-01-28 09:59:21,3,16.02,100,Blue,HANJIN BRION,oe:team:b77b3f6068e20a2b3edc0ecd3dc70d4,2046,1,3132.0,1988.0,59.0,8.0,5.0,6223.0,471.0,52.0,12.0,6.0,3924.0,324.0,68.0,13.0,9.0,top: Aurora / jng: Trundle / mid: Sylas / bot: Aphelios / sup: Thresh,2026-01-28,Kiwoom DRX,top: Zaahen / jng: Wukong / mid: Ahri / bot: Zeri / sup: Alistar,1,6.0,3091.0,-1517.0,-7.0,-21.334483817132877,True,Shrank by >500g
13094-13094_game_1,complete,LPL,Split 1,0,2026-01-28 10:04:00,1,16.02,100,Blue,LNG Esports,oe:team:a9145b7711873f53e610fbba0493484,2131,1,217.0,1876.0,29.0,1.0,3.0,1034.0,2659.0,29.0,2.0,3.0,4356.0,8114.0,19.0,7.0,4.0,top: Sion / jng: Xin Zhao / mid: Azir / bot: Corki / sup: Poppy,2026-01-28,Oh My God,top: Zaahen / jng: Wukong / mid: Taliyah / bot: Varus / sup: Rell,1,-1.0,817.0,783.0,0.0,73.98955327460862,True,Grew by >500g
LOLTMNT01_327799,complete,LCK,Cup,0,2026-01-28 10:54:21,4,16.02,200,Red,Kiwoom DRX,oe:team:1d0389df0c5eea93b04122ba167c010,1921,1,-2516.0,-818.0,-49.0,3.0,4.0,2047.0,3920.0,0.0,8.0,5.0,940.0,-1991.0,-13.0,11.0,10.0,top: Jax / jng: Malphite / mid: Viktor / bot: Xayah / sup: Rakan,2026-01-28,HANJIN BRION,top: Yorick / jng: Sejuani / mid: Akali / bot: Kalista / sup: Renata Glasc,0,3.0,4563.0,4738.0,49.0,21.334483817132877,True,Shrank by >500g
13094-13094_game_2,complete,LPL,Split 1,0,2026-01-28 11:03:16,2,16.02,100,Blue,LNG Esports,oe:team:a9145b7711873f53e610fbba0493484,1392,1,5530.0,3914.0,44.0,8.0,1.0,11859.0,8450.0,55.0,16.0,1.0,,,,,,top: Gnar / jng: Trundle / mid: Ryze / bot: Ezreal / sup: Karma,2026-01-28,Oh My God,top: Yorick / jng: Pantheon / mid: Anivia / bot: Yunara / sup: Lulu,1,15.0,6329.0,4536.0,11.0,73.98955327460862,True,Won before 25
LOLTMNT01_326904,complete,LCK,Cup,0,2026-01-28 11:49:42,5,16.02,200,Red,HANJIN BRION,oe:team:b77b3f6068e20a2b3edc0ecd3dc70d4,2586,0,1628.0,941.0,23.0,3.0,2.0,2185.0,2409.0,42.0,3.0,2.0,1333.0,2158.0,61.0,4.0,3.0,top: Sion / jng: Nocturne / mid: Zoe / bot: Tristana / sup: Rell,2026-01-28,Kiwoom DRX,top: K'Sante / jng: Aatrox / mid: Syndra / bot: Jhin / sup: Nautilus,0,1.0,557.0,1468.0,19.0,-21.334483817132877,True,Shrank by >500g
13095-13095_game_1,complete,LPL,Split 1,0,2026-01-28 12:05:42,1,16.02,200,Red,Ninjas in Pyjamas,oe:team:48d7941ccbd5b89aca46c57b0c2f8fb,1879,1,-1858.0,-1967.0,4.0,2.0,6.0,2488.0,3068.0,37.0,8.0,7.0,4034.0,4162.0,51.0,11.0,9.0,top: Varus / jng: Vi / mid: Ahri / bot: Yunara / sup: Rakan,2026-01-28,EDward Gaming,top: Sion / jng: Jarvan IV / mid: Azir / bot: Jhin / sup: Rell,0,1.0,4346.0,5035.0,33.0,11.825308003923055,True,Grew by >500g
13095-13095_game_2,complete,LPL,Split 1,0,2026-01-28 13:08:28,2,16.02,100,Blue,EDward Gaming,oe:team:056c3140a119e44a03d462e2c832f27,1587,1,1167.0,1081.0,9.0,4.0,3.0,2537.0,3075.0,22.0,8.0,6.0,7866.0,10945.0,48.0,13.0,7.0,top: Ornn / jng: Wukong / mid: Orianna / bot: Kai'Sa / sup: Neeko,2026-01-28,Ninjas in Pyjamas,top: Rumble / jng: Pantheon / mid: Akali / bot: Tristana / sup: Leona,1,2.0,1370.0,1994.0,13.0,-11.825308003923055,True,Grew by >500g
13095-13095_game_3,complete,LPL,Split 1,0,2026-01-28 13:59:03,3,16.02,200,Red,Ninjas in Pyjamas,oe:team:48d7941ccbd5b89aca46c57b0c2f8fb,2362,0,1881.0,1401.0,33.0,3.0,2.0,80.0,1690.0,23.0,4.0,3.0,2656.0,6162.0,27.0,8.0,3.0,top: Renekton / jng: Viego / mid: Ryze / bot: Corki / sup: Nami,2026-01-28,EDward Gaming,top: K'Sante / jng: Nocturne / mid: Malzahar / bot: Jinx / sup: Alistar,0,1.0,-1801.0,289.0,-10.0,11.825308003923055,True,Grew by >500g
LOLTMNT01_331067,complete,LCP,Split 1,0,2026-01-29 06:17:45,1,16.02,100,Blue,Deep Cross Gaming,oe:team:7e56e9367c023df96cc8257ff4e16c0,2141,1,-703.0,-779.0,-47.0,1.0,1.0,38.0,-152.0,-25.0,5.0,4.0,-1198.0,-2648.0,-44.0,7.0,8.0,top: Rumble / jng: Jarvan IV / mid: Yone / bot: Aphelios / sup: Rell,2026-01-29,MVK Esports,top: K'Sante / jng: Vi / mid: Azir / bot: Senna / sup: Nautilus,1,1.0,741.0,627.0,22.0,1.7991504071489999,True,Lead lost by 25
LOLTMNT01_331080,complete,LCP,Split 1,0,2026-01-29 07:14:30,2,16.02,200,Red,MVK Esports,oe:team:bc3824b0bbb8139d16109178faa4822,2035,1,4496.0,2921.0,66.0,4.0,1.0,5588.0,192.0,51.0,5.0,2.0,6389.0,1950.0,76.0,6.0,3.0,top: Aurora / jng: Qiyana / mid: Ryze / bot: Sivir / sup: Leona,2026-01-29,Deep Cross Gaming,top: Gwen / jng: Viego / mid: Anivia / bot: Varus / sup: Alistar,0,3.0,1092.0,-2729.0,-15.0,-1.7991504071489999,True,Grew by >500g
LOLTMNT01_331103,complete,LCK,Cup,0,2026-01-29 08:07:19,1,16.02,100,Blue,BNK FEARX,oe:team:5c2e7e9ea8dfcba0150d9a5619baecf,2114,1,-2201.0,-672.0,-17.0,0.0,3.0,1538.0,2388.0,14.0,4.0,5.0,4873.0,4707.0,41.0,8.0,6.0,top: Renekton / jng: Vi / mid: Azir / bot: Lucian / sup: Nami,2026-01-29,DN SOOPers,top: Sion / jng: Jarvan IV / mid: Orianna / bot: Yunara / sup: Lulu,1,-1.0,3739.0,3060.0,31.0,28.14093545636524,True,Grew by >500g
LOLTMNT01_332106,complete,LCP,Split 1,0,2026-01-29 08:09:13,3,16.02,100,Blue,Deep Cross Gaming,oe:team:7e56e9367c023df96cc8257ff4e16c0,1714,1,8076.0,4573.0,49.0,11.0,1.0,9969.0,5940.0,71.0,12.0,1.0,9877.0,8209.0,97.0,20.0,6.0,top: Renekton / jng: Jayce / mid: Swain / bot: Corki / sup: Blitzcrank,2026-01-29,MVK Esports,top: Ambessa / jng: Wukong / mid: Galio / bot: Lucian / sup: Nami,1,11.0,1893.0,1367.0,22.0,1.7991504071489999,True,Within 500g
LOLTMNT01_332133,complete,LCK,Cup,0,2026-01-29 09:07:12,2,16.02,100,Blue,BNK FEARX,oe:team:5c2e7e9ea8dfcba0150d9a5619baecf,1535,1,587.0,2015.0,51.0,2.0,2.0,7091.0,6489.0,77.0,9.0,3.0,6309.0,7527.0,45.0,15.0,8.0,top: Kennen / jng: Xin Zhao / mid: Ryze / bot: Corki / sup: Bard,2026-01-29,DN SOOPers,top: Ambessa / jng: Wukong / mid: Taliyah / bot: Sivir / sup: Rakan,1,6.0,6504.0,4474.0,26.0,28.14093545636524,True,Shrank by >500g
LOLTMNT01_332135,complete,LCP,Split 1,0,2026-01-29 09:13:50,1,16.02,200,Red,CTBC Flying Oyster,oe:team:0916b3c324c8577b0c6344f3e067f62,1516,1,2271.0,1209.0,49.0,3.0,2.0,7614.0,4556.0,67.0,8.0,3.0,14644.0,14457.0,108.0,17.0,5.0,top: Rumble / jng: Wukong / mid: Orianna / bot: Ezreal / sup: Poppy,2026-01-29,Fukuoka SoftBank HAWKS gaming,top: K'Sante / jng: Pantheon / mid: Akali / bot: Corki / sup: Nautilus,0,5.0,5343.0,3347.0,18.0,37.349256770378815,True,Grew by >500g
13096-13096_game_1,complete,LPL,Split 1,0,2026-01-29 09:14:37,1,16.02,200,Red,Ninjas in Pyjamas,oe:team:48d7941ccbd5b89aca46c57b0c2f8fb,1742,1,3343.0,3743.0,59.0,7.0,4.0,6326.0,5532.0,69.0,9.0,4.0,9921.0,12094.0,103.0,12.0,5.0,top: Varus / jng: Sejuani / mid: Yone / bot: Jhin / sup: Bard,2026-01-29,ThunderTalk Gaming,top: Yasuo / jng: Xin Zhao / mid: Azir / bot: Miss Fortune / sup: Rakan,0,5.0,2983.0,1789.0,10.0,62.354397125992364,True,Grew by >500g
LOLTMNT01_332152,complete,LCK,Cup,0,2026-01-29 09:53:36,3,16.02,200,Red,DN SOOPers,oe:team:b3c72a20aa56f5d28022ac04a7dc294,2027,1,580.0,-1272.0,-9.0,5.0,5.0,3474.0,1904.0,17.0,10.0,6.0,6896.0,5213.0,54.0,13.0,6.0,top: K'Sante / jng: Lee Sin / mid: Syndra / bot: Kai'Sa / sup: Neeko,2026-01-29,BNK FEARX,top: Gnar / jng: Aatrox / mid: Aurora / bot: Ezreal / sup: Rell,0,4.0,2894.0,3176.0,26.0,-28.14093545636524,True,Grew by >500g
LOLTMNT01_331147,complete,LCP,Split 1,0,2026-01-29 09:59:52,2,16.02,200,Red,Fukuoka SoftBank HAWKS gaming,oe:team:d8ca3fc1f0827ec76369af7b70d43e3,2097,0,-1595.0,-2089.0,-7.0,4.0,6.0,2814.0,1573.0,-2.0,10.0,6.0,-643.0,-3976.0,-28.0,10.0,8.0,top: Sion / jng: Jarvan IV / mid: Taliyah / bot: Aphelios / sup: Thresh,2026-01-29,CTBC Flying Oyster,top: Ambessa / jng: Xin Zhao / mid: Ryze / bot: Lucian / sup: Nami,0,4.0,4409.0,3662.0,5.0,-37.349256770378815,True,Lead lost by 25
13096-13096_game_2,complete,LPL,Split 1,0,2026-01-29 10:04:43,2,16.02,100,Blue,Ninjas in Pyjamas,oe:team:48d7941ccbd5b89aca46c57b0c2f8fb,1540,1,5948.0,3924.0,50.0,11.0,3.0,9778.0,6766.0,86.0,16.0,5.0,15431.0,11385.0,139.0,18.0,5.0,top: Renekton / jng: Qiyana / mid: Aurora / bot: Aphelios / sup: Thresh,2026-01-29,ThunderTalk Gaming,top: Gnar / jng: Jarvan IV / mid: Ryze / bot: Ashe / sup: Seraphine,1,11.0,3830.0,2842.0,36.0,62.354397125992364,True,Grew by >500g
LOLTMNT01_332170,complete,LCK,Cup,0,2026-01-29 10:47:32,4,16.02,100,Blue,DN SOOPers,oe:team:b3c72a20aa56f5d28022ac04a7dc294,2366,0,160.0,191.0,6.0,4.0,4.0,2838.0,3675.0,29.0,8.0,4.0,-1261.0,-2554.0,2.0,9.0,7.0,top: Rek'Sai / jng: Sejuani / mid: Yone / bot: Ziggs / sup: Pantheon,2026-01-29,BNK FEARX,top: Jax / jng: Lillia / mid: Jayce / bot: Jhin / sup: Leona,1,4.0,2678.0,3484.0,23.0,-28.14093545636524,True,Lead lost by 25
13097-13097_game_1,complete,LPL,Split 1,0,2026-01-29 11:08:40,1,16.02,200,Red,JD Gaming,oe:team:b42d0f31f2727621b963042276817c4,2118,0,1572.0,1002.0,29.0,3.0,3.0,2056.0,629.0,31.0,3.0,3.0,2240.0,284.0,20.0,4.0,4.0,top: Sion / jng: Jayce / mid: Ziggs / bot: Corki / sup: Nautilus,2026-01-29,Weibo Gaming,top: Ambessa / jng: Jarvan IV / mid: Azir / bot: Miss Fortune / sup: Leona,0,0.0,484.0,-373.0,2.0,26.06090558467531,True,Within 500g
13097-13097_game_3,complete,LPL,Split 1,0,2026-01-29 13:12:26,3,16.02,100,Blue,JD Gaming,oe:team:b42d0f31f2727621b963042276817c4,2202,0,113.0,897.0,10.0,3.0,3.0,1032.0,458.0,19.0,3.0,4.0,3340.0,419.0,41.0,6.0,5.0,top: K'Sante / jng: Vi / mid: Anivia / bot: Lucian / sup: Nami,2026-01-29,Weibo Gaming,top: Rumble / jng: Poppy / mid: Cassiopeia / bot: Caitlyn / sup: Elise,1,-1.0,919.0,-439.0,9.0,26.06090558467531,True,Grew by >500g
LOLTMNT01_331550,complete,LCP,Split 1,0,2026-01-30 06:18:03,1,16.02,100,Blue,Team Secret Whales,oe:team:740de582f50775c516c77ed7b923fd5,1433,1,3380.0,2770.0,56.0,8.0,2.0,11960.0,9449.0,106.0,15.0,2.0,,,,,,top: Volibear / jng: Xin Zhao / mid: Ryze / bot: Yunara / sup: Bard,2026-01-30,DetonatioN FocusMe,top: Renekton / jng: Jarvan IV / mid: Azir / bot: Corki / sup: Nautilus,1,13.0,8580.0,6679.0,50.0,73.61966521562726,True,Won before 25
LOLTMNT01_331565,complete,LCP,Split 1,0,2026-01-30 07:01:47,2,16.02,100,Blue,Team Secret Whales,oe:team:740de582f50775c516c77ed7b923fd5,1985,1,2531.0,1513.0,41.0,8.0,4.0,5422.0,2714.0,44.0,15.0,6.0,5145.0,2078.0,30.0,18.0,8.0,top: Zaahen / jng: Vi / mid: Ahri / bot: Kai'Sa / sup: Neeko,2026-01-30,DetonatioN FocusMe,top: Sion / jng: Qiyana / mid: Aurora / bot: Miss Fortune / sup: Rell,1,9.0,2891.0,1201.0,3.0,73.61966521562726,True,Within 500g
LOLTMNT01_331607,complete,LCK,Cup,0,2026-01-30 08:05:48,1,16.02,200,Red,Nongshim RedForce,oe:team:5cd2cd09ec94296f605dd13a2924d6c,1641,1,2230.0,548.0,-7.0,4.0,2.0,3246.0,3124.0,17.0,9.0,5.0,9648.0,12806.0,32.0,17.0,6.0,top: Aatrox / jng: Pantheon / mid: Ryze / bot: Yunara / sup: Neeko,2026-01-30,KT Rolster,top: Ambessa / jng: Vi / mid: Taliyah / bot: Corki / sup: Nautilus,0,4.0,1016.0,2576.0,24.0,-0.21624500273446756,True,Grew by >500g
LOLTMNT01_331609,complete,LCP,Split 1,0,2026-01-30 08:11:03,1,16.02,100,Blue,Ground Zero Gaming,oe:team:788115a84f68bc65fa6d3a4e0f67a3e,1863,1,767.0,685.0,14.0,4.0,3.0,1410.0,-939.0,10.0,8.0,8.0,967.0,-1972.0,-5.0,8.0,9.0,top: Rumble / jng: Jayce / mid: Galio / bot: Varus / sup: Rell,2026-01-30,GAM Esports,top: Ambessa / jng: Wukong / mid: Orianna / bot: Jhin / sup: Bard,1,0.0,643.0,-1624.0,-4.0,-38.06955885239745,True,Within 500g
LOLTMNT01_332667,complete,LCK,Cup,0,2026-01-30 08:56:59,2,16.02,100,Blue,Nongshim RedForce,oe:team:5cd2cd09ec94296f605dd13a2924d6c,2269,1,1322.0,373.0,11.0,2.0,0.0,1214.0,404.0,5.0,4.0,1.0,456.0,476.0,28.0,6.0,5.0,top: Gnar / jng: Xin Zhao / mid: Orianna / bot: Kalista / sup: Renata Glasc,2026-01-30,KT Rolster,top: Renekton / jng: Wukong / mid: Azir / bot: Ezreal / sup: Karma,1,3.0,-108.0,31.0,-6.0,-0.21624500273446756,True,Shrank by >500g
LOLTMNT01_331623,complete,LCP,Split 1,0,2026-01-30 09:01:57,2,16.02,100,Blue,Ground Zero Gaming,oe:team:788115a84f68bc65fa6d3a4e0f67a3e,2091,0,1829.0,2526.0,65.0,5.0,7.0,1331.0,547.0,58.0,6.0,9.0,-127.0,-3501.0,43.0,9.0,15.0,top: Gnar / jng: Dr. Mundo / mid: Akali / bot: Ashe / sup: Seraphine,2026-01-30,GAM Esports,top: Jax / jng: Vi / mid: Ryze / bot: Corki / sup: Nami,1,-3.0,-498.0,-1979.0,-7.0,-38.06955885239745,True,Lead lost by 25
13098-13098_game_1,complete,LPL,Split 1,0,2026-01-30 09:11:00,1,16.02,200,Red,Oh My God,oe:team:f4c4528c6981e104a11ea7548630c23,1875,1,-178.0,1099.0,-3.0,2.0,1.0,3241.0,4385.0,20.0,4.0,1.0,2382.0,1318.0,20.0,5.0,3.0,top: Rumble / jng: Xin Zhao / mid: Ryze / bot: Corki / sup: Bard,2026-01-30,Ultra Prime,top: K'Sante / jng: Trundle / mid: Aurora / bot: Yunara / sup: Nautilus,0,3.0,3419.0,3286.0,23.0,-14.446234186815445,True,Shrank by >500g
LOLTMNT01_331638,complete,LCP,Split 1,0,2026-01-30 09:56:32,3,16.02,200,Red,GAM Esports,oe:team:9cae7677cd0dbcc1cd86653870b73c2,1994,1,4304.0,2753.0,55.0,4.0,0.0,4165.0,4428.0,97.0,6.0,2.0,3374.0,-439.0,91.0,8.0,5.0,top: Gwen / jng: Nocturne / mid: Taliyah / bot: Yunara / sup: Lulu,2026-01-30,Ground Zero Gaming,top: K'Sante / jng: Xin Zhao / mid: Azir / bot: Ezreal / sup: Rakan,0,4.0,-139.0,1675.0,42.0,38.06955885239745,True,Shrank by >500g
LOLTMNT01_331640,complete,LCK,Cup,0,2026-01-30 09:57:18,3,16.02,200,Red,KT Rolster,oe:team:d723992568441c6bafa2658129eade7,1541,1,2772.0,2923.0,48.0,8.0,4.0,3989.0,3632.0,54.0,10.0,7.0,7757.0,11391.0,92.0,16.0,8.0,top: Zaahen / jng: Dr. Mundo / mid: Ahri / bot: Aphelios / sup: Blitzcrank,2026-01-30,Nongshim RedForce,top: K'Sante / jng: Malphite / mid: Yone / bot: Jinx / sup: Lulu,0,3.0,1217.0,709.0,6.0,0.21624500273446756,True,Grew by >500g
13098-13098_game_2,complete,LPL,Split 1,0,2026-01-30 10:06:14,2,16.02,200,Red,Oh My God,oe:team:f4c4528c6981e104a11ea7548630c23,1813,1,2398.0,1599.0,-30.0,5.0,0.0,1595.0,1202.0,-11.0,5.0,1.0,4233.0,6288.0,-10.0,10.0,2.0,top: Ambessa / jng: Vi / mid: Sylas / bot: Ashe / sup: Seraphine,2026-01-30,Ultra Prime,top: Gnar / jng: Jarvan IV / mid: Taliyah / bot: Lucian / sup: Nami,0,4.0,-803.0,-397.0,19.0,-14.446234186815445,True,Grew by >500g
LOLTMNT01_331650,complete,LCK,Cup,0,2026-01-30 10:47:33,4,16.02,100,Blue,KT Rolster,oe:team:d723992568441c6bafa2658129eade7,2313,1,3010.0,2522.0,8.0,6.0,2.0,2528.0,3321.0,22.0,8.0,3.0,4412.0,3042.0,51.0,9.0,3.0,top: Rek'Sai / jng: Jax / mid: Akali / bot: Lucian / sup: Braum,2026-01-30,Nongshim RedForce,top: Gragas / jng: Jarvan IV / mid: Galio / bot: Caitlyn / sup: Tahm Kench,1,5.0,-482.0,799.0,14.0,0.21624500273446756,True,Grew by >500g
13099-13099_game_1,complete,LPL,Split 1,0,2026-01-30 11:11:36,1,16.02,200,Red,Bilibili Gaming,oe:team:d356a144644879dabb5f34cd99c886d,2014,1,166.0,258.0,10.0,4.0,4.0,1068.0,341.0,-17.0,6.0,4.0,6189.0,8617.0,-17.0,14.0,5.0,top: Rumble / jng: Xin Zhao / mid: Orianna / bot: Kalista / sup: Renata Glasc,2026-01-30,Top Esports,top: Sion / jng: Jarvan IV / mid: Azir / bot: Lucian / sup: Nami,0,2.0,902.0,83.0,-27.0,50.726550404939644,True,Grew by >500g
LOLTMNT01_332727,complete,LCK,Cup,0,2026-01-30 11:49:42,5,16.02,200,Red,Nongshim RedForce,oe:team:5cd2cd09ec94296f605dd13a2924d6c,1571,1,438.0,-260.0,25.0,2.0,3.0,2380.0,471.0,42.0,3.0,3.0,7169.0,7432.0,51.0,11.0,5.0,top: Olaf / jng: Trundle / mid: Aurora / bot: Kai'Sa / sup: Shen,2026-01-30,KT Rolster,top: Sion / jng: Nocturne / mid: Syndra / bot: Miss Fortune / sup: Rakan,0,0.0,1942.0,731.0,17.0,-0.21624500273446756,True,Grew by >500g
13099-13099_game_3,complete,LPL,Split 1,0,2026-01-30 12:59:44,3,16.02,100,Blue,Bilibili Gaming,oe:team:d356a144644879dabb5f34cd99c886d,1976,0,350.0,1347.0,25.0,3.0,3.0,931.0,176.0,13.0,4.0,3.0,-386.0,-182.0,-18.0,9.0,9.0,top: K'Sante / jng: Nocturne / mid: Viktor / bot: Varus / sup: Rakan,2026-01-30,Top Esports,top: Aatrox / jng: Wukong / mid: Akali / bot: Sivir / sup: Pantheon,1,1.0,581.0,-1171.0,-12.0,50.726550404939644,True,Lead lost by 25
LOLTMNT01_333338,complete,LCP,Split 1,0,2026-01-31 06:19:16,1,16.02,100,Blue,CTBC Flying Oyster,oe:team:0916b3c324c8577b0c6344f3e067f62,2000,1,2476.0,-952.0,27.0,4.0,3.0,2137.0,-2542.0,1.0,4.0,3.0,3664.0,3498.0,13.0,9.0,6.0,top: Rumble / jng: Pantheon / mid: Taliyah / bot: Caitlyn / sup: Neeko,2026-01-31,Deep Cross Gaming,top: K'Sante / jng: Qiyana / mid: Azir / bot: Yunara / sup: Blitzcrank,1,1.0,-339.0,-1590.0,-26.0,1.3824261627314627,True,Grew by >500g
LOLTMNT01_334271,complete,LCP,Split 1,0,2026-01-31 07:14:11,2,16.02,200,Red,Deep Cross Gaming,oe:team:7e56e9367c023df96cc8257ff4e16c0,1804,1,664.0,808.0,-27.0,12.0,7.0,2934.0,3189.0,14.0,17.0,9.0,5136.0,9853.0,34.0,23.0,11.0,top: Renekton / jng: Lee Sin / mid: Ryze / bot: Corki / sup: Nautilus,2026-01-31,CTBC Flying Oyster,top: Rek'Sai / jng: Wukong / mid: Cassiopeia / bot: Sivir / sup: Bard,0,8.0,2270.0,2381.0,41.0,-1.3824261627314627,True,Grew by >500g
LOLTMNT01_333368,complete,LCP,Split 1,0,2026-01-31 08:06:42,3,16.02,100,Blue,CTBC Flying Oyster,oe:team:0916b3c324c8577b0c6344f3e067f62,2744,0,2230.0,1660.0,40.0,7.0,5.0,3636.0,2836.0,38.0,12.0,7.0,-598.0,-2964.0,22.0,15.0,12.0,top: Sion / jng: Jayce / mid: Mel / bot: Lucian / sup: Nami,2026-01-31,Deep Cross Gaming,top: Aurora / jng: Malphite / mid: Yone / bot: Ezreal / sup: Karma,1,5.0,1406.0,1176.0,-2.0,1.3824261627314627,True,Lead lost by 25
LOLTMNT01_334295,complete,LCK,Cup,0,2026-01-31 08:17:53,1,16.02,200,Red,T1,oe:team:ce499dea30cfce118f4fe85da0227e8,1992,1,1235.0,-1098.0,-27.0,5.0,2.0,2814.0,40.0,10.0,7.0,5.0,2556.0,425.0,22.0,9.0,8.0,top: Ambessa / jng: Jarvan IV / mid: Azir / bot: Jhin / sup: Neeko,2026-01-31,Dplus Kia,top: Rumble / jng: Xin Zhao / mid: Orianna / bot: Ezreal / sup: Karma,0,2.0,1579.0,1138.0,37.0,17.59244547436242,True,Within 500g
LOLTMNT01_334313,complete,LCK,Cup,0,2026-01-31 09:15:38,2,16.02,100,Blue,T1,oe:team:ce499dea30cfce118f4fe85da0227e8,1685,1,-1418.0,-1024.0,-23.0,2.0,3.0,4769.0,3506.0,4.0,9.0,3.0,14352.0,15046.0,33.0,22.0,4.0,top: Sion / jng: Vi / mid: Ryze / bot: Kai'Sa / sup: Nautilus,2026-01-31,Dplus Kia,top: Zaahen / jng: Wukong / mid: Anivia / bot: Corki / sup: Alistar,1,6.0,6187.0,4530.0,27.0,17.59244547436242,True,Grew by >500g
13100-13100_game_1,complete,LPL,Split 1,0,2026-01-31 09:15:46,1,16.02,200,Red,JD Gaming,oe:team:b42d0f31f2727621b963042276817c4,1969,0,197.0,287.0,4.0,1.0,0.0,485.0,269.0,-12.0,4.0,0.0,2461.0,2882.0,32.0,7.0,1.0,top: Sion / jng: Nocturne / mid: Orianna / bot: Miss Fortune / sup: Leona,2026-01-31,Anyone's Legend,top: Rek'Sai / jng: Pantheon / mid: Azir / bot: Varus / sup: Bard,0,4.0,288.0,-18.0,-16.0,-13.893963777852377,True,Grew by >500g
LOLTMNT04_151244,complete,LCP,Split 1,0,2026-01-31 10:06:15,1,16.02,100,Blue,Fukuoka SoftBank HAWKS gaming,oe:team:d8ca3fc1f0827ec76369af7b70d43e3,2392,1,242.0,-1519.0,-23.0,1.0,2.0,175.0,-1475.0,-37.0,2.0,3.0,2566.0,2706.0,-44.0,5.0,3.0,top: Rumble / jng: Jarvan IV / mid: Taliyah / bot: Aphelios / sup: Bard,2026-01-31,MVK Esports,top: K'Sante / jng: Wukong / mid: Azir / bot: Ziggs / sup: Alistar,1,-1.0,-67.0,44.0,-14.0,-50.19487525492809,True,Grew by >500g
LOLTMNT01_333373,complete,LCK,Cup,0,2026-01-31 10:06:58,3,16.02,100,Blue,T1,oe:team:ce499dea30cfce118f4fe85da0227e8,2378,1,933.0,425.0,-11.0,8.0,5.0,3568.0,2424.0,-7.0,13.0,6.0,5208.0,3981.0,36.0,13.0,6.0,top: Kennen / jng: Nocturne / mid: Galio / bot: Varus / sup: Rell,2026-01-31,Dplus Kia,top: Yorick / jng: Pantheon / mid: Ahri / bot: Lucian / sup: Nami,1,7.0,2635.0,1999.0,4.0,17.59244547436242,True,Grew by >500g
13100-13100_game_2,complete,LPL,Split 1,0,2026-01-31 10:12:57,2,16.02,200,Red,JD Gaming,oe:team:b42d0f31f2727621b963042276817c4,2077,1,1293.0,765.0,25.0,5.0,6.0,827.0,-278.0,-5.0,5.0,6.0,2844.0,-2712.0,13.0,12.0,12.0,top: Renekton / jng: Jayce / mid: Ryze / bot: Ziggs / sup: Alistar,2026-01-31,Anyone's Legend,top: Gnar / jng: Malphite / mid: Anivia / bot: Corki / sup: Rakan,0,-1.0,-466.0,-1043.0,-30.0,-13.893963777852377,True,Grew by >500g
LOLTMNT04_151246,complete,LCP,Split 1,0,2026-01-31 11:07:09,2,16.02,200,Red,MVK Esports,oe:team:bc3824b0bbb8139d16109178faa4822,1953,1,3842.0,2911.0,47.0,5.0,0.0,6839.0,4308.0,95.0,5.0,0.0,11235.0,12219.0,149.0,7.0,0.0,top: Gnar / jng: Jayce / mid: Ryze / bot: Sivir / sup: Poppy,2026-01-31,Fukuoka SoftBank HAWKS gaming,top: Renekton / jng: Vi / mid: Anivia / bot: Varus / sup: Neeko,0,5.0,2997.0,1397.0,48.0,50.19487525492809,True,Grew by >500g
13100-13100_game_3,complete,LPL,Split 1,0,2026-01-31 11:12:29,3,16.02,200,Red,Anyone's Legend,oe:team:ed28f87f0cfdba0a2a8f183cebae73a,2311,1,979.0,376.0,-4.0,1.0,0.0,1201.0,805.0,12.0,1.0,0.0,827.0,324.0,8.0,2.0,1.0,top: Ambessa / jng: Naafiri / mid: Galio / bot: Sivir / sup: Neeko,2026-01-31,JD Gaming,top: Jax / jng: Xin Zhao / mid: Swain / bot: Kai'Sa / sup: Lulu,0,1.0,222.0,429.0,16.0,13.893963777852377,True,Within 500g
LOLTMNT04_152253,complete,LCP,Split 1,0,2026-01-31 12:08:17,3,16.02,200,Red,MVK Esports,oe:team:bc3824b0bbb8139d16109178faa4822,2101,0,-613.0,-376.0,49.0,2.0,5.0,897.0,3526.0,77.0,4.0,5.0,-3799.0,-4547.0,44.0,5.0,10.0,top: Gwen / jng: Aatrox / mid: Mel / bot: Yunara / sup: Rakan,2026-01-31,Fukuoka SoftBank HAWKS gaming,top: Ambessa / jng: Lee Sin / mid: Ahri / bot: Kai'Sa / sup: Rell,0,-1.0,1510.0,3902.0,28.0,50.19487525492809,True,Lead lost by 25
13101-13101_game_1,complete,LPL,Split 1,0,2026-01-31 12:28:44,1,16.02,200,Red,Bilibili Gaming,oe:team:d356a144644879dabb5f34cd99c886d,1593,1,2534.0,1140.0,40.0,4.0,2.0,3185.0,2416.0,79.0,5.0,3.0,10189.0,13111.0,134.0,16.0,7.0,top: Rumble / jng: Xin Zhao / mid: Ryze / bot: Sivir / sup: Lulu,2026-01-31,Invictus Gaming,top: Ambessa / jng: Pantheon / mid: Galio / bot: Kai'Sa / sup: Neeko,0,2.0,651.0,1276.0,39.0,54.69285028013087,True,Grew by >500g
13101-13101_game_2,complete,LPL,Split 1,0,2026-01-31 13:36:01,2,16.02,100,Blue,Bilibili Gaming,oe:team:d356a144644879dabb5f34cd99c886d,1934,1,1474.0,884.0,-1.0,6.0,3.0,1265.0,1931.0,15.0,10.0,8.0,5312.0,7462.0,74.0,14.0,10.0,top: Zaahen / jng: Vi / mid: Azir / bot: Yunara / sup: Bard,2026-01-31,Invictus Gaming,top: Sion / jng: Poppy / mid: Viktor / bot: Aphelios / sup: Thresh,1,2.0,-209.0,1047.0,16.0,54.69285028013087,True,Grew by >500g
LOLTMNT04_152292,complete,LEC,Versus,0,2026-01-31 15:51:21,1,16.02,200,Red,SK Gaming,oe:team:75760dca486d4682426196b76bd1a54,2365,1,302.0,-963.0,-34.0,2.0,1.0,2878.0,3351.0,-18.0,5.0,2.0,4677.0,4501.0,14.0,7.0,3.0,top: Rumble / jng: Pantheon / mid: Azir / bot: Xayah / sup: Rakan,2026-01-31,Team Heretics,top: K'Sante / jng: Aatrox / mid: Orianna / bot: Jhin / sup: Karma,0,3.0,2576.0,4314.0,16.0,1.0826307444110626,True,Grew by >500g
LOLTMNT01_333622,complete,CBLOL,Cup,0,2026-01-31 16:09:50,1,16.02,200,Red,RED Canids,oe:team:67169969ecc058b307edfa9c6b7a3c0,1876,1,1901.0,1405.0,18.0,7.0,4.0,5907.0,5702.0,9.0,15.0,4.0,7564.0,6997.0,18.0,17.0,4.0,top: Sion / jng: Pantheon / mid: Ahri / bot: Varus / sup: Bard,2026-01-31,Vivo Keyd Stars,top: Rumble / jng: Nocturne / mid: Yone / bot: Sivir / sup: Leona,0,11.0,4006.0,4297.0,-9.0,18.564247771724695,True,Grew by >500g
LOLTMNT04_152324,complete,LEC,Versus,0,2026-01-31 16:52:38,1,16.02,100,Blue,GiantX,oe:team:6cd05f0ac20bfb965a59dc8bcc4f184,2044,1,1677.0,1339.0,8.0,5.0,3.0,1320.0,2314.0,1.0,11.0,7.0,578.0,1092.0,14.0,11.0,8.0,top: Sion / jng: Xin Zhao / mid: Orianna / bot: Ezreal / sup: Bard,2026-01-31,Natus Vincere,top: Rumble / jng: Wukong / mid: Ryze / bot: Corki / sup: Pyke,1,4.0,-357.0,975.0,-7.0,-0.4308570377882006,True,Shrank by >500g
LOLTMNT01_334569,complete,CBLOL,Cup,0,2026-01-31 17:02:39,1,16.02,100,Blue,FURIA,oe:team:87e3e1e75839f75a10bbc66e894d806,2173,1,2113.0,690.0,31.0,1.0,0.0,4263.0,1393.0,19.0,3.0,1.0,7277.0,5929.0,64.0,8.0,2.0,top: Rumble / jng: Pantheon / mid: Akali / bot: Yunara / sup: Rell,2026-01-31,Fluxo W7M,top: Aurora / jng: Jarvan IV / mid: Azir / bot: Corki / sup: Nautilus,1,2.0,2150.0,703.0,-12.0,39.06702277724412,True,Grew by >500g
LOLTMNT04_151290,complete,LEC,Versus,0,2026-01-31 17:45:57,1,16.02,200,Red,Shifters,oe:team:a2065488a11a2c0a2403a7b347eec61,1999,1,1887.0,1309.0,32.0,4.0,4.0,3778.0,3274.0,47.0,7.0,6.0,3867.0,2772.0,43.0,8.0,7.0,top: Rek'Sai / jng: Skarner / mid: Azir / bot: Jhin / sup: Rell,2026-01-31,Fnatic,top: K'Sante / jng: Pantheon / mid: Taliyah / bot: Varus / sup: Rakan,0,1.0,1891.0,1965.0,15.0,-40.95930941826373,True,Within 500g
LOLTMNT01_333675,complete,CBLOL,Cup,0,2026-01-31 17:59:58,1,16.02,200,Red,paiN Gaming,oe:team:61450737f7b683db4da7b3e0bf0dced,1879,1,785.0,270.0,-20.0,7.0,3.0,3057.0,1110.0,-17.0,9.0,3.0,-291.0,-2599.0,6.0,9.0,6.0,top: Renekton / jng: Dr. Mundo / mid: Ryze / bot: Sivir / sup: Bard,2026-01-31,LØS,top: Vayne / jng: Malphite / mid: Azir / bot: Corki / sup: Leona,0,6.0,2272.0,840.0,3.0,-94.39234465975437,True,Lead lost by 25
LOLTMNT04_151303,complete,LEC,Versus,0,2026-01-31 18:41:14,1,16.02,200,Red,Karmine Corp Blue,oe:team:42bf6c1040db8f2221ff017fa4d34e4,2039,0,1182.0,494.0,23.0,6.0,5.0,1628.0,1441.0,44.0,7.0,6.0,2096.0,2764.0,29.0,10.0,6.0,top: K'Sante / jng: Pantheon / mid: Taliyah / bot: Corki / sup: Nautilus,2026-01-31,G2 Esports,top: Sion / jng: Xin Zhao / mid: Azir / bot: Aphelios / sup: Alistar,0,1.0,446.0,947.0,21.0,-40.48164542551831,True,Within 500g
LOLTMNT01_334665,complete,CBLOL,Cup,0,2026-01-31 18:50:43,1,16.02,200,Red,Leviatan,oe:team:53ef3d5a3ac5d88bc000eff7d87aeb3,2137,1,1684.0,1916.0,23.0,5.0,1.0,2512.0,1454.0,26.0,5.0,1.0,-1569.0,-2251.0,-22.0,8.0,6.0,top: Sion / jng: Jarvan IV / mid: Cassiopeia / bot: Varus / sup: Neeko,2026-01-31,LOUD,top: Renekton / jng: Aatrox / mid: Ryze / bot: Sivir / sup: Bard,0,4.0,828.0,-462.0,3.0,-39.44116501166263,True,Lead lost by 25
LOLTMNT04_152357,complete,LEC,Versus,0,2026-01-31 19:37:04,1,16.02,100,Blue,Team Vitality,oe:team:e8d8ae992fe72acb7adc7bfcee31dbb,1978,1,1936.0,583.0,14.0,3.0,2.0,4426.0,4549.0,33.0,6.0,3.0,5963.0,4766.0,39.0,8.0,3.0,top: K'Sante / jng: Jayce / mid: Ryze / bot: Ezreal / sup: Karma,2026-01-31,Karmine Corp,top: Rumble / jng: Pantheon / mid: Cassiopeia / bot: Sivir / sup: Alistar,1,3.0,2490.0,3966.0,19.0,-38.85229017237225,True,Grew by >500g
LOLTMNT04_152368,complete,LEC,Versus,0,2026-01-31 20:32:16,1,16.02,200,Red,Movistar KOI,oe:team:4acc40654379b4da680be1bd3129dfa,2397,0,1362.0,1254.0,29.0,3.0,2.0,845.0,1110.0,11.0,6.0,5.0,1931.0,3313.0,47.0,6.0,5.0,top: K'Sante / jng: Jarvan IV / mid: Azir / bot: Ezreal / sup: Karma,2026-01-31,Los Ratones,top: Poppy / jng: Dr. Mundo / mid: Orianna / bot: Caitlyn / sup: Nami,0,1.0,-517.0,-144.0,-18.0,34.408640092855876,True,Grew by >500g
LOLTMNT01_334729,complete,LCS,Lock-In,0,2026-01-31 21:07:01,1,16.02,200,Red,Cloud9,oe:team:fc8e90107dabb9a35c490b0d86adea0,2720,1,1279.0,1305.0,40.0,4.0,4.0,845.0,-295.0,31.0,4.0,5.0,-817.0,-1957.0,22.0,4.0,7.0,top: Aurora / jng: Jarvan IV / mid: Azir / bot: Corki / sup: Nami,2026-01-31,LYON,top: Renekton / jng: Nocturne / mid: Orianna / bot: Ezreal / sup: Karma,0,-1.0,-434.0,-1600.0,-9.0,0.5750112778453058,True,Lead lost by 25
LOLTMNT01_333860,complete,LCS,Lock-In,0,2026-01-31 22:10:44,2,16.02,100,Blue,Cloud9,oe:team:fc8e90107dabb9a35c490b0d86adea0,2240,1,945.0,1219.0,15.0,4.0,1.0,4029.0,4916.0,66.0,7.0,2.0,4208.0,6363.0,53.0,8.0,3.0,top: K'Sante / jng: Pantheon / mid: Taliyah / bot: Lucian / sup: Braum,2026-01-31,LYON,top: Rumble / jng: Vi / mid: Ahri / bot: Aphelios / sup: Renata Glasc,1,5.0,3084.0,3697.0,51.0,0.5750112778453058,True,Within 500g
LOLTMNT01_334794,complete,LCS,Lock-In,0,2026-01-31 23:09:01,1,16.02,200,Red,Sentinels,oe:team:f90422f1cbcb24bc2a855202582ec29,1776,1,-779.0,-826.0,37.0,1.0,3.0,3428.0,2780.0,19.0,8.0,3.0,6221.0,7410.0,73.0,11.0,5.0,top: Renekton / jng: Nocturne / mid: Orianna / bot: Kai'Sa / sup: Rakan,2026-01-31,Dignitas,top: Gwen / jng: Wukong / mid: Azir / bot: Yunara / sup: Alistar,0,5.0,4207.0,3606.0,-18.0,8.274966166463855,True,Grew by >500g
LOLTMNT01_334841,complete,LCS,Lock-In,0,2026-02-01 00:06:03,2,16.02,100,Blue,Sentinels,oe:team:f90422f1cbcb24bc2a855202582ec29,1693,1,433.0,449.0,6.0,3.0,3.0,4786.0,4233.0,27.0,8.0,3.0,10672.0,12463.0,52.0,15.0,3.0,top: Sion / jng: Pantheon / mid: Taliyah / bot: Ezreal / sup: Poppy,2026-02-01,Dignitas,top: K'Sante / jng: Vi / mid: Ryze / bot: Varus / sup: Rell,1,5.0,4353.0,3784.0,21.0,27.798710873437813,True,Grew by >500g
LOLTMNT01_334969,complete,LCP,Split 1,0,2026-02-01 06:18:14,1,16.02,100,Blue,Team Secret Whales,oe:team:740de582f50775c516c77ed7b923fd5,1571,1,6316.0,4748.0,43.0,11.0,2.0,8690.0,4835.0,40.0,14.0,4.0,14470.0,14077.0,70.0,19.0,4.0,top: Volibear / jng: Jarvan IV / mid: Ryze / bot: Yunara / sup: Alistar,2026-02-01,GAM Esports,top: Ambessa / jng: Wukong / mid: Orianna / bot: Corki / sup: Rakan,1,10.0,2374.0,87.0,-3.0,-1.5647695319514696,True,Grew by >500g
LOLTMNT01_334977,complete,LCP,Split 1,0,2026-02-01 07:04:30,2,16.02,200,Red,GAM Esports,oe:team:9cae7677cd0dbcc1cd86653870b73c2,2035,0,2378.0,2839.0,59.0,7.0,4.0,2583.0,4083.0,93.0,7.0,4.0,1226.0,-189.0,79.0,12.0,10.0,top: Gnar / jng: Vi / mid: Aurora / bot: Miss Fortune / sup: Neeko,2026-02-01,Team Secret Whales,top: Renekton / jng: Jayce / mid: Galio / bot: Kai'Sa / sup: Rell,0,3.0,205.0,1244.0,34.0,1.5647695319514696,True,Shrank by >500g
LOLTMNT01_336016,complete,LCK,Cup,0,2026-02-01 08:08:08,1,16.02,100,Blue,Gen.G,oe:team:50f58982d91a36557ec8aec52ab014f,2164,1,-1029.0,-390.0,-15.0,0.0,3.0,3197.0,2853.0,21.0,6.0,5.0,3717.0,6160.0,38.0,7.0,6.0,top: Aurora / jng: Vi / mid: Yone / bot: Yunara / sup: Neeko,2026-02-01,Hanwha Life Esports,top: K'Sante / jng: Xin Zhao / mid: Azir / bot: Corki / sup: Rakan,1,1.0,4226.0,3243.0,36.0,87.95300506010312,True,Grew by >500g
LOLTMNT01_335056,complete,LCP,Split 1,0,2026-02-01 08:14:13,1,16.02,100,Blue,Ground Zero Gaming,oe:team:788115a84f68bc65fa6d3a4e0f67a3e,3004,0,1293.0,1549.0,41.0,4.0,5.0,4170.0,3863.0,57.0,7.0,6.0,7493.0,8135.0,90.0,11.0,8.0,top: Sion / jng: Jayce / mid: Azir / bot: Varus / sup: Leona,2026-02-01,DetonatioN FocusMe,top: Rumble / jng: Nocturne / mid: Orianna / bot: Miss Fortune / sup: Rakan,1,1.0,2877.0,2314.0,16.0,55.311907614682696,True,Grew by >500g
LOLTMNT01_336021,complete,LCK,Cup,0,2026-02-01 09:10:50,2,16.02,100,Blue,Gen.G,oe:team:50f58982d91a36557ec8aec52ab014f,2102,1,-769.0,-1075.0,-41.0,7.0,7.0,1253.0,635.0,-42.0,13.0,9.0,-581.0,-1533.0,-14.0,13.0,14.0,top: Gnar / jng: Aatrox / mid: Galio / bot: Jhin / sup: Bard,2026-02-01,Hanwha Life Esports,top: Renekton / jng: Jarvan IV / mid: Orianna / bot: Miss Fortune / sup: Rell,1,4.0,2022.0,1710.0,-1.0,87.95300506010312,True,Lead lost by 25
13102-13102_game_1,complete,LPL,Split 1,0,2026-02-01 09:11:51,1,16.02,200,Red,LGD Gaming,oe:team:5f401785b6b78326f9a46b3c6b206ed,1887,0,1403.0,-735.0,-58.0,6.0,1.0,1244.0,-977.0,-36.0,6.0,2.0,-3214.0,-7183.0,-86.0,8.0,9.0,top: Jax / jng: Xin Zhao / mid: Ryze / bot: Corki / sup: Nami,2026-02-01,LNG Esports,top: Gnar / jng: Jarvan IV / mid: Azir / bot: Kalista / sup: Renata Glasc,0,4.0,-159.0,-242.0,22.0,-59.576488914044376,True,Lead lost by 25
LOLTMNT01_335065,complete,LCP,Split 1,0,2026-02-01 09:24:23,2,16.02,100,Blue,Ground Zero Gaming,oe:team:788115a84f68bc65fa6d3a4e0f67a3e,1468,1,4704.0,3554.0,79.0,4.0,1.0,5818.0,2930.0,74.0,4.0,1.0,16272.0,14493.0,129.0,14.0,1.0,top: Jax / jng: Aatrox / mid: Akali / bot: Ashe / sup: Seraphine,2026-02-01,DetonatioN FocusMe,top: K'Sante / jng: Dr. Mundo / mid: Viktor / bot: Corki / sup: Nami,1,3.0,1114.0,-624.0,-5.0,55.311907614682696,True,Won before 25
13102-13102_game_2,complete,LPL,Split 1,0,2026-02-01 10:05:46,2,16.02,200,Red,LGD Gaming,oe:team:5f401785b6b78326f9a46b3c6b206ed,2191,1,515.0,-1611.0,-43.0,1.0,0.0,4382.0,3283.0,-7.0,8.0,2.0,6685.0,5850.0,-6.0,11.0,4.0,top: Rumble / jng: Nocturne / mid: Yone / bot: Sivir / sup: Alistar,2026-02-01,LNG Esports,top: K'Sante / jng: Pantheon / mid: Galio / bot: Varus / sup: Rakan,0,6.0,3867.0,4894.0,36.0,-59.576488914044376,True,Grew by >500g
LOLTMNT01_335069,complete,LCK,Cup,0,2026-02-01 10:09:06,3,16.02,100,Blue,Gen.G,oe:team:50f58982d91a36557ec8aec52ab014f,1947,1,523.0,1579.0,-6.0,5.0,4.0,664.0,1662.0,7.0,7.0,6.0,1443.0,2526.0,7.0,9.0,6.0,top: Ornn / jng: Pantheon / mid: Cassiopeia / bot: Aphelios / sup: Thresh,2026-02-01,Hanwha Life Esports,top: Rumble / jng: Trundle / mid: Ryze / bot: Sivir / sup: Alistar,1,1.0,141.0,83.0,13.0,87.95300506010312,True,Grew by >500g
LOLTMNT01_336035,complete,LCP,Split 1,0,2026-02-01 10:09:11,3,16.02,100,Blue,Ground Zero Gaming,oe:team:788115a84f68bc65fa6d3a4e0f67a3e,1584,1,3272.0,1495.0,52.0,6.0,3.0,7085.0,4027.0,80.0,9.0,3.0,12615.0,8273.0,80.0,16.0,5.0,top: Gnar / jng: Xin Zhao / mid: Ahri / bot: Kai'Sa / sup: Neeko,2026-02-01,DetonatioN FocusMe,top: Renekton / jng: Pantheon / mid: Aurora / bot: Smolder / sup: Rell,1,6.0,3813.0,2532.0,28.0,55.311907614682696,True,Grew by >500g
13103-13103_game_1,complete,LPL,Split 1,0,2026-02-01 12:29:13,1,16.02,200,Red,Anyone's Legend,oe:team:ed28f87f0cfdba0a2a8f183cebae73a,1779,1,2389.0,1248.0,2.0,10.0,7.0,4202.0,2957.0,28.0,14.0,9.0,8381.0,9416.0,24.0,24.0,12.0,top: Rumble / jng: Poppy / mid: Orianna / bot: Corki / sup: Alistar,2026-02-01,Top Esports,top: Sion / jng: Xin Zhao / mid: Azir / bot: Ashe / sup: Braum,0,5.0,1813.0,1709.0,26.0,50.633698522840405,True,Grew by >500g
13103-13103_game_2,complete,LPL,Split 1,0,2026-02-01 13:21:04,2,16.02,100,Blue,Anyone's Legend,oe:team:ed28f87f0cfdba0a2a8f183cebae73a,1509,1,3497.0,2540.0,21.0,7.0,1.0,6733.0,3388.0,17.0,12.0,2.0,14130.0,10645.0,67.0,19.0,2.0,top: Renekton / jng: Pantheon / mid: Galio / bot: Yunara / sup: Lulu,2026-02-01,Top Esports,top: Aatrox / jng: Vi / mid: Ryze / bot: Aphelios / sup: Thresh,1,10.0,3236.0,848.0,-4.0,50.633698522840405,True,Grew by >500g
LOLTMNT04_151377,complete,LEC,Versus,0,2026-02-01 15:53:22,1,16.02,200,Red,Natus Vincere,oe:team:d2ba9f92d85cff67d60aaad88e61048,2466,1,1971.0,-218.0,39.0,0.0,2.0,2109.0,92.0,64.0,1.0,4.0,3105.0,915.0,99.0,1.0,4.0,top: Gnar / jng: Jayce / mid: Azir / bot: Sivir / sup: Braum,2026-02-01,Shifters,top: K'Sante / jng: Malphite / mid: Cassiopeia / bot: Kai'Sa / sup: Nautilus,0,-3.0,138.0,310.0,25.0,17.0789119240726,True,Grew by >500g
LOLTMNT01_336167,complete,CBLOL,Cup,0,2026-02-01 16:08:41,1,16.02,100,Blue,LØS,oe:team:ea65e6cc48a9be50fc5334369a5fca5,2014,1,1013.0,2418.0,24.0,3.0,4.0,219.0,2366.0,10.0,5.0,6.0,-908.0,-610.0,-11.0,5.0,8.0,top: Renekton / jng: Wukong / mid: Orianna / bot: Ezreal / sup: Bard,2026-02-01,RED Canids,top: Gnar / jng: Jarvan IV / mid: Sylas / bot: Yunara / sup: Rakan,1,-1.0,-794.0,-52.0,-14.0,-1.5350355026057514,True,Lead lost by 25
LOLTMNT04_151408,complete,LEC,Versus,0,2026-02-01 16:53:55,1,16.02,100,Blue,Team Heretics,oe:team:1285e1c04d54de96502f12da4d49458,2566,1,507.0,-1067.0,28.0,1.0,4.0,2238.0,-1033.0,4.0,5.0,5.0,2575.0,-956.0,5.0,7.0,7.0,top: Kennen / jng: Ambessa / mid: Taliyah / bot: Yunara / sup: Rakan,2026-02-01,Karmine Corp Blue,top: Renekton / jng: Vi / mid: Azir / bot: Kai'Sa / sup: Alistar,1,0.0,1731.0,34.0,-24.0,17.773201865096553,True,Within 500g
LOLTMNT01_336190,complete,CBLOL,Cup,0,2026-02-01 17:04:08,1,16.02,200,Red,FURIA,oe:team:87e3e1e75839f75a10bbc66e894d806,1991,1,2502.0,1365.0,7.0,4.0,0.0,5184.0,1034.0,23.0,7.0,2.0,4981.0,-3263.0,-1.0,12.0,3.0,top: K'Sante / jng: Jarvan IV / mid: Syndra / bot: Yunara / sup: Lulu,2026-02-01,Vivo Keyd Stars,top: Rumble / jng: Xin Zhao / mid: Ryze / bot: Corki / sup: Bard,0,5.0,2682.0,-331.0,16.0,19.686544388556285,True,Within 500g
LOLTMNT04_152447,complete,LEC,Versus,0,2026-02-01 17:56:18,1,16.02,100,Blue,GiantX,oe:team:6cd05f0ac20bfb965a59dc8bcc4f184,2198,0,750.0,600.0,18.0,3.0,3.0,2123.0,783.0,27.0,5.0,4.0,-3592.0,-5516.0,35.0,7.0,12.0,top: Rumble / jng: Jarvan IV / mid: Orianna / bot: Xayah / sup: Rakan,2026-02-01,Team Vitality,top: Sion / jng: Vi / mid: Aurelion Sol / bot: Ezreal / sup: Bard,1,1.0,1373.0,183.0,9.0,16.73565260504006,True,Lead lost by 25
LOLTMNT01_336222,complete,CBLOL,Cup,0,2026-02-01 17:57:00,1,16.02,200,Red,paiN Gaming,oe:team:61450737f7b683db4da7b3e0bf0dced,1993,1,4739.0,4039.0,48.0,6.0,1.0,10749.0,7869.0,73.0,13.0,2.0,7688.0,5522.0,65.0,17.0,8.0,top: Ambessa / jng: Pantheon / mid: Galio / bot: Lucian / sup: Nami,2026-02-01,Leviatan,top: Rumble / jng: Jarvan IV / mid: Aurora / bot: Kalista / sup: Renata Glasc,0,11.0,6010.0,3830.0,25.0,-18.71369889384937,True,Shrank by >500g
LOLTMNT01_335312,complete,CBLOL,Cup,0,2026-02-01 18:49:33,1,16.02,200,Red,Fluxo W7M,oe:team:45c362a0cfc4b81f597b5ab89250df5,1719,1,2932.0,1089.0,9.0,6.0,1.0,3965.0,2749.0,16.0,11.0,3.0,5992.0,5959.0,54.0,12.0,4.0,top: Renekton / jng: Jarvan IV / mid: Ryze / bot: Jhin / sup: Alistar,2026-02-01,LOUD,top: Gnar / jng: Malphite / mid: Syndra / bot: Corki / sup: Rakan,0,8.0,1033.0,1660.0,7.0,-39.908224004369686,True,Grew by >500g
LOLTMNT04_152461,complete,LEC,Versus,0,2026-02-01 18:52:52,1,16.02,200,Red,Movistar KOI,oe:team:4acc40654379b4da680be1bd3129dfa,2172,1,1283.0,808.0,37.0,2.0,3.0,1971.0,414.0,22.0,6.0,6.0,4366.0,100.0,49.0,12.0,8.0,top: Rumble / jng: Vi / mid: Anivia / bot: Yunara / sup: Lulu,2026-02-01,SK Gaming,top: Sion / jng: Pantheon / mid: Ryze / bot: Caitlyn / sup: Elise,0,0.0,688.0,-394.0,-15.0,15.093689943798609,True,Grew by >500g
LOLTMNT04_151435,complete,LEC,Versus,0,2026-02-01 19:48:43,1,16.02,200,Red,Karmine Corp,oe:team:f3aa9bbd924ce3af42ac53f8326bc7c,1818,1,3559.0,4294.0,64.0,4.0,0.0,5710.0,5038.0,91.0,4.0,0.0,9071.0,8110.0,89.0,8.0,1.0,top: Gnar / jng: Dr. Mundo / mid: Orianna / bot: Jhin / sup: Alistar,2026-02-01,Fnatic,top: K'Sante / jng: Jayce / mid: Ryze / bot: Varus / sup: Braum,0,4.0,2151.0,744.0,27.0,17.949888439015467,True,Grew by >500g
LOLTMNT04_151443,complete,LEC,Versus,0,2026-02-01 20:39:58,1,16.02,200,Red,Los Ratones,oe:team:2d096df29ab7e32950c86e0d72fc986,1892,1,-1018.0,-649.0,-9.0,0.0,2.0,1079.0,762.0,19.0,3.0,4.0,1751.0,-538.0,14.0,4.0,5.0,top: Kled / jng: Dr. Mundo / mid: Anivia / bot: Yunara / sup: Nami,2026-02-01,G2 Esports,top: Rumble / jng: Aatrox / mid: Ryze / bot: Aphelios / sup: Lulu,0,-1.0,2097.0,1411.0,28.0,-16.708991423279485,True,Grew by >500g
LOLTMNT01_335373,complete,LCS,Lock-In,0,2026-02-01 21:12:21,1,16.02,200,Red,FlyQuest,oe:team:2e66da41dc460dd378e3bcc57042d31,1707,1,869.0,1055.0,46.0,1.0,0.0,2928.0,4413.0,77.0,4.0,1.0,6002.0,7192.0,99.0,8.0,1.0,top: K'Sante / jng: Volibear / mid: Orianna / bot: Ezreal / sup: Karma,2026-02-01,Disguised,top: Rumble / jng: Wukong / mid: Azir / bot: Corki / sup: Nami,0,3.0,2059.0,3358.0,31.0,8.849977444309161,True,Grew by >500g
LOLTMNT01_335385,complete,LCS,Lock-In,0,2026-02-01 22:00:41,2,16.02,200,Red,FlyQuest,oe:team:2e66da41dc460dd378e3bcc57042d31,2105,0,-1548.0,-2244.0,-2.0,0.0,2.0,984.0,571.0,12.0,7.0,5.0,1994.0,-349.0,-38.0,13.0,8.0,top: Sion / jng: Qiyana / mid: Taliyah / bot: Jhin / sup: Alistar,2026-02-01,Disguised,top: Rek'Sai / jng: Vi / mid: Ryze / bot: Kai'Sa / sup: Bard,0,2.0,2532.0,2815.0,14.0,8.849977444309161,True,Grew by >500g
LOLTMNT01_335397,complete,LCS,Lock-In,0,2026-02-01 22:55:17,3,16.02,100,Blue,FlyQuest,oe:team:2e66da41dc460dd378e3bcc57042d31,1819,1,850.0,-359.0,24.0,3.0,4.0,1595.0,-352.0,18.0,4.0,6.0,7373.0,5452.0,4.0,14.0,10.0,top: Aurora / jng: Ambessa / mid: Syndra / bot: Senna / sup: Rell,2026-02-01,Disguised,top: Renekton / jng: Diana / mid: Yone / bot: Aphelios / sup: Nautilus,1,-2.0,745.0,7.0,-6.0,8.849977444309161,True,Grew by >500g
LOLTMNT01_336316,complete,LCS,Lock-In,0,2026-02-01 23:44:52,1,16.02,100,Blue,Team Liquid,oe:team:8eb884e168f28402ce685bedebb5250,1718,1,-151.0,-681.0,4.0,1.0,2.0,213.0,-1274.0,-8.0,2.0,3.0,4211.0,1515.0,-5.0,6.0,4.0,top: Ambessa / jng: Jarvan IV / mid: Ryze / bot: Corki / sup: Nami,2026-02-01,Shopify Rebellion,top: Rumble / jng: Vi / mid: Anivia / bot: Lucian / sup: Milio,1,-1.0,364.0,-593.0,-12.0,0.0,True,Grew by >500g
LOLTMNT01_335433,complete,LCS,Lock-In,0,2026-02-02 00:35:19,2,16.02,100,Blue,Team Liquid,oe:team:8eb884e168f28402ce685bedebb5250,1451,1,5951.0,5112.0,47.0,8.0,1.0,7823.0,5936.0,77.0,9.0,2.0,13122.0,14224.0,99.0,17.0,3.0,top: Renekton / jng: Nocturne / mid: Orianna / bot: Yunara / sup: Bard,2026-02-02,Shopify Rebellion,top: Gnar / jng: Wukong / mid: Azir / bot: Xayah / sup: Rakan,1,7.0,1872.0,824.0,30.0,20.0,True,Won before 25
13104-13104_game_1,complete,LPL,Split 1,0,2026-02-02 09:11:19,1,16.02,100,Blue,LGD Gaming,oe:team:5f401785b6b78326f9a46b3c6b206ed,2090,0,1816.0,-598.0,10.0,1.0,0.0,3302.0,1841.0,10.0,4.0,2.0,6960.0,6128.0,52.0,8.0,4.0,top: Gwen / jng: Wukong / mid: Ryze / bot: Draven / sup: Renata Glasc,2026-02-02,Oh My God,top: Ambessa / jng: Xin Zhao / mid: Azir / bot: Yunara / sup: Braum,1,2.0,1486.0,2439.0,0.0,20.28448252459748,True,Grew by >500g
13104-13104_game_2,complete,LPL,Split 1,0,2026-02-02 10:07:12,2,16.02,100,Blue,LGD Gaming,oe:team:5f401785b6b78326f9a46b3c6b206ed,2101,1,43.0,-542.0,-36.0,6.0,5.0,3563.0,1603.0,-14.0,11.0,7.0,2113.0,-993.0,-32.0,13.0,11.0,top: Rek'Sai / jng: Vi / mid: Taliyah / bot: Corki / sup: Nami,2026-02-02,Oh My God,top: Sion / jng: Pantheon / mid: Aurora / bot: Ashe / sup: Seraphine,1,4.0,3520.0,2145.0,22.0,20.28448252459748,True,Shrank by >500g
13104-13104_game_3,complete,LPL,Split 1,0,2026-02-02 11:03:56,3,16.02,200,Red,Oh My God,oe:team:f4c4528c6981e104a11ea7548630c23,1844,1,1565.0,-766.0,-20.0,5.0,2.0,4504.0,1467.0,-9.0,8.0,2.0,4779.0,1273.0,-5.0,8.0,3.0,top: Zaahen / jng: Jarvan IV / mid: Syndra / bot: Jhin / sup: Pyke,2026-02-02,LGD Gaming,top: K'Sante / jng: Poppy / mid: Viktor / bot: Caitlyn / sup: Karma,0,6.0,2939.0,2233.0,11.0,-20.28448252459748,True,Within 500g
13105-13105_game_1,complete,LPL,Split 1,0,2026-02-02 12:10:13,1,16.02,200,Red,Bilibili Gaming,oe:team:d356a144644879dabb5f34cd99c886d,1902,1,2229.0,2550.0,47.0,4.0,2.0,4811.0,4596.0,44.0,9.0,4.0,8630.0,12864.0,92.0,13.0,5.0,top: Rumble / jng: Xin Zhao / mid: Ryze / bot: Ezreal / sup: Bard,2026-02-02,Weibo Gaming,top: Ambessa / jng: Vi / mid: Azir / bot: Varus / sup: Leona,0,5.0,2582.0,2046.0,-3.0,12.535454409247222,True,Grew by >500g
13105-13105_game_2,complete,LPL,Split 1,0,2026-02-02 13:05:37,2,16.02,200,Red,Weibo Gaming,oe:team:606c6ac695907af3823ee6405c58ff1,2151,0,442.0,1151.0,15.0,7.0,7.0,2014.0,2199.0,29.0,8.0,7.0,-532.0,-1412.0,0.0,9.0,10.0,top: Sion / jng: Aatrox / mid: Syndra / bot: Kai'Sa / sup: Neeko,2026-02-02,Bilibili Gaming,top: Zaahen / jng: Pantheon / mid: Galio / bot: Yunara / sup: Alistar,0,1.0,1572.0,1048.0,14.0,-12.535454409247222,True,Lead lost by 25
LOLTMNT04_152497,complete,LEC,Versus,0,2026-02-02 15:51:50,1,16.02,100,Blue,Karmine Corp Blue,oe:team:42bf6c1040db8f2221ff017fa4d34e4,2005,0,523.0,1088.0,6.0,1.0,0.0,558.0,1033.0,9.0,2.0,2.0,-1606.0,-1484.0,-14.0,4.0,5.0,top: K'Sante / jng: Pantheon / mid: Galio / bot: Kai'Sa / sup: Nautilus,2026-02-02,Fnatic,top: Rumble / jng: Poppy / mid: Orianna / bot: Yunara / sup: Alistar,1,0.0,35.0,-55.0,3.0,-56.464737846480375,True,Lead lost by 25
LOLTMNT04_152504,complete,LEC,Versus,0,2026-02-02 16:44:48,1,16.02,100,Blue,SK Gaming,oe:team:75760dca486d4682426196b76bd1a54,2077,0,-16.0,-718.0,3.0,0.0,0.0,4838.0,6161.0,64.0,7.0,2.0,5317.0,5017.0,76.0,7.0,3.0,top: Ryze / jng: Vi / mid: Yone / bot: Yunara / sup: Taric,2026-02-02,GiantX,top: Rumble / jng: Jarvan IV / mid: Azir / bot: Corki / sup: Rakan,1,5.0,4854.0,6879.0,61.0,-34.81116971923666,True,Within 500g
LOLTMNT04_151516,complete,LEC,Versus,0,2026-02-02 17:41:28,1,16.02,200,Red,Natus Vincere,oe:team:d2ba9f92d85cff67d60aaad88e61048,1849,1,1127.0,2413.0,22.0,4.0,2.0,4488.0,5692.0,26.0,7.0,2.0,9046.0,14039.0,44.0,13.0,2.0,top: Rumble / jng: Xin Zhao / mid: Ryze / bot: Jhin / sup: Bard,2026-02-02,Los Ratones,top: K'Sante / jng: Pantheon / mid: Aurelion Sol / bot: Caitlyn / sup: Karma,0,5.0,3361.0,3279.0,4.0,12.501653452006622,True,Grew by >500g
LOLTMNT04_151542,complete,LEC,Versus,0,2026-02-02 18:40:18,1,16.02,100,Blue,G2 Esports,oe:team:7d6673d3a9d00363c6bebc1a630da6e,2438,1,1274.0,1446.0,44.0,5.0,2.0,2281.0,3127.0,47.0,9.0,4.0,1143.0,3212.0,35.0,10.0,6.0,top: K'Sante / jng: Xin Zhao / mid: Azir / bot: Sivir / sup: Alistar,2026-02-02,Team Vitality,top: Rumble / jng: Vi / mid: Yone / bot: Corki / sup: Bard,1,5.0,1007.0,1681.0,3.0,-20.584554138898966,True,Shrank by >500g
LOLTMNT04_152550,complete,LEC,Versus,0,2026-02-02 19:41:46,1,16.02,100,Blue,Team Heretics,oe:team:1285e1c04d54de96502f12da4d49458,2269,1,3790.0,4751.0,52.0,11.0,6.0,5574.0,3648.0,31.0,12.0,6.0,5476.0,2476.0,11.0,12.0,6.0,top: K'Sante / jng: Xin Zhao / mid: Orianna / bot: Yunara / sup: Braum,2026-02-02,Movistar KOI,top: Rumble / jng: Pantheon / mid: Azir / bot: Aphelios / sup: Alistar,1,6.0,1784.0,-1103.0,-21.0,-36.190949545217336,True,Within 500g
LOLTMNT04_152561,complete,LEC,Versus,0,2026-02-02 20:52:06,1,16.02,100,Blue,Karmine Corp,oe:team:f3aa9bbd924ce3af42ac53f8326bc7c,1876,1,3027.0,1624.0,42.0,8.0,4.0,8627.0,7942.0,115.0,14.0,5.0,8715.0,7891.0,108.0,14.0,5.0,top: Rumble / jng: Jayce / mid: Galio / bot: Varus / sup: Alistar,2026-02-02,Shifters,top: K'Sante / jng: Nocturne / mid: Orianna / bot: Sivir / sup: Rakan,1,9.0,5600.0,6318.0,73.0,55.55489795508947,True,Within 500g
LOLTMNT01_336571,complete,CBLOL,Cup,0,2026-02-02 21:10:30,1,16.02,100,Blue,Vivo Keyd Stars,oe:team:b9e44c69c1a70fb35df9be96f9eafea,1877,1,-195.0,-388.0,3.0,1.0,3.0,1134.0,2482.0,47.0,2.0,4.0,1047.0,-391.0,65.0,4.0,8.0,top: Ambessa / jng: Vi / mid: Taliyah / bot: Ezreal / sup: Rell,2026-02-02,paiN Gaming,top: Rumble / jng: Jarvan IV / mid: Ryze / bot: Corki / sup: Nautilus,1,-2.0,1329.0,2870.0,44.0,13.154872332083869,True,Within 500g
LOLTMNT01_335726,complete,CBLOL,Cup,0,2026-02-02 22:02:23,2,16.02,200,Red,paiN Gaming,oe:team:61450737f7b683db4da7b3e0bf0dced,1904,1,1574.0,1206.0,35.0,4.0,3.0,2926.0,2295.0,37.0,7.0,4.0,5429.0,5291.0,36.0,11.0,5.0,top: Sion / jng: Wukong / mid: Azir / bot: Varus / sup: Karma,2026-02-02,Vivo Keyd Stars,top: Zaahen / jng: Pantheon / mid: Orianna / bot: Sivir / sup: Neeko,0,3.0,1352.0,1089.0,2.0,-13.154872332083869,True,Grew by >500g
LOLTMNT01_335727,complete,CBLOL,Cup,0,2026-02-02 22:55:58,3,16.02,100,Blue,Vivo Keyd Stars,oe:team:b9e44c69c1a70fb35df9be96f9eafea,1840,1,317.0,339.0,48.0,1.0,2.0,6556.0,6639.0,102.0,8.0,3.0,8057.0,8863.0,104.0,12.0,5.0,top: Renekton / jng: Aatrox / mid: Ahri / bot: Yunara / sup: Nami,2026-02-02,paiN Gaming,top: Gnar / jng: Xin Zhao / mid: Galio / bot: Zeri / sup: Lulu,1,5.0,6239.0,6300.0,54.0,13.154872332083869,True,Grew by >500g
LOLTMNT01_335735,complete,CBLOL,Cup,0,2026-02-02 23:47:49,1,16.02,100,Blue,Leviatan,oe:team:53ef3d5a3ac5d88bc000eff7d87aeb3,1835,1,1542.0,-575.0,7.0,4.0,1.0,1951.0,-480.0,1.0,6.0,2.0,4686.0,1557.0,0.0,10.0,2.0,top: Sion / jng: Nocturne / mid: Orianna / bot: Ezreal / sup: Leona,2026-02-02,Fluxo W7M,top: Rumble / jng: Jarvan IV / mid: Taliyah / bot: Kai'Sa / sup: Nautilus,1,4.0,409.0,95.0,-6.0,1.0460429874112833,True,Grew by >500g
LOLTMNT01_336588,complete,CBLOL,Cup,0,2026-02-03 00:37:28,2,16.02,100,Blue,Leviatan,oe:team:53ef3d5a3ac5d88bc000eff7d87aeb3,2355,1,4210.0,2186.0,13.0,9.0,3.0,3390.0,3435.0,33.0,10.0,6.0,3119.0,-615.0,18.0,11.0,8.0,top: K'Sante / jng: Vi / mid: Cassiopeia / bot: Lucian / sup: Milio,2026-02-03,Fluxo W7M,top: Gnar / jng: Xin Zhao / mid: Ryze / bot: Corki / sup: Nami,1,4.0,-820.0,1249.0,20.0,20.98582809461709,True,Within 500g
13065-13065_game_1,complete,LPL,Split 1,0,2026-02-03 09:10:59,1,16.02,100,Blue,LNG Esports,oe:team:a9145b7711873f53e610fbba0493484,1617,1,1286.0,1239.0,38.0,3.0,2.0,4577.0,3125.0,96.0,5.0,4.0,9805.0,8262.0,144.0,12.0,6.0,top: Gnar / jng: Jarvan IV / mid: Azir / bot: Yunara / sup: Alistar,2026-02-03,Ultra Prime,top: Renekton / jng: Xin Zhao / mid: Orianna / bot: Aphelios / sup: Thresh,1,1.0,3291.0,1886.0,58.0,116.88813616009384,True,Grew by >500g
13065-13065_game_2,complete,LPL,Split 1,0,2026-02-03 10:00:16,2,16.02,100,Blue,LNG Esports,oe:team:a9145b7711873f53e610fbba0493484,2172,1,3169.0,3589.0,86.0,7.0,4.0,981.0,-1178.0,71.0,7.0,9.0,514.0,-547.0,100.0,9.0,13.0,top: Ambessa / jng: Naafiri / mid: Zoe / bot: Ezreal / sup: Karma,2026-02-03,Ultra Prime,top: K'Sante / jng: Vi / mid: Aurora / bot: Ashe / sup: Seraphine,1,-2.0,-2188.0,-4767.0,-15.0,116.88813616009384,True,Within 500g
13107-13107_game_1,complete,LPL,Split 1,0,2026-02-03 11:16:26,1,16.02,200,Red,Invictus Gaming,oe:team:53a258f289c26d94431c0496a54e151,1779,1,2904.0,1672.0,19.0,6.0,2.0,4917.0,1252.0,12.0,11.0,5.0,9239.0,6539.0,23.0,14.0,5.0,top: Gwen / jng: Xin Zhao / mid: LeBlanc / bot: Yunara / sup: Alistar,2026-02-03,JD Gaming,top: Sion / jng: Pantheon / mid: Azir / bot: Varus / sup: Bard,0,6.0,2013.0,-420.0,-7.0,-68.67998129646116,True,Grew by >500g
13107-13107_game_2,complete,LPL,Split 1,0,2026-02-03 12:08:35,2,16.02,100,Blue,JD Gaming,oe:team:b42d0f31f2727621b963042276817c4,1938,1,1131.0,2176.0,29.0,3.0,1.0,166.0,943.0,39.0,3.0,3.0,2991.0,3525.0,66.0,7.0,4.0,top: Rumble / jng: Vi / mid: Ryze / bot: Sivir / sup: Nautilus,2026-02-03,Invictus Gaming,top: Ambessa / jng: Nocturne / mid: Anivia / bot: Miss Fortune / sup: Rakan,1,0.0,-965.0,-1233.0,10.0,68.67998129646116,True,Grew by >500g
13107-13107_game_3,complete,LPL,Split 1,0,2026-02-03 13:05:01,3,16.02,100,Blue,JD Gaming,oe:team:b42d0f31f2727621b963042276817c4,2278,1,-1143.0,-1429.0,-12.0,0.0,3.0,924.0,634.0,17.0,1.0,4.0,1830.0,1506.0,24.0,2.0,5.0,top: Renekton / jng: Wukong / mid: Twisted Fate / bot: Corki / sup: Neeko,2026-02-03,Invictus Gaming,top: Ornn / jng: Jarvan IV / mid: Zoe / bot: Ezreal / sup: Karma,1,-3.0,2067.0,2063.0,29.0,68.67998129646116,True,Grew by >500g
LOLTMNT01_336870,complete,CBLOL,Cup,0,2026-02-03 21:08:34,1,16.02,200,Red,paiN Gaming,oe:team:61450737f7b683db4da7b3e0bf0dced,2130,1,67.0,1510.0,3.0,4.0,2.0,1628.0,2099.0,9.0,4.0,2.0,2932.0,887.0,13.0,7.0,4.0,top: K'Sante / jng: Nocturne / mid: Orianna / bot: Corki / sup: Bard,2026-02-03,Leviatan,top: Renekton / jng: Wukong / mid: Ryze / bot: Kai'Sa / sup: Neeko,0,2.0,1561.0,589.0,6.0,-16.472044390700148,True,Grew by >500g
LOLTMNT01_335988,complete,CBLOL,Cup,0,2026-02-03 22:04:11,2,16.02,200,Red,Leviatan,oe:team:53ef3d5a3ac5d88bc000eff7d87aeb3,1963,1,1216.0,482.0,19.0,4.0,2.0,1783.0,3184.0,41.0,9.0,4.0,2247.0,2964.0,19.0,13.0,5.0,top: Sion / jng: Pantheon / mid: Sylas / bot: Xayah / sup: Rakan,2026-02-03,paiN Gaming,top: Rek'Sai / jng: Vi / mid: Ahri / bot: Yunara / sup: Lulu,0,5.0,567.0,2702.0,22.0,16.472044390700148,True,Within 500g
LOLTMNT01_336876,complete,CBLOL,Cup,0,2026-02-03 23:01:50,3,16.02,100,Blue,Leviatan,oe:team:53ef3d5a3ac5d88bc000eff7d87aeb3,2171,1,-23.0,-935.0,-12.0,5.0,2.0,1973.0,639.0,-19.0,9.0,3.0,1784.0,2552.0,0.0,14.0,7.0,top: Rumble / jng: Ambessa / mid: Zoe / bot: Aphelios / sup: Milio,2026-02-03,paiN Gaming,top: Yorick / jng: Qiyana / mid: Azir / bot: Lucian / sup: Nami,1,6.0,1996.0,1574.0,-7.0,16.472044390700148,True,Within 500g
LOLTMNT01_335992,complete,CBLOL,Cup,0,2026-02-03 23:57:28,4,16.02,100,Blue,Leviatan,oe:team:53ef3d5a3ac5d88bc000eff7d87aeb3,3098,1,5869.0,4505.0,86.0,9.0,1.0,5391.0,4691.0,69.0,11.0,2.0,2158.0,2768.0,60.0,13.0,6.0,top: Kennen / jng: Aatrox / mid: Syndra / bot: Ezreal / sup: Alistar,2026-02-03,paiN Gaming,top: Jax / jng: Jarvan IV / mid: Aurora / bot: Sivir / sup: Leona,1,9.0,-478.0,186.0,-17.0,16.472044390700148,True,Shrank by >500g
13108-13108_game_1,complete,LPL,Split 1,0,2026-02-04 09:14:00,1,16.02,200,Red,EDward Gaming,oe:team:056c3140a119e44a03d462e2c832f27,1956,1,3476.0,932.0,37.0,2.0,0.0,6625.0,3623.0,75.0,4.0,0.0,7291.0,4850.0,91.0,6.0,0.0,top: Ambessa / jng: Nocturne / mid: Orianna / bot: Miss Fortune / sup: Neeko,2026-02-04,Team WE,top: Sion / jng: Dr. Mundo / mid: Azir / bot: Sivir / sup: Lulu,0,4.0,3149.0,2691.0,38.0,-40.53874808874298,True,Grew by >500g
13108-13108_game_2,complete,LPL,Split 1,0,2026-02-04 10:10:17,2,16.02,200,Red,Team WE,oe:team:62c1cd9465dc63824593ee5046f5aa8,2118,0,851.0,712.0,29.0,5.0,5.0,1073.0,642.0,39.0,5.0,5.0,1626.0,-1841.0,55.0,9.0,10.0,top: Rumble / jng: Wukong / mid: Aurora / bot: Yunara / sup: Alistar,2026-02-04,EDward Gaming,top: Ornn / jng: Jarvan IV / mid: Taliyah / bot: Varus / sup: Nautilus,0,0.0,222.0,-70.0,10.0,40.53874808874298,True,Grew by >500g
13109-13109_game_3,complete,LPL,Split 1,0,2026-02-04 13:35:23,3,16.02,200,Red,Weibo Gaming,oe:team:606c6ac695907af3823ee6405c58ff1,1838,0,1303.0,126.0,6.0,6.0,3.0,5877.0,4927.0,20.0,14.0,5.0,982.0,1334.0,-13.0,18.0,11.0,top: Varus / jng: Nocturne / mid: Akali / bot: Jhin / sup: Leona,2026-02-04,Anyone's Legend,top: Naafiri / jng: Sejuani / mid: Azir / bot: Miss Fortune / sup: Rakan,0,9.0,4574.0,4801.0,14.0,-60.6481353546842,True,Shrank by >500g
LOLTMNT01_337297,complete,LCP,Split 1,0,2026-02-05 06:19:05,1,16.02,100,Blue,Fukuoka SoftBank HAWKS gaming,oe:team:d8ca3fc1f0827ec76369af7b70d43e3,2743,0,-1047.0,-1166.0,-49.0,2.0,2.0,2267.0,295.0,-35.0,5.0,2.0,-385.0,-5876.0,-37.0,5.0,4.0,top: K'Sante / jng: Jarvan IV / mid: Taliyah / bot: Corki / sup: Bard,2026-02-05,GAM Esports,top: Gnar / jng: Lee Sin / mid: Ryze / bot: Yunara / sup: Nautilus,1,3.0,3314.0,1461.0,14.0,-42.0965494764539,True,Lead lost by 25
LOLTMNT01_338201,complete,LCP,Split 1,0,2026-02-05 07:30:57,2,16.02,200,Red,GAM Esports,oe:team:9cae7677cd0dbcc1cd86653870b73c2,1790,1,373.0,1342.0,21.0,2.0,2.0,4264.0,5123.0,67.0,5.0,2.0,3455.0,4775.0,77.0,11.0,7.0,top: Ambessa / jng: Pantheon / mid: Akali / bot: Sivir / sup: Seraphine,2026-02-05,Fukuoka SoftBank HAWKS gaming,top: Sion / jng: Xin Zhao / mid: Azir / bot: Varus / sup: Alistar,0,3.0,3891.0,3781.0,46.0,42.0965494764539,True,Shrank by >500g
LOLTMNT01_338225,complete,LCP,Split 1,0,2026-02-05 08:36:37,1,16.02,200,Red,Deep Cross Gaming,oe:team:7e56e9367c023df96cc8257ff4e16c0,1619,1,1468.0,-59.0,18.0,4.0,4.0,5540.0,4230.0,47.0,9.0,6.0,9298.0,10197.0,67.0,17.0,9.0,top: Rumble / jng: Vi / mid: Yone / bot: Kai'Sa / sup: Alistar,2026-02-05,DetonatioN FocusMe,top: K'Sante / jng: Pantheon / mid: Azir / bot: Corki / sup: Neeko,0,3.0,4072.0,4289.0,29.0,117.40900281592803,True,Grew by >500g
13110-13110_game_1,complete,LPL,Split 1,0,2026-02-05 09:15:18,1,16.02,200,Red,Ninjas in Pyjamas,oe:team:48d7941ccbd5b89aca46c57b0c2f8fb,2198,1,3320.0,1251.0,-11.0,4.0,1.0,3699.0,1459.0,-8.0,6.0,3.0,4885.0,984.0,22.0,7.0,4.0,top: Rumble / jng: Vi / mid: Ahri / bot: Yunara / sup: Neeko,2026-02-05,ThunderTalk Gaming,top: K'Sante / jng: Xin Zhao / mid: Ryze / bot: Corki / sup: Nami,0,3.0,379.0,208.0,3.0,95.2516772418262,True,Grew by >500g
LOLTMNT01_338226,complete,LCP,Split 1,0,2026-02-05 09:23:19,2,16.02,200,Red,Deep Cross Gaming,oe:team:7e56e9367c023df96cc8257ff4e16c0,1806,1,4338.0,2155.0,46.0,6.0,1.0,6882.0,4517.0,76.0,11.0,5.0,3811.0,-494.0,71.0,16.0,10.0,top: Ambessa / jng: Nocturne / mid: Galio / bot: Sivir / sup: Karma,2026-02-05,DetonatioN FocusMe,top: Rek'Sai / jng: Wukong / mid: Aurora / bot: Varus / sup: Renata Glasc,0,6.0,2544.0,2362.0,30.0,117.40900281592803,True,Shrank by >500g
13110-13110_game_2,complete,LPL,Split 1,0,2026-02-05 10:13:16,2,16.02,200,Red,Ninjas in Pyjamas,oe:team:48d7941ccbd5b89aca46c57b0c2f8fb,2019,1,1625.0,3248.0,3.0,3.0,2.0,4495.0,5037.0,16.0,8.0,4.0,6863.0,6805.0,57.0,8.0,4.0,top: Sion / jng: Jayce / mid: Azir / bot: Jhin / sup: Bard,2026-02-05,ThunderTalk Gaming,top: Gwen / jng: Nocturne / mid: Akali / bot: Miss Fortune / sup: Alistar,0,4.0,2870.0,1789.0,13.0,95.2516772418262,True,Grew by >500g
13111-13111_game_1,complete,LPL,Split 1,0,2026-02-05 11:30:15,1,16.02,200,Red,JD Gaming,oe:team:b42d0f31f2727621b963042276817c4,1907,0,600.0,2195.0,21.0,3.0,2.0,2023.0,2475.0,16.0,4.0,2.0,-1257.0,-3024.0,22.0,7.0,7.0,top: Sion / jng: Xin Zhao / mid: Azir / bot: Yunara / sup: Alistar,2026-02-05,Top Esports,top: Ambessa / jng: Pantheon / mid: Orianna / bot: Kai'Sa / sup: Poppy,0,2.0,1423.0,280.0,-5.0,40.3893599251428,True,Lead lost by 25
13111-13111_game_2,complete,LPL,Split 1,0,2026-02-05 12:25:13,2,16.02,200,Red,Top Esports,oe:team:fcec508e780bbd1ad493852640f5b36,1690,1,354.0,135.0,-7.0,4.0,4.0,1327.0,-1150.0,-8.0,6.0,5.0,3198.0,608.0,-15.0,8.0,5.0,top: K'Sante / jng: Wukong / mid: Ryze / bot: Varus / sup: Rakan,2026-02-05,JD Gaming,top: Rumble / jng: Nocturne / mid: Cassiopeia / bot: Sivir / sup: Nautilus,0,1.0,973.0,-1285.0,-1.0,-40.3893599251428,True,Grew by >500g
LOLTMNT01_338362,complete,LCP,Split 1,0,2026-02-06 06:21:07,1,16.02,100,Blue,Team Secret Whales,oe:team:740de582f50775c516c77ed7b923fd5,1917,1,502.0,485.0,3.0,3.0,2.0,1145.0,1368.0,25.0,3.0,3.0,2405.0,5728.0,0.0,5.0,4.0,top: Volibear / jng: Xin Zhao / mid: Ryze / bot: Yunara / sup: Rakan,2026-02-06,MVK Esports,top: K'Sante / jng: Nocturne / mid: Orianna / bot: Aphelios / sup: Leona,1,0.0,643.0,883.0,22.0,59.12559195265544,True,Grew by >500g
LOLTMNT01_338364,complete,LCP,Split 1,0,2026-02-06 07:11:41,2,16.02,100,Blue,Team Secret Whales,oe:team:740de582f50775c516c77ed7b923fd5,2123,1,-9.0,1871.0,22.0,4.0,3.0,2001.0,2114.0,17.0,7.0,5.0,4123.0,6563.0,37.0,15.0,10.0,top: Rumble / jng: Dr. Mundo / mid: Syndra / bot: Kai'Sa / sup: Nautilus,2026-02-06,MVK Esports,top: Kennen / jng: Qiyana / mid: Viktor / bot: Corki / sup: Braum,1,2.0,2010.0,243.0,-5.0,59.12559195265544,True,Grew by >500g
13112-13112_game_1,complete,LPL,Split 1,0,2026-02-06 07:21:23,1,16.02,100,Blue,Weibo Gaming,oe:team:606c6ac695907af3823ee6405c58ff1,2695,1,4292.0,1226.0,17.0,6.0,0.0,5335.0,2905.0,21.0,12.0,5.0,6076.0,3644.0,23.0,12.0,6.0,top: Rumble / jng: Nocturne / mid: Ryze / bot: Kai'Sa / sup: Neeko,2026-02-06,Invictus Gaming,top: Sion / jng: Xin Zhao / mid: Syndra / bot: Yunara / sup: Lulu,1,7.0,1043.0,1679.0,4.0,55.96341770175559,True,Grew by >500g
LOLTMNT01_338397,complete,LCK,Cup,0,2026-02-06 08:05:10,1,16.02,200,Red,Kiwoom DRX,oe:team:1d0389df0c5eea93b04122ba167c010,1447,1,4513.0,2364.0,30.0,6.0,1.0,7761.0,4601.0,77.0,10.0,2.0,17877.0,17182.0,150.0,24.0,4.0,top: Ambessa / jng: Xin Zhao / mid: Orianna / bot: Yunara / sup: Nautilus,2026-02-06,HANJIN BRION,top: Rumble / jng: Pantheon / mid: Ryze / bot: Corki / sup: Alistar,0,8.0,3248.0,2237.0,47.0,35.20163209918201,True,Won before 25
LOLTMNT01_338412,complete,LCP,Split 1,0,2026-02-06 08:22:13,1,16.02,200,Red,CTBC Flying Oyster,oe:team:0916b3c324c8577b0c6344f3e067f62,1588,1,4481.0,3340.0,55.0,6.0,2.0,9044.0,5697.0,53.0,11.0,2.0,13073.0,11111.0,31.0,16.0,2.0,top: K'Sante / jng: Xin Zhao / mid: Anivia / bot: Varus / sup: Karma,2026-02-06,Ground Zero Gaming,top: Aatrox / jng: Pantheon / mid: Ryze / bot: Sivir / sup: Bard,0,9.0,4563.0,2357.0,-2.0,32.71292588672168,True,Grew by >500g
LOLTMNT01_338416,complete,LCK,Cup,0,2026-02-06 08:50:09,2,16.02,200,Red,HANJIN BRION,oe:team:b77b3f6068e20a2b3edc0ecd3dc70d4,2071,1,1124.0,3279.0,67.0,1.0,2.0,1934.0,2618.0,64.0,3.0,3.0,1183.0,158.0,90.0,6.0,9.0,top: Aurora / jng: Vi / mid: Taliyah / bot: Ezreal / sup: Elise,2026-02-06,Kiwoom DRX,top: Gwen / jng: Jarvan IV / mid: Azir / bot: Xayah / sup: Rakan,0,0.0,810.0,-661.0,-3.0,-35.20163209918201,True,Shrank by >500g
LOLTMNT01_338418,complete,LCP,Split 1,0,2026-02-06 09:09:01,2,16.02,200,Red,Ground Zero Gaming,oe:team:788115a84f68bc65fa6d3a4e0f67a3e,1652,1,5549.0,4487.0,68.0,10.0,1.0,8719.0,7470.0,64.0,18.0,3.0,9277.0,6763.0,62.0,18.0,3.0,top: Sion / jng: Wukong / mid: Orianna / bot: Lucian / sup: Braum,2026-02-06,CTBC Flying Oyster,top: Rumble / jng: Jarvan IV / mid: Galio / bot: Kai'Sa / sup: Rell,0,15.0,3170.0,2983.0,-4.0,-32.71292588672168,True,Grew by >500g
LOLTMNT01_338422,complete,LCK,Cup,0,2026-02-06 09:45:35,3,16.02,200,Red,Kiwoom DRX,oe:team:1d0389df0c5eea93b04122ba167c010,1805,1,47.0,497.0,-5.0,3.0,3.0,947.0,844.0,-5.0,3.0,3.0,3164.0,922.0,3.0,7.0,4.0,top: K'Sante / jng: Zaahen / mid: Galio / bot: Lucian / sup: Sona,2026-02-06,HANJIN BRION,top: Aatrox / jng: Wukong / mid: Cassiopeia / bot: Aphelios / sup: Lulu,0,0.0,900.0,347.0,0.0,35.20163209918201,True,Grew by >500g
LOLTMNT01_338423,complete,LCP,Split 1,0,2026-02-06 09:56:39,3,16.02,100,Blue,Ground Zero Gaming,oe:team:788115a84f68bc65fa6d3a4e0f67a3e,1626,1,-1323.0,399.0,-1.0,12.0,10.0,1007.0,1499.0,4.0,16.0,12.0,2030.0,3750.0,-28.0,19.0,14.0,top: Jax / jng: Dr. Mundo / mid: Aurora / bot: Caitlyn / sup: Nami,2026-02-06,CTBC Flying Oyster,top: Renekton / jng: Trundle / mid: Akali / bot: Yunara / sup: Lulu,1,4.0,2330.0,1100.0,5.0,-32.71292588672168,True,Grew by >500g
13113-13113_game_1,complete,LPL,Split 1,0,2026-02-06 09:56:59,1,16.02,100,Blue,Bilibili Gaming,oe:team:d356a144644879dabb5f34cd99c886d,2062,1,375.0,884.0,3.0,4.0,2.0,890.0,2350.0,14.0,7.0,3.0,4477.0,6864.0,31.0,12.0,5.0,top: Ambessa / jng: Xin Zhao / mid: Ryze / bot: Varus / sup: Lulu,2026-02-06,Anyone's Legend,top: Rek'Sai / jng: Pantheon / mid: Cassiopeia / bot: Sivir / sup: Neeko,1,4.0,515.0,1466.0,11.0,-14.371021130691588,True,Grew by >500g
LOLTMNT01_338447,complete,LCK,Cup,0,2026-02-06 10:59:51,1,16.02,200,Red,KT Rolster,oe:team:d723992568441c6bafa2658129eade7,2975,0,1728.0,750.0,33.0,2.0,2.0,2441.0,924.0,30.0,2.0,2.0,3594.0,1455.0,37.0,2.0,2.0,top: Renekton / jng: Vi / mid: Azir / bot: Corki / sup: Nami,2026-02-06,DN SOOPers,top: Gwen / jng: Ambessa / mid: Akali / bot: Ezreal / sup: Neeko,0,0.0,713.0,174.0,-3.0,16.45234536648809,True,Grew by >500g
13113-13113_game_3,complete,LPL,Split 1,0,2026-02-06 12:04:21,3,16.02,100,Blue,Anyone's Legend,oe:team:ed28f87f0cfdba0a2a8f183cebae73a,2074,1,2250.0,1547.0,16.0,6.0,4.0,1242.0,128.0,14.0,6.0,7.0,-2364.0,-4276.0,30.0,7.0,11.0,top: Renekton / jng: Sejuani / mid: Viktor / bot: Corki / sup: Nautilus,2026-02-06,Bilibili Gaming,top: Aurora / jng: Kindred / mid: Galio / bot: Ezreal / sup: Bard,1,-1.0,-1008.0,-1419.0,-2.0,14.371021130691588,True,Lead lost by 25
LOLTMNT01_338459,complete,LCK,Cup,0,2026-02-06 12:11:32,2,16.02,100,Blue,DN SOOPers,oe:team:b3c72a20aa56f5d28022ac04a7dc294,1809,1,264.0,1172.0,32.0,3.0,2.0,345.0,2524.0,44.0,3.0,2.0,3154.0,4984.0,41.0,7.0,3.0,top: Rek'Sai / jng: Lee Sin / mid: Ryze / bot: Yunara / sup: Rell,2026-02-06,KT Rolster,top: Sion / jng: Jayce / mid: Taliyah / bot: Caitlyn / sup: Bard,1,1.0,81.0,1352.0,12.0,-16.45234536648809,True,Grew by >500g
LOLTMNT01_337669,complete,LCP,Split 1,0,2026-02-07 06:20:52,1,16.02,200,Red,GAM Esports,oe:team:9cae7677cd0dbcc1cd86653870b73c2,1892,1,1656.0,1120.0,56.0,2.0,2.0,5521.0,2322.0,62.0,5.0,2.0,6091.0,4840.0,84.0,5.0,2.0,top: Rumble / jng: Xin Zhao / mid: Akali / bot: Yunara / sup: Alistar,2026-02-07,Deep Cross Gaming,top: Galio / jng: Jarvan IV / mid: Azir / bot: Corki / sup: Poppy,0,3.0,3865.0,1202.0,6.0,-21.30079091358698,True,Grew by >500g
LOLTMNT01_337681,complete,LCP,Split 1,0,2026-02-07 07:12:39,2,16.02,100,Blue,Deep Cross Gaming,oe:team:7e56e9367c023df96cc8257ff4e16c0,1666,1,4494.0,1721.0,20.0,10.0,3.0,7894.0,4953.0,58.0,14.0,4.0,17116.0,14073.0,97.0,21.0,4.0,top: Sion / jng: Qiyana / mid: Ryze / bot: Varus / sup: Rell,2026-02-07,GAM Esports,top: Renekton / jng: Lee Sin / mid: Taliyah / bot: Sivir / sup: Pantheon,1,10.0,3400.0,3232.0,38.0,21.30079091358698,True,Grew by >500g
LOLTMNT01_338588,complete,LCP,Split 1,0,2026-02-07 08:00:26,3,16.02,200,Red,Deep Cross Gaming,oe:team:7e56e9367c023df96cc8257ff4e16c0,1663,1,-1188.0,-2078.0,-38.0,1.0,3.0,679.0,722.0,7.0,3.0,4.0,6075.0,7579.0,33.0,8.0,5.0,top: Ambessa / jng: Wukong / mid: Ahri / bot: Lucian / sup: Blitzcrank,2026-02-07,GAM Esports,top: Gwen / jng: Aatrox / mid: Aurora / bot: Kalista / sup: Renata Glasc,0,-1.0,1867.0,2800.0,45.0,21.30079091358698,True,Grew by >500g
LOLTMNT01_338589,complete,LCK,Cup,0,2026-02-07 08:07:00,1,16.02,100,Blue,Dplus Kia,oe:team:ef69efa6acebe94107f0cf1ba716806,1536,1,7023.0,5959.0,88.0,15.0,4.0,15629.0,13321.0,163.0,24.0,5.0,17936.0,16216.0,139.0,34.0,7.0,top: Ornn / jng: Jarvan IV / mid: Ahri / bot: Yunara / sup: Lulu,2026-02-07,Kiwoom DRX,top: Rumble / jng: Xin Zhao / mid: Taliyah / bot: Corki / sup: Neeko,1,19.0,8606.0,7362.0,75.0,8.227612541523058,True,Grew by >500g
LOLTMNT01_338603,complete,LCK,Cup,0,2026-02-07 08:55:19,2,16.02,100,Blue,Dplus Kia,oe:team:ef69efa6acebe94107f0cf1ba716806,1670,1,3757.0,2178.0,60.0,12.0,7.0,6989.0,5844.0,57.0,20.0,11.0,9986.0,9547.0,96.0,26.0,15.0,top: Kennen / jng: Pantheon / mid: Cassiopeia / bot: Lucian / sup: Braum,2026-02-07,Kiwoom DRX,top: Sion / jng: Ambessa / mid: Aurora / bot: Ezreal / sup: Nautilus,1,9.0,3232.0,3666.0,-3.0,8.227612541523058,True,Grew by >500g
LOLTMNT01_337737,complete,LCP,Split 1,0,2026-02-07 09:10:49,1,16.02,100,Blue,Fukuoka SoftBank HAWKS gaming,oe:team:d8ca3fc1f0827ec76369af7b70d43e3,1735,1,3887.0,2447.0,70.0,5.0,2.0,6278.0,3920.0,82.0,8.0,3.0,11414.0,9858.0,112.0,13.0,4.0,top: Rumble / jng: Vi / mid: Taliyah / bot: Corki / sup: Nautilus,2026-02-07,DetonatioN FocusMe,top: K'Sante / jng: Pantheon / mid: Aurora / bot: Sivir / sup: Bard,1,5.0,2391.0,1473.0,12.0,45.809493314089195,True,Grew by >500g
LOLTMNT01_338623,complete,LCP,Split 1,0,2026-02-07 10:00:47,2,16.02,100,Blue,Fukuoka SoftBank HAWKS gaming,oe:team:d8ca3fc1f0827ec76369af7b70d43e3,2135,1,606.0,-898.0,-9.0,5.0,3.0,37.0,-1483.0,4.0,6.0,7.0,648.0,-635.0,6.0,7.0,7.0,top: Zaahen / jng: Malphite / mid: Ahri / bot: Aphelios / sup: Thresh,2026-02-07,DetonatioN FocusMe,top: Renekton / jng: Dr. Mundo / mid: Jayce / bot: Ziggs / sup: Leona,1,-1.0,-569.0,-585.0,13.0,45.809493314089195,True,Grew by >500g
LOLTMNT01_338625,complete,LCK,Cup,0,2026-02-07 10:09:22,1,16.02,200,Red,Nongshim RedForce,oe:team:5cd2cd09ec94296f605dd13a2924d6c,1820,1,1102.0,969.0,2.0,5.0,1.0,2294.0,515.0,5.0,7.0,2.0,8863.0,11694.0,83.0,16.0,3.0,top: Ambessa / jng: Jarvan IV / mid: Ryze / bot: Yunara / sup: Leona,2026-02-07,DN SOOPers,top: Rek'Sai / jng: Jayce / mid: Anivia / bot: Corki / sup: Nautilus,0,5.0,1192.0,-454.0,3.0,15.35197480241186,True,Grew by >500g
LOLTMNT01_337768,complete,LCK,Cup,0,2026-02-07 11:00:32,2,16.02,100,Blue,Nongshim RedForce,oe:team:5cd2cd09ec94296f605dd13a2924d6c,1918,0,900.0,1589.0,27.0,5.0,3.0,2066.0,1911.0,48.0,8.0,6.0,-4754.0,-7971.0,47.0,8.0,14.0,top: K'Sante / jng: Vi / mid: Akali / bot: Lucian / sup: Nami,2026-02-07,DN SOOPers,top: Rumble / jng: Wukong / mid: Ahri / bot: Xayah / sup: Rakan,1,2.0,1166.0,322.0,21.0,15.35197480241186,True,Lead lost by 25
13120-13120_game_1,complete,LPL,Split 1,0,2026-02-07 11:10:12,1,16.02,100,Blue,Team WE,oe:team:62c1cd9465dc63824593ee5046f5aa8,2353,0,-1928.0,-964.0,-16.0,7.0,9.0,1219.0,-633.0,-38.0,11.0,10.0,697.0,-3251.0,-36.0,13.0,11.0,top: Gwen / jng: Xin Zhao / mid: Ziggs / bot: Yunara / sup: Lulu,2026-02-07,Ninjas in Pyjamas,top: Renekton / jng: Qiyana / mid: Azir / bot: Aphelios / sup: Thresh,1,1.0,3147.0,331.0,-22.0,-2.6671333786387095,True,Shrank by >500g
LOLTMNT01_338644,complete,LCK,Cup,0,2026-02-07 11:54:25,3,16.02,100,Blue,DN SOOPers,oe:team:b3c72a20aa56f5d28022ac04a7dc294,2731,1,-857.0,-610.0,37.0,2.0,5.0,1951.0,793.0,25.0,5.0,5.0,2796.0,4315.0,39.0,9.0,9.0,top: Gwen / jng: Lee Sin / mid: Orianna / bot: Ezreal / sup: Rell,2026-02-07,Nongshim RedForce,top: Sion / jng: Xin Zhao / mid: Azir / bot: Kai'Sa / sup: Alistar,1,0.0,2808.0,1403.0,-12.0,-15.35197480241186,True,Grew by >500g
13120-13120_game_2,complete,LPL,Split 1,0,2026-02-07 12:12:44,2,16.02,200,Red,Ninjas in Pyjamas,oe:team:48d7941ccbd5b89aca46c57b0c2f8fb,1909,1,948.0,1093.0,-1.0,4.0,1.0,1014.0,2165.0,29.0,6.0,3.0,1319.0,6275.0,32.0,9.0,4.0,top: Ornn / jng: Ambessa / mid: Ryze / bot: Jhin / sup: Bard,2026-02-07,Team WE,top: Rumble / jng: Wukong / mid: Taliyah / bot: Varus / sup: Rakan,0,3.0,66.0,1072.0,30.0,2.6671333786387095,True,Within 500g
LOLTMNT05_175070,complete,LEC,Versus,0,2026-02-07 15:52:29,1,16.03,100,Blue,Team Heretics,oe:team:1285e1c04d54de96502f12da4d49458,2105,1,515.0,2946.0,38.0,3.0,3.0,190.0,1796.0,7.0,4.0,3.0,-1577.0,-1536.0,-4.0,4.0,6.0,top: Ambessa / jng: Dr. Mundo / mid: Orianna / bot: Jhin / sup: Rell,2026-02-07,Fnatic,top: Jax / jng: Xin Zhao / mid: Azir / bot: Corki / sup: Nautilus,1,1.0,-325.0,-1150.0,-31.0,-17.064817118021665,True,Lead lost by 25
LOLTMNT02_348955,complete,CBLOL,Cup,0,2026-02-07 16:12:02,1,16.03,200,Red,FURIA,oe:team:87e3e1e75839f75a10bbc66e894d806,1744,1,1120.0,482.0,9.0,3.0,1.0,3487.0,1236.0,6.0,6.0,2.0,5119.0,3664.0,40.0,12.0,6.0,top: Rumble / jng: Pantheon / mid: Syndra / bot: Yunara / sup: Lulu,2026-02-07,Leviatan,top: Sion / jng: Dr. Mundo / mid: Orianna / bot: Corki / sup: Nami,0,4.0,2367.0,754.0,-3.0,16.600276270045242,True,Grew by >500g
LOLTMNT05_176049,complete,LEC,Versus,0,2026-02-07 16:46:22,1,16.03,200,Red,Shifters,oe:team:a2065488a11a2c0a2403a7b347eec61,2008,1,5734.0,2950.0,14.0,9.0,0.0,4835.0,2684.0,24.0,9.0,1.0,5186.0,6956.0,9.0,12.0,2.0,top: Ambessa / jng: Skarner / mid: Azir / bot: Yunara / sup: Alistar,2026-02-07,Karmine Corp Blue,top: Aatrox / jng: Vi / mid: Taliyah / bot: Kai'Sa / sup: Rakan,0,8.0,-899.0,-266.0,10.0,37.801849703396556,True,Within 500g
LOLTMNT02_348966,complete,CBLOL,Cup,0,2026-02-07 17:00:55,2,16.03,200,Red,FURIA,oe:team:87e3e1e75839f75a10bbc66e894d806,1772,1,2746.0,1087.0,55.0,10.0,6.0,4069.0,2609.0,98.0,12.0,8.0,11423.0,10224.0,152.0,17.0,8.0,top: Gwen / jng: Jarvan IV / mid: Ryze / bot: Ashe / sup: Seraphine,2026-02-07,Leviatan,top: K'Sante / jng: Vi / mid: Cassiopeia / bot: Caitlyn / sup: Karma,0,4.0,1323.0,1522.0,43.0,16.600276270045242,True,Grew by >500g
LOLTMNT05_176056,complete,LEC,Versus,0,2026-02-07 17:38:18,1,16.03,100,Blue,SK Gaming,oe:team:75760dca486d4682426196b76bd1a54,2098,0,2069.0,1993.0,-13.0,3.0,0.0,912.0,-306.0,-27.0,3.0,1.0,962.0,-459.0,-33.0,3.0,1.0,top: Ornn / jng: Xin Zhao / mid: Yone / bot: Yunara / sup: Neeko,2026-02-07,Los Ratones,top: Gragas / jng: Vi / mid: Ryze / bot: Corki / sup: Karma,1,2.0,-1157.0,-2299.0,-14.0,-22.066779468192635,True,Within 500g
LOLTMNT02_346996,complete,CBLOL,Cup,0,2026-02-07 17:55:46,1,16.03,100,Blue,LOUD,oe:team:658a021a796aa5501503220adb38cf4,2201,1,-370.0,1154.0,13.0,1.0,2.0,420.0,1014.0,17.0,2.0,4.0,95.0,-695.0,32.0,6.0,9.0,top: Ambessa / jng: Vi / mid: Taliyah / bot: Kai'Sa / sup: Neeko,2026-02-07,Vivo Keyd Stars,top: Rumble / jng: Jarvan IV / mid: Ryze / bot: Yunara / sup: Nami,1,-2.0,790.0,-140.0,4.0,-7.807110032007131,True,Within 500g
LOLTMNT05_176064,complete,LEC,Versus,0,2026-02-07 18:34:46,1,16.03,200,Red,Natus Vincere,oe:team:d2ba9f92d85cff67d60aaad88e61048,1795,1,503.0,-1732.0,-31.0,3.0,2.0,2189.0,-1741.0,-30.0,8.0,5.0,5986.0,4633.0,-1.0,15.0,8.0,top: Sion / jng: Ambessa / mid: Orianna / bot: Aphelios / sup: Nautilus,2026-02-07,G2 Esports,top: Renekton / jng: Pantheon / mid: Azir / bot: Ezreal / sup: Leona,0,3.0,1686.0,-9.0,1.0,15.802317907752467,True,Grew by >500g
LOLTMNT02_348992,complete,CBLOL,Cup,0,2026-02-07 18:51:43,2,16.03,200,Red,LOUD,oe:team:658a021a796aa5501503220adb38cf4,1899,1,525.0,1287.0,34.0,2.0,6.0,3064.0,1622.0,46.0,4.0,8.0,5323.0,6270.0,76.0,6.0,11.0,top: Gwen / jng: Qiyana / mid: Yone / bot: Ezreal / sup: Leona,2026-02-07,Vivo Keyd Stars,top: Sion / jng: Xin Zhao / mid: Azir / bot: Aphelios / sup: Thresh,0,-4.0,2539.0,335.0,12.0,-7.807110032007131,True,Grew by >500g
LOLTMNT05_176078,complete,LEC,Versus,0,2026-02-07 19:24:22,1,16.03,200,Red,Team Vitality,oe:team:e8d8ae992fe72acb7adc7bfcee31dbb,2200,1,2695.0,3094.0,0.0,10.0,2.0,3854.0,3050.0,6.0,12.0,3.0,3539.0,817.0,-1.0,12.0,3.0,top: K'Sante / jng: Pantheon / mid: Zoe / bot: Yunara / sup: Neeko,2026-02-07,Movistar KOI,top: Poppy / jng: Jayce / mid: Ryze / bot: Corki / sup: Bard,0,9.0,1159.0,-44.0,6.0,5.258910002428593,True,Within 500g
LOLTMNT05_176087,complete,LEC,Versus,0,2026-02-07 20:20:50,1,16.03,100,Blue,Karmine Corp,oe:team:f3aa9bbd924ce3af42ac53f8326bc7c,1991,1,1981.0,984.0,-16.0,4.0,0.0,2558.0,478.0,-30.0,5.0,1.0,5565.0,5364.0,-44.0,8.0,1.0,top: Sion / jng: Jarvan IV / mid: Azir / bot: Jhin / sup: Bard,2026-02-07,GiantX,top: Gnar / jng: Pantheon / mid: Taliyah / bot: Corki / sup: Rakan,1,4.0,577.0,-506.0,-14.0,19.267632441908518,True,Grew by >500g
LOLTMNT02_349059,complete,LCS,Lock-In,0,2026-02-07 21:11:32,1,16.03,200,Red,Team Liquid,oe:team:8eb884e168f28402ce685bedebb5250,1723,1,1468.0,2022.0,33.0,3.0,2.0,3364.0,2290.0,36.0,5.0,3.0,10345.0,13328.0,89.0,13.0,4.0,top: Ambessa / jng: Wukong / mid: Ryze / bot: Lucian / sup: Nami,2026-02-07,Sentinels,top: Aatrox / jng: Pantheon / mid: Taliyah / bot: Varus / sup: Rell,0,2.0,1896.0,268.0,3.0,-8.388452877612963,True,Grew by >500g
LOLTMNT02_350044,complete,LCS,Lock-In,0,2026-02-07 22:04:16,2,16.03,100,Blue,Team Liquid,oe:team:8eb884e168f28402ce685bedebb5250,2773,0,1210.0,1490.0,75.0,3.0,5.0,571.0,-463.0,49.0,4.0,7.0,-1050.0,-2787.0,46.0,5.0,10.0,top: Renekton / jng: Jarvan IV / mid: Orianna / bot: Ezreal / sup: Karma,2026-02-07,Sentinels,top: Sion / jng: Vi / mid: Azir / bot: Kai'Sa / sup: Neeko,1,-3.0,-639.0,-1953.0,-26.0,-8.388452877612963,True,Lead lost by 25
LOLTMNT02_350063,complete,LCS,Lock-In,0,2026-02-07 23:13:38,3,16.03,100,Blue,Sentinels,oe:team:f90422f1cbcb24bc2a855202582ec29,1992,1,-303.0,-588.0,-34.0,5.0,4.0,1315.0,1008.0,-17.0,9.0,6.0,1526.0,911.0,-13.0,10.0,7.0,top: Ornn / jng: Xin Zhao / mid: Galio / bot: Corki / sup: Rakan,2026-02-07,Team Liquid,top: Rumble / jng: Lee Sin / mid: Viktor / bot: Yunara / sup: Alistar,1,3.0,1618.0,1596.0,17.0,8.388452877612963,True,Within 500g
LOLTMNT02_350086,complete,LCS,Lock-In,0,2026-02-08 00:07:59,1,16.03,100,Blue,LYON,oe:team:da1143bf9a245b78a8dc86417de85b3,1981,0,-1068.0,-763.0,-15.0,3.0,3.0,125.0,243.0,22.0,3.0,3.0,-1526.0,-3300.0,11.0,3.0,6.0,top: Rumble / jng: Vi / mid: Taliyah / bot: Corki / sup: Rell,2026-02-08,Disguised,top: Galio / jng: Pantheon / mid: Azir / bot: Kai'Sa / sup: Neeko,1,0.0,1193.0,1006.0,37.0,-2.4559368032046223,True,Lead lost by 25
LOLTMNT02_349089,complete,LCS,Lock-In,0,2026-02-08 00:59:21,2,16.03,200,Red,Disguised,oe:team:289284911fb6f41c0ccaecc3a0c2891,1862,0,2681.0,1994.0,30.0,2.0,0.0,2754.0,2819.0,61.0,4.0,3.0,1205.0,2430.0,39.0,5.0,6.0,top: Renekton / jng: Wukong / mid: Ryze / bot: Aphelios / sup: Thresh,2026-02-08,LYON,top: Sion / jng: Trundle / mid: Anivia / bot: Yunara / sup: Braum,0,1.0,73.0,825.0,31.0,2.4559368032046223,True,Shrank by >500g
LOLTMNT02_349098,complete,LCS,Lock-In,0,2026-02-08 01:49:13,3,16.03,200,Red,Disguised,oe:team:289284911fb6f41c0ccaecc3a0c2891,1690,1,3705.0,3020.0,44.0,4.0,1.0,5413.0,4596.0,66.0,6.0,2.0,10477.0,9938.0,112.0,11.0,3.0,top: Aurora / jng: Dr. Mundo / mid: Jayce / bot: Lucian / sup: Nami,2026-02-08,LYON,top: K'Sante / jng: Xin Zhao / mid: Cassiopeia / bot: Zeri / sup: Lulu,0,4.0,1708.0,1576.0,22.0,2.4559368032046223,True,Grew by >500g
LOLTMNT01_338717,complete,LCP,Split 1,0,2026-02-08 06:18:41,1,16.02,100,Blue,CTBC Flying Oyster,oe:team:0916b3c324c8577b0c6344f3e067f62,2174,0,402.0,1575.0,35.0,5.0,5.0,812.0,1699.0,11.0,8.0,6.0,-1440.0,-2273.0,16.0,9.0,10.0,top: Gnar / jng: Wukong / mid: Orianna / bot: Aphelios / sup: Thresh,2026-02-08,Team Secret Whales,top: Malphite / jng: Xin Zhao / mid: Ryze / bot: Yunara / sup: Bard,1,2.0,410.0,124.0,-24.0,-61.5150940912431,True,Lead lost by 25
LOLTMNT01_338721,complete,LCP,Split 1,0,2026-02-08 07:20:28,2,16.02,200,Red,CTBC Flying Oyster,oe:team:0916b3c324c8577b0c6344f3e067f62,1804,0,-1253.0,-72.0,25.0,1.0,5.0,738.0,3180.0,35.0,6.0,8.0,-2879.0,-2534.0,34.0,11.0,17.0,top: K'Sante / jng: Aatrox / mid: Azir / bot: Kai'Sa / sup: Janna,2026-02-08,Team Secret Whales,top: Sejuani / jng: Ambessa / mid: Aurora / bot: Corki / sup: Neeko,0,-2.0,1991.0,3252.0,10.0,-61.5150940912431,True,Lead lost by 25
LOLTMNT01_338745,complete,LCK,Cup,0,2026-02-08 08:06:06,1,16.02,200,Red,Kiwoom DRX,oe:team:1d0389df0c5eea93b04122ba167c010,1658,1,3099.0,1660.0,5.0,8.0,3.0,10102.0,7887.0,46.0,17.0,4.0,11836.0,12686.0,69.0,20.0,5.0,top: Gwen / jng: Pantheon / mid: Azir / bot: Yunara / sup: Nautilus,2026-02-08,Nongshim RedForce,top: Ambessa / jng: Malphite / mid: Orianna / bot: Lucian / sup: Braum,0,13.0,7003.0,6227.0,41.0,-10.244853892852007,True,Grew by >500g
LOLTMNT01_337854,complete,LCP,Split 1,0,2026-02-08 08:27:09,1,16.02,100,Blue,MVK Esports,oe:team:bc3824b0bbb8139d16109178faa4822,1903,1,3749.0,2242.0,72.0,3.0,1.0,5242.0,3213.0,55.0,5.0,1.0,6922.0,5413.0,83.0,5.0,1.0,top: K'Sante / jng: Pantheon / mid: Mel / bot: Yunara / sup: Lulu,2026-02-08,Ground Zero Gaming,top: Rumble / jng: Xin Zhao / mid: Aurora / bot: Aphelios / sup: Bard,1,4.0,1493.0,971.0,-17.0,-23.788132860376436,True,Grew by >500g
LOLTMNT01_337856,complete,LCK,Cup,0,2026-02-08 08:59:00,2,16.02,100,Blue,Kiwoom DRX,oe:team:1d0389df0c5eea93b04122ba167c010,1966,1,1894.0,626.0,-11.0,6.0,2.0,832.0,-299.0,-12.0,7.0,4.0,376.0,-833.0,-39.0,8.0,5.0,top: K'Sante / jng: Jarvan IV / mid: Syndra / bot: Corki / sup: Alistar,2026-02-08,Nongshim RedForce,top: Sion / jng: Vi / mid: Taliyah / bot: Ezreal / sup: Leona,1,3.0,-1062.0,-925.0,-1.0,-10.244853892852007,True,Within 500g
LOLTMNT01_337857,complete,LCP,Split 1,0,2026-02-08 09:19:27,2,16.02,100,Blue,Ground Zero Gaming,oe:team:788115a84f68bc65fa6d3a4e0f67a3e,2798,1,301.0,235.0,-3.0,8.0,8.0,2956.0,2831.0,25.0,11.0,9.0,4992.0,4322.0,37.0,15.0,10.0,top: Ambessa / jng: Vi / mid: Akali / bot: Varus / sup: Neeko,2026-02-08,MVK Esports,top: Yorick / jng: Aatrox / mid: Orianna / bot: Sivir / sup: Poppy,1,2.0,2655.0,2596.0,28.0,23.788132860376436,True,Grew by >500g
LOLTMNT01_337859,complete,LCK,Cup,0,2026-02-08 09:55:03,3,16.02,100,Blue,Kiwoom DRX,oe:team:1d0389df0c5eea93b04122ba167c010,1905,1,3640.0,1872.0,1.0,6.0,2.0,7117.0,2920.0,-8.0,11.0,4.0,8456.0,3110.0,27.0,11.0,4.0,top: Gnar / jng: Xin Zhao / mid: Aurora / bot: Sivir / sup: Karma,2026-02-08,Nongshim RedForce,top: Renekton / jng: Wukong / mid: Viktor / bot: Varus / sup: Renata Glasc,1,7.0,3477.0,1048.0,-9.0,-10.244853892852007,True,Grew by >500g
LOLTMNT01_337861,complete,LCP,Split 1,0,2026-02-08 10:25:21,3,16.02,100,Blue,Ground Zero Gaming,oe:team:788115a84f68bc65fa6d3a4e0f67a3e,1779,1,-292.0,-488.0,1.0,1.0,2.0,2072.0,217.0,0.0,4.0,3.0,4406.0,3774.0,33.0,6.0,3.0,top: Renekton / jng: Dr. Mundo / mid: Yone / bot: Ashe / sup: Seraphine,2026-02-08,MVK Esports,top: Zaahen / jng: Zac / mid: Syndra / bot: Jhin / sup: Karma,1,1.0,2364.0,705.0,-1.0,23.788132860376436,True,Grew by >500g
LOLTMNT05_175147,complete,LEC,Versus,0,2026-02-08 15:53:10,1,16.03,100,Blue,Los Ratones,oe:team:2d096df29ab7e32950c86e0d72fc986,2096,0,2994.0,2371.0,31.0,7.0,7.0,3648.0,705.0,-3.0,10.0,9.0,1417.0,-3519.0,-16.0,10.0,10.0,top: Sion / jng: Sylas / mid: Yone / bot: Corki / sup: Bard,2026-02-08,Team Vitality,top: Dr. Mundo / jng: Pantheon / mid: Azir / bot: Varus / sup: Alistar,1,1.0,654.0,-1666.0,-34.0,-15.863917704745973,True,Shrank by >500g
LOLTMNT02_349319,complete,CBLOL,Cup,0,2026-02-08 16:13:02,1,16.03,100,Blue,RED Canids,oe:team:67169969ecc058b307edfa9c6b7a3c0,2203,1,201.0,-1.0,30.0,2.0,4.0,2200.0,868.0,49.0,4.0,5.0,-191.0,-1100.0,38.0,8.0,12.0,top: Ambessa / jng: Nocturne / mid: LeBlanc / bot: Kai'Sa / sup: Neeko,2026-02-08,FURIA,top: Rumble / jng: Wukong / mid: Ahri / bot: Corki / sup: Nami,1,-1.0,1999.0,869.0,19.0,-20.713225490932246,True,Lead lost by 25
LOLTMNT05_175164,complete,LEC,Versus,0,2026-02-08 16:47:25,1,16.03,100,Blue,GiantX,oe:team:6cd05f0ac20bfb965a59dc8bcc4f184,1893,0,2207.0,588.0,27.0,5.0,4.0,2622.0,877.0,20.0,9.0,6.0,536.0,-3716.0,29.0,13.0,14.0,top: Sion / jng: Jarvan IV / mid: Azir / bot: Kai'Sa / sup: Nautilus,2026-02-08,Karmine Corp Blue,top: Rumble / jng: Aatrox / mid: Taliyah / bot: Yunara / sup: Rell,1,3.0,415.0,289.0,-7.0,90.38834538505284,True,Shrank by >500g
LOLTMNT02_350321,complete,CBLOL,Cup,0,2026-02-08 17:08:13,2,16.03,200,Red,RED Canids,oe:team:67169969ecc058b307edfa9c6b7a3c0,1838,1,-110.0,-669.0,-8.0,7.0,7.0,1095.0,513.0,-5.0,11.0,9.0,2497.0,4606.0,17.0,15.0,10.0,top: Renekton / jng: Sejuani / mid: Ryze / bot: Miss Fortune / sup: Rakan,2026-02-08,FURIA,top: Jax / jng: Pantheon / mid: Taliyah / bot: Yunara / sup: Lulu,0,2.0,1205.0,1182.0,3.0,-20.713225490932246,True,Grew by >500g
LOLTMNT05_176168,complete,LEC,Versus,0,2026-02-08 17:38:57,1,16.03,100,Blue,Shifters,oe:team:a2065488a11a2c0a2403a7b347eec61,2300,1,1184.0,739.0,7.0,2.0,1.0,3447.0,1957.0,-13.0,7.0,2.0,2176.0,1823.0,-47.0,7.0,2.0,top: Rek'Sai / jng: Wukong / mid: Taliyah / bot: Yunara / sup: Alistar,2026-02-08,SK Gaming,top: Ambessa / jng: Dr. Mundo / mid: Azir / bot: Xayah / sup: Rakan,1,5.0,2263.0,1218.0,-20.0,17.979676599347613,True,Shrank by >500g
LOLTMNT02_350339,complete,CBLOL,Cup,0,2026-02-08 18:03:53,1,16.03,100,Blue,LØS,oe:team:ea65e6cc48a9be50fc5334369a5fca5,2565,1,4069.0,2257.0,25.0,6.0,1.0,3552.0,147.0,-2.0,8.0,4.0,2372.0,-1438.0,1.0,11.0,9.0,top: Rumble / jng: Pantheon / mid: Taliyah / bot: Corki / sup: Alistar,2026-02-08,LOUD,top: Sion / jng: Aatrox / mid: Ryze / bot: Ezreal / sup: Nautilus,1,4.0,-517.0,-2110.0,-27.0,33.932859794828346,True,Shrank by >500g
LOLTMNT05_175193,complete,LEC,Versus,0,2026-02-08 18:36:43,1,16.03,100,Blue,Movistar KOI,oe:team:4acc40654379b4da680be1bd3129dfa,1738,1,-28.0,627.0,-5.0,2.0,1.0,1127.0,1303.0,6.0,4.0,2.0,4389.0,5008.0,37.0,6.0,2.0,top: Sion / jng: Vi / mid: Taliyah / bot: Corki / sup: Nami,2026-02-08,Natus Vincere,top: Aatrox / jng: Pantheon / mid: Azir / bot: Caitlyn / sup: Neeko,1,2.0,1155.0,676.0,11.0,-41.05436549553224,True,Grew by >500g
LOLTMNT02_350344,complete,CBLOL,Cup,0,2026-02-08 19:05:58,2,16.03,100,Blue,LØS,oe:team:ea65e6cc48a9be50fc5334369a5fca5,1891,0,3487.0,1943.0,57.0,2.0,2.0,5838.0,4507.0,63.0,7.0,3.0,-115.0,-1535.0,7.0,8.0,11.0,top: K'Sante / jng: Jayce / mid: Viktor / bot: Aphelios / sup: Lulu,2026-02-08,LOUD,top: Rek'Sai / jng: Malphite / mid: Aurora / bot: Lucian / sup: Nami,1,4.0,2351.0,2564.0,6.0,33.932859794828346,True,Lead lost by 25
LOLTMNT05_175206,complete,LEC,Versus,0,2026-02-08 19:34:09,1,16.03,100,Blue,Team Heretics,oe:team:1285e1c04d54de96502f12da4d49458,2042,1,1861.0,1234.0,-51.0,8.0,1.0,653.0,2342.0,-24.0,8.0,2.0,1744.0,5201.0,-48.0,11.0,4.0,top: Ambessa / jng: Rumble / mid: Aurora / bot: Jhin / sup: Nautilus,2026-02-08,Karmine Corp,top: K'Sante / jng: Jayce / mid: LeBlanc / bot: Varus / sup: Neeko,1,6.0,-1208.0,1108.0,27.0,-52.96309404669137,True,Grew by >500g
LOLTMNT02_349365,complete,CBLOL,Cup,0,2026-02-08 19:56:27,3,16.03,200,Red,LOUD,oe:team:658a021a796aa5501503220adb38cf4,2278,1,-884.0,137.0,1.0,3.0,4.0,250.0,3331.0,47.0,5.0,5.0,3666.0,7598.0,70.0,8.0,6.0,top: Renekton / jng: Xin Zhao / mid: Sylas / bot: Jhin / sup: Neeko,2026-02-08,LØS,top: Gnar / jng: Jarvan IV / mid: Zoe / bot: Caitlyn / sup: Karma,0,0.0,1134.0,3194.0,46.0,-33.932859794828346,True,Grew by >500g
LOLTMNT05_175214,complete,LEC,Versus,0,2026-02-08 20:26:52,1,16.03,100,Blue,G2 Esports,oe:team:7d6673d3a9d00363c6bebc1a630da6e,1676,1,3199.0,3985.0,59.0,5.0,1.0,3314.0,3161.0,63.0,5.0,2.0,7571.0,7746.0,80.0,13.0,4.0,top: Poppy / jng: Xin Zhao / mid: Orianna / bot: Sivir / sup: Bard,2026-02-08,Fnatic,top: Ambessa / jng: Vi / mid: Azir / bot: Jhin / sup: Nautilus,1,3.0,115.0,-824.0,4.0,3.853514145197323,True,Grew by >500g
LOLTMNT02_350380,complete,LCS,Lock-In,0,2026-02-08 21:11:28,1,16.03,100,Blue,Shopify Rebellion,oe:team:b360f1d729b0a8e0f29a5243c4200fa,2448,0,2026.0,1405.0,21.0,7.0,8.0,2403.0,401.0,25.0,7.0,9.0,-214.0,-935.0,51.0,9.0,15.0,top: Ambessa / jng: Vi / mid: Akali / bot: Varus / sup: Braum,2026-02-08,Dignitas,top: Sion / jng: Jarvan IV / mid: Azir / bot: Jhin / sup: Nautilus,1,-2.0,377.0,-1004.0,4.0,-1.036535844541504,True,Lead lost by 25
LOLTMNT02_350384,complete,LCS,Lock-In,0,2026-02-08 22:13:29,2,16.03,100,Blue,Dignitas,oe:team:0dbb780176ecad18f17292d1f5653af,1485,1,1036.0,-488.0,-9.0,9.0,7.0,5590.0,4530.0,12.0,15.0,7.0,6774.0,4913.0,16.0,20.0,9.0,top: Poppy / jng: Xin Zhao / mid: Taliyah / bot: Yunara / sup: Lulu,2026-02-08,Shopify Rebellion,top: K'Sante / jng: Qiyana / mid: Ryze / bot: Lucian / sup: Nami,1,8.0,4554.0,5018.0,21.0,1.036535844541504,True,Won before 25
LOLTMNT02_349404,complete,LCS,Lock-In,0,2026-02-08 23:03:59,1,16.03,200,Red,Cloud9,oe:team:fc8e90107dabb9a35c490b0d86adea0,1735,1,2536.0,3384.0,41.0,4.0,2.0,6339.0,4971.0,57.0,8.0,3.0,13091.0,8593.0,117.0,13.0,5.0,top: Renekton / jng: Zaahen / mid: Taliyah / bot: Corki / sup: Nautilus,2026-02-08,FlyQuest,top: Gnar / jng: Wukong / mid: Ryze / bot: Sion / sup: Senna,0,5.0,3803.0,1587.0,16.0,10.730902969668477,True,Grew by >500g
LOLTMNT02_349408,complete,LCS,Lock-In,0,2026-02-08 23:52:40,2,16.03,200,Red,FlyQuest,oe:team:2e66da41dc460dd378e3bcc57042d31,2324,1,-68.0,-642.0,-6.0,5.0,6.0,887.0,-724.0,-4.0,6.0,6.0,167.0,-3586.0,18.0,6.0,6.0,top: Jayce / jng: Trundle / mid: Orianna / bot: Ezreal / sup: Karma,2026-02-08,Cloud9,top: K'Sante / jng: Nidalee / mid: Azir / bot: Yunara / sup: Lulu,0,0.0,955.0,-82.0,2.0,-10.730902969668477,True,Shrank by >500g
LOLTMNT02_349412,complete,LCS,Lock-In,0,2026-02-09 00:51:15,3,16.03,100,Blue,Cloud9,oe:team:fc8e90107dabb9a35c490b0d86adea0,1479,1,5694.0,3981.0,78.0,8.0,1.0,11230.0,7954.0,100.0,16.0,2.0,17753.0,14533.0,137.0,26.0,5.0,top: Aurora / jng: Nocturne / mid: Neeko / bot: Varus / sup: Rakan,2026-02-09,FlyQuest,top: Rumble / jng: Vi / mid: Sylas / bot: Jhin / sup: Alistar,1,14.0,5536.0,3973.0,22.0,9.495854807297292,True,Won before 25
LOLTMNT02_349426,complete,LCS,Lock-In,0,2026-02-09 01:41:45,1,16.03,200,Red,Dignitas,oe:team:0dbb780176ecad18f17292d1f5653af,2798,0,593.0,-493.0,2.0,2.0,2.0,94.0,-415.0,3.0,3.0,4.0,-3421.0,-6782.0,16.0,4.0,10.0,top: Renekton / jng: Pantheon / mid: Taliyah / bot: Aphelios / sup: Thresh,2026-02-09,Team Liquid,top: Sion / jng: Jarvan IV / mid: Ryze / bot: Ezreal / sup: Neeko,0,-1.0,-499.0,78.0,1.0,-8.597285759074566,True,Lead lost by 25
13114-13114_game_1,complete,LPL,Split 1,1,2026-02-09 06:09:38,1,16.02,100,Blue,Team WE,oe:team:62c1cd9465dc63824593ee5046f5aa8,2557,1,-1592.0,-1860.0,-23.0,6.0,7.0,1837.0,1994.0,-6.0,14.0,10.0,1244.0,2979.0,-9.0,19.0,16.0,top: Rumble / jng: Skarner / mid: Azir / bot: Aphelios / sup: Lulu,2026-02-09,Top Esports,top: Ambessa / jng: Pantheon / mid: Orianna / bot: Jhin / sup: Neeko,1,4.0,3429.0,3854.0,17.0,17.973149999668067,True,Shrank by >500g
13115-13115_game_1,complete,LPL,Split 1,1,2026-02-09 11:24:39,1,16.02,100,Blue,Ninjas in Pyjamas,oe:team:48d7941ccbd5b89aca46c57b0c2f8fb,2496,0,4175.0,3918.0,37.0,7.0,1.0,5397.0,4443.0,38.0,7.0,1.0,11527.0,9245.0,12.0,13.0,2.0,top: Varus / jng: Qiyana / mid: Ryze / bot: Jhin / sup: Bard,2026-02-09,Invictus Gaming,top: Rumble / jng: Jarvan IV / mid: Cassiopeia / bot: Miss Fortune / sup: Alistar,1,6.0,1222.0,525.0,1.0,136.03598807143703,True,Grew by >500g
13116-13116_game_1,complete,LPL,Split 1,1,2026-02-10 06:09:39,1,16.02,200,Red,LNG Esports,oe:team:a9145b7711873f53e610fbba0493484,1613,1,1920.0,1664.0,24.0,2.0,1.0,2252.0,2482.0,39.0,4.0,3.0,5673.0,10969.0,67.0,7.0,3.0,top: Rumble / jng: Xin Zhao / mid: Cassiopeia / bot: Corki / sup: Neeko,2026-02-10,ThunderTalk Gaming,top: Kennen / jng: Jarvan IV / mid: Ryze / bot: Yunara / sup: Alistar,0,1.0,332.0,818.0,15.0,175.6086293872704,True,Grew by >500g
13116-13116_game_2,complete,LPL,Split 1,1,2026-02-10 06:57:56,2,16.02,200,Red,LNG Esports,oe:team:a9145b7711873f53e610fbba0493484,2582,1,2558.0,2949.0,45.0,8.0,4.0,5252.0,4976.0,76.0,11.0,5.0,3644.0,847.0,96.0,13.0,8.0,top: Gnar / jng: Wukong / mid: Azir / bot: Sivir / sup: Leona,2026-02-10,ThunderTalk Gaming,top: Jax / jng: Vi / mid: Ahri / bot: Aphelios / sup: Thresh,0,6.0,2694.0,2027.0,31.0,175.6086293872704,True,Shrank by >500g
13116-13116_game_3,complete,LPL,Split 1,1,2026-02-10 08:04:22,3,16.02,100,Blue,LNG Esports,oe:team:a9145b7711873f53e610fbba0493484,2363,1,1679.0,-101.0,16.0,3.0,2.0,3934.0,1970.0,32.0,4.0,3.0,2267.0,365.0,12.0,5.0,7.0,top: Aurora / jng: Trundle / mid: Yone / bot: Miss Fortune / sup: Rell,2026-02-10,ThunderTalk Gaming,top: Gwen / jng: Naafiri / mid: Taliyah / bot: Varus / sup: Nautilus,1,1.0,2255.0,2071.0,16.0,175.6086293872704,True,Shrank by >500g
13117-13117_game_1,complete,LPL,Split 1,1,2026-02-10 09:32:27,1,16.02,200,Red,EDward Gaming,oe:team:056c3140a119e44a03d462e2c832f27,2484,0,1002.0,-510.0,-4.0,2.0,1.0,1534.0,-248.0,13.0,2.0,1.0,2322.0,1297.0,48.0,3.0,2.0,top: Renekton / jng: Pantheon / mid: Azir / bot: Miss Fortune / sup: Rell,2026-02-10,Oh My God,top: K'Sante / jng: Xin Zhao / mid: LeBlanc / bot: Jhin / sup: Neeko,0,1.0,532.0,262.0,17.0,41.820651511674896,True,Grew by >500g
13117-13117_game_2,complete,LPL,Split 1,1,2026-02-10 10:37:42,2,16.02,100,Blue,Oh My God,oe:team:f4c4528c6981e104a11ea7548630c23,2249,1,-1867.0,-435.0,15.0,4.0,10.0,172.0,-94.0,6.0,6.0,10.0,3322.0,5144.0,1.0,12.0,13.0,top: Rumble / jng: Vi / mid: Taliyah / bot: Ashe / sup: Seraphine,2026-02-10,EDward Gaming,top: Ornn / jng: Jarvan IV / mid: Ahri / bot: Corki / sup: Bard,1,-4.0,2039.0,341.0,-9.0,-41.820651511674896,True,Grew by >500g
13117-13117_game_4,complete,LPL,Split 1,1,2026-02-10 12:34:34,4,16.02,100,Blue,EDward Gaming,oe:team:056c3140a119e44a03d462e2c832f27,2646,0,1621.0,170.0,51.0,5.0,6.0,1074.0,-1198.0,22.0,5.0,7.0,3974.0,4574.0,22.0,8.0,7.0,top: Nidalee / jng: Trundle / mid: Viktor / bot: Yunara / sup: Lulu,2026-02-10,Oh My God,top: Gnar / jng: Zac / mid: Yone / bot: Aphelios / sup: Thresh,1,-2.0,-547.0,-1368.0,-29.0,41.820651511674896,True,Grew by >500g
13118-13118_game_1,complete,LPL,Split 1,1,2026-02-11 06:11:04,1,16.02,100,Blue,Oh My God,oe:team:f4c4528c6981e104a11ea7548630c23,2776,0,149.0,212.0,10.0,1.0,2.0,470.0,-1624.0,-6.0,1.0,2.0,-2240.0,-3406.0,-18.0,3.0,6.0,top: Ambessa / jng: Xin Zhao / mid: Galio / bot: Varus / sup: Alistar,2026-02-11,Invictus Gaming,top: Gwen / jng: Vi / mid: Sylas / bot: Corki / sup: Neeko,1,-1.0,321.0,-1836.0,-16.0,105.69318751507376,True,Lead lost by 25
13118-13118_game_2,complete,LPL,Split 1,1,2026-02-11 07:20:17,2,16.02,100,Blue,Invictus Gaming,oe:team:53a258f289c26d94431c0496a54e151,1886,1,3100.0,2307.0,65.0,3.0,1.0,5417.0,3158.0,96.0,3.0,2.0,9870.0,11745.0,132.0,6.0,2.0,top: Rumble / jng: Wukong / mid: Ryze / bot: Jhin / sup: Rakan,2026-02-11,Oh My God,top: K'Sante / jng: Dr. Mundo / mid: Azir / bot: Ashe / sup: Seraphine,1,1.0,2317.0,851.0,31.0,-105.69318751507376,True,Grew by >500g
13119-13119_game_1,complete,LPL,Split 1,1,2026-02-11 09:17:05,1,16.02,200,Red,Team WE,oe:team:62c1cd9465dc63824593ee5046f5aa8,2267,1,825.0,738.0,-41.0,9.0,7.0,1263.0,643.0,-48.0,11.0,7.0,1681.0,289.0,-52.0,13.0,8.0,top: K'Sante / jng: Jarvan IV / mid: Ahri / bot: Yunara / sup: Lulu,2026-02-11,LNG Esports,top: Gnar / jng: Vi / mid: Ryze / bot: Varus / sup: Nautilus,0,4.0,438.0,-95.0,-7.0,-102.16272578582948,True,Within 500g
13119-13119_game_2,complete,LPL,Split 1,1,2026-02-11 10:16:45,2,16.02,200,Red,LNG Esports,oe:team:a9145b7711873f53e610fbba0493484,2178,0,2045.0,2149.0,39.0,6.0,4.0,4709.0,2967.0,44.0,9.0,5.0,8741.0,7348.0,5.0,17.0,7.0,top: Rumble / jng: Jax / mid: Orianna / bot: Lucian / sup: Nami,2026-02-11,Team WE,top: Ornn / jng: Xin Zhao / mid: Azir / bot: Ashe / sup: Seraphine,0,4.0,2664.0,818.0,5.0,102.16272578582948,True,Grew by >500g
13119-13119_game_3,complete,LPL,Split 1,1,2026-02-11 11:15:40,3,16.02,200,Red,LNG Esports,oe:team:a9145b7711873f53e610fbba0493484,1857,1,484.0,350.0,15.0,3.0,1.0,1426.0,2803.0,17.0,9.0,4.0,1271.0,1662.0,-48.0,15.0,6.0,top: Kennen / jng: Wukong / mid: Zoe / bot: Ezreal / sup: Karma,2026-02-11,Team WE,top: Aurora / jng: Sylas / mid: Yone / bot: Sivir / sup: Alistar,0,5.0,942.0,2453.0,2.0,102.16272578582948,True,Within 500g
13119-13119_game_4,complete,LPL,Split 1,1,2026-02-11 12:10:08,4,16.02,200,Red,Team WE,oe:team:62c1cd9465dc63824593ee5046f5aa8,2327,1,1944.0,1140.0,-11.0,7.0,2.0,3221.0,647.0,-16.0,10.0,5.0,2093.0,-304.0,-2.0,10.0,7.0,top: Aatrox / jng: Jayce / mid: Akali / bot: Jhin / sup: Leona,2026-02-11,LNG Esports,top: Sion / jng: Kha'Zix / mid: Syndra / bot: Miss Fortune / sup: Rell,0,5.0,1277.0,-493.0,-5.0,-102.16272578582948,True,Shrank by >500g
LOLTMNT02_351343,complete,LCP,Split 1,1,2026-02-12 06:11:43,1,16.03,200,Red,GAM Esports,oe:team:9cae7677cd0dbcc1cd86653870b73c2,2159,0,225.0,-176.0,-2.0,4.0,4.0,2357.0,1165.0,1.0,7.0,6.0,2561.0,2249.0,15.0,8.0,7.0,top: K'Sante / jng: Wukong / mid: Orianna / bot: Yunara / sup: Neeko,2026-02-12,Fukuoka SoftBank HAWKS gaming,top: Rumble / jng: Pantheon / mid: Akali / bot: Corki / sup: Bard,0,1.0,2132.0,1341.0,3.0,51.73237149467286,True,Within 500g
LOLTMNT02_351354,complete,LCP,Split 1,1,2026-02-12 07:07:55,2,16.03,200,Red,GAM Esports,oe:team:9cae7677cd0dbcc1cd86653870b73c2,2206,0,3223.0,3537.0,54.0,7.0,2.0,2283.0,574.0,61.0,10.0,7.0,321.0,-3745.0,80.0,11.0,11.0,top: Renekton / jng: Xin Zhao / mid: Mel / bot: Ezreal / sup: Leona,2026-02-12,Fukuoka SoftBank HAWKS gaming,top: Sion / jng: Vi / mid: Ahri / bot: Miss Fortune / sup: Alistar,0,3.0,-940.0,-2963.0,7.0,51.73237149467286,True,Shrank by >500g
LOLTMNT02_352361,complete,LCP,Split 1,1,2026-02-12 08:04:04,3,16.03,100,Blue,Fukuoka SoftBank HAWKS gaming,oe:team:d8ca3fc1f0827ec76369af7b70d43e3,1615,1,1929.0,1463.0,8.0,6.0,1.0,4555.0,408.0,10.0,7.0,1.0,9082.0,4996.0,-3.0,12.0,2.0,top: Zaahen / jng: Lee Sin / mid: Ryze / bot: Aphelios / sup: Thresh,2026-02-12,GAM Esports,top: Gnar / jng: Aatrox / mid: Taliyah / bot: Kai'Sa / sup: Nautilus,1,6.0,2626.0,-1055.0,2.0,-51.73237149467286,True,Grew by >500g
LOLTMNT02_352362,complete,LCK,Cup,0,2026-02-12 08:04:05,1,16.03,100,Blue,DN SOOPers,oe:team:b3c72a20aa56f5d28022ac04a7dc294,1705,1,1281.0,140.0,-1.0,2.0,2.0,5983.0,3838.0,9.0,10.0,4.0,9207.0,8005.0,27.0,15.0,5.0,top: Ambessa / jng: Nocturne / mid: Orianna / bot: Yunara / sup: Rakan,2026-02-12,BNK FEARX,top: Aurora / jng: Jarvan IV / mid: Azir / bot: Ezreal / sup: Bard,1,6.0,4702.0,3698.0,10.0,-29.40427836425647,True,Grew by >500g
LOLTMNT02_351385,complete,LCK,Cup,0,2026-02-12 08:55:20,2,16.03,200,Red,BNK FEARX,oe:team:5c2e7e9ea8dfcba0150d9a5619baecf,2261,1,3155.0,756.0,-23.0,8.0,3.0,4051.0,2344.0,-14.0,9.0,3.0,3597.0,1555.0,-18.0,9.0,5.0,top: Renekton / jng: Lee Sin / mid: Ryze / bot: Sivir / sup: Karma,2026-02-12,DN SOOPers,top: Gnar / jng: Wukong / mid: Cassiopeia / bot: Corki / sup: Alistar,0,6.0,896.0,1588.0,9.0,29.40427836425647,True,Within 500g
LOLTMNT02_351402,complete,LCK,Cup,0,2026-02-12 09:56:42,3,16.03,100,Blue,BNK FEARX,oe:team:5c2e7e9ea8dfcba0150d9a5619baecf,1523,1,1441.0,224.0,-3.0,4.0,4.0,4500.0,2196.0,26.0,9.0,7.0,9881.0,10160.0,34.0,17.0,8.0,top: K'Sante / jng: Pantheon / mid: Ahri / bot: Xayah / sup: Poppy,2026-02-12,DN SOOPers,top: Gwen / jng: Vi / mid: Akali / bot: Jhin / sup: Leona,1,2.0,3059.0,1972.0,29.0,29.40427836425647,True,Grew by >500g
LOLTMNT02_352407,complete,LCK,Cup,0,2026-02-12 10:48:56,4,16.03,200,Red,DN SOOPers,oe:team:b3c72a20aa56f5d28022ac04a7dc294,1797,1,1722.0,1744.0,56.0,6.0,6.0,2203.0,1612.0,57.0,9.0,9.0,174.0,-3390.0,38.0,9.0,11.0,top: Zaahen / jng: Dr. Mundo / mid: Zoe / bot: Caitlyn / sup: Neeko,2026-02-12,BNK FEARX,top: Rek'Sai / jng: Xin Zhao / mid: Taliyah / bot: Kalista / sup: Renata Glasc,0,0.0,481.0,-132.0,1.0,-29.40427836425647,True,Shrank by >500g
LOLTMNT02_352429,complete,LCK,Cup,0,2026-02-12 11:41:51,5,16.03,200,Red,BNK FEARX,oe:team:5c2e7e9ea8dfcba0150d9a5619baecf,2239,1,2240.0,2759.0,40.0,7.0,3.0,4030.0,3233.0,61.0,8.0,4.0,3657.0,2412.0,77.0,12.0,8.0,top: Sion / jng: Zac / mid: Galio / bot: Aphelios / sup: Thresh,2026-02-12,DN SOOPers,top: Jax / jng: Rammus / mid: Smolder / bot: Miss Fortune / sup: Rell,0,4.0,1790.0,474.0,21.0,29.40427836425647,True,Within 500g
LOLTMNT02_352755,complete,LCP,Split 1,1,2026-02-13 06:13:56,1,16.03,100,Blue,CTBC Flying Oyster,oe:team:0916b3c324c8577b0c6344f3e067f62,2100,0,-728.0,-695.0,-35.0,3.0,2.0,1313.0,1288.0,-20.0,8.0,5.0,-147.0,658.0,-8.0,9.0,7.0,top: Sion / jng: Ambessa / mid: Akali / bot: Kai'Sa / sup: Alistar,2026-02-13,Ground Zero Gaming,top: K'Sante / jng: Pantheon / mid: Orianna / bot: Yunara / sup: Rakan,1,3.0,2041.0,1983.0,15.0,-17.364383066459823,True,Lead lost by 25
LOLTMNT02_352763,complete,LCP,Split 1,1,2026-02-13 07:12:32,2,16.03,100,Blue,Ground Zero Gaming,oe:team:788115a84f68bc65fa6d3a4e0f67a3e,2460,1,-35.0,-1672.0,-20.0,5.0,4.0,1993.0,654.0,-16.0,9.0,5.0,6118.0,7068.0,26.0,17.0,7.0,top: Gnar / jng: Xin Zhao / mid: LeBlanc / bot: Jhin / sup: Neeko,2026-02-13,CTBC Flying Oyster,top: Rumble / jng: Vi / mid: Taliyah / bot: Ezreal / sup: Karma,1,4.0,2028.0,2326.0,4.0,17.364383066459823,True,Grew by >500g
LOLTMNT02_352782,complete,LCK,Cup,0,2026-02-13 08:06:47,1,16.03,200,Red,Kiwoom DRX,oe:team:1d0389df0c5eea93b04122ba167c010,2019,1,-1451.0,-2390.0,-50.0,5.0,7.0,1018.0,-21.0,-82.0,9.0,7.0,4156.0,10074.0,-42.0,15.0,9.0,top: Kennen / jng: Xin Zhao / mid: Orianna / bot: Corki / sup: Nautilus,2026-02-13,Dplus Kia,top: Jayce / jng: Ambessa / mid: Azir / bot: Jhin / sup: Bard,0,2.0,2469.0,2369.0,-32.0,-16.396195171656473,True,Grew by >500g
LOLTMNT02_351765,complete,LCP,Split 1,1,2026-02-13 08:14:10,3,16.03,200,Red,CTBC Flying Oyster,oe:team:0916b3c324c8577b0c6344f3e067f62,1639,1,4143.0,3916.0,86.0,7.0,3.0,5985.0,6426.0,109.0,11.0,5.0,9991.0,9786.0,100.0,17.0,5.0,top: Renekton / jng: Wukong / mid: Aurora / bot: Ashe / sup: Seraphine,2026-02-13,Ground Zero Gaming,top: Gragas / jng: Aatrox / mid: Sylas / bot: Lucian / sup: Nami,0,6.0,1842.0,2510.0,23.0,-17.364383066459823,True,Grew by >500g
LOLTMNT02_351782,complete,LCP,Split 1,1,2026-02-13 09:02:54,4,16.03,200,Red,CTBC Flying Oyster,oe:team:0916b3c324c8577b0c6344f3e067f62,2238,0,174.0,300.0,28.0,3.0,5.0,1513.0,122.0,34.0,5.0,6.0,1770.0,745.0,40.0,5.0,6.0,top: Jayce / jng: Qiyana / mid: Ryze / bot: Smolder / sup: Rell,2026-02-13,Ground Zero Gaming,top: Ornn / jng: Naafiri / mid: Anivia / bot: Varus / sup: Leona,0,-1.0,1339.0,-178.0,6.0,-17.364383066459823,True,Within 500g
LOLTMNT02_352790,complete,LCK,Cup,0,2026-02-13 09:03:09,2,16.03,100,Blue,Dplus Kia,oe:team:ef69efa6acebe94107f0cf1ba716806,2513,1,4785.0,3656.0,89.0,3.0,0.0,6923.0,4178.0,109.0,4.0,0.0,4426.0,2939.0,100.0,9.0,6.0,top: Gnar / jng: Dr. Mundo / mid: Zoe / bot: Ashe / sup: Seraphine,2026-02-13,Kiwoom DRX,top: Aurora / jng: Zaahen / mid: Sylas / bot: Yunara / sup: Karma,1,4.0,2138.0,522.0,20.0,16.396195171656473,True,Shrank by >500g
LOLTMNT02_351807,complete,LCK,Cup,0,2026-02-13 10:06:25,3,16.03,100,Blue,Dplus Kia,oe:team:ef69efa6acebe94107f0cf1ba716806,2514,0,-307.0,-798.0,36.0,1.0,2.0,889.0,87.0,40.0,3.0,2.0,4403.0,2884.0,61.0,7.0,4.0,top: K'Sante / jng: Nocturne / mid: Viktor / bot: Varus / sup: Alistar,2026-02-13,Kiwoom DRX,top: Renekton / jng: Olaf / mid: Ryze / bot: Sivir / sup: Poppy,1,1.0,1196.0,885.0,4.0,16.396195171656473,True,Grew by >500g
LOLTMNT02_352851,complete,LCK,Cup,0,2026-02-13 11:11:59,4,16.03,100,Blue,Dplus Kia,oe:team:ef69efa6acebe94107f0cf1ba716806,1621,1,463.0,1786.0,43.0,3.0,2.0,5830.0,5250.0,86.0,6.0,2.0,10363.0,11821.0,117.0,9.0,2.0,top: Jax / jng: Vi / mid: Taliyah / bot: Ziggs / sup: Rakan,2026-02-13,Kiwoom DRX,top: Sion / jng: Naafiri / mid: Galio / bot: Kalista / sup: Renata Glasc,1,4.0,5367.0,3464.0,43.0,16.396195171656473,True,Grew by >500g
LOLTMNT02_351868,complete,LCK,Cup,0,2026-02-13 12:01:25,5,16.03,100,Blue,Dplus Kia,oe:team:ef69efa6acebe94107f0cf1ba716806,1803,1,613.0,-1113.0,-6.0,3.0,3.0,288.0,-1867.0,-6.0,4.0,4.0,4352.0,4857.0,41.0,7.0,4.0,top: Gwen / jng: Lee Sin / mid: Twisted Fate / bot: Jinx / sup: Thresh,2026-02-13,Kiwoom DRX,top: Rumble / jng: Sejuani / mid: Tristana / bot: Aphelios / sup: Lulu,1,0.0,-325.0,-754.0,0.0,16.396195171656473,True,Grew by >500g
LOLTMNT02_354227,complete,LCP,Split 1,1,2026-02-14 06:15:12,1,16.03,100,Blue,Fukuoka SoftBank HAWKS gaming,oe:team:d8ca3fc1f0827ec76369af7b70d43e3,1892,1,1131.0,986.0,18.0,1.0,0.0,3739.0,2426.0,33.0,5.0,2.0,5284.0,2724.0,17.0,7.0,2.0,top: K'Sante / jng: Pantheon / mid: Aurora / bot: Kai'Sa / sup: Neeko,2026-02-14,Team Secret Whales,top: Renekton / jng: Xin Zhao / mid: Galio / bot: Yunara / sup: Lulu,1,3.0,2608.0,1440.0,15.0,-79.61245441712958,True,Grew by >500g
LOLTMNT02_354231,complete,LCP,Split 1,1,2026-02-14 07:06:51,2,16.03,100,Blue,Fukuoka SoftBank HAWKS gaming,oe:team:d8ca3fc1f0827ec76369af7b70d43e3,1885,0,-299.0,-1102.0,-57.0,4.0,2.0,755.0,796.0,-50.0,8.0,3.0,991.0,2153.0,-45.0,12.0,7.0,top: Ambessa / jng: Lee Sin / mid: Orianna / bot: Miss Fortune / sup: Rell,2026-02-14,Team Secret Whales,top: Gwen / jng: Jarvan IV / mid: Akali / bot: Corki / sup: Nautilus,1,5.0,1054.0,1898.0,7.0,-79.61245441712958,True,Within 500g
LOLTMNT02_353226,complete,LCP,Split 1,1,2026-02-14 07:58:14,3,16.03,100,Blue,Team Secret Whales,oe:team:740de582f50775c516c77ed7b923fd5,1513,1,5041.0,3468.0,71.0,6.0,2.0,7852.0,6111.0,106.0,9.0,3.0,18557.0,16539.0,172.0,21.0,4.0,top: Jax / jng: Dr. Mundo / mid: Ahri / bot: Aphelios / sup: Thresh,2026-02-14,Fukuoka SoftBank HAWKS gaming,top: Sion / jng: Zaahen / mid: Azir / bot: Sivir / sup: Bard,1,6.0,2811.0,2643.0,35.0,79.61245441712958,True,Grew by >500g
LOLTMNT02_354256,complete,LCK,Cup,0,2026-02-14 08:07:25,1,16.03,200,Red,Gen.G,oe:team:50f58982d91a36557ec8aec52ab014f,1869,1,4418.0,1462.0,20.0,6.0,1.0,6927.0,4459.0,43.0,9.0,1.0,11017.0,10722.0,78.0,17.0,4.0,top: Rumble / jng: Vi / mid: Taliyah / bot: Jhin / sup: Rakan,2026-02-14,Dplus Kia,top: Ornn / jng: Jarvan IV / mid: Azir / bot: Ezreal / sup: Yuumi,0,8.0,2509.0,2997.0,23.0,75.95641559871046,True,Grew by >500g
LOLTMNT02_353235,complete,LCP,Split 1,1,2026-02-14 08:43:57,4,16.03,200,Red,Fukuoka SoftBank HAWKS gaming,oe:team:d8ca3fc1f0827ec76369af7b70d43e3,1642,0,1874.0,2993.0,12.0,9.0,5.0,1580.0,2472.0,14.0,11.0,6.0,-5454.0,-7650.0,-5.0,14.0,17.0,top: Yorick / jng: Nocturne / mid: Taliyah / bot: Jhin / sup: Leona,2026-02-14,Team Secret Whales,top: Cho'Gath / jng: Vi / mid: Sylas / bot: Caitlyn / sup: Braum,0,5.0,-294.0,-521.0,2.0,-79.61245441712958,True,Lead lost by 25
LOLTMNT02_354263,complete,LCK,Cup,0,2026-02-14 09:01:24,2,16.03,200,Red,Gen.G,oe:team:50f58982d91a36557ec8aec52ab014f,2430,0,-340.0,-1471.0,4.0,4.0,6.0,847.0,-964.0,19.0,4.0,6.0,-425.0,-3613.0,6.0,4.0,7.0,top: Jayce / jng: Xin Zhao / mid: Ahri / bot: Corki / sup: Nami,2026-02-14,Dplus Kia,top: Gwen / jng: Wukong / mid: Cassiopeia / bot: Yunara / sup: Lulu,0,-2.0,1187.0,507.0,15.0,75.95641559871046,True,Lead lost by 25
LOLTMNT02_353283,complete,LCK,Cup,0,2026-02-14 10:10:21,3,16.03,200,Red,Gen.G,oe:team:50f58982d91a36557ec8aec52ab014f,1912,1,2711.0,1606.0,25.0,6.0,4.0,5990.0,4569.0,75.0,8.0,4.0,9998.0,12271.0,114.0,10.0,4.0,top: Zaahen / jng: Pantheon / mid: Ryze / bot: Kalista / sup: Renata Glasc,2026-02-14,Dplus Kia,top: Jax / jng: Dr. Mundo / mid: Malzahar / bot: Ashe / sup: Seraphine,0,4.0,3279.0,2963.0,50.0,75.95641559871046,True,Grew by >500g
LOLTMNT02_353312,complete,LCK,Cup,0,2026-02-14 11:05:18,4,16.03,100,Blue,Gen.G,oe:team:50f58982d91a36557ec8aec52ab014f,2691,1,1024.0,484.0,16.0,5.0,4.0,1748.0,-176.0,10.0,6.0,6.0,750.0,-3017.0,9.0,7.0,9.0,top: Rek'Sai / jng: Nocturne / mid: Aurora / bot: Miss Fortune / sup: Rell,2026-02-14,Dplus Kia,top: Sion / jng: Aatrox / mid: Anivia / bot: Aphelios / sup: Thresh,1,0.0,724.0,-660.0,-6.0,75.95641559871046,True,Shrank by >500g
LOLTMNT02_353419,complete,CBLOL,Cup,0,2026-02-14 16:11:54,1,16.03,100,Blue,Leviatan,oe:team:53ef3d5a3ac5d88bc000eff7d87aeb3,2157,1,3481.0,2660.0,49.0,5.0,2.0,3980.0,4170.0,68.0,5.0,3.0,3642.0,2221.0,62.0,5.0,4.0,top: Rumble / jng: Vi / mid: Ryze / bot: Xayah / sup: Rakan,2026-02-14,Vivo Keyd Stars,top: K'Sante / jng: Jarvan IV / mid: Taliyah / bot: Yunara / sup: Nautilus,1,2.0,499.0,1510.0,19.0,14.493771256988566,True,Within 500g
LOLTMNT02_353442,complete,CBLOL,Cup,0,2026-02-14 17:06:13,2,16.03,200,Red,Vivo Keyd Stars,oe:team:b9e44c69c1a70fb35df9be96f9eafea,2323,0,-444.0,831.0,51.0,1.0,3.0,663.0,1125.0,39.0,2.0,3.0,920.0,1621.0,45.0,6.0,6.0,top: Aatrox / jng: Wukong / mid: Orianna / bot: Corki / sup: Alistar,2026-02-14,Leviatan,top: Sion / jng: Nocturne / mid: Aurora / bot: Kai'Sa / sup: Leona,0,-1.0,1107.0,294.0,-12.0,-14.493771256988566,True,Within 500g
LOLTMNT02_354488,complete,CBLOL,Cup,0,2026-02-14 18:03:57,3,16.03,200,Red,Vivo Keyd Stars,oe:team:b9e44c69c1a70fb35df9be96f9eafea,1967,1,710.0,264.0,0.0,4.0,4.0,1958.0,1323.0,19.0,7.0,6.0,1563.0,1408.0,24.0,8.0,7.0,top: Ornn / jng: Qiyana / mid: Viktor / bot: Ezreal / sup: Neeko,2026-02-14,Leviatan,top: Kennen / jng: Pantheon / mid: Zoe / bot: Lucian / sup: Nami,0,1.0,1248.0,1059.0,19.0,-14.493771256988566,True,Within 500g
LOLTMNT02_353454,complete,CBLOL,Cup,0,2026-02-14 18:57:03,4,16.03,100,Blue,Leviatan,oe:team:53ef3d5a3ac5d88bc000eff7d87aeb3,2185,1,3395.0,1328.0,42.0,5.0,2.0,3732.0,920.0,34.0,6.0,3.0,5842.0,5864.0,29.0,8.0,3.0,top: Renekton / jng: Trundle / mid: Ahri / bot: Sivir / sup: Rell,2026-02-14,Vivo Keyd Stars,top: Jax / jng: Sejuani / mid: Yone / bot: Smolder / sup: Bard,1,3.0,337.0,-408.0,-8.0,14.493771256988566,True,Grew by >500g
LOLTMNT02_354540,complete,LCS,Lock-In,0,2026-02-14 21:11:50,1,16.03,200,Red,Disguised,oe:team:289284911fb6f41c0ccaecc3a0c2891,1975,1,3023.0,2236.0,37.0,6.0,2.0,5078.0,2142.0,50.0,6.0,2.0,5388.0,1230.0,80.0,9.0,4.0,top: Ambessa / jng: Nocturne / mid: Akali / bot: Ezreal / sup: Karma,2026-02-14,Sentinels,top: Sion / jng: Aatrox / mid: Orianna / bot: Jhin / sup: Neeko,0,4.0,2055.0,-94.0,13.0,-5.387298356200745,True,Within 500g
LOLTMNT02_353493,complete,LCS,Lock-In,0,2026-02-14 22:05:04,2,16.03,100,Blue,Sentinels,oe:team:f90422f1cbcb24bc2a855202582ec29,2084,1,1831.0,1597.0,22.0,5.0,3.0,2575.0,1751.0,14.0,6.0,3.0,-629.0,-638.0,-16.0,11.0,9.0,top: Gnar / jng: Jarvan IV / mid: Ryze / bot: Ashe / sup: Seraphine,2026-02-14,Disguised,top: Renekton / jng: Pantheon / mid: Anivia / bot: Kai'Sa / sup: Blitzcrank,1,3.0,744.0,154.0,-8.0,5.387298356200745,True,Lead lost by 25
LOLTMNT02_354548,complete,LCS,Lock-In,0,2026-02-14 22:58:02,3,16.03,100,Blue,Sentinels,oe:team:f90422f1cbcb24bc2a855202582ec29,2135,0,1044.0,558.0,16.0,2.0,0.0,1453.0,2054.0,32.0,3.0,1.0,4703.0,6438.0,50.0,9.0,2.0,top: Kennen / jng: Wukong / mid: Viktor / bot: Yunara / sup: Rell,2026-02-14,Disguised,top: Nasus / jng: Ivern / mid: Yone / bot: Senna / sup: Nautilus,1,2.0,409.0,1496.0,16.0,5.387298356200745,True,Grew by >500g
LOLTMNT02_354552,complete,LCS,Lock-In,0,2026-02-14 23:52:02,4,16.03,100,Blue,Sentinels,oe:team:f90422f1cbcb24bc2a855202582ec29,1926,1,2853.0,2328.0,-3.0,6.0,1.0,4580.0,3560.0,2.0,7.0,1.0,5083.0,3966.0,14.0,10.0,3.0,top: Zaahen / jng: Vi / mid: Veigar / bot: Miss Fortune / sup: Leona,2026-02-14,Disguised,top: Jax / jng: Dr. Mundo / mid: Ahri / bot: Corki / sup: Nami,1,6.0,1727.0,1232.0,5.0,5.387298356200745,True,Grew by >500g
LOLTMNT02_353505,complete,LCS,Lock-In,0,2026-02-15 00:41:15,5,16.03,100,Blue,Sentinels,oe:team:f90422f1cbcb24bc2a855202582ec29,1971,1,1504.0,3050.0,90.0,2.0,1.0,819.0,2491.0,71.0,3.0,2.0,2324.0,2958.0,87.0,6.0,4.0,top: Galio / jng: Xin Zhao / mid: Hwei / bot: Varus / sup: Rakan,2026-02-15,Disguised,top: Rumble / jng: Sejuani / mid: Tristana / bot: Sivir / sup: Bard,1,1.0,-685.0,-559.0,-19.0,4.146926474594011,True,Grew by >500g
LOLTMNT02_354588,complete,LCP,Split 1,1,2026-02-15 06:12:21,1,16.03,200,Red,Deep Cross Gaming,oe:team:7e56e9367c023df96cc8257ff4e16c0,2266,1,-808.0,-1815.0,-41.0,1.0,2.0,1192.0,1048.0,-16.0,7.0,6.0,1408.0,1196.0,9.0,11.0,9.0,top: Renekton / jng: Vi / mid: Taliyah / bot: Varus / sup: Poppy,2026-02-15,Ground Zero Gaming,top: K'Sante / jng: Jarvan IV / mid: Ryze / bot: Sivir / sup: Rell,0,1.0,2000.0,2863.0,25.0,34.4516812396098,True,Within 500g
LOLTMNT02_354593,complete,LCP,Split 1,1,2026-02-15 07:11:13,2,16.03,200,Red,Deep Cross Gaming,oe:team:7e56e9367c023df96cc8257ff4e16c0,2506,0,380.0,964.0,20.0,3.0,3.0,1125.0,1834.0,24.0,8.0,6.0,-25.0,2924.0,24.0,12.0,13.0,top: Rumble / jng: Trundle / mid: Cassiopeia / bot: Corki / sup: Bard,2026-02-15,Ground Zero Gaming,top: Sion / jng: Pantheon / mid: Anivia / bot: Yunara / sup: Nami,0,2.0,745.0,870.0,4.0,34.4516812396098,True,Lead lost by 25
LOLTMNT02_353559,complete,LCK,Cup,0,2026-02-15 08:05:24,1,16.03,200,Red,T1,oe:team:ce499dea30cfce118f4fe85da0227e8,1873,0,-2874.0,-2016.0,-24.0,6.0,8.0,107.0,2737.0,-5.0,15.0,11.0,-1983.0,-3782.0,8.0,17.0,16.0,top: Ornn / jng: Xin Zhao / mid: Azir / bot: Jinx / sup: Thresh,2026-02-15,BNK FEARX,top: Rumble / jng: Pantheon / mid: Orianna / bot: Aphelios / sup: Lulu,0,4.0,2981.0,4753.0,19.0,49.585929228198665,True,Lead lost by 25
LOLTMNT02_353560,complete,LCP,Split 1,1,2026-02-15 08:13:49,3,16.03,200,Red,Deep Cross Gaming,oe:team:7e56e9367c023df96cc8257ff4e16c0,1924,1,4061.0,3666.0,-5.0,6.0,0.0,2820.0,4042.0,27.0,9.0,5.0,4315.0,4310.0,12.0,13.0,7.0,top: Gnar / jng: Jax / mid: Aurora / bot: Ezreal / sup: Nautilus,2026-02-15,Ground Zero Gaming,top: Camille / jng: Xin Zhao / mid: Ahri / bot: Ashe / sup: Braum,0,4.0,-1241.0,376.0,32.0,34.4516812396098,True,Grew by >500g
LOLTMNT02_353572,complete,LCK,Cup,0,2026-02-15 09:00:12,2,16.03,100,Blue,BNK FEARX,oe:team:5c2e7e9ea8dfcba0150d9a5619baecf,2046,0,545.0,265.0,24.0,4.0,5.0,1867.0,1569.0,26.0,6.0,6.0,367.0,-1748.0,31.0,7.0,8.0,top: Renekton / jng: Jarvan IV / mid: Ahri / bot: Sivir / sup: Poppy,2026-02-15,T1,top: Rek'Sai / jng: Ambessa / mid: Sylas / bot: Varus / sup: Alistar,1,0.0,1322.0,1304.0,2.0,-49.585929228198665,True,Shrank by >500g
LOLTMNT02_353579,complete,LCP,Split 1,1,2026-02-15 09:07:51,4,16.03,200,Red,Deep Cross Gaming,oe:team:7e56e9367c023df96cc8257ff4e16c0,1889,1,-1169.0,-856.0,-71.0,3.0,3.0,885.0,2478.0,-64.0,7.0,4.0,7326.0,6590.0,-65.0,11.0,4.0,top: Gwen / jng: Wukong / mid: Twisted Fate / bot: Xayah / sup: Rakan,2026-02-15,Ground Zero Gaming,top: Ambessa / jng: Dr. Mundo / mid: Yone / bot: Kai'Sa / sup: Shen,0,3.0,2054.0,3334.0,7.0,34.4516812396098,True,Grew by >500g
LOLTMNT02_354619,complete,LCK,Cup,0,2026-02-15 09:56:35,3,16.03,200,Red,BNK FEARX,oe:team:5c2e7e9ea8dfcba0150d9a5619baecf,1640,1,4829.0,2591.0,56.0,8.0,4.0,5314.0,2239.0,50.0,9.0,5.0,8639.0,2798.0,80.0,16.0,6.0,top: Ryze / jng: Maokai / mid: Yone / bot: Ashe / sup: Seraphine,2026-02-15,T1,top: Kennen / jng: Wukong / mid: Anivia / bot: Jhin / sup: Rakan,0,4.0,485.0,-352.0,-6.0,-49.585929228198665,True,Grew by >500g
LOLTMNT02_354641,complete,LCK,Cup,0,2026-02-15 10:48:53,4,16.03,100,Blue,BNK FEARX,oe:team:5c2e7e9ea8dfcba0150d9a5619baecf,1664,1,2751.0,1771.0,-11.0,5.0,3.0,5757.0,5623.0,19.0,10.0,5.0,6007.0,4452.0,-6.0,14.0,8.0,top: Gnar / jng: Trundle / mid: Twisted Fate / bot: Lucian / sup: Milio,2026-02-15,T1,top: Jax / jng: Malphite / mid: Aurora / bot: Yunara / sup: Nautilus,1,5.0,3006.0,3852.0,30.0,-49.585929228198665,True,Within 500g
LOLTMNT02_353740,complete,CBLOL,Cup,0,2026-02-15 16:10:56,1,16.03,200,Red,FURIA,oe:team:87e3e1e75839f75a10bbc66e894d806,1877,1,4895.0,4576.0,49.0,5.0,0.0,8995.0,7830.0,99.0,8.0,0.0,9827.0,11490.0,105.0,15.0,4.0,top: Ornn / jng: Pantheon / mid: Anivia / bot: Yunara / sup: Alistar,2026-02-15,Leviatan,top: Rumble / jng: Ambessa / mid: Ryze / bot: Kai'Sa / sup: Leona,0,8.0,4100.0,3254.0,50.0,15.16730314518918,True,Grew by >500g
LOLTMNT02_353759,complete,CBLOL,Cup,0,2026-02-15 17:01:18,2,16.03,200,Red,FURIA,oe:team:87e3e1e75839f75a10bbc66e894d806,1769,1,2014.0,2027.0,40.0,8.0,7.0,952.0,1097.0,54.0,8.0,9.0,4187.0,6875.0,64.0,16.0,12.0,top: K'Sante / jng: Aatrox / mid: Orianna / bot: Ashe / sup: Seraphine,2026-02-15,Leviatan,top: Renekton / jng: Vi / mid: Taliyah / bot: Corki / sup: Bard,0,-1.0,-1062.0,-930.0,14.0,15.16730314518918,True,Grew by >500g
LOLTMNT02_354838,complete,CBLOL,Cup,0,2026-02-15 17:49:32,3,16.03,200,Red,FURIA,oe:team:87e3e1e75839f75a10bbc66e894d806,1542,1,2479.0,2049.0,12.0,8.0,5.0,3284.0,2162.0,34.0,8.0,6.0,8114.0,9054.0,71.0,13.0,7.0,top: Jax / jng: Wukong / mid: Akali / bot: Sion / sup: Senna,2026-02-15,Leviatan,top: Gwen / jng: Xin Zhao / mid: Galio / bot: Sivir / sup: Nautilus,0,2.0,805.0,113.0,22.0,15.16730314518918,True,Grew by >500g
LOLTMNT02_354876,complete,LCS,Lock-In,0,2026-02-15 21:09:32,1,16.03,100,Blue,Cloud9,oe:team:fc8e90107dabb9a35c490b0d86adea0,1742,1,3688.0,4074.0,84.0,6.0,2.0,6351.0,5633.0,113.0,8.0,2.0,10706.0,10146.0,146.0,15.0,4.0,top: K'Sante / jng: Ambessa / mid: Galio / bot: Corki / sup: Neeko,2026-02-15,FlyQuest,top: Rumble / jng: Zaahen / mid: Ryze / bot: Jhin / sup: Alistar,1,6.0,2663.0,1559.0,29.0,28.949365532903357,True,Grew by >500g
LOLTMNT02_353859,complete,LCS,Lock-In,0,2026-02-15 22:14:58,2,16.03,100,Blue,Cloud9,oe:team:fc8e90107dabb9a35c490b0d86adea0,1537,1,-52.0,-726.0,16.0,2.0,5.0,2333.0,1466.0,52.0,3.0,5.0,9052.0,9035.0,73.0,9.0,5.0,top: Renekton / jng: Vi / mid: Taliyah / bot: Yunara / sup: Nami,2026-02-15,FlyQuest,top: Sion / jng: Trundle / mid: Azir / bot: Aphelios / sup: Lulu,1,-2.0,2385.0,2192.0,36.0,28.949365532903357,True,Grew by >500g
LOLTMNT02_353862,complete,LCS,Lock-In,0,2026-02-15 22:58:30,3,16.03,100,Blue,Cloud9,oe:team:fc8e90107dabb9a35c490b0d86adea0,1546,1,-49.0,-1406.0,-23.0,5.0,3.0,818.0,670.0,-16.0,8.0,5.0,7973.0,10587.0,20.0,20.0,8.0,top: Gnar / jng: Wukong / mid: Orianna / bot: Sivir / sup: Bard,2026-02-15,FlyQuest,top: Aurora / jng: Nocturne / mid: Akali / bot: Kalista / sup: Renata Glasc,1,3.0,867.0,2076.0,7.0,28.949365532903357,True,Grew by >500g
LOLTMNT05_176683,complete,LEC,Versus,1,2026-02-16 15:58:59,1,16.03,100,Blue,Natus Vincere,oe:team:d2ba9f92d85cff67d60aaad88e61048,1836,1,2384.0,2595.0,23.0,6.0,1.0,2299.0,2562.0,41.0,12.0,7.0,3830.0,5950.0,56.0,15.0,8.0,top: K'Sante / jng: Zaahen / mid: Azir / bot: Corki / sup: Leona,2026-02-16,Fnatic,top: Renekton / jng: Xin Zhao / mid: Orianna / bot: Kai'Sa / sup: Nautilus,1,5.0,-85.0,-33.0,18.0,37.459725216015386,True,Grew by >500g
LOLTMNT05_175676,complete,LEC,Versus,1,2026-02-16 16:50:26,2,16.03,200,Red,Natus Vincere,oe:team:d2ba9f92d85cff67d60aaad88e61048,1813,1,182.0,2393.0,35.0,2.0,2.0,270.0,3271.0,71.0,3.0,4.0,4569.0,10178.0,101.0,8.0,6.0,top: Sion / jng: Aatrox / mid: Ahri / bot: Ezreal / sup: Bard,2026-02-16,Fnatic,top: Jax / jng: Pantheon / mid: Taliyah / bot: Yunara / sup: Alistar,0,-1.0,88.0,878.0,36.0,37.459725216015386,True,Grew by >500g
LOLTMNT05_175701,complete,LEC,Versus,1,2026-02-16 19:21:38,2,16.03,100,Blue,Movistar KOI,oe:team:4acc40654379b4da680be1bd3129dfa,1875,1,308.0,571.0,14.0,3.0,2.0,3656.0,3312.0,44.0,6.0,2.0,8956.0,13241.0,77.0,13.0,5.0,top: Ornn / jng: Pantheon / mid: Cassiopeia / bot: Caitlyn / sup: Neeko,2026-02-16,Team Vitality,top: Rumble / jng: Jarvan IV / mid: Ahri / bot: Jinx / sup: Nautilus,1,4.0,3348.0,2741.0,30.0,-23.32375218489142,True,Grew by >500g
LOLTMNT05_175735,complete,LEC,Versus,1,2026-02-17 15:54:08,1,16.03,200,Red,G2 Esports,oe:team:7d6673d3a9d00363c6bebc1a630da6e,1495,1,4226.0,484.0,31.0,6.0,0.0,6855.0,3686.0,58.0,10.0,2.0,15112.0,13287.0,127.0,16.0,2.0,top: Gwen / jng: Vi / mid: Ryze / bot: Caitlyn / sup: Bard,2026-02-17,Team Heretics,top: Sion / jng: Dr. Mundo / mid: Anivia / bot: Aphelios / sup: Pyke,0,8.0,2629.0,3202.0,27.0,-1.686819039457987,True,Won before 25
LOLTMNT05_176751,complete,LEC,Versus,1,2026-02-17 16:38:49,2,16.03,100,Blue,G2 Esports,oe:team:7d6673d3a9d00363c6bebc1a630da6e,1466,1,-873.0,646.0,26.0,7.0,8.0,3589.0,4297.0,62.0,13.0,10.0,7887.0,9716.0,89.0,19.0,12.0,top: K'Sante / jng: Trundle / mid: Orianna / bot: Kai'Sa / sup: Neeko,2026-02-17,Team Heretics,top: Gnar / jng: Pantheon / mid: Azir / bot: Miss Fortune / sup: Nautilus,1,3.0,4462.0,3651.0,36.0,-1.686819039457987,True,Won before 25
LOLTMNT05_175753,complete,LEC,Versus,1,2026-02-17 17:26:37,1,16.03,100,Blue,Karmine Corp,oe:team:f3aa9bbd924ce3af42ac53f8326bc7c,1954,1,2361.0,1613.0,34.0,3.0,1.0,3103.0,1894.0,32.0,7.0,4.0,5094.0,4164.0,46.0,8.0,4.0,top: Rumble / jng: Xin Zhao / mid: Galio / bot: Varus / sup: Rakan,2026-02-17,GiantX,top: Ornn / jng: Jarvan IV / mid: Orianna / bot: Ezreal / sup: Bard,1,3.0,742.0,281.0,-2.0,39.19137129195224,True,Grew by >500g
LOLTMNT05_176774,complete,LEC,Versus,1,2026-02-17 18:19:36,2,16.03,200,Red,Karmine Corp,oe:team:f3aa9bbd924ce3af42ac53f8326bc7c,2049,1,875.0,625.0,19.0,4.0,3.0,2279.0,1710.0,41.0,7.0,5.0,5905.0,8048.0,67.0,11.0,6.0,top: Gwen / jng: Vi / mid: Aurora / bot: Yunara / sup: Lulu,2026-02-17,GiantX,top: K'Sante / jng: Poppy / mid: Azir / bot: Corki / sup: Nami,0,2.0,1404.0,1085.0,22.0,39.19137129195224,True,Grew by >500g
LOLTMNT02_356392,complete,LCK,Cup,0,2026-02-19 08:06:05,1,16.03,200,Red,DN SOOPers,oe:team:b3c72a20aa56f5d28022ac04a7dc294,1799,1,2036.0,1814.0,4.0,4.0,1.0,3957.0,3281.0,31.0,7.0,2.0,5475.0,3932.0,11.0,12.0,3.0,top: Rumble / jng: Pantheon / mid: Orianna / bot: Jhin / sup: Alistar,2026-02-19,Kiwoom DRX,top: Ornn / jng: Ambessa / mid: Azir / bot: Ezreal / sup: Nautilus,0,5.0,1921.0,1467.0,27.0,-11.478318903041327,True,Grew by >500g
LOLTMNT02_356399,complete,LCK,Cup,0,2026-02-19 08:59:02,2,16.03,100,Blue,DN SOOPers,oe:team:b3c72a20aa56f5d28022ac04a7dc294,1713,1,969.0,1137.0,23.0,8.0,7.0,1786.0,-167.0,0.0,11.0,8.0,4655.0,2388.0,11.0,14.0,9.0,top: Yorick / jng: Wukong / mid: Ahri / bot: Varus / sup: Rakan,2026-02-19,Kiwoom DRX,top: Kennen / jng: Xin Zhao / mid: Aurora / bot: Sivir / sup: Leona,1,3.0,817.0,-1304.0,-23.0,-11.478318903041327,True,Grew by >500g
LOLTMNT02_355443,complete,LCK,Cup,0,2026-02-19 09:49:11,3,16.03,100,Blue,DN SOOPers,oe:team:b3c72a20aa56f5d28022ac04a7dc294,1659,0,1838.0,990.0,-21.0,7.0,2.0,463.0,-482.0,-34.0,7.0,4.0,-4499.0,-5647.0,-55.0,11.0,12.0,top: Jax / jng: Jarvan IV / mid: Ryze / bot: Xayah / sup: Lulu,2026-02-19,Kiwoom DRX,top: Gnar / jng: Vi / mid: Taliyah / bot: Kai'Sa / sup: Neeko,1,3.0,-1375.0,-1472.0,-13.0,-11.478318903041327,True,Lead lost by 25
LOLTMNT02_355446,complete,LCK,Cup,0,2026-02-19 10:37:09,4,16.03,100,Blue,Kiwoom DRX,oe:team:1d0389df0c5eea93b04122ba167c010,2191,0,342.0,-576.0,-30.0,5.0,5.0,2588.0,-810.0,-33.0,8.0,6.0,2855.0,1778.0,-20.0,13.0,9.0,top: Jayce / jng: Dr. Mundo / mid: Twisted Fate / bot: Yunara / sup: Karma,2026-02-19,DN SOOPers,top: Renekton / jng: Naafiri / mid: Viktor / bot: Corki / sup: Rell,1,2.0,2246.0,-234.0,-3.0,11.478318903041327,True,Within 500g
LOLTMNT02_356582,complete,LCK,Cup,0,2026-02-20 08:06:25,1,16.03,200,Red,Dplus Kia,oe:team:ef69efa6acebe94107f0cf1ba716806,2262,1,545.0,1631.0,40.0,5.0,6.0,2447.0,3510.0,86.0,6.0,7.0,937.0,1734.0,83.0,7.0,10.0,top: Ambessa / jng: Xin Zhao / mid: Azir / bot: Ezreal / sup: Leona,2026-02-20,DN SOOPers,top: Gwen / jng: Vi / mid: Taliyah / bot: Corki / sup: Nautilus,0,-1.0,1902.0,1879.0,46.0,10.445900077673286,True,Shrank by >500g
LOLTMNT02_355631,complete,LCK,Cup,0,2026-02-20 09:07:24,2,16.03,100,Blue,Dplus Kia,oe:team:ef69efa6acebe94107f0cf1ba716806,2284,1,-61.0,1419.0,47.0,2.0,3.0,2069.0,2619.0,62.0,5.0,3.0,1150.0,-593.0,67.0,7.0,6.0,top: K'Sante / jng: Jarvan IV / mid: Ryze / bot: Aphelios / sup: Lulu,2026-02-20,DN SOOPers,top: Rumble / jng: Sejuani / mid: Yone / bot: Kalista / sup: Renata Glasc,1,2.0,2130.0,1200.0,15.0,10.445900077673286,True,Shrank by >500g
LOLTMNT02_355637,complete,LCK,Cup,0,2026-02-20 10:07:12,3,16.03,200,Red,DN SOOPers,oe:team:b3c72a20aa56f5d28022ac04a7dc294,1971,1,-103.0,-1590.0,-41.0,4.0,1.0,1907.0,639.0,-38.0,6.0,1.0,3778.0,4838.0,-13.0,8.0,3.0,top: Renekton / jng: Wukong / mid: Galio / bot: Varus / sup: Rakan,2026-02-20,Dplus Kia,top: Aurora / jng: Lee Sin / mid: LeBlanc / bot: Jhin / sup: Bard,0,5.0,2010.0,2229.0,3.0,-10.445900077673286,True,Grew by >500g
LOLTMNT02_356609,complete,LCK,Cup,0,2026-02-20 11:02:23,4,16.03,100,Blue,DN SOOPers,oe:team:b3c72a20aa56f5d28022ac04a7dc294,1792,0,645.0,-894.0,-12.0,2.0,1.0,488.0,-1497.0,-16.0,2.0,2.0,-1295.0,-5544.0,-12.0,3.0,5.0,top: Kennen / jng: Naafiri / mid: Viktor / bot: Yunara / sup: Neeko,2026-02-20,Dplus Kia,top: Sion / jng: Aatrox / mid: Ahri / bot: Ashe / sup: Seraphine,1,0.0,-157.0,-603.0,-4.0,-10.445900077673286,True,Lead lost by 25
LOLTMNT05_176983,complete,LEC,Versus,1,2026-02-20 15:53:01,1,16.03,100,Blue,Movistar KOI,oe:team:4acc40654379b4da680be1bd3129dfa,1923,1,1149.0,243.0,1.0,2.0,0.0,2985.0,237.0,3.0,5.0,1.0,4555.0,3977.0,16.0,11.0,3.0,top: Ornn / jng: Zaahen / mid: Azir / bot: Ezreal / sup: Rell,2026-02-20,Natus Vincere,top: Rumble / jng: Xin Zhao / mid: Yone / bot: Corki / sup: Nautilus,1,4.0,1836.0,-6.0,2.0,-15.213376428311221,True,Grew by >500g
LOLTMNT05_175960,complete,LEC,Versus,1,2026-02-20 16:46:56,2,16.03,100,Blue,Movistar KOI,oe:team:4acc40654379b4da680be1bd3129dfa,2270,1,-1672.0,-2387.0,-36.0,1.0,1.0,553.0,1216.0,-10.0,5.0,1.0,-685.0,67.0,-25.0,5.0,1.0,top: K'Sante / jng: Pantheon / mid: Anivia / bot: Aphelios / sup: Lulu,2026-02-20,Natus Vincere,top: Gnar / jng: Dr. Mundo / mid: Ryze / bot: Miss Fortune / sup: Bard,1,4.0,2225.0,3603.0,26.0,-15.213376428311221,True,Lead lost by 25
LOLTMNT05_176994,complete,LEC,Versus,1,2026-02-20 17:49:11,1,16.03,100,Blue,G2 Esports,oe:team:7d6673d3a9d00363c6bebc1a630da6e,1988,1,2364.0,666.0,39.0,2.0,1.0,4321.0,-243.0,39.0,3.0,1.0,6485.0,4435.0,32.0,11.0,5.0,top: Gwen / jng: Vi / mid: Taliyah / bot: Kai'Sa / sup: Neeko,2026-02-20,Karmine Corp,top: Sion / jng: Zaahen / mid: Azir / bot: Ezreal / sup: Bard,1,2.0,1957.0,-909.0,0.0,-29.28089413397197,True,Grew by >500g
LOLTMNT05_175986,complete,LEC,Versus,1,2026-02-20 18:50:14,2,16.03,100,Blue,G2 Esports,oe:team:7d6673d3a9d00363c6bebc1a630da6e,2993,1,3852.0,1829.0,41.0,5.0,1.0,3750.0,2831.0,51.0,9.0,4.0,5960.0,5694.0,74.0,11.0,5.0,top: Rumble / jng: Jarvan IV / mid: Ryze / bot: Corki / sup: Nami,2026-02-20,Karmine Corp,top: Galio / jng: Ambessa / mid: Anivia / bot: Ashe / sup: Seraphine,1,5.0,-102.0,1002.0,10.0,-29.28089413397197,True,Grew by >500g
LOLTMNT03_345132,complete,LCS,Lock-In,0,2026-02-20 21:09:00,1,16.04,100,Blue,Team Liquid,oe:team:8eb884e168f28402ce685bedebb5250,2054,1,-373.0,-1492.0,-11.0,2.0,3.0,2084.0,848.0,-1.0,4.0,4.0,4904.0,2715.0,1.0,9.0,5.0,top: Ambessa / jng: Trundle / mid: Taliyah / bot: Yunara / sup: Neeko,2026-02-20,Disguised,top: Sion / jng: Wukong / mid: Ryze / bot: Corki / sup: Nami,1,0.0,2457.0,2340.0,10.0,-2.539739141617929,True,Grew by >500g
LOLTMNT03_344208,complete,LCS,Lock-In,0,2026-02-20 22:01:48,2,16.04,100,Blue,Team Liquid,oe:team:8eb884e168f28402ce685bedebb5250,1444,1,663.0,1054.0,37.0,2.0,2.0,5430.0,5039.0,58.0,9.0,4.0,12213.0,12874.0,74.0,16.0,4.0,top: Rumble / jng: Vi / mid: Ahri / bot: Kalista / sup: Renata Glasc,2026-02-20,Disguised,top: Galio / jng: Xin Zhao / mid: Aurora / bot: Kai'Sa / sup: Bard,1,5.0,4767.0,3985.0,21.0,-2.539739141617929,True,Won before 25
LOLTMNT03_345140,complete,LCS,Lock-In,0,2026-02-20 22:45:31,3,16.04,200,Red,Disguised,oe:team:289284911fb6f41c0ccaecc3a0c2891,1846,0,1142.0,2342.0,-2.0,7.0,6.0,656.0,2933.0,-16.0,10.0,6.0,-1576.0,387.0,-23.0,10.0,9.0,top: Jax / jng: Aatrox / mid: Orianna / bot: Lucian / sup: Rell,2026-02-20,Team Liquid,top: Gnar / jng: Pantheon / mid: Azir / bot: Aphelios / sup: Lulu,0,4.0,-486.0,591.0,-14.0,2.539739141617929,True,Lead lost by 25
LOLTMNT02_356695,complete,LCK,Cup,0,2026-02-21 08:08:52,1,16.03,100,Blue,Gen.G,oe:team:50f58982d91a36557ec8aec52ab014f,1906,1,560.0,1080.0,5.0,2.0,2.0,1681.0,1490.0,9.0,3.0,3.0,1662.0,886.0,27.0,8.0,9.0,top: Rek'Sai / jng: Vi / mid: Taliyah / bot: Varus / sup: Rakan,2026-02-21,BNK FEARX,top: Ambessa / jng: Pantheon / mid: Azir / bot: Jhin / sup: Poppy,1,0.0,1121.0,410.0,4.0,63.875586816640634,True,Within 500g
LOLTMNT02_355782,complete,LCK,Cup,0,2026-02-21 09:07:41,2,16.03,100,Blue,Gen.G,oe:team:50f58982d91a36557ec8aec52ab014f,2014,1,631.0,1031.0,71.0,0.0,3.0,1993.0,1210.0,84.0,4.0,7.0,4011.0,1987.0,84.0,7.0,7.0,top: Zaahen / jng: Wukong / mid: Aurora / bot: Ashe / sup: Seraphine,2026-02-21,BNK FEARX,top: Sion / jng: Xin Zhao / mid: Ahri / bot: Lucian / sup: Milio,1,-3.0,1362.0,179.0,13.0,63.875586816640634,True,Grew by >500g
LOLTMNT02_356711,complete,LCK,Cup,0,2026-02-21 10:03:38,3,16.03,100,Blue,Gen.G,oe:team:50f58982d91a36557ec8aec52ab014f,1717,0,628.0,1549.0,29.0,1.0,0.0,171.0,1622.0,54.0,4.0,5.0,-1559.0,-2131.0,65.0,5.0,9.0,top: Gnar / jng: Aatrox / mid: Mel / bot: Yunara / sup: Lulu,2026-02-21,BNK FEARX,top: Gwen / jng: Dr. Mundo / mid: Twisted Fate / bot: Ezreal / sup: Karma,1,-1.0,-457.0,73.0,25.0,63.875586816640634,True,Lead lost by 25
LOLTMNT02_355793,complete,LCK,Cup,0,2026-02-21 10:56:33,4,16.03,100,Blue,Gen.G,oe:team:50f58982d91a36557ec8aec52ab014f,1395,1,8342.0,4851.0,77.0,8.0,0.0,12137.0,8169.0,120.0,14.0,2.0,,,,,,top: Renekton / jng: Nidalee / mid: Zoe / bot: Jinx / sup: Nautilus,2026-02-21,BNK FEARX,top: Ornn / jng: Jarvan IV / mid: Syndra / bot: Aphelios / sup: Thresh,1,12.0,3795.0,3318.0,43.0,63.875586816640634,True,Won before 25
LOLTMNT05_177016,complete,LEC,Versus,1,2026-02-21 15:52:26,1,16.03,200,Red,Team Heretics,oe:team:1285e1c04d54de96502f12da4d49458,1847,0,24.0,-400.0,14.0,1.0,1.0,268.0,588.0,27.0,2.0,2.0,-1664.0,-3217.0,24.0,3.0,7.0,top: Rumble / jng: Nocturne / mid: Aurora / bot: Jhin / sup: Rakan,2026-02-21,GiantX,top: Sion / jng: Vi / mid: Taliyah / bot: Varus / sup: Bard,0,0.0,244.0,988.0,13.0,6.910062822363443,True,Lead lost by 25
LOLTMNT03_344348,complete,CBLOL,Cup,0,2026-02-21 16:10:18,1,16.04,200,Red,RED Canids,oe:team:67169969ecc058b307edfa9c6b7a3c0,2013,1,641.0,800.0,12.0,3.0,2.0,528.0,1037.0,5.0,5.0,2.0,1173.0,640.0,5.0,5.0,2.0,top: Rumble / jng: Nocturne / mid: Orianna / bot: Jhin / sup: Rakan,2026-02-21,LOUD,top: Sion / jng: Jarvan IV / mid: Ryze / bot: Yunara / sup: Lulu,0,3.0,-113.0,237.0,-7.0,23.64975274708604,True,Grew by >500g
LOLTMNT05_178010,complete,LEC,Versus,1,2026-02-21 16:43:34,2,16.03,100,Blue,GiantX,oe:team:6cd05f0ac20bfb965a59dc8bcc4f184,2285,0,-63.0,-301.0,-9.0,2.0,2.0,142.0,1662.0,0.0,3.0,2.0,3437.0,3217.0,28.0,10.0,2.0,top: K'Sante / jng: Aatrox / mid: Ryze / bot: Lucian / sup: Nami,2026-02-21,Team Heretics,top: Gnar / jng: Xin Zhao / mid: Anivia / bot: Corki / sup: Rell,1,1.0,205.0,1963.0,9.0,-6.910062822363443,True,Grew by >500g
LOLTMNT03_345296,complete,CBLOL,Cup,0,2026-02-21 17:02:03,2,16.04,200,Red,LOUD,oe:team:658a021a796aa5501503220adb38cf4,1986,1,-686.0,92.0,9.0,5.0,7.0,1461.0,758.0,7.0,7.0,7.0,4220.0,2977.0,34.0,9.0,7.0,top: Gnar / jng: Xin Zhao / mid: Aurora / bot: Ezreal / sup: Leona,2026-02-21,RED Canids,top: Renekton / jng: Vi / mid: Taliyah / bot: Kai'Sa / sup: Nautilus,0,0.0,2147.0,666.0,-2.0,-23.64975274708604,True,Grew by >500g
LOLTMNT05_177019,complete,LEC,Versus,1,2026-02-21 17:51:35,3,16.03,100,Blue,GiantX,oe:team:6cd05f0ac20bfb965a59dc8bcc4f184,1788,1,2713.0,1372.0,26.0,2.0,0.0,3798.0,2758.0,59.0,2.0,0.0,7172.0,3959.0,23.0,4.0,0.0,top: Zaahen / jng: Poppy / mid: Azir / bot: Aphelios / sup: Braum,2026-02-21,Team Heretics,top: Ambessa / jng: Naafiri / mid: Ahri / bot: Jinx / sup: Thresh,1,2.0,1085.0,1386.0,33.0,-6.910062822363443,True,Grew by >500g
LOLTMNT03_345300,complete,CBLOL,Cup,0,2026-02-21 17:53:49,3,16.04,200,Red,LOUD,oe:team:658a021a796aa5501503220adb38cf4,2210,1,2232.0,2449.0,63.0,4.0,4.0,2268.0,1595.0,57.0,6.0,6.0,-1022.0,-1151.0,33.0,8.0,11.0,top: K'Sante / jng: Dr. Mundo / mid: Mel / bot: Corki / sup: Nami,2026-02-21,RED Canids,top: Rek'Sai / jng: Pantheon / mid: Ahri / bot: Ashe / sup: Seraphine,0,0.0,36.0,-854.0,-6.0,-23.64975274708604,True,Lead lost by 25
LOLTMNT05_177030,complete,LEC,Versus,1,2026-02-21 18:44:19,1,16.03,100,Blue,Team Vitality,oe:team:e8d8ae992fe72acb7adc7bfcee31dbb,1984,1,2776.0,2404.0,84.0,4.0,5.0,3283.0,3678.0,109.0,7.0,7.0,4740.0,4637.0,116.0,7.0,7.0,top: Gnar / jng: Xin Zhao / mid: Azir / bot: Corki / sup: Nami,2026-02-21,Fnatic,top: Sion / jng: Nocturne / mid: Orianna / bot: Yunara / sup: Lulu,1,0.0,507.0,1274.0,25.0,38.59280497027544,True,Grew by >500g
LOLTMNT03_345308,complete,CBLOL,Cup,0,2026-02-21 18:50:31,4,16.04,200,Red,LOUD,oe:team:658a021a796aa5501503220adb38cf4,2461,1,1226.0,1344.0,-3.0,3.0,1.0,25.0,-818.0,-34.0,7.0,6.0,956.0,1262.0,-1.0,8.0,8.0,top: Akali / jng: Qiyana / mid: Syndra / bot: Sivir / sup: Alistar,2026-02-21,RED Canids,top: Gwen / jng: Aatrox / mid: Ekko / bot: Miss Fortune / sup: Poppy,0,1.0,-1201.0,-2162.0,-31.0,-23.64975274708604,True,Grew by >500g
LOLTMNT05_178014,complete,LEC,Versus,1,2026-02-21 19:42:25,2,16.03,100,Blue,Team Vitality,oe:team:e8d8ae992fe72acb7adc7bfcee31dbb,2180,1,1815.0,1465.0,34.0,5.0,5.0,4313.0,857.0,64.0,7.0,6.0,6615.0,6284.0,65.0,12.0,10.0,top: K'Sante / jng: Aatrox / mid: Ryze / bot: Jhin / sup: Karma,2026-02-21,Fnatic,top: Zaahen / jng: Jarvan IV / mid: Anivia / bot: Ezreal / sup: Alistar,1,1.0,2498.0,-608.0,30.0,38.59280497027544,True,Grew by >500g
LOLTMNT03_344400,complete,LCS,Lock-In,0,2026-02-21 21:08:42,1,16.04,100,Blue,LYON,oe:team:da1143bf9a245b78a8dc86417de85b3,1800,1,4940.0,3785.0,50.0,8.0,1.0,7359.0,5534.0,100.0,8.0,1.0,11529.0,9566.0,140.0,11.0,1.0,top: Renekton / jng: Nocturne / mid: Azir / bot: Jhin / sup: Neeko,2026-02-21,FlyQuest,top: Sion / jng: Gwen / mid: Orianna / bot: Ashe / sup: Seraphine,1,7.0,2419.0,1749.0,50.0,-2.950537667654089,True,Grew by >500g
LOLTMNT03_344407,complete,LCS,Lock-In,0,2026-02-21 21:59:21,2,16.04,100,Blue,LYON,oe:team:da1143bf9a245b78a8dc86417de85b3,2306,1,1459.0,1537.0,-4.0,5.0,2.0,1194.0,549.0,15.0,5.0,4.0,4489.0,4358.0,36.0,9.0,5.0,top: K'Sante / jng: Malphite / mid: Aurora / bot: Varus / sup: Poppy,2026-02-21,FlyQuest,top: Olaf / jng: Vi / mid: Ahri / bot: Ezreal / sup: Alistar,1,1.0,-265.0,-988.0,19.0,-2.950537667654089,True,Grew by >500g
LOLTMNT03_344416,complete,LCS,Lock-In,0,2026-02-21 22:57:01,3,16.04,100,Blue,LYON,oe:team:da1143bf9a245b78a8dc86417de85b3,1727,1,1411.0,880.0,-11.0,6.0,3.0,2518.0,2598.0,6.0,11.0,6.0,6464.0,6160.0,23.0,16.0,7.0,top: Galio / jng: Wukong / mid: Taliyah / bot: Corki / sup: Nami,2026-02-21,FlyQuest,top: Rumble / jng: Xin Zhao / mid: Cassiopeia / bot: Lucian / sup: Sona,1,5.0,1107.0,1718.0,17.0,-2.950537667654089,True,Grew by >500g
LOLTMNT02_356869,complete,LCK,Cup,0,2026-02-22 08:08:41,1,16.03,200,Red,T1,oe:team:ce499dea30cfce118f4fe85da0227e8,2097,1,296.0,-73.0,-19.0,4.0,3.0,3847.0,1563.0,-30.0,8.0,4.0,3836.0,2638.0,0.0,14.0,9.0,top: Rumble / jng: Xin Zhao / mid: Azir / bot: Zeri / sup: Yuumi,2026-02-22,Dplus Kia,top: K'Sante / jng: Jarvan IV / mid: Orianna / bot: Ashe / sup: Seraphine,0,4.0,3551.0,1636.0,-11.0,14.31213758341164,True,Within 500g
LOLTMNT02_356875,complete,LCK,Cup,0,2026-02-22 09:08:21,2,16.03,200,Red,T1,oe:team:ce499dea30cfce118f4fe85da0227e8,1744,1,497.0,130.0,38.0,4.0,4.0,2560.0,2324.0,62.0,10.0,6.0,12019.0,9977.0,87.0,19.0,6.0,top: Jayce / jng: Pantheon / mid: Taliyah / bot: Yunara / sup: Karma,2026-02-22,Dplus Kia,top: Sion / jng: Lee Sin / mid: Ryze / bot: Ezreal / sup: Blitzcrank,0,4.0,2063.0,2194.0,24.0,14.31213758341164,True,Grew by >500g
LOLTMNT02_356881,complete,LCK,Cup,0,2026-02-22 10:01:38,3,16.03,100,Blue,T1,oe:team:ce499dea30cfce118f4fe85da0227e8,2351,0,1780.0,1115.0,-20.0,6.0,4.0,3778.0,856.0,-19.0,8.0,6.0,3267.0,1155.0,-39.0,8.0,6.0,top: Renekton / jng: Kha'Zix / mid: Twisted Fate / bot: Aphelios / sup: Lulu,2026-02-22,Dplus Kia,top: Olaf / jng: Ambessa / mid: Ahri / bot: Lucian / sup: Nami,1,2.0,1998.0,-259.0,1.0,14.31213758341164,True,Shrank by >500g
LOLTMNT02_355917,complete,LCK,Cup,0,2026-02-22 11:04:59,4,16.03,100,Blue,Dplus Kia,oe:team:ef69efa6acebe94107f0cf1ba716806,2033,1,-1476.0,-460.0,29.0,2.0,7.0,812.0,721.0,25.0,4.0,8.0,177.0,190.0,19.0,5.0,10.0,top: Gnar / jng: Wukong / mid: Cassiopeia / bot: Sivir / sup: Alistar,2026-02-22,T1,top: Sylas / jng: Zaahen / mid: Galio / bot: Varus / sup: Rakan,1,-4.0,2288.0,1181.0,-4.0,-14.31213758341164,True,Shrank by >500g
LOLTMNT02_356890,complete,LCK,Cup,0,2026-02-22 12:02:50,5,16.03,100,Blue,Dplus Kia,oe:team:ef69efa6acebe94107f0cf1ba716806,1893,1,-801.0,44.0,-24.0,2.0,2.0,930.0,849.0,-23.0,6.0,4.0,1431.0,-1393.0,2.0,6.0,5.0,top: Gwen / jng: Maokai / mid: Tristana / bot: Miss Fortune / sup: Neeko,2026-02-22,T1,top: Kennen / jng: Aatrox / mid: Anivia / bot: Kalista / sup: Renata Glasc,1,2.0,1731.0,805.0,1.0,-14.31213758341164,True,Grew by >500g
LOLTMNT05_177049,complete,LEC,Versus,1,2026-02-22 15:53:15,1,16.03,100,Blue,Natus Vincere,oe:team:d2ba9f92d85cff67d60aaad88e61048,2143,1,2923.0,2726.0,50.0,3.0,1.0,4730.0,3755.0,67.0,3.0,1.0,6367.0,4297.0,85.0,5.0,2.0,top: Sion / jng: Qiyana / mid: Azir / bot: Varus / sup: Bard,2026-02-22,GiantX,top: Gwen / jng: Pantheon / mid: Aurora / bot: Ezreal / sup: Neeko,1,2.0,1807.0,1029.0,17.0,25.528556865028804,True,Grew by >500g
LOLTMNT03_344554,complete,CBLOL,Cup,0,2026-02-22 16:12:41,1,16.04,200,Red,FURIA,oe:team:87e3e1e75839f75a10bbc66e894d806,1993,0,-932.0,-1080.0,3.0,2.0,5.0,1692.0,837.0,17.0,4.0,5.0,-693.0,-2037.0,-10.0,4.0,6.0,top: Ornn / jng: Jarvan IV / mid: Akali / bot: Kai'Sa / sup: Neeko,2026-02-22,LØS,top: Rumble / jng: Wukong / mid: Galio / bot: Corki / sup: Bard,0,-1.0,2624.0,1917.0,14.0,22.58085829673928,True,Lead lost by 25
LOLTMNT05_178021,complete,LEC,Versus,1,2026-02-22 16:48:38,2,16.03,100,Blue,Natus Vincere,oe:team:d2ba9f92d85cff67d60aaad88e61048,1799,0,1523.0,2164.0,34.0,6.0,5.0,3394.0,2323.0,45.0,6.0,6.0,143.0,-3494.0,31.0,7.0,9.0,top: Gnar / jng: Jarvan IV / mid: Anivia / bot: Corki / sup: Nami,2026-02-22,GiantX,top: K'Sante / jng: Xin Zhao / mid: Ryze / bot: Ashe / sup: Seraphine,1,0.0,1871.0,159.0,11.0,25.528556865028804,True,Shrank by >500g
LOLTMNT03_345473,complete,CBLOL,Cup,0,2026-02-22 17:04:24,2,16.04,100,Blue,LØS,oe:team:ea65e6cc48a9be50fc5334369a5fca5,2287,0,941.0,350.0,51.0,2.0,3.0,1685.0,-549.0,27.0,2.0,3.0,366.0,-468.0,32.0,3.0,8.0,top: Gnar / jng: Vi / mid: Taliyah / bot: Lucian / sup: Nami,2026-02-22,FURIA,top: Sion / jng: Jayce / mid: Ahri / bot: Xayah / sup: Rakan,1,-1.0,744.0,-899.0,-24.0,-22.58085829673928,True,Shrank by >500g
LOLTMNT05_178023,complete,LEC,Versus,1,2026-02-22 17:38:52,3,16.03,100,Blue,GiantX,oe:team:6cd05f0ac20bfb965a59dc8bcc4f184,2185,1,2159.0,2634.0,28.0,4.0,1.0,3798.0,3399.0,53.0,4.0,1.0,1238.0,-389.0,34.0,6.0,6.0,top: Ornn / jng: Aatrox / mid: Taliyah / bot: Yunara / sup: Nautilus,2026-02-22,Natus Vincere,top: Rumble / jng: Wukong / mid: Ahri / bot: Aphelios / sup: Lulu,1,3.0,1639.0,765.0,25.0,-25.528556865028804,True,Shrank by >500g
LOLTMNT03_344579,complete,CBLOL,Cup,0,2026-02-22 18:01:04,3,16.04,100,Blue,LØS,oe:team:ea65e6cc48a9be50fc5334369a5fca5,1984,0,1140.0,989.0,46.0,3.0,2.0,1543.0,1333.0,64.0,7.0,5.0,141.0,-3128.0,70.0,7.0,7.0,top: Zaahen / jng: Dr. Mundo / mid: Ryze / bot: Jhin / sup: Blitzcrank,2026-02-22,FURIA,top: Jax / jng: Xin Zhao / mid: Anivia / bot: Ashe / sup: Seraphine,1,2.0,403.0,344.0,18.0,-22.58085829673928,True,Shrank by >500g
LOLTMNT05_177060,complete,LEC,Versus,1,2026-02-22 18:41:27,1,16.03,100,Blue,Team Vitality,oe:team:e8d8ae992fe72acb7adc7bfcee31dbb,2329,1,-1077.0,-1733.0,-9.0,2.0,3.0,246.0,-2434.0,-29.0,2.0,3.0,3034.0,5319.0,17.0,6.0,6.0,top: Ambessa / jng: Dr. Mundo / mid: Ryze / bot: Ezreal / sup: Karma,2026-02-22,Karmine Corp,top: Rek'Sai / jng: Vi / mid: Taliyah / bot: Yunara / sup: Neeko,1,-1.0,1323.0,-701.0,-20.0,-12.79977231325779,True,Grew by >500g
LOLTMNT03_345495,complete,CBLOL,Cup,0,2026-02-22 18:53:07,4,16.04,100,Blue,LØS,oe:team:ea65e6cc48a9be50fc5334369a5fca5,2021,0,848.0,498.0,31.0,1.0,2.0,634.0,-2075.0,-12.0,1.0,3.0,-1509.0,-2752.0,-44.0,2.0,5.0,top: Aatrox / jng: Nocturne / mid: Aurora / bot: Ezreal / sup: Alistar,2026-02-22,FURIA,top: Camille / jng: Naafiri / mid: Syndra / bot: Miss Fortune / sup: Leona,1,-2.0,-214.0,-2573.0,-43.0,-22.58085829673928,True,Lead lost by 25
LOLTMNT05_178032,complete,LEC,Versus,1,2026-02-22 19:39:32,2,16.03,100,Blue,Team Vitality,oe:team:e8d8ae992fe72acb7adc7bfcee31dbb,2067,0,839.0,1041.0,-26.0,6.0,5.0,1276.0,1964.0,0.0,8.0,7.0,-713.0,-2983.0,-15.0,9.0,11.0,top: Yasuo / jng: Nocturne / mid: Orianna / bot: Corki / sup: Rell,2026-02-22,Karmine Corp,top: Aurora / jng: Jarvan IV / mid: Azir / bot: Xayah / sup: Rakan,1,1.0,437.0,923.0,26.0,-12.79977231325779,True,Lead lost by 25
LOLTMNT05_177061,complete,LEC,Versus,1,2026-02-22 20:35:48,3,16.03,200,Red,Karmine Corp,oe:team:f3aa9bbd924ce3af42ac53f8326bc7c,1534,1,7130.0,6648.0,69.0,11.0,2.0,8474.0,7782.0,78.0,12.0,2.0,15856.0,12340.0,127.0,17.0,2.0,top: Rumble / jng: Wukong / mid: Ahri / bot: Zeri / sup: Alistar,2026-02-22,Team Vitality,top: K'Sante / jng: Xin Zhao / mid: Twisted Fate / bot: Seraphine / sup: Braum,0,10.0,1344.0,1134.0,9.0,12.79977231325779,True,Grew by >500g
LOLTMNT03_344603,complete,LCS,Lock-In,0,2026-02-22 21:09:24,1,16.04,200,Red,Cloud9,oe:team:fc8e90107dabb9a35c490b0d86adea0,1933,1,1632.0,-339.0,-5.0,2.0,2.0,3588.0,1169.0,6.0,5.0,3.0,2907.0,-1033.0,17.0,5.0,4.0,top: Gnar / jng: Pantheon / mid: Taliyah / bot: Yunara / sup: Lulu,2026-02-22,Sentinels,top: Renekton / jng: Ambessa / mid: Ryze / bot: Corki / sup: Bard,0,2.0,1956.0,1508.0,11.0,50.23248405176878,True,Shrank by >500g
LOLTMNT03_345516,complete,LCS,Lock-In,0,2026-02-22 22:01:04,2,16.04,100,Blue,Cloud9,oe:team:fc8e90107dabb9a35c490b0d86adea0,1794,1,-912.0,384.0,56.0,4.0,8.0,856.0,1135.0,60.0,5.0,8.0,5154.0,8060.0,76.0,11.0,9.0,top: K'Sante / jng: Wukong / mid: Viktor / bot: Varus / sup: Nautilus,2026-02-22,Sentinels,top: Rumble / jng: Vi / mid: Hwei / bot: Jhin / sup: Rakan,1,-3.0,1768.0,751.0,4.0,50.23248405176878,True,Grew by >500g
LOLTMNT03_344604,complete,LCS,Lock-In,0,2026-02-22 23:02:24,3,16.04,100,Blue,Cloud9,oe:team:fc8e90107dabb9a35c490b0d86adea0,1415,1,2639.0,1566.0,40.0,3.0,2.0,10215.0,7696.0,88.0,12.0,3.0,,,,,,top: Rek'Sai / jng: Maokai / mid: Ziggs / bot: Aphelios / sup: Thresh,2026-02-22,Sentinels,top: Sion / jng: Jarvan IV / mid: Twisted Fate / bot: Lucian / sup: Nami,1,9.0,7576.0,6130.0,48.0,50.23248405176878,True,Won before 25
LOLTMNT05_178056,complete,LEC,Versus,1,2026-02-23 15:56:51,1,16.03,100,Blue,G2 Esports,oe:team:7d6673d3a9d00363c6bebc1a630da6e,2032,1,-138.0,-36.0,3.0,1.0,2.0,150.0,811.0,2.0,3.0,3.0,2617.0,5581.0,8.0,7.0,5.0,top: Sion / jng: Zaahen / mid: Orianna / bot: Sivir / sup: Bard,2026-02-23,Movistar KOI,top: Ambessa / jng: Vi / mid: Galio / bot: Ezreal / sup: Neeko,1,0.0,288.0,847.0,-1.0,4.436858242262588,True,Grew by >500g
LOLTMNT05_178057,complete,LEC,Versus,1,2026-02-23 16:52:39,2,16.03,100,Blue,G2 Esports,oe:team:7d6673d3a9d00363c6bebc1a630da6e,1639,1,2815.0,3261.0,11.0,10.0,5.0,3747.0,2223.0,23.0,11.0,7.0,8809.0,11751.0,79.0,18.0,8.0,top: Rumble / jng: Jarvan IV / mid: Taliyah / bot: Ashe / sup: Nautilus,2026-02-23,Movistar KOI,top: Ornn / jng: Xin Zhao / mid: Ryze / bot: Caitlyn / sup: Seraphine,1,4.0,932.0,-1038.0,12.0,4.436858242262588,True,Grew by >500g
LOLTMNT05_177077,complete,LEC,Versus,1,2026-02-23 17:40:36,3,16.03,100,Blue,G2 Esports,oe:team:7d6673d3a9d00363c6bebc1a630da6e,2199,1,-2254.0,-238.0,2.0,4.0,8.0,1326.0,2003.0,-6.0,9.0,8.0,3098.0,84.0,-9.0,13.0,11.0,top: K'Sante / jng: Wukong / mid: Ahri / bot: Yunara / sup: Lulu,2026-02-23,Movistar KOI,top: Aurora / jng: Jayce / mid: Cassiopeia / bot: Corki / sup: Rakan,1,1.0,3580.0,2241.0,-8.0,4.436858242262588,True,Grew by >500g
13121-13121_game_1,complete,LPL,Split 1,1,2026-02-24 06:10:45,1,16.03,200,Red,JD Gaming,oe:team:b42d0f31f2727621b963042276817c4,1796,0,1685.0,-136.0,32.0,4.0,4.0,2237.0,1197.0,49.0,12.0,9.0,-1053.0,-954.0,3.0,12.0,11.0,top: Varus / jng: Pantheon / mid: Ryze / bot: Ashe / sup: Seraphine,2026-02-24,Top Esports,top: Gragas / jng: Xin Zhao / mid: Azir / bot: Yunara / sup: Alistar,0,3.0,552.0,1333.0,17.0,-16.824042238840775,True,Lead lost by 25
13121-13121_game_2,complete,LPL,Split 1,1,2026-02-24 07:04:44,2,16.03,200,Red,JD Gaming,oe:team:b42d0f31f2727621b963042276817c4,1384,1,2367.0,734.0,51.0,4.0,3.0,7569.0,7070.0,77.0,12.0,3.0,,,,,,top: Renekton / jng: Vi / mid: Taliyah / bot: Kalista / sup: Renata Glasc,2026-02-24,Top Esports,top: Gangplank / jng: Wukong / mid: Aurora / bot: Corki / sup: Bard,0,9.0,5202.0,6336.0,26.0,-16.824042238840775,True,Won before 25
13121-13121_game_3,complete,LPL,Split 1,1,2026-02-24 07:51:36,3,16.03,200,Red,Top Esports,oe:team:fcec508e780bbd1ad493852640f5b36,2157,1,328.0,-482.0,-13.0,4.0,4.0,1566.0,535.0,4.0,7.0,6.0,-5515.0,-7807.0,-7.0,7.0,14.0,top: Rumble / jng: Maokai / mid: Yone / bot: Sivir / sup: Nautilus,2026-02-24,JD Gaming,top: Ambessa / jng: Sejuani / mid: Sylas / bot: Aphelios / sup: Thresh,0,1.0,1238.0,1017.0,17.0,16.824042238840775,True,Lead lost by 25
13121-13121_game_4,complete,LPL,Split 1,1,2026-02-24 08:49:42,4,16.03,100,Blue,JD Gaming,oe:team:b42d0f31f2727621b963042276817c4,1978,1,3939.0,3048.0,-9.0,12.0,3.0,3186.0,143.0,-36.0,12.0,4.0,-478.0,-1657.0,-37.0,14.0,8.0,top: K'Sante / jng: Jarvan IV / mid: Zoe / bot: Lucian / sup: Nami,2026-02-24,Top Esports,top: Jayce / jng: Lee Sin / mid: Viktor / bot: Ezreal / sup: Karma,1,8.0,-753.0,-2905.0,-27.0,-16.824042238840775,True,Lead lost by 25
13121-13121_game_5,complete,LPL,Split 1,1,2026-02-24 09:45:40,5,16.03,100,Blue,JD Gaming,oe:team:b42d0f31f2727621b963042276817c4,1786,1,92.0,261.0,18.0,4.0,4.0,2294.0,76.0,4.0,7.0,6.0,2097.0,3664.0,56.0,12.0,11.0,top: Jax / jng: Qiyana / mid: Ahri / bot: Xayah / sup: Rakan,2026-02-24,Top Esports,top: Gnar / jng: Nocturne / mid: Akali / bot: Zeri / sup: Yuumi,1,1.0,2202.0,-185.0,-14.0,-16.824042238840775,True,Within 500g
13122-13122_game_1,complete,LPL,Split 1,1,2026-02-24 11:12:57,1,16.03,200,Red,Anyone's Legend,oe:team:ed28f87f0cfdba0a2a8f183cebae73a,1592,1,3172.0,3810.0,100.0,5.0,5.0,7900.0,6412.0,118.0,9.0,5.0,14095.0,13568.0,114.0,18.0,8.0,top: Rumble / jng: Jarvan IV / mid: Orianna / bot: Miss Fortune / sup: Nautilus,2026-02-24,Team WE,top: Ornn / jng: Xin Zhao / mid: Azir / bot: Corki / sup: Braum,0,4.0,4728.0,2602.0,18.0,39.28303959713412,True,Grew by >500g
13122-13122_game_2,complete,LPL,Split 1,1,2026-02-24 12:03:06,2,16.03,100,Blue,Anyone's Legend,oe:team:ed28f87f0cfdba0a2a8f183cebae73a,1559,1,3052.0,1359.0,43.0,6.0,3.0,8596.0,5160.0,54.0,13.0,3.0,10774.0,8408.0,49.0,15.0,3.0,top: Sion / jng: Pantheon / mid: Ahri / bot: Jinx / sup: Lulu,2026-02-24,Team WE,top: Gwen / jng: Trundle / mid: Aurora / bot: Yunara / sup: Karma,1,10.0,5544.0,3801.0,11.0,39.28303959713412,True,Grew by >500g
13122-13122_game_3,complete,LPL,Split 1,1,2026-02-24 12:52:59,3,16.03,100,Blue,Anyone's Legend,oe:team:ed28f87f0cfdba0a2a8f183cebae73a,1318,1,7150.0,8111.0,66.0,14.0,2.0,11284.0,8587.0,55.0,22.0,4.0,,,,,,top: Ambessa / jng: Vi / mid: Taliyah / bot: Ashe / sup: Seraphine,2026-02-24,Team WE,top: Jayce / jng: Zaahen / mid: Sylas / bot: Ezreal / sup: Blitzcrank,1,18.0,4134.0,476.0,-11.0,39.28303959713412,True,Won before 25
13123-13123_game_1,complete,LPL,Split 1,1,2026-02-25 06:11:42,1,16.03,200,Red,Weibo Gaming,oe:team:606c6ac695907af3823ee6405c58ff1,2695,1,1440.0,2142.0,7.0,7.0,6.0,2517.0,1465.0,-40.0,15.0,9.0,548.0,-697.0,-35.0,17.0,14.0,top: Rumble / jng: Pantheon / mid: Azir / bot: Jhin / sup: Karma,2026-02-25,Invictus Gaming,top: Varus / jng: Xin Zhao / mid: Ryze / bot: Ashe / sup: Seraphine,0,6.0,1077.0,-677.0,-47.0,55.81314976421504,True,Shrank by >500g
13123-13123_game_2,complete,LPL,Split 1,1,2026-02-25 07:19:27,2,16.03,200,Red,Invictus Gaming,oe:team:53a258f289c26d94431c0496a54e151,1626,0,618.0,765.0,31.0,6.0,10.0,2012.0,1116.0,13.0,9.0,10.0,133.0,-2557.0,20.0,12.0,13.0,top: Renekton / jng: Wukong / mid: LeBlanc / bot: Yunara / sup: Lulu,2026-02-25,Weibo Gaming,top: Gnar / jng: Malphite / mid: Aurora / bot: Corki / sup: Nami,0,-1.0,1394.0,351.0,-18.0,-55.81314976421504,True,Shrank by >500g
13124-13124_game_1,complete,LPL,Split 1,1,2026-02-25 09:30:11,1,16.03,100,Blue,Bilibili Gaming,oe:team:d356a144644879dabb5f34cd99c886d,1644,1,2144.0,2287.0,29.0,5.0,3.0,4274.0,3198.0,42.0,8.0,5.0,6909.0,5175.0,47.0,14.0,7.0,top: Ambessa / jng: Pantheon / mid: Ziggs / bot: Jhin / sup: Bard,2026-02-25,Ninjas in Pyjamas,top: Poppy / jng: Vi / mid: Azir / bot: Ashe / sup: Seraphine,1,3.0,2130.0,911.0,13.0,-21.21008226136405,True,Grew by >500g
13124-13124_game_3,complete,LPL,Split 1,1,2026-02-25 11:20:16,3,16.03,100,Blue,Bilibili Gaming,oe:team:d356a144644879dabb5f34cd99c886d,1875,1,750.0,2232.0,22.0,13.0,8.0,2576.0,1556.0,10.0,18.0,10.0,2968.0,2877.0,30.0,19.0,11.0,top: Gnar / jng: Wukong / mid: LeBlanc / bot: Miss Fortune / sup: Lulu,2026-02-25,Ninjas in Pyjamas,top: Sylas / jng: Qiyana / mid: Twisted Fate / bot: Yunara / sup: Karma,1,8.0,1826.0,-676.0,-12.0,-21.21008226136405,True,Within 500g
LOLTMNT02_358282,complete,LCP,Split 1,1,2026-02-26 06:12:02,1,16.03,100,Blue,Team Secret Whales,oe:team:740de582f50775c516c77ed7b923fd5,1619,1,-1755.0,553.0,-29.0,8.0,8.0,2541.0,3852.0,7.0,15.0,10.0,6311.0,7368.0,6.0,25.0,15.0,top: Gwen / jng: Vi / mid: Ahri / bot: Varus / sup: Nautilus,2026-02-26,Deep Cross Gaming,top: Renekton / jng: Xin Zhao / mid: Ryze / bot: Sivir / sup: Rell,1,5.0,4296.0,3299.0,36.0,19.632262751481903,True,Grew by >500g
LOLTMNT02_358287,complete,LCP,Split 1,1,2026-02-26 06:59:49,2,16.03,100,Blue,Team Secret Whales,oe:team:740de582f50775c516c77ed7b923fd5,1642,1,2166.0,1157.0,-23.0,11.0,6.0,2058.0,1220.0,-16.0,14.0,10.0,6158.0,6172.0,-13.0,21.0,12.0,top: Ambessa / jng: Naafiri / mid: Galio / bot: Corki / sup: Alistar,2026-02-26,Deep Cross Gaming,top: Sion / jng: Jarvan IV / mid: Azir / bot: Lucian / sup: Nami,1,4.0,-108.0,63.0,7.0,19.632262751481903,True,Grew by >500g
LOLTMNT02_357412,complete,LCP,Split 1,1,2026-02-26 07:46:41,3,16.03,200,Red,Deep Cross Gaming,oe:team:7e56e9367c023df96cc8257ff4e16c0,1942,1,2894.0,3376.0,69.0,7.0,4.0,2532.0,1285.0,74.0,9.0,6.0,1905.0,-1009.0,68.0,11.0,8.0,top: Aurora / jng: Lee Sin / mid: LeBlanc / bot: Zeri / sup: Yuumi,2026-02-26,Team Secret Whales,top: Jax / jng: Wukong / mid: Twisted Fate / bot: Ashe / sup: Seraphine,0,3.0,-362.0,-2091.0,5.0,-19.632262751481903,True,Shrank by >500g
LOLTMNT02_358308,complete,LCP,Split 1,1,2026-02-26 08:38:37,4,16.03,100,Blue,Deep Cross Gaming,oe:team:7e56e9367c023df96cc8257ff4e16c0,1757,1,1797.0,3679.0,19.0,6.0,2.0,3932.0,6127.0,18.0,10.0,3.0,1944.0,3842.0,12.0,12.0,6.0,top: Yorick / jng: Dr. Mundo / mid: Zoe / bot: Aphelios / sup: Lulu,2026-02-26,Team Secret Whales,top: Gnar / jng: Pantheon / mid: Syndra / bot: Yunara / sup: Neeko,1,7.0,2135.0,2448.0,-1.0,-19.632262751481903,True,Shrank by >500g
13125-13125_game_1,complete,LPL,Split 1,1,2026-02-26 09:13:13,1,16.03,100,Blue,Anyone's Legend,oe:team:ed28f87f0cfdba0a2a8f183cebae73a,1830,1,4851.0,3811.0,44.0,7.0,0.0,7367.0,5066.0,58.0,9.0,1.0,5790.0,5213.0,36.0,9.0,3.0,top: Rek'Sai / jng: Xin Zhao / mid: Ryze / bot: Varus / sup: Alistar,2026-02-26,JD Gaming,top: Rumble / jng: Pantheon / mid: Taliyah / bot: Jhin / sup: Nautilus,1,8.0,2516.0,1255.0,14.0,94.5491311241044,True,Shrank by >500g
LOLTMNT02_358311,complete,LCP,Split 1,1,2026-02-26 09:28:14,5,16.03,200,Red,Team Secret Whales,oe:team:740de582f50775c516c77ed7b923fd5,1892,1,1261.0,927.0,6.0,3.0,2.0,3292.0,2838.0,24.0,8.0,5.0,10123.0,11719.0,65.0,15.0,6.0,top: Olaf / jng: Nocturne / mid: Taliyah / bot: Miss Fortune / sup: Rakan,2026-02-26,Deep Cross Gaming,top: Zaahen / jng: Trundle / mid: Sylas / bot: Ezreal / sup: Blitzcrank,0,3.0,2031.0,1911.0,18.0,19.632262751481903,True,Grew by >500g
13125-13125_game_3,complete,LPL,Split 1,1,2026-02-26 11:05:57,3,16.03,200,Red,Anyone's Legend,oe:team:ed28f87f0cfdba0a2a8f183cebae73a,2108,0,1134.0,1561.0,42.0,1.0,1.0,1629.0,1185.0,55.0,1.0,2.0,1135.0,40.0,61.0,1.0,3.0,top: Ambessa / jng: Wukong / mid: Ahri / bot: Ezreal / sup: Karma,2026-02-26,JD Gaming,top: Jax / jng: Vi / mid: Galio / bot: Corki / sup: Nami,0,-1.0,495.0,-376.0,13.0,94.5491311241044,True,Within 500g
13125-13125_game_4,complete,LPL,Split 1,1,2026-02-26 12:05:34,4,16.03,200,Red,Anyone's Legend,oe:team:ed28f87f0cfdba0a2a8f183cebae73a,1591,1,1815.0,785.0,-37.0,5.0,2.0,2851.0,2538.0,-28.0,10.0,6.0,9480.0,11466.0,23.0,16.0,6.0,top: Sion / jng: Qiyana / mid: Akali / bot: Kai'Sa / sup: Rell,2026-02-26,JD Gaming,top: Aatrox / jng: Nocturne / mid: Zoe / bot: Miss Fortune / sup: Bard,0,4.0,1036.0,1753.0,9.0,94.5491311241044,True,Grew by >500g
13125-13125_game_5,complete,LPL,Split 1,1,2026-02-26 12:55:32,5,16.03,200,Red,JD Gaming,oe:team:b42d0f31f2727621b963042276817c4,2288,1,2285.0,755.0,18.0,2.0,1.0,2696.0,382.0,-14.0,2.0,1.0,3574.0,-492.0,-3.0,4.0,2.0,top: Gwen / jng: Kha'Zix / mid: Twisted Fate / bot: Aphelios / sup: Thresh,2026-02-26,Anyone's Legend,top: K'Sante / jng: Trundle / mid: Cassiopeia / bot: Lucian / sup: Braum,0,1.0,411.0,-373.0,-32.0,-94.5491311241044,True,Grew by >500g
LOLTMNT02_359054,complete,LCP,Split 1,1,2026-02-27 06:21:35,1,16.03,200,Red,Fukuoka SoftBank HAWKS gaming,oe:team:d8ca3fc1f0827ec76369af7b70d43e3,2046,1,1149.0,805.0,8.0,3.0,0.0,617.0,39.0,-3.0,4.0,1.0,2117.0,1614.0,-8.0,9.0,2.0,top: Rumble / jng: Pantheon / mid: Akali / bot: Miss Fortune / sup: Alistar,2026-02-27,Ground Zero Gaming,top: Gnar / jng: Vi / mid: Orianna / bot: Varus / sup: Nautilus,0,3.0,-532.0,-766.0,-11.0,-15.418201760770899,True,Grew by >500g
LOLTMNT02_359058,complete,LCP,Split 1,1,2026-02-27 07:16:34,2,16.03,100,Blue,Fukuoka SoftBank HAWKS gaming,oe:team:d8ca3fc1f0827ec76369af7b70d43e3,2199,1,2461.0,1558.0,45.0,4.0,0.0,2629.0,2251.0,55.0,5.0,0.0,3197.0,2190.0,57.0,5.0,0.0,top: K'Sante / jng: Lee Sin / mid: Ahri / bot: Aphelios / sup: Thresh,2026-02-27,Ground Zero Gaming,top: Jax / jng: Xin Zhao / mid: Aurora / bot: Ezreal / sup: Neeko,1,5.0,168.0,693.0,10.0,-15.418201760770899,True,Grew by >500g
LOLTMNT02_359061,complete,LCP,Split 1,1,2026-02-27 08:15:57,3,16.03,200,Red,Ground Zero Gaming,oe:team:788115a84f68bc65fa6d3a4e0f67a3e,1446,1,3164.0,2603.0,71.0,5.0,2.0,3626.0,3900.0,84.0,6.0,2.0,13100.0,15802.0,141.0,14.0,2.0,top: Aatrox / jng: Wukong / mid: Anivia / bot: Ashe / sup: Seraphine,2026-02-27,Fukuoka SoftBank HAWKS gaming,top: Zaahen / jng: Dr. Mundo / mid: Sylas / bot: Zeri / sup: Yuumi,0,4.0,462.0,1297.0,13.0,15.418201760770899,True,Won before 25
LOLTMNT02_359064,complete,LCP,Split 1,1,2026-02-27 09:01:12,4,16.03,200,Red,Fukuoka SoftBank HAWKS gaming,oe:team:d8ca3fc1f0827ec76369af7b70d43e3,1957,1,1446.0,1074.0,-4.0,4.0,3.0,4026.0,3191.0,15.0,4.0,3.0,6288.0,7136.0,23.0,6.0,4.0,top: Renekton / jng: Trundle / mid: Twisted Fate / bot: Corki / sup: Nami,2026-02-27,Ground Zero Gaming,top: Olaf / jng: Maokai / mid: Mel / bot: Yunara / sup: Lulu,0,1.0,2580.0,2117.0,19.0,-15.418201760770899,True,Grew by >500g
13126-13126_game_1,complete,LPL,Split 1,1,2026-02-27 09:14:17,1,16.03,100,Blue,Bilibili Gaming,oe:team:d356a144644879dabb5f34cd99c886d,1947,1,152.0,1305.0,21.0,3.0,4.0,984.0,-54.0,41.0,6.0,8.0,5166.0,5237.0,72.0,12.0,10.0,top: Yorick / jng: Vi / mid: Taliyah / bot: Varus / sup: Bard,2026-02-27,Weibo Gaming,top: Kennen / jng: Jarvan IV / mid: Ryze / bot: Yunara / sup: Leona,1,-2.0,832.0,-1359.0,20.0,36.950192492621,True,Grew by >500g
13126-13126_game_2,complete,LPL,Split 1,1,2026-02-27 10:10:57,2,16.03,100,Blue,Bilibili Gaming,oe:team:d356a144644879dabb5f34cd99c886d,1453,1,3386.0,2511.0,84.0,14.0,6.0,7846.0,6066.0,137.0,17.0,6.0,11845.0,12659.0,168.0,25.0,9.0,top: Gnar / jng: Xin Zhao / mid: LeBlanc / bot: Ashe / sup: Shen,2026-02-27,Weibo Gaming,top: Renekton / jng: Pantheon / mid: Aurora / bot: Caitlyn / sup: Elise,1,11.0,4460.0,3555.0,53.0,36.950192492621,True,Won before 25
13126-13126_game_3,complete,LPL,Split 1,1,2026-02-27 10:59:24,3,16.03,100,Blue,Bilibili Gaming,oe:team:d356a144644879dabb5f34cd99c886d,1569,1,7779.0,4680.0,114.0,7.0,1.0,8635.0,4607.0,142.0,8.0,2.0,11037.0,10488.0,155.0,14.0,3.0,top: Sion / jng: Naafiri / mid: Syndra / bot: Ezreal / sup: Karma,2026-02-27,Weibo Gaming,top: K'Sante / jng: Wukong / mid: Azir / bot: Sivir / sup: Yuumi,1,6.0,856.0,-73.0,28.0,36.950192492621,True,Grew by >500g
LOLTMNT05_180071,complete,LEC,Versus,1,2026-02-27 16:21:14,1,16.03,200,Red,Karmine Corp,oe:team:f3aa9bbd924ce3af42ac53f8326bc7c,1974,1,-180.0,-663.0,-22.0,4.0,5.0,1442.0,3109.0,6.0,8.0,6.0,5110.0,6517.0,13.0,13.0,6.0,top: Rumble / jng: Xin Zhao / mid: Azir / bot: Jhin / sup: Bard,2026-02-27,GiantX,top: Ornn / jng: Jarvan IV / mid: Orianna / bot: Ashe / sup: Seraphine,0,2.0,1622.0,3772.0,28.0,39.115114186690334,True,Grew by >500g
LOLTMNT05_180072,complete,LEC,Versus,1,2026-02-27 17:16:06,2,16.03,200,Red,Karmine Corp,oe:team:f3aa9bbd924ce3af42ac53f8326bc7c,1894,1,4999.0,3756.0,54.0,8.0,2.0,3969.0,4494.0,54.0,9.0,3.0,4451.0,5235.0,81.0,9.0,3.0,top: Rek'Sai / jng: Dr. Mundo / mid: Aurora / bot: Corki / sup: Nami,2026-02-27,GiantX,top: Sion / jng: Aatrox / mid: Taliyah / bot: Ezreal / sup: Neeko,0,6.0,-1030.0,738.0,0.0,39.115114186690334,True,Within 500g
LOLTMNT05_179080,complete,LEC,Versus,1,2026-02-27 18:09:35,3,16.03,100,Blue,GiantX,oe:team:6cd05f0ac20bfb965a59dc8bcc4f184,2496,0,1207.0,923.0,41.0,3.0,3.0,2737.0,3448.0,36.0,5.0,3.0,-351.0,2856.0,27.0,6.0,8.0,top: Gnar / jng: Vi / mid: Karma / bot: Aphelios / sup: Thresh,2026-02-27,Karmine Corp,top: Kennen / jng: Naafiri / mid: Ahri / bot: Xayah / sup: Rakan,1,2.0,1530.0,2525.0,-5.0,-39.115114186690334,True,Lead lost by 25
LOLTMNT03_351286,complete,LCS,Lock-In,0,2026-02-27 21:09:38,1,16.04,200,Red,LYON,oe:team:da1143bf9a245b78a8dc86417de85b3,2228,1,-254.0,-291.0,41.0,1.0,1.0,853.0,558.0,36.0,3.0,1.0,1589.0,1178.0,40.0,3.0,1.0,top: Varus / jng: Nocturne / mid: Azir / bot: Xayah / sup: Leona,2026-02-27,Team Liquid,top: Renekton / jng: Wukong / mid: Orianna / bot: Kai'Sa / sup: Rakan,0,2.0,1107.0,849.0,-5.0,-10.196148899085301,True,Grew by >500g
LOLTMNT03_350273,complete,LCS,Lock-In,0,2026-02-27 22:07:00,2,16.04,200,Red,Team Liquid,oe:team:8eb884e168f28402ce685bedebb5250,1985,1,3384.0,1960.0,37.0,4.0,1.0,5766.0,4548.0,42.0,9.0,2.0,7557.0,8724.0,28.0,11.0,3.0,top: Rumble / jng: Zaahen / mid: Ryze / bot: Corki / sup: Neeko,2026-02-27,LYON,top: K'Sante / jng: Malphite / mid: Taliyah / bot: Yunara / sup: Lulu,0,7.0,2382.0,2588.0,5.0,10.196148899085301,True,Grew by >500g
LOLTMNT03_351304,complete,LCS,Lock-In,0,2026-02-27 23:00:10,3,16.04,100,Blue,Team Liquid,oe:team:8eb884e168f28402ce685bedebb5250,1667,0,-1460.0,-1888.0,-10.0,2.0,4.0,999.0,196.0,0.0,4.0,4.0,2655.0,358.0,-17.0,5.0,4.0,top: Gnar / jng: Jarvan IV / mid: Aurora / bot: Jhin / sup: Bard,2026-02-27,LYON,top: Irelia / jng: Xin Zhao / mid: Akali / bot: Ashe / sup: Seraphine,1,0.0,2459.0,2084.0,10.0,10.196148899085301,True,Grew by >500g
LOLTMNT03_351308,complete,LCS,Lock-In,0,2026-02-27 23:47:08,4,16.04,100,Blue,LYON,oe:team:da1143bf9a245b78a8dc86417de85b3,2090,1,2275.0,1739.0,54.0,1.0,0.0,2081.0,1832.0,65.0,2.0,2.0,2443.0,2880.0,82.0,5.0,5.0,top: Vayne / jng: Ornn / mid: Ahri / bot: Ezreal / sup: Karma,2026-02-27,Team Liquid,top: Camille / jng: Dr. Mundo / mid: Galio / bot: Lucian / sup: Nami,1,0.0,-194.0,93.0,11.0,-10.196148899085301,True,Within 500g
LOLTMNT02_359214,complete,LCP,Split 1,1,2026-02-28 06:15:05,1,16.03,100,Blue,Fukuoka SoftBank HAWKS gaming,oe:team:d8ca3fc1f0827ec76369af7b70d43e3,1772,1,1380.0,1387.0,37.0,2.0,1.0,4492.0,3232.0,12.0,6.0,1.0,8408.0,8519.0,18.0,9.0,1.0,top: Rumble / jng: Jarvan IV / mid: Ryze / bot: Aphelios / sup: Thresh,2026-02-28,Deep Cross Gaming,top: K'Sante / jng: Naafiri / mid: Orianna / bot: Yunara / sup: Lulu,1,5.0,3112.0,1845.0,-25.0,-53.01137338819967,True,Grew by >500g
LOLTMNT02_359242,complete,LCP,Split 1,1,2026-02-28 07:05:36,2,16.03,100,Blue,Fukuoka SoftBank HAWKS gaming,oe:team:d8ca3fc1f0827ec76369af7b70d43e3,2084,1,-27.0,-1478.0,17.0,3.0,4.0,4717.0,3751.0,65.0,7.0,4.0,3112.0,1824.0,78.0,7.0,6.0,top: Zaahen / jng: Vi / mid: Ahri / bot: Ezreal / sup: Poppy,2026-02-28,Deep Cross Gaming,top: Ambessa / jng: Wukong / mid: Galio / bot: Kalista / sup: Renata Glasc,1,3.0,4744.0,5229.0,48.0,-53.01137338819967,True,Shrank by >500g
LOLTMNT02_360174,complete,LCP,Split 1,1,2026-02-28 08:00:30,3,16.03,200,Red,Deep Cross Gaming,oe:team:7e56e9367c023df96cc8257ff4e16c0,1868,1,1320.0,-727.0,-9.0,7.0,6.0,2390.0,918.0,-5.0,9.0,6.0,6687.0,7885.0,51.0,11.0,6.0,top: Renekton / jng: Xin Zhao / mid: Aurora / bot: Kai'Sa / sup: Nautilus,2026-02-28,Fukuoka SoftBank HAWKS gaming,top: Gnar / jng: Pantheon / mid: Zoe / bot: Corki / sup: Alistar,0,3.0,1070.0,1645.0,4.0,53.01137338819967,True,Grew by >500g
LOLTMNT02_360177,complete,LCK,Cup,0,2026-02-28 08:23:00,1,16.03,200,Red,BNK FEARX,oe:team:5c2e7e9ea8dfcba0150d9a5619baecf,1733,1,1439.0,500.0,24.0,7.0,5.0,4341.0,1764.0,58.0,9.0,6.0,10904.0,10146.0,105.0,13.0,6.0,top: Gnar / jng: Jarvan IV / mid: Taliyah / bot: Varus / sup: Karma,2026-02-28,Dplus Kia,top: Sion / jng: Xin Zhao / mid: Azir / bot: Ezreal / sup: Yuumi,0,3.0,2902.0,1264.0,34.0,-8.71942385174134,True,Grew by >500g
LOLTMNT02_360179,complete,LCP,Split 1,1,2026-02-28 08:53:29,4,16.03,100,Blue,Deep Cross Gaming,oe:team:7e56e9367c023df96cc8257ff4e16c0,2086,1,-2283.0,-1737.0,-12.0,2.0,4.0,353.0,-425.0,23.0,2.0,4.0,947.0,369.0,33.0,5.0,5.0,top: Shen / jng: Lee Sin / mid: Sylas / bot: Sivir / sup: Leona,2026-02-28,Fukuoka SoftBank HAWKS gaming,top: Sion / jng: Jax / mid: Twisted Fate / bot: Varus / sup: Karma,1,-2.0,2636.0,1312.0,35.0,53.01137338819967,True,Grew by >500g
13127-13127_game_1,complete,LPL,Split 1,1,2026-02-28 09:10:38,1,16.03,100,Blue,Team WE,oe:team:62c1cd9465dc63824593ee5046f5aa8,1788,0,-954.0,-1298.0,17.0,2.0,4.0,784.0,190.0,3.0,9.0,7.0,-2756.0,-2720.0,-27.0,10.0,13.0,top: Varus / jng: Poppy / mid: Azir / bot: Jhin / sup: Bard,2026-02-28,Top Esports,top: Rumble / jng: Pantheon / mid: Yone / bot: Sivir / sup: Alistar,1,2.0,1738.0,1488.0,-14.0,10.035795987670099,True,Lead lost by 25
LOLTMNT02_360180,complete,LCK,Cup,0,2026-02-28 09:16:16,2,16.03,100,Blue,BNK FEARX,oe:team:5c2e7e9ea8dfcba0150d9a5619baecf,2096,1,-733.0,-1604.0,-26.0,2.0,4.0,1030.0,491.0,-29.0,8.0,6.0,1045.0,1463.0,-53.0,12.0,8.0,top: Renekton / jng: Trundle / mid: Ryze / bot: Ashe / sup: Seraphine,2026-02-28,Dplus Kia,top: Aurora / jng: Wukong / mid: Yone / bot: Ziggs / sup: Nautilus,1,2.0,1763.0,2095.0,-3.0,-8.71942385174134,True,Within 500g
LOLTMNT02_360181,complete,LCP,Split 1,1,2026-02-28 09:49:59,5,16.03,100,Blue,Deep Cross Gaming,oe:team:7e56e9367c023df96cc8257ff4e16c0,1498,1,4409.0,3136.0,71.0,5.0,2.0,5742.0,3456.0,78.0,9.0,5.0,11850.0,12969.0,134.0,15.0,5.0,top: Aatrox / jng: Dr. Mundo / mid: Azir / bot: Miss Fortune / sup: Rell,2026-02-28,Fukuoka SoftBank HAWKS gaming,top: Yorick / jng: Trundle / mid: Taliyah / bot: Xayah / sup: Rakan,1,4.0,1333.0,320.0,7.0,53.01137338819967,True,Won before 25
13127-13127_game_2,complete,LPL,Split 1,1,2026-02-28 10:03:23,2,16.03,200,Red,Top Esports,oe:team:fcec508e780bbd1ad493852640f5b36,1806,1,1800.0,1650.0,20.0,7.0,5.0,1729.0,1593.0,29.0,10.0,8.0,3276.0,2994.0,46.0,11.0,8.0,top: Sion / jng: Vi / mid: Ahri / bot: Lucian / sup: Braum,2026-02-28,Team WE,top: Gnar / jng: Viego / mid: Aurora / bot: Xayah / sup: Rell,0,2.0,-71.0,-57.0,9.0,-10.035795987670099,True,Grew by >500g
LOLTMNT02_360183,complete,LCK,Cup,0,2026-02-28 10:13:45,3,16.03,100,Blue,BNK FEARX,oe:team:5c2e7e9ea8dfcba0150d9a5619baecf,1854,1,275.0,-253.0,-17.0,6.0,5.0,5428.0,4501.0,7.0,13.0,5.0,6176.0,4739.0,-8.0,17.0,7.0,top: K'Sante / jng: Nocturne / mid: Syndra / bot: Yunara / sup: Lulu,2026-02-28,Dplus Kia,top: Jax / jng: Pantheon / mid: Zoe / bot: Corki / sup: Nami,1,8.0,5153.0,4754.0,24.0,-8.71942385174134,True,Grew by >500g
13127-13127_game_3,complete,LPL,Split 1,1,2026-02-28 10:55:27,3,16.03,200,Red,Top Esports,oe:team:fcec508e780bbd1ad493852640f5b36,1691,1,537.0,408.0,-26.0,8.0,3.0,3795.0,5353.0,4.0,14.0,5.0,5730.0,10785.0,-5.0,21.0,6.0,top: Ornn / jng: Xin Zhao / mid: Cassiopeia / bot: Ashe / sup: Nautilus,2026-02-28,Team WE,top: K'Sante / jng: Jayce / mid: Ryze / bot: Ezreal / sup: Karma,0,9.0,3258.0,4945.0,30.0,-10.035795987670099,True,Grew by >500g
LOLTMNT03_351452,complete,CBLOL,Cup,0,2026-02-28 16:12:34,1,16.04,100,Blue,RED Canids,oe:team:67169969ecc058b307edfa9c6b7a3c0,2196,1,2099.0,2003.0,17.0,5.0,2.0,2480.0,2954.0,24.0,7.0,5.0,834.0,1579.0,9.0,8.0,7.0,top: Ambessa / jng: Vi / mid: Taliyah / bot: Jhin / sup: Karma,2026-02-28,FURIA,top: Zaahen / jng: Wukong / mid: Orianna / bot: Yunara / sup: Rakan,1,2.0,381.0,951.0,7.0,-47.14504744019632,True,Shrank by >500g
LOLTMNT05_179108,complete,LEC,Versus,1,2026-02-28 16:20:06,1,16.03,100,Blue,Movistar KOI,oe:team:4acc40654379b4da680be1bd3129dfa,2075,1,-760.0,-168.0,-19.0,1.0,3.0,599.0,829.0,1.0,1.0,3.0,1593.0,2189.0,32.0,3.0,4.0,top: Ambessa / jng: Jarvan IV / mid: Azir / bot: Sivir / sup: Rakan,2026-02-28,Karmine Corp,top: Varus / jng: Pantheon / mid: Orianna / bot: Ezreal / sup: Alistar,1,-2.0,1359.0,997.0,20.0,-55.50354084698279,True,Grew by >500g
LOLTMNT03_351477,complete,CBLOL,Cup,0,2026-02-28 17:10:23,2,16.04,100,Blue,FURIA,oe:team:87e3e1e75839f75a10bbc66e894d806,2296,0,2659.0,1660.0,30.0,5.0,2.0,4139.0,1690.0,19.0,5.0,2.0,2252.0,790.0,23.0,7.0,6.0,top: Sion / jng: Jayce / mid: Ryze / bot: Corki / sup: Nami,2026-02-28,RED Canids,top: Gnar / jng: Xin Zhao / mid: Syndra / bot: Ezreal / sup: Leona,1,3.0,1480.0,30.0,-11.0,47.14504744019632,True,Shrank by >500g
LOLTMNT05_180085,complete,LEC,Versus,1,2026-02-28 17:19:02,2,16.03,200,Red,Karmine Corp,oe:team:f3aa9bbd924ce3af42ac53f8326bc7c,1545,1,5096.0,2837.0,32.0,8.0,1.0,8445.0,6947.0,59.0,11.0,1.0,14182.0,14068.0,91.0,15.0,1.0,top: Sion / jng: Wukong / mid: Ryze / bot: Ashe / sup: Seraphine,2026-02-28,Movistar KOI,top: Zaahen / jng: Xin Zhao / mid: Aurora / bot: Yunara / sup: Lulu,0,10.0,3349.0,4110.0,27.0,55.50354084698279,True,Grew by >500g
LOLTMNT03_350424,complete,CBLOL,Cup,0,2026-02-28 18:07:43,3,16.04,100,Blue,FURIA,oe:team:87e3e1e75839f75a10bbc66e894d806,1956,1,993.0,1130.0,63.0,6.0,5.0,697.0,1222.0,72.0,7.0,6.0,3883.0,6928.0,61.0,10.0,6.0,top: Rumble / jng: Skarner / mid: Cassiopeia / bot: Miss Fortune / sup: Alistar,2026-02-28,RED Canids,top: Galio / jng: Pantheon / mid: Sylas / bot: Jinx / sup: Bard,1,1.0,-296.0,92.0,9.0,47.14504744019632,True,Grew by >500g
LOLTMNT05_180086,complete,LEC,Versus,1,2026-02-28 18:09:20,3,16.03,100,Blue,Movistar KOI,oe:team:4acc40654379b4da680be1bd3129dfa,1778,1,2569.0,2392.0,4.0,8.0,6.0,4975.0,2948.0,22.0,10.0,7.0,7839.0,8289.0,53.0,13.0,8.0,top: Renekton / jng: Qiyana / mid: Taliyah / bot: Kai'Sa / sup: Nautilus,2026-02-28,Karmine Corp,top: Jayce / jng: Sejuani / mid: Syndra / bot: Jhin / sup: Rell,1,3.0,2406.0,556.0,18.0,-55.50354084698279,True,Grew by >500g
LOLTMNT03_350428,complete,CBLOL,Cup,0,2026-02-28 19:01:43,4,16.04,100,Blue,FURIA,oe:team:87e3e1e75839f75a10bbc66e894d806,1892,0,1553.0,469.0,-3.0,3.0,1.0,508.0,-1727.0,-16.0,4.0,2.0,741.0,-998.0,-23.0,5.0,2.0,top: Renekton / jng: Sejuani / mid: Aurora / bot: Lucian / sup: Milio,2026-02-28,RED Canids,top: K'Sante / jng: Nidalee / mid: Tristana / bot: Ziggs / sup: Nautilus,1,2.0,-1045.0,-2196.0,-13.0,47.14504744019632,True,Within 500g
LOLTMNT05_179109,complete,LEC,Versus,1,2026-02-28 19:01:45,4,16.03,200,Red,Karmine Corp,oe:team:f3aa9bbd924ce3af42ac53f8326bc7c,2029,1,-160.0,1528.0,24.0,2.0,1.0,1649.0,4071.0,86.0,3.0,1.0,3708.0,6641.0,63.0,4.0,1.0,top: Gnar / jng: Vi / mid: Viktor / bot: Corki / sup: Karma,2026-02-28,Movistar KOI,top: Poppy / jng: Malphite / mid: Ahri / bot: Aphelios / sup: Neeko,0,2.0,1809.0,2543.0,62.0,55.50354084698279,True,Grew by >500g
LOLTMNT05_180087,complete,LEC,Versus,1,2026-02-28 19:59:59,5,16.03,200,Red,Karmine Corp,oe:team:f3aa9bbd924ce3af42ac53f8326bc7c,1512,1,5207.0,4203.0,75.0,7.0,1.0,7740.0,5984.0,110.0,8.0,1.0,17999.0,15079.0,147.0,17.0,1.0,top: Akali / jng: Kha'Zix / mid: Galio / bot: Kalista / sup: Renata Glasc,2026-02-28,Movistar KOI,top: K'Sante / jng: Gwen / mid: Yone / bot: Lucian / sup: Milio,0,7.0,2533.0,1781.0,35.0,55.50354084698279,True,Grew by >500g
LOLTMNT03_350449,complete,LCS,Lock-In,0,2026-02-28 21:09:01,1,16.04,100,Blue,LYON,oe:team:da1143bf9a245b78a8dc86417de85b3,1863,1,2898.0,1352.0,40.0,4.0,1.0,5004.0,1283.0,60.0,4.0,1.0,5633.0,2140.0,101.0,4.0,2.0,top: Gnar / jng: Jarvan IV / mid: Azir / bot: Ezreal / sup: Karma,2026-02-28,Sentinels,top: Renekton / jng: Xin Zhao / mid: Orianna / bot: Corki / sup: Nami,1,3.0,2106.0,-69.0,20.0,40.441273997334065,True,Grew by >500g
LOLTMNT03_351519,complete,LCS,Lock-In,0,2026-02-28 21:59:18,2,16.04,100,Blue,LYON,oe:team:da1143bf9a245b78a8dc86417de85b3,2231,1,3279.0,4103.0,38.0,8.0,3.0,5124.0,4477.0,48.0,9.0,3.0,5074.0,5681.0,70.0,10.0,4.0,top: Ambessa / jng: Malphite / mid: Yone / bot: Jhin / sup: Neeko,2026-02-28,Sentinels,top: Jax / jng: Wukong / mid: Syndra / bot: Ashe / sup: Seraphine,1,6.0,1845.0,374.0,10.0,40.441273997334065,True,Within 500g
LOLTMNT03_350455,complete,LCS,Lock-In,0,2026-02-28 23:06:24,3,16.04,100,Blue,LYON,oe:team:da1143bf9a245b78a8dc86417de85b3,2067,0,2722.0,910.0,8.0,3.0,2.0,2843.0,512.0,28.0,4.0,2.0,3292.0,2359.0,63.0,4.0,4.0,top: Gwen / jng: Jayce / mid: Ryze / bot: Sivir / sup: Bard,2026-02-28,Sentinels,top: Yorick / jng: Skarner / mid: Anivia / bot: Varus / sup: Alistar,1,2.0,121.0,-398.0,20.0,40.441273997334065,True,Within 500g
LOLTMNT03_350458,complete,LCS,Lock-In,0,2026-03-01 00:00:08,4,16.04,100,Blue,Sentinels,oe:team:f90422f1cbcb24bc2a855202582ec29,2317,0,-756.0,-1284.0,16.0,1.0,2.0,482.0,580.0,21.0,3.0,2.0,3432.0,3893.0,16.0,7.0,4.0,top: Sion / jng: Trundle / mid: Viktor / bot: Kai'Sa / sup: Rell,2026-03-01,LYON,top: Aatrox / jng: Dr. Mundo / mid: Sylas / bot: Yunara / sup: Lulu,1,1.0,1238.0,1864.0,5.0,-53.488684836511766,True,Grew by >500g
LOLTMNT02_360259,complete,LCP,Split 1,1,2026-03-01 06:12:56,1,16.03,100,Blue,Team Secret Whales,oe:team:740de582f50775c516c77ed7b923fd5,1774,1,4265.0,3693.0,54.0,7.0,2.0,7644.0,6599.0,90.0,13.0,4.0,9672.0,9693.0,126.0,18.0,6.0,top: Renekton / jng: Vi / mid: Orianna / bot: Corki / sup: Rakan,2026-03-01,Deep Cross Gaming,top: K'Sante / jng: Jarvan IV / mid: Azir / bot: Yunara / sup: Neeko,1,9.0,3379.0,2906.0,36.0,31.55794417166726,True,Grew by >500g
LOLTMNT02_359319,complete,LCP,Split 1,1,2026-03-01 07:01:59,2,16.03,100,Blue,Team Secret Whales,oe:team:740de582f50775c516c77ed7b923fd5,2084,1,1207.0,142.0,21.0,6.0,4.0,2586.0,589.0,23.0,7.0,4.0,2235.0,-651.0,9.0,7.0,5.0,top: Jax / jng: Wukong / mid: Aurora / bot: Sivir / sup: Alistar,2026-03-01,Deep Cross Gaming,top: Gwen / jng: Xin Zhao / mid: Ahri / bot: Varus / sup: Rell,1,3.0,1379.0,447.0,2.0,31.55794417166726,True,Within 500g
LOLTMNT02_359320,complete,LCP,Split 1,1,2026-03-01 07:57:07,3,16.03,100,Blue,Team Secret Whales,oe:team:740de582f50775c516c77ed7b923fd5,1371,1,1696.0,1038.0,-5.0,10.0,6.0,8739.0,7519.0,16.0,20.0,7.0,,,,,,top: Sett / jng: Naafiri / mid: Twisted Fate / bot: Kai'Sa / sup: Nautilus,2026-03-01,Deep Cross Gaming,top: Sion / jng: Dr. Mundo / mid: Taliyah / bot: Ashe / sup: Seraphine,1,13.0,7043.0,6481.0,21.0,31.55794417166726,True,Won before 25
LOLTMNT02_360283,complete,LCK,Cup,0,2026-03-01 08:22:46,1,16.03,100,Blue,Gen.G,oe:team:50f58982d91a36557ec8aec52ab014f,1673,1,605.0,366.0,6.0,4.0,3.0,350.0,-11.0,29.0,4.0,4.0,2286.0,6002.0,60.0,8.0,8.0,top: Gwen / jng: Jarvan IV / mid: Ryze / bot: Sivir / sup: Bard,2026-03-01,BNK FEARX,top: Gnar / jng: Pantheon / mid: Taliyah / bot: Varus / sup: Rakan,1,0.0,-255.0,-377.0,23.0,58.57845236914386,True,Grew by >500g
13128-13128_game_1,complete,LPL,Split 1,1,2026-03-01 09:11:06,1,16.03,100,Blue,Invictus Gaming,oe:team:53a258f289c26d94431c0496a54e151,2188,1,3503.0,2755.0,44.0,5.0,1.0,3431.0,2550.0,48.0,7.0,3.0,2050.0,2608.0,28.0,7.0,4.0,top: Rumble / jng: Wukong / mid: Ryze / bot: Miss Fortune / sup: Rell,2026-03-01,Ninjas in Pyjamas,top: Ornn / jng: Xin Zhao / mid: Azir / bot: Jhin / sup: Rakan,1,4.0,-72.0,-205.0,4.0,-100.75859190091046,True,Shrank by >500g
LOLTMNT02_360285,complete,LCK,Cup,0,2026-03-01 09:14:27,2,16.03,100,Blue,Gen.G,oe:team:50f58982d91a36557ec8aec52ab014f,1447,1,-1388.0,95.0,-19.0,0.0,3.0,2755.0,4098.0,-11.0,5.0,3.0,12090.0,11898.0,31.0,13.0,3.0,top: Zaahen / jng: Ambessa / mid: Galio / bot: Ashe / sup: Seraphine,2026-03-01,BNK FEARX,top: Renekton / jng: Nocturne / mid: Orianna / bot: Kalista / sup: Renata Glasc,1,2.0,4143.0,4003.0,8.0,58.57845236914386,True,Won before 25
LOLTMNT02_360286,complete,LCK,Cup,0,2026-03-01 10:01:17,3,16.03,100,Blue,Gen.G,oe:team:50f58982d91a36557ec8aec52ab014f,1854,1,1908.0,1366.0,57.0,1.0,0.0,2768.0,3660.0,73.0,5.0,1.0,5791.0,7510.0,114.0,8.0,1.0,top: Aatrox / jng: Wukong / mid: Annie / bot: Yunara / sup: Neeko,2026-03-01,BNK FEARX,top: Sion / jng: Dr. Mundo / mid: Azir / bot: Lucian / sup: Nami,1,4.0,860.0,2294.0,16.0,58.57845236914386,True,Grew by >500g
13128-13128_game_2,complete,LPL,Split 1,1,2026-03-01 10:09:54,2,16.03,200,Red,Ninjas in Pyjamas,oe:team:48d7941ccbd5b89aca46c57b0c2f8fb,2508,1,2511.0,685.0,-6.0,4.0,2.0,2676.0,-939.0,-14.0,7.0,5.0,6235.0,3949.0,-15.0,11.0,6.0,top: Renekton / jng: Zaahen / mid: Taliyah / bot: Yunara / sup: Nautilus,2026-03-01,Invictus Gaming,top: Gnar / jng: Pantheon / mid: Galio / bot: Sivir / sup: Lulu,0,2.0,165.0,-1624.0,-8.0,100.75859190091046,True,Grew by >500g
13128-13128_game_3,complete,LPL,Split 1,1,2026-03-01 11:15:44,3,16.03,100,Blue,Invictus Gaming,oe:team:53a258f289c26d94431c0496a54e151,1620,1,3091.0,1268.0,9.0,9.0,4.0,657.0,1338.0,38.0,12.0,9.0,6539.0,8849.0,30.0,20.0,10.0,top: Ambessa / jng: Lee Sin / mid: Lissandra / bot: Kai'Sa / sup: Alistar,2026-03-01,Ninjas in Pyjamas,top: Rek'Sai / jng: Jarvan IV / mid: Ahri / bot: Ezreal / sup: Braum,1,3.0,-2434.0,70.0,29.0,-100.75859190091046,True,Grew by >500g
LOLTMNT05_180114,complete,LEC,Versus,1,2026-03-01 16:19:58,1,16.03,100,Blue,G2 Esports,oe:team:7d6673d3a9d00363c6bebc1a630da6e,2056,1,879.0,2055.0,27.0,4.0,3.0,788.0,1445.0,14.0,5.0,3.0,2346.0,1886.0,9.0,6.0,3.0,top: Shen / jng: Aatrox / mid: Orianna / bot: Caitlyn / sup: Bard,2026-03-01,Karmine Corp,top: Ambessa / jng: Jarvan IV / mid: Galio / bot: Lucian / sup: Nami,1,2.0,-91.0,-610.0,-13.0,6.0874791799183186,True,Grew by >500g
LOLTMNT03_350598,complete,CBLOL,Cup,0,2026-03-01 16:20:44,1,16.04,100,Blue,LOUD,oe:team:658a021a796aa5501503220adb38cf4,2235,1,-261.0,-367.0,2.0,4.0,5.0,1261.0,136.0,-1.0,4.0,5.0,1510.0,128.0,30.0,6.0,7.0,top: Rek'Sai / jng: Nocturne / mid: Aurora / bot: Yunara / sup: Lulu,2026-03-01,RED Canids,top: Sion / jng: Xin Zhao / mid: Viktor / bot: Ashe / sup: Seraphine,1,-1.0,1522.0,503.0,-3.0,-3.607294876763035,True,Within 500g
LOLTMNT03_350603,complete,CBLOL,Cup,0,2026-03-01 17:16:40,2,16.04,200,Red,LOUD,oe:team:658a021a796aa5501503220adb38cf4,1763,1,2101.0,2326.0,24.0,3.0,0.0,4379.0,4078.0,42.0,5.0,1.0,4950.0,7304.0,73.0,9.0,6.0,top: K'Sante / jng: Jarvan IV / mid: Orianna / bot: Xayah / sup: Rakan,2026-03-01,RED Canids,top: Rumble / jng: Vi / mid: Akali / bot: Ezreal / sup: Bard,0,4.0,2278.0,1752.0,18.0,-3.607294876763035,True,Grew by >500g
LOLTMNT05_180115,complete,LEC,Versus,1,2026-03-01 17:23:48,2,16.03,100,Blue,G2 Esports,oe:team:7d6673d3a9d00363c6bebc1a630da6e,1957,1,246.0,976.0,-1.0,4.0,2.0,2099.0,2823.0,21.0,6.0,2.0,3273.0,4383.0,19.0,7.0,2.0,top: Yasuo / jng: Dr. Mundo / mid: Taliyah / bot: Ashe / sup: Seraphine,2026-03-01,Karmine Corp,top: Gwen / jng: Naafiri / mid: Ryze / bot: Ezreal / sup: Karma,1,4.0,1853.0,1847.0,22.0,6.0874791799183186,True,Grew by >500g
LOLTMNT03_351685,complete,CBLOL,Cup,0,2026-03-01 18:04:57,3,16.04,100,Blue,RED Canids,oe:team:67169969ecc058b307edfa9c6b7a3c0,2157,0,2731.0,739.0,-8.0,7.0,4.0,4514.0,1430.0,-10.0,9.0,5.0,1756.0,-2039.0,-13.0,11.0,9.0,top: Gwen / jng: Trundle / mid: Ryze / bot: Kai'Sa / sup: Leona,2026-03-01,LOUD,top: Ambessa / jng: Malphite / mid: Cassiopeia / bot: Jhin / sup: Alistar,1,4.0,1783.0,691.0,-2.0,3.607294876763035,True,Shrank by >500g
LOLTMNT05_179123,complete,LEC,Versus,1,2026-03-01 18:20:14,3,16.03,200,Red,Karmine Corp,oe:team:f3aa9bbd924ce3af42ac53f8326bc7c,1937,1,977.0,1111.0,44.0,3.0,6.0,3006.0,2951.0,33.0,8.0,8.0,5272.0,5533.0,42.0,12.0,10.0,top: Rumble / jng: Wukong / mid: Ahri / bot: Jhin / sup: Nautilus,2026-03-01,G2 Esports,top: Ornn / jng: Pantheon / mid: Sylas / bot: Corki / sup: Rell,0,0.0,2029.0,1840.0,-11.0,-6.0874791799183186,True,Grew by >500g
LOLTMNT05_179124,complete,LEC,Versus,1,2026-03-01 19:15:05,4,16.03,100,Blue,G2 Esports,oe:team:7d6673d3a9d00363c6bebc1a630da6e,2165,0,2815.0,3119.0,47.0,3.0,1.0,4597.0,3967.0,28.0,5.0,1.0,3936.0,5918.0,54.0,7.0,4.0,top: Renekton / jng: Xin Zhao / mid: Syndra / bot: Yunara / sup: Renata Glasc,2026-03-01,Karmine Corp,top: Gnar / jng: Vi / mid: Viktor / bot: Xayah / sup: Rakan,1,4.0,1782.0,848.0,-19.0,6.0874791799183186,True,Shrank by >500g
LOLTMNT05_179126,complete,LEC,Versus,1,2026-03-01 20:19:40,5,16.03,100,Blue,G2 Esports,oe:team:7d6673d3a9d00363c6bebc1a630da6e,2783,1,3155.0,2424.0,41.0,7.0,2.0,3962.0,1895.0,42.0,9.0,4.0,2746.0,4439.0,49.0,11.0,8.0,top: Kled / jng: Skarner / mid: Anivia / bot: Kai'Sa / sup: Neeko,2026-03-01,Karmine Corp,top: Sion / jng: Maokai / mid: Aurora / bot: Sivir / sup: Alistar,1,5.0,807.0,-529.0,1.0,6.0874791799183186,True,Shrank by >500g
LOLTMNT03_350640,complete,LCS,Lock-In,0,2026-03-01 21:16:53,1,16.04,200,Red,Cloud9,oe:team:fc8e90107dabb9a35c490b0d86adea0,2253,1,-132.0,-559.0,-24.0,1.0,1.0,1802.0,505.0,-16.0,4.0,2.0,-40.0,-2046.0,-6.0,5.0,6.0,top: Ambessa / jng: Malphite / mid: Orianna / bot: Corki / sup: Neeko,2026-03-01,LYON,top: Gnar / jng: Xin Zhao / mid: Azir / bot: Ezreal / sup: Karma,0,2.0,1934.0,1064.0,8.0,54.65260589063428,True,Lead lost by 25
LOLTMNT03_351697,complete,LCS,Lock-In,0,2026-03-01 22:18:14,2,16.04,200,Red,LYON,oe:team:da1143bf9a245b78a8dc86417de85b3,2121,1,2007.0,1772.0,26.0,5.0,2.0,2560.0,1407.0,13.0,5.0,2.0,3659.0,4300.0,37.0,9.0,4.0,top: Rumble / jng: Aatrox / mid: Ahri / bot: Aphelios / sup: Lulu,2026-03-01,Cloud9,top: K'Sante / jng: Nocturne / mid: Annie / bot: Yunara / sup: Nautilus,0,3.0,553.0,-365.0,-13.0,-54.65260589063428,True,Grew by >500g
LOLTMNT03_351699,complete,LCS,Lock-In,0,2026-03-01 23:12:40,3,16.04,100,Blue,LYON,oe:team:da1143bf9a245b78a8dc86417de85b3,2471,1,1525.0,2057.0,3.0,3.0,0.0,894.0,954.0,1.0,4.0,2.0,-224.0,2540.0,-16.0,4.0,3.0,top: Zaahen / jng: Trundle / mid: Aurora / bot: Ashe / sup: Seraphine,2026-03-01,Cloud9,top: Renekton / jng: Vi / mid: Taliyah / bot: Mel / sup: Nami,1,2.0,-631.0,-1103.0,-2.0,-54.65260589063428,True,Lead lost by 25
LOLTMNT03_350644,complete,LCS,Lock-In,0,2026-03-02 00:22:41,4,16.04,100,Blue,LYON,oe:team:da1143bf9a245b78a8dc86417de85b3,1864,1,1760.0,677.0,-5.0,2.0,0.0,209.0,65.0,-3.0,4.0,4.0,2464.0,3152.0,-28.0,7.0,4.0,top: Sion / jng: Jarvan IV / mid: Cassiopeia / bot: Kai'Sa / sup: Poppy,2026-03-02,Cloud9,top: Rek'Sai / jng: Wukong / mid: Ryze / bot: Smolder / sup: Bard,1,0.0,-1551.0,-612.0,2.0,-16.818998268650603,True,Grew by >500g
13129-13129_game_1,complete,LPL,Split 1,1,2026-03-02 09:10:40,1,16.03,100,Blue,Weibo Gaming,oe:team:606c6ac695907af3823ee6405c58ff1,1863,1,2582.0,871.0,18.0,6.0,2.0,1468.0,62.0,3.0,8.0,5.0,6756.0,6266.0,7.0,13.0,6.0,top: Ambessa / jng: Vi / mid: Orianna / bot: Miss Fortune / sup: Nautilus,2026-03-02,Top Esports,top: Mordekaiser / jng: Xin Zhao / mid: Azir / bot: Ezreal / sup: Alistar,1,3.0,-1114.0,-809.0,-15.0,-18.758198742374134,True,Grew by >500g
13129-13129_game_2,complete,LPL,Split 1,1,2026-03-02 10:05:06,2,16.03,200,Red,Top Esports,oe:team:fcec508e780bbd1ad493852640f5b36,1995,1,-750.0,602.0,-7.0,4.0,6.0,542.0,1248.0,22.0,6.0,8.0,181.0,3094.0,28.0,8.0,13.0,top: K'Sante / jng: Naafiri / mid: Ryze / bot: Corki / sup: Nami,2026-03-02,Weibo Gaming,top: Rumble / jng: Nocturne / mid: Cassiopeia / bot: Jhin / sup: Karma,0,-2.0,1292.0,646.0,29.0,18.758198742374134,True,Within 500g
13129-13129_game_3,complete,LPL,Split 1,1,2026-03-02 11:01:53,3,16.03,100,Blue,Weibo Gaming,oe:team:606c6ac695907af3823ee6405c58ff1,1964,1,-477.0,1930.0,30.0,2.0,3.0,602.0,2970.0,42.0,3.0,3.0,-341.0,2263.0,48.0,4.0,5.0,top: Renekton / jng: Jarvan IV / mid: Taliyah / bot: Varus / sup: Bard,2026-03-02,Top Esports,top: Gangplank / jng: Pantheon / mid: Ahri / bot: Yunara / sup: Rakan,1,0.0,1079.0,1040.0,12.0,-18.758198742374134,True,Lead lost by 25
13129-13129_game_4,complete,LPL,Split 1,1,2026-03-02 11:58:44,4,16.03,200,Red,Top Esports,oe:team:fcec508e780bbd1ad493852640f5b36,1837,1,-1921.0,196.0,18.0,7.0,9.0,1173.0,3667.0,40.0,12.0,10.0,2828.0,6022.0,91.0,16.0,13.0,top: Rek'Sai / jng: Trundle / mid: Viktor / bot: Ashe / sup: Seraphine,2026-03-02,Weibo Gaming,top: Sion / jng: Qiyana / mid: Twisted Fate / bot: Zeri / sup: Yuumi,0,2.0,3094.0,3471.0,22.0,18.758198742374134,True,Grew by >500g
13129-13129_game_5,complete,LPL,Split 1,1,2026-03-02 12:52:33,5,16.03,100,Blue,Weibo Gaming,oe:team:606c6ac695907af3823ee6405c58ff1,2103,1,2340.0,2955.0,11.0,7.0,2.0,3963.0,5145.0,11.0,11.0,2.0,2226.0,4194.0,15.0,15.0,6.0,top: Yorick / jng: Dr. Mundo / mid: Galio / bot: Jinx / sup: Thresh,2026-03-02,Top Esports,top: Kennen / jng: Skarner / mid: Smolder / bot: Aphelios / sup: Renata Glasc,1,9.0,1623.0,2190.0,0.0,-18.758198742374134,True,Shrank by >500g
13131-13131_game_1,complete,LPL,Split 1,1,2026-03-04 09:12:44,1,16.03,200,Red,Bilibili Gaming,oe:team:d356a144644879dabb5f34cd99c886d,2353,0,1080.0,533.0,3.0,3.0,2.0,2257.0,1270.0,10.0,5.0,3.0,4582.0,6452.0,-13.0,9.0,4.0,top: Kennen / jng: Xin Zhao / mid: Ryze / bot: Yunara / sup: Neeko,2026-03-04,JD Gaming,top: Renekton / jng: Jarvan IV / mid: Taliyah / bot: Ezreal / sup: Karma,0,2.0,1177.0,737.0,7.0,71.40618223847196,True,Grew by >500g
13131-13131_game_2,complete,LPL,Split 1,1,2026-03-04 10:18:43,2,16.03,100,Blue,JD Gaming,oe:team:b42d0f31f2727621b963042276817c4,2025,0,-257.0,-62.0,-13.0,1.0,1.0,1178.0,577.0,-19.0,3.0,2.0,-1393.0,-3614.0,-40.0,7.0,7.0,top: Ambessa / jng: Nocturne / mid: Galio / bot: Kai'Sa / sup: Nautilus,2026-03-04,Bilibili Gaming,top: Rumble / jng: Wukong / mid: Aurora / bot: Corki / sup: Alistar,1,1.0,1435.0,639.0,-6.0,-71.40618223847196,True,Lead lost by 25
13131-13131_game_3,complete,LPL,Split 1,1,2026-03-04 11:17:43,3,16.03,100,Blue,Bilibili Gaming,oe:team:d356a144644879dabb5f34cd99c886d,2146,0,3744.0,2759.0,61.0,8.0,2.0,3068.0,2611.0,74.0,11.0,5.0,624.0,-3250.0,58.0,12.0,10.0,top: Sion / jng: Naafiri / mid: Mel / bot: Miss Fortune / sup: Seraphine,2026-03-04,JD Gaming,top: Jax / jng: Olaf / mid: Twisted Fate / bot: Ashe / sup: Lulu,1,6.0,-676.0,-148.0,13.0,71.40618223847196,True,Shrank by >500g
13131-13131_game_4,complete,LPL,Split 1,1,2026-03-04 12:17:40,4,16.03,200,Red,Bilibili Gaming,oe:team:d356a144644879dabb5f34cd99c886d,1819,1,4923.0,4344.0,72.0,8.0,2.0,7967.0,5040.0,95.0,10.0,3.0,12453.0,11099.0,117.0,13.0,3.0,top: Gnar / jng: Kha'Zix / mid: LeBlanc / bot: Ziggs / sup: Leona,2026-03-04,JD Gaming,top: Gwen / jng: Aatrox / mid: Ahri / bot: Aphelios / sup: Thresh,0,7.0,3044.0,696.0,23.0,71.40618223847196,True,Grew by >500g
13131-13131_game_5,complete,LPL,Split 1,1,2026-03-04 13:12:43,5,16.03,100,Blue,Bilibili Gaming,oe:team:d356a144644879dabb5f34cd99c886d,1769,1,1511.0,514.0,50.0,2.0,2.0,2722.0,1406.0,46.0,3.0,2.0,5083.0,3227.0,31.0,7.0,4.0,top: Yorick / jng: Pantheon / mid: Sylas / bot: Kalista / sup: Anivia,2026-03-04,JD Gaming,top: Mordekaiser / jng: Vi / mid: Viktor / bot: Sivir / sup: Renata Glasc,1,1.0,1211.0,892.0,-4.0,71.40618223847196,True,Grew by >500g
13132-13132_game_1,complete,LPL,Split 1,1,2026-03-05 09:12:47,1,16.03,200,Red,Weibo Gaming,oe:team:606c6ac695907af3823ee6405c58ff1,2045,1,-926.0,122.0,7.0,1.0,3.0,218.0,1865.0,17.0,4.0,4.0,-138.0,-471.0,30.0,8.0,8.0,top: Rumble / jng: Pantheon / mid: Yone / bot: Ezreal / sup: Karma,2026-03-05,Anyone's Legend,top: Sion / jng: Jarvan IV / mid: Azir / bot: Ashe / sup: Seraphine,0,0.0,1144.0,1743.0,10.0,-61.66796239396126,True,Lead lost by 25
13132-13132_game_2,complete,LPL,Split 1,1,2026-03-05 10:10:05,2,16.03,200,Red,Anyone's Legend,oe:team:ed28f87f0cfdba0a2a8f183cebae73a,2160,0,783.0,265.0,28.0,3.0,3.0,330.0,-403.0,33.0,4.0,6.0,-2436.0,-2299.0,53.0,4.0,10.0,top: Renekton / jng: Naafiri / mid: Galio / bot: Miss Fortune / sup: Neeko,2026-03-05,Weibo Gaming,top: Zaahen / jng: Xin Zhao / mid: Swain / bot: Yunara / sup: Lulu,0,-2.0,-453.0,-668.0,5.0,61.66796239396126,True,Lead lost by 25
13132-13132_game_3,complete,LPL,Split 1,1,2026-03-05 11:09:49,3,16.03,100,Blue,Weibo Gaming,oe:team:606c6ac695907af3823ee6405c58ff1,1952,0,-210.0,-1506.0,-27.0,4.0,3.0,536.0,-749.0,-20.0,6.0,4.0,-4211.0,-7381.0,-35.0,6.0,8.0,top: Camille / jng: Nocturne / mid: Ryze / bot: Sivir / sup: Rakan,2026-03-05,Anyone's Legend,top: Rek'Sai / jng: Qiyana / mid: Cassiopeia / bot: Varus / sup: Rell,1,2.0,746.0,757.0,7.0,-61.66796239396126,True,Lead lost by 25
13132-13132_game_4,complete,LPL,Split 1,1,2026-03-05 12:06:06,4,16.03,200,Red,Weibo Gaming,oe:team:606c6ac695907af3823ee6405c58ff1,1985,1,-376.0,-1394.0,-32.0,3.0,3.0,1101.0,144.0,-31.0,7.0,4.0,2791.0,1378.0,-4.0,8.0,4.0,top: Aurora / jng: Warwick / mid: LeBlanc / bot: Corki / sup: Nami,2026-03-05,Anyone's Legend,top: Vladimir / jng: Dr. Mundo / mid: Taliyah / bot: Aphelios / sup: Thresh,0,3.0,1477.0,1538.0,1.0,-61.66796239396126,True,Grew by >500g
13133-13133_game_1,complete,LPL,Split 1,1,2026-03-07 09:12:06,1,16.03,100,Blue,JD Gaming,oe:team:b42d0f31f2727621b963042276817c4,1963,1,1595.0,2021.0,40.0,3.0,2.0,2241.0,-317.0,36.0,4.0,3.0,3246.0,959.0,18.0,6.0,3.0,top: Sion / jng: Xin Zhao / mid: Galio / bot: Ezreal / sup: Karma,2026-03-07,Weibo Gaming,top: Aurora / jng: Vi / mid: Ryze / bot: Kai'Sa / sup: Neeko,1,1.0,646.0,-2338.0,-4.0,-20.40227949464611,True,Grew by >500g
13133-13133_game_2,complete,LPL,Split 1,1,2026-03-07 10:09:15,2,16.03,100,Blue,JD Gaming,oe:team:b42d0f31f2727621b963042276817c4,2130,1,-454.0,-501.0,13.0,2.0,2.0,1537.0,1909.0,23.0,5.0,2.0,3784.0,5843.0,53.0,6.0,3.0,top: Renekton / jng: Maokai / mid: Yone / bot: Varus / sup: Nautilus,2026-03-07,Weibo Gaming,top: Gnar / jng: Nocturne / mid: Taliyah / bot: Yunara / sup: Rell,1,3.0,1991.0,2410.0,10.0,-20.40227949464611,True,Grew by >500g
13133-13133_game_3,complete,LPL,Split 1,1,2026-03-07 11:07:43,3,16.03,200,Red,Weibo Gaming,oe:team:606c6ac695907af3823ee6405c58ff1,1665,0,-277.0,-2449.0,-84.0,4.0,3.0,617.0,-535.0,-66.0,8.0,5.0,116.0,-930.0,-81.0,13.0,10.0,top: Ambessa / jng: Pantheon / mid: Ahri / bot: Corki / sup: Nami,2026-03-07,JD Gaming,top: Yorick / jng: Wukong / mid: Mel / bot: Ashe / sup: Seraphine,0,3.0,894.0,1914.0,18.0,20.40227949464611,True,Shrank by >500g
13134-13134_game_1,complete,LPL,Split 1,1,2026-03-08 09:17:50,1,16.03,100,Blue,Bilibili Gaming,oe:team:d356a144644879dabb5f34cd99c886d,2130,1,-1268.0,-733.0,26.0,2.0,5.0,1805.0,2621.0,42.0,7.0,7.0,1865.0,3102.0,65.0,8.0,8.0,top: Ambessa / jng: Pantheon / mid: Aurora / bot: Ezreal / sup: Neeko,2026-03-08,JD Gaming,top: Jax / jng: Vi / mid: Ahri / bot: Yunara / sup: Karma,1,0.0,3073.0,3354.0,16.0,39.37874803633281,True,Within 500g
13134-13134_game_2,complete,LPL,Split 1,1,2026-03-08 10:16:46,2,16.03,100,Blue,Bilibili Gaming,oe:team:d356a144644879dabb5f34cd99c886d,1795,1,2251.0,2673.0,39.0,8.0,4.0,5676.0,4401.0,32.0,13.0,4.0,9404.0,10630.0,63.0,22.0,8.0,top: Gnar / jng: Poppy / mid: Syndra / bot: Ashe / sup: Seraphine,2026-03-08,JD Gaming,top: Jayce / jng: Jarvan IV / mid: Mel / bot: Corki / sup: Nami,1,9.0,3425.0,1728.0,-7.0,39.37874803633281,True,Grew by >500g
13134-13134_game_3,complete,LPL,Split 1,1,2026-03-08 11:10:12,3,16.03,200,Red,JD Gaming,oe:team:b42d0f31f2727621b963042276817c4,1576,1,714.0,1276.0,44.0,6.0,5.0,1463.0,3385.0,62.0,10.0,6.0,2913.0,7222.0,75.0,12.0,6.0,top: Sion / jng: Xin Zhao / mid: Taliyah / bot: Kog'Maw / sup: Lulu,2026-03-08,Bilibili Gaming,top: Renekton / jng: Trundle / mid: Viktor / bot: Aphelios / sup: Alistar,0,4.0,749.0,2109.0,18.0,-39.37874803633281,True,Grew by >500g
13134-13134_game_4,complete,LPL,Split 1,1,2026-03-08 12:04:35,4,16.03,200,Red,Bilibili Gaming,oe:team:d356a144644879dabb5f34cd99c886d,2021,1,1127.0,-1607.0,3.0,4.0,2.0,2740.0,977.0,8.0,8.0,3.0,3070.0,778.0,-2.0,8.0,3.0,top: Gwen / jng: Qiyana / mid: Ryze / bot: Xayah / sup: Rakan,2026-03-08,JD Gaming,top: Zaahen / jng: Wukong / mid: Anivia / bot: Kalista / sup: Renata Glasc,0,5.0,1613.0,2584.0,5.0,39.37874803633281,True,Within 500g
LOLTMNT05_184082,complete,LEC,Spring,0,2026-03-28 13:10:54,1,16.06,100,Blue,GiantX,oe:team:6cd05f0ac20bfb965a59dc8bcc4f184,1562,1,2079.0,2422.0,29.0,8.0,2.0,1289.0,1770.0,24.0,8.0,3.0,1608.0,1689.0,45.0,10.0,5.0,top: Ambessa / jng: Xin Zhao / mid: Aurora / bot: Ashe / sup: Seraphine,2026-03-28,Fnatic,top: Sion / jng: Pantheon / mid: Viktor / bot: Ezreal / sup: Karma,1,5.0,-790.0,-652.0,-5.0,30.111037958475208,True,Within 500g
LOLTMNT05_184084,complete,LEC,Spring,0,2026-03-28 13:59:09,2,16.06,200,Red,Fnatic,oe:team:78f183fa5a7d8ecb22b9ad272c3abd7,2017,1,2392.0,-1620.0,-6.0,3.0,2.0,3170.0,363.0,9.0,6.0,4.0,4446.0,1529.0,29.0,7.0,5.0,top: Rumble / jng: Zaahen / mid: Ahri / bot: Corki / sup: Nami,2026-03-28,GiantX,top: K'Sante / jng: Dr. Mundo / mid: Annie / bot: Yunara / sup: Lulu,0,2.0,778.0,1983.0,15.0,-30.111037958475208,True,Grew by >500g
LOLTMNT05_184086,complete,LEC,Spring,0,2026-03-28 14:52:52,3,16.06,100,Blue,GiantX,oe:team:6cd05f0ac20bfb965a59dc8bcc4f184,2117,1,1416.0,1981.0,78.0,2.0,2.0,2400.0,2951.0,94.0,4.0,4.0,2362.0,4054.0,85.0,8.0,7.0,top: Renekton / jng: Vi / mid: Akali / bot: Varus / sup: Rakan,2026-03-28,Fnatic,top: Gnar / jng: Wukong / mid: Taliyah / bot: Sivir / sup: Neeko,1,0.0,984.0,970.0,16.0,30.111037958475208,True,Within 500g
LOLTMNT05_183065,complete,LEC,Spring,0,2026-03-28 15:53:30,1,16.06,100,Blue,Team Vitality,oe:team:e8d8ae992fe72acb7adc7bfcee31dbb,1805,1,4391.0,3138.0,36.0,5.0,1.0,5130.0,1507.0,15.0,7.0,3.0,7904.0,5808.0,37.0,11.0,5.0,top: Renekton / jng: Aatrox / mid: Orianna / bot: Caitlyn / sup: Bard,2026-03-28,Karmine Corp,top: Aurora / jng: Xin Zhao / mid: Galio / bot: Ashe / sup: Seraphine,1,4.0,739.0,-1631.0,-21.0,-50.182687201698855,True,Grew by >500g
LOLTMNT02_373306,complete,CBLOL,Split 1,0,2026-03-28 16:14:08,1,16.06,100,Blue,RED Canids,oe:team:67169969ecc058b307edfa9c6b7a3c0,2764,1,20.0,1226.0,-24.0,8.0,5.0,1336.0,1223.0,-40.0,11.0,5.0,3883.0,2894.0,-20.0,13.0,5.0,top: Ambessa / jng: Xin Zhao / mid: Ahri / bot: Varus / sup: Ashe,2026-03-28,LOUD,top: Rek'Sai / jng: Vi / mid: Aurora / bot: Ezreal / sup: Seraphine,1,6.0,1316.0,-3.0,-16.0,-57.01564049515832,True,Grew by >500g
LOLTMNT05_183066,complete,LEC,Spring,0,2026-03-28 16:44:59,2,16.06,100,Blue,Team Vitality,oe:team:e8d8ae992fe72acb7adc7bfcee31dbb,3245,0,2990.0,1042.0,4.0,4.0,2.0,3525.0,684.0,-11.0,6.0,4.0,2180.0,-396.0,-27.0,6.0,5.0,top: Jax / jng: Jarvan IV / mid: LeBlanc / bot: Varus / sup: Rakan,2026-03-28,Karmine Corp,top: Ambessa / jng: Wukong / mid: Azir / bot: Ezreal / sup: Leona,1,2.0,535.0,-358.0,-15.0,-50.182687201698855,True,Shrank by >500g
LOLTMNT02_373323,complete,CBLOL,Split 1,0,2026-03-28 17:19:09,2,16.06,100,Blue,RED Canids,oe:team:67169969ecc058b307edfa9c6b7a3c0,1790,1,3084.0,2538.0,1.0,6.0,1.0,2564.0,1629.0,-4.0,6.0,2.0,6503.0,7099.0,45.0,12.0,3.0,top: Rumble / jng: Aatrox / mid: Yone / bot: Lucian / sup: Nami,2026-03-28,LOUD,top: Sion / jng: Jarvan IV / mid: Zoe / bot: Kalista / sup: Renata Glasc,1,4.0,-520.0,-909.0,-5.0,-57.01564049515832,True,Grew by >500g
LOLTMNT05_184096,complete,LEC,Spring,0,2026-03-28 18:03:08,3,16.06,200,Red,Karmine Corp,oe:team:f3aa9bbd924ce3af42ac53f8326bc7c,1965,1,1242.0,1045.0,26.0,3.0,3.0,1957.0,1934.0,50.0,4.0,3.0,7128.0,8364.0,100.0,11.0,4.0,top: Rumble / jng: Nocturne / mid: Ahri / bot: Corki / sup: Nami,2026-03-28,Team Vitality,top: K'Sante / jng: Naafiri / mid: Annie / bot: Jhin / sup: Karma,0,1.0,715.0,889.0,24.0,50.182687201698855,True,Grew by >500g
LOLTMNT02_372377,complete,CBLOL,Split 1,0,2026-03-28 18:13:04,1,16.06,200,Red,LØS,oe:team:ea65e6cc48a9be50fc5334369a5fca5,1724,1,4085.0,2308.0,31.0,5.0,0.0,5263.0,2206.0,62.0,6.0,1.0,6122.0,2629.0,81.0,6.0,1.0,top: Jayce / jng: Jarvan IV / mid: Ahri / bot: Sivir / sup: Neeko,2026-03-28,FURIA,top: Ambessa / jng: Gnar / mid: LeBlanc / bot: Varus / sup: Lulu,0,5.0,1178.0,-102.0,31.0,-31.99402819648799,True,Grew by >500g
LOLTMNT02_372392,complete,CBLOL,Split 1,0,2026-03-28 18:59:21,2,16.06,100,Blue,FURIA,oe:team:87e3e1e75839f75a10bbc66e894d806,1891,1,1464.0,-338.0,-32.0,4.0,1.0,1681.0,899.0,-27.0,4.0,1.0,1978.0,4602.0,-73.0,7.0,2.0,top: Sion / jng: Skarner / mid: Ryze / bot: Caitlyn / sup: Milio,2026-03-28,LØS,top: Aatrox / jng: Pantheon / mid: Syndra / bot: Corki / sup: Nami,1,3.0,217.0,1237.0,5.0,31.99402819648799,True,Within 500g
LOLTMNT05_183084,complete,LEC,Spring,0,2026-03-28 19:01:25,1,16.06,200,Red,Natus Vincere,oe:team:d2ba9f92d85cff67d60aaad88e61048,2042,1,-2085.0,-1446.0,-33.0,3.0,5.0,469.0,447.0,-53.0,8.0,6.0,1441.0,3864.0,-41.0,10.0,8.0,top: Ornn / jng: Aatrox / mid: Aurora / bot: Sivir / sup: Karma,2026-03-28,Movistar KOI,top: Rumble / jng: Xin Zhao / mid: Syndra / bot: Ezreal / sup: Nami,0,2.0,2554.0,1893.0,-20.0,-7.040790819717586,True,Grew by >500g
LOLTMNT02_373347,complete,CBLOL,Split 1,0,2026-03-28 19:49:20,3,16.06,100,Blue,LØS,oe:team:ea65e6cc48a9be50fc5334369a5fca5,2287,1,2157.0,1426.0,11.0,6.0,4.0,2499.0,1081.0,-21.0,9.0,5.0,2635.0,450.0,-31.0,10.0,7.0,top: Camille / jng: Zaahen / mid: Galio / bot: Ezreal / sup: Bard,2026-03-28,FURIA,top: K'Sante / jng: Xin Zhao / mid: Viktor / bot: Jhin / sup: Rakan,1,4.0,342.0,-345.0,-32.0,-31.99402819648799,True,Within 500g
LOLTMNT05_183085,complete,LEC,Spring,0,2026-03-28 19:59:01,2,16.06,100,Blue,Movistar KOI,oe:team:4acc40654379b4da680be1bd3129dfa,1736,1,2321.0,316.0,37.0,2.0,1.0,4406.0,2611.0,41.0,5.0,1.0,11377.0,10410.0,76.0,12.0,2.0,top: Shen / jng: Nocturne / mid: Orianna / bot: Yunara / sup: Neeko,2026-03-28,Natus Vincere,top: Sion / jng: Ambessa / mid: Azir / bot: Jhin / sup: Bard,1,4.0,2085.0,2295.0,4.0,7.040790819717586,True,Grew by >500g
LOLTMNT05_184106,complete,LEC,Spring,0,2026-03-28 20:48:34,3,16.06,100,Blue,Movistar KOI,oe:team:4acc40654379b4da680be1bd3129dfa,2181,0,-1665.0,-1669.0,-1.0,9.0,11.0,115.0,212.0,9.0,12.0,12.0,3291.0,7000.0,35.0,17.0,14.0,top: Gwen / jng: Zaahen / mid: Sylas / bot: Miss Fortune / sup: Nautilus,2026-03-28,Natus Vincere,top: Gnar / jng: Vi / mid: Ahri / bot: Xayah / sup: Rakan,1,0.0,1780.0,1881.0,10.0,7.040790819717586,True,Grew by >500g
LOLTMNT05_184124,complete,LEC,Spring,0,2026-03-29 15:07:54,1,16.06,100,Blue,Team Heretics,oe:team:1285e1c04d54de96502f12da4d49458,2251,0,3959.0,2449.0,50.0,4.0,1.0,4878.0,4306.0,59.0,7.0,3.0,4905.0,3339.0,77.0,7.0,3.0,top: K'Sante / jng: Vi / mid: Aurora / bot: Sivir / sup: Karma,2026-03-29,SK Gaming,top: Ambessa / jng: Xin Zhao / mid: Cassiopeia / bot: Ezreal / sup: Nami,1,4.0,919.0,1857.0,9.0,28.232196837524725,True,Within 500g
LOLTMNT05_184135,complete,LEC,Spring,0,2026-03-29 16:05:57,2,16.06,200,Red,Team Heretics,oe:team:1285e1c04d54de96502f12da4d49458,1979,1,956.0,122.0,4.0,1.0,1.0,2989.0,2185.0,13.0,7.0,3.0,7261.0,3409.0,43.0,13.0,5.0,top: Rumble / jng: Zaahen / mid: Akali / bot: Varus / sup: Nautilus,2026-03-29,SK Gaming,top: Sion / jng: Nocturne / mid: Orianna / bot: Corki / sup: Alistar,0,4.0,2033.0,2063.0,9.0,28.232196837524725,True,Grew by >500g
LOLTMNT02_372711,complete,CBLOL,Split 1,0,2026-03-29 16:15:54,1,16.06,100,Blue,Vivo Keyd Stars,oe:team:b9e44c69c1a70fb35df9be96f9eafea,1943,1,706.0,750.0,2.0,1.0,0.0,1996.0,2501.0,10.0,4.0,1.0,5459.0,6407.0,41.0,11.0,4.0,top: Gnar / jng: Vi / mid: Akali / bot: Yunara / sup: Lulu,2026-03-29,paiN Gaming,top: Yorick / jng: Jarvan IV / mid: Aurora / bot: Corki / sup: Nami,1,3.0,1290.0,1751.0,8.0,10.207548781963624,True,Grew by >500g
LOLTMNT05_184139,complete,LEC,Spring,0,2026-03-29 17:00:07,3,16.06,200,Red,Team Heretics,oe:team:1285e1c04d54de96502f12da4d49458,1854,1,5623.0,4996.0,64.0,13.0,3.0,8196.0,8405.0,75.0,17.0,4.0,8622.0,10238.0,58.0,19.0,5.0,top: Gnar / jng: Sejuani / mid: Mel / bot: Ashe / sup: Seraphine,2026-03-29,SK Gaming,top: Kennen / jng: Skarner / mid: Zed / bot: Yunara / sup: Milio,0,13.0,2573.0,3409.0,11.0,28.232196837524725,True,Within 500g
LOLTMNT02_373718,complete,CBLOL,Split 1,0,2026-03-29 17:08:43,2,16.06,100,Blue,Vivo Keyd Stars,oe:team:b9e44c69c1a70fb35df9be96f9eafea,1625,1,2519.0,2580.0,-13.0,8.0,5.0,7367.0,6094.0,18.0,12.0,5.0,11583.0,12645.0,21.0,16.0,5.0,top: Renekton / jng: Aatrox / mid: Twisted Fate / bot: Sivir / sup: Yuumi,2026-03-29,paiN Gaming,top: K'Sante / jng: Xin Zhao / mid: Zoe / bot: Ezreal / sup: Karma,1,7.0,4848.0,3514.0,31.0,10.207548781963624,True,Grew by >500g
LOLTMNT05_183138,complete,LEC,Spring,0,2026-03-29 17:57:57,1,16.06,100,Blue,Movistar KOI,oe:team:4acc40654379b4da680be1bd3129dfa,1908,1,2386.0,4814.0,66.0,4.0,1.0,6237.0,6708.0,108.0,9.0,2.0,6903.0,8197.0,117.0,13.0,4.0,top: Renekton / jng: Pantheon / mid: Azir / bot: Corki / sup: Nami,2026-03-29,Fnatic,top: Sion / jng: Xin Zhao / mid: Aurora / bot: Yunara / sup: Lulu,1,7.0,3851.0,1894.0,42.0,61.715030527022236,True,Grew by >500g
LOLTMNT02_373750,complete,CBLOL,Split 1,0,2026-03-29 17:59:21,1,16.06,100,Blue,Fluxo W7M,oe:team:45c362a0cfc4b81f597b5ab89250df5,1799,1,2199.0,2606.0,28.0,5.0,2.0,5729.0,6332.0,55.0,10.0,3.0,7518.0,10364.0,88.0,13.0,4.0,top: Renekton / jng: Vi / mid: Ahri / bot: Corki / sup: Nami,2026-03-29,Leviatan,top: Gnar / jng: Jarvan IV / mid: Aurora / bot: Ezreal / sup: Nautilus,1,7.0,3530.0,3726.0,27.0,-28.480250469069006,True,Grew by >500g
LOLTMNT02_372775,complete,CBLOL,Split 1,0,2026-03-29 18:47:43,2,16.06,200,Red,Leviatan,oe:team:53ef3d5a3ac5d88bc000eff7d87aeb3,2415,0,-1826.0,-2004.0,17.0,0.0,5.0,1288.0,354.0,19.0,5.0,8.0,1033.0,-502.0,-7.0,5.0,8.0,top: Ambessa / jng: Aatrox / mid: Hwei / bot: Varus / sup: Neeko,2026-03-29,Fluxo W7M,top: K'Sante / jng: Xin Zhao / mid: Taliyah / bot: Yunara / sup: Bard,0,-3.0,3114.0,2358.0,2.0,28.480250469069006,True,Within 500g
LOLTMNT05_183148,complete,LEC,Spring,0,2026-03-29 18:50:24,2,16.06,100,Blue,Movistar KOI,oe:team:4acc40654379b4da680be1bd3129dfa,1971,1,-441.0,-31.0,32.0,5.0,5.0,2088.0,865.0,37.0,6.0,5.0,6698.0,7104.0,59.0,10.0,6.0,top: Rumble / jng: Nocturne / mid: Lissandra / bot: Aphelios / sup: Neeko,2026-03-29,Fnatic,top: K'Sante / jng: Vi / mid: Ahri / bot: Jhin / sup: Nautilus,1,1.0,2529.0,896.0,5.0,61.715030527022236,True,Grew by >500g
LOLTMNT05_184178,complete,LEC,Spring,0,2026-03-30 15:08:27,1,16.06,200,Red,Natus Vincere,oe:team:d2ba9f92d85cff67d60aaad88e61048,2032,0,1857.0,1885.0,41.0,4.0,3.0,1826.0,2084.0,70.0,5.0,6.0,-3396.0,-3975.0,63.0,6.0,12.0,top: K'Sante / jng: Vi / mid: Ryze / bot: Corki / sup: Nami,2026-03-30,SK Gaming,top: Rumble / jng: Xin Zhao / mid: Yasuo / bot: Ashe / sup: Seraphine,0,-1.0,-31.0,199.0,29.0,74.01895981872167,True,Lead lost by 25
LOLTMNT05_183165,complete,LEC,Spring,0,2026-03-30 16:02:51,2,16.06,200,Red,Natus Vincere,oe:team:d2ba9f92d85cff67d60aaad88e61048,2577,1,3321.0,3187.0,-6.0,10.0,4.0,5186.0,4358.0,19.0,13.0,6.0,4157.0,6166.0,28.0,16.0,9.0,top: Rek'Sai / jng: Aatrox / mid: Aurora / bot: Sivir / sup: Bard,2026-03-30,SK Gaming,top: Ambessa / jng: Wukong / mid: Ahri / bot: Ezreal / sup: Neeko,0,7.0,1865.0,1171.0,25.0,74.01895981872167,True,Shrank by >500g
LOLTMNT05_184193,complete,LEC,Spring,0,2026-03-30 17:18:47,3,16.06,200,Red,Natus Vincere,oe:team:d2ba9f92d85cff67d60aaad88e61048,2445,1,2018.0,2310.0,66.0,2.0,2.0,6316.0,4840.0,79.0,6.0,2.0,9224.0,8709.0,93.0,10.0,2.0,top: Renekton / jng: Dr. Mundo / mid: Viktor / bot: Aphelios / sup: Lulu,2026-03-30,SK Gaming,top: Anivia / jng: Zaahen / mid: Yone / bot: Yunara / sup: Janna,0,4.0,4298.0,2530.0,13.0,74.01895981872167,True,Grew by >500g
LOLTMNT05_184204,complete,LEC,Spring,0,2026-03-30 18:23:37,1,16.06,200,Red,Team Heretics,oe:team:1285e1c04d54de96502f12da4d49458,2368,0,1067.0,1011.0,8.0,5.0,3.0,607.0,2031.0,29.0,6.0,3.0,1946.0,3513.0,45.0,7.0,3.0,top: K'Sante / jng: Jarvan IV / mid: LeBlanc / bot: Ashe / sup: Seraphine,2026-03-30,Team Vitality,top: Renekton / jng: Pantheon / mid: Azir / bot: Ezreal / sup: Nami,0,3.0,-460.0,1020.0,21.0,-21.743895162817125,True,Grew by >500g
LOLTMNT05_183186,complete,LEC,Spring,0,2026-03-30 19:23:52,2,16.06,100,Blue,Team Vitality,oe:team:e8d8ae992fe72acb7adc7bfcee31dbb,1765,1,3717.0,2554.0,80.0,4.0,1.0,7614.0,5278.0,107.0,9.0,2.0,9311.0,6337.0,155.0,10.0,3.0,top: Rumble / jng: Wukong / mid: Viktor / bot: Caitlyn / sup: Bard,2026-03-30,Team Heretics,top: Sion / jng: Xin Zhao / mid: Hwei / bot: Jinx / sup: Lulu,1,7.0,3897.0,2724.0,27.0,21.743895162817125,True,Grew by >500g
LOLTMNT02_375568,complete,LCK,Rounds 1-2,0,2026-04-01 08:11:43,1,16.06,200,Red,Hanwha Life Esports,oe:team:3a1d18f46bcb3716ebcfcf4ef068934,1927,1,4988.0,1988.0,28.0,6.0,1.0,5963.0,2334.0,48.0,6.0,1.0,8683.0,3922.0,65.0,10.0,3.0,top: Jayce / jng: Pantheon / mid: Ryze / bot: Ezreal / sup: Bard,2026-04-01,HANJIN BRION,top: Yorick / jng: Jarvan IV / mid: Cassiopeia / bot: Jhin / sup: Neeko,0,5.0,975.0,346.0,20.0,27.41547638877205,True,Grew by >500g
LOLTMNT02_375577,complete,LCK,Rounds 1-2,0,2026-04-01 09:05:37,2,16.06,100,Blue,Hanwha Life Esports,oe:team:3a1d18f46bcb3716ebcfcf4ef068934,1774,1,3093.0,2882.0,28.0,8.0,6.0,7309.0,4000.0,21.0,10.0,6.0,6630.0,5113.0,-4.0,15.0,11.0,top: Gnar / jng: Xin Zhao / mid: Ziggs / bot: Ashe / sup: Seraphine,2026-04-01,HANJIN BRION,top: Renekton / jng: Trundle / mid: Azir / bot: Mel / sup: Pyke,1,4.0,4216.0,1118.0,-7.0,27.41547638877205,True,Shrank by >500g
LOLTMNT02_374657,complete,LCK,Rounds 1-2,0,2026-04-01 10:23:34,1,16.06,100,Blue,KT Rolster,oe:team:d723992568441c6bafa2658129eade7,1440,1,3119.0,1759.0,52.0,3.0,0.0,5365.0,3932.0,76.0,5.0,0.0,11816.0,11478.0,69.0,12.0,0.0,top: Jayce / jng: Pantheon / mid: Ryze / bot: Ashe / sup: Seraphine,2026-04-01,T1,top: Ambessa / jng: Jarvan IV / mid: Orianna / bot: Ezreal / sup: Anivia,1,5.0,2246.0,2173.0,24.0,-83.80492491413497,True,Won before 25
LOLTMNT02_374671,complete,LCK,Rounds 1-2,0,2026-04-01 11:09:27,2,16.06,100,Blue,KT Rolster,oe:team:d723992568441c6bafa2658129eade7,2434,1,116.0,-1191.0,25.0,5.0,5.0,1837.0,-76.0,4.0,9.0,5.0,1836.0,20.0,21.0,9.0,6.0,top: Vayne / jng: Nocturne / mid: Annie / bot: Yunara / sup: Lulu,2026-04-01,T1,top: K'Sante / jng: Vi / mid: Taliyah / bot: Corki / sup: Nami,1,4.0,1721.0,1115.0,-21.0,-83.80492491413497,True,Within 500g
LOLTMNT02_374985,complete,LCK,Rounds 1-2,0,2026-04-02 08:08:29,1,16.06,100,Blue,Nongshim RedForce,oe:team:5cd2cd09ec94296f605dd13a2924d6c,1979,1,5002.0,3269.0,72.0,3.0,0.0,7644.0,6246.0,109.0,9.0,2.0,6003.0,7134.0,87.0,12.0,7.0,top: Gnar / jng: Vi / mid: LeBlanc / bot: Varus / sup: Anivia,2026-04-02,Dplus Kia,top: Renekton / jng: Xin Zhao / mid: Azir / bot: Sivir / sup: Alistar,1,7.0,2642.0,2977.0,37.0,-64.27381396101282,True,Shrank by >500g
LOLTMNT02_374997,complete,LCK,Rounds 1-2,0,2026-04-02 09:03:28,2,16.06,100,Blue,Nongshim RedForce,oe:team:5cd2cd09ec94296f605dd13a2924d6c,1406,1,2646.0,3056.0,38.0,5.0,2.0,6556.0,6034.0,33.0,12.0,4.0,,,,,,top: K'Sante / jng: Jarvan IV / mid: Orianna / bot: Yunara / sup: Nautilus,2026-04-02,Dplus Kia,top: Jayce / jng: Ambessa / mid: Ryze / bot: Corki / sup: Leona,1,8.0,3910.0,2978.0,-5.0,-64.27381396101282,True,Won before 25
LOLTMNT02_376019,complete,LCK,Rounds 1-2,0,2026-04-02 10:15:16,1,16.06,200,Red,DN SOOPers,oe:team:b3c72a20aa56f5d28022ac04a7dc294,1999,1,1643.0,2584.0,17.0,2.0,0.0,523.0,848.0,-5.0,3.0,1.0,-1563.0,461.0,-4.0,5.0,4.0,top: Yorick / jng: Jarvan IV / mid: Yone / bot: Ziggs / sup: Leona,2026-04-02,Kiwoom DRX,top: Jayce / jng: Xin Zhao / mid: Azir / bot: Yunara / sup: Nautilus,0,2.0,-1120.0,-1736.0,-22.0,12.365966996975658,True,Lead lost by 25
LOLTMNT02_376026,complete,LCK,Rounds 1-2,0,2026-04-02 11:09:57,2,16.06,200,Red,DN SOOPers,oe:team:b3c72a20aa56f5d28022ac04a7dc294,1795,1,-1785.0,-513.0,6.0,1.0,4.0,760.0,2779.0,10.0,8.0,5.0,4932.0,6456.0,41.0,14.0,6.0,top: Sylas / jng: Naafiri / mid: Cassiopeia / bot: Sivir / sup: Bard,2026-04-02,Kiwoom DRX,top: Gnar / jng: Ambessa / mid: Ryze / bot: Varus / sup: Anivia,0,3.0,2545.0,3292.0,4.0,12.365966996975658,True,Grew by >500g
LOLTMNT02_377156,complete,LCK,Rounds 1-2,0,2026-04-03 08:10:24,1,16.06,100,Blue,KT Rolster,oe:team:d723992568441c6bafa2658129eade7,1553,1,1321.0,-392.0,40.0,4.0,4.0,3817.0,-257.0,22.0,6.0,4.0,3068.0,4433.0,18.0,10.0,8.0,top: Jayce / jng: Xin Zhao / mid: Zoe / bot: Ezreal / sup: Karma,2026-04-03,Gen.G,top: K'Sante / jng: Nocturne / mid: Aurora / bot: Ashe / sup: Seraphine,1,2.0,2496.0,135.0,-18.0,-174.4781427631808,True,Shrank by >500g
LOLTMNT02_376203,complete,LCK,Rounds 1-2,0,2026-04-03 08:58:48,2,16.06,100,Blue,Gen.G,oe:team:50f58982d91a36557ec8aec52ab014f,1717,1,3942.0,2998.0,61.0,7.0,2.0,9291.0,6483.0,90.0,13.0,3.0,11145.0,7236.0,110.0,17.0,4.0,top: Varus / jng: Pantheon / mid: Azir / bot: Jhin / sup: Neeko,2026-04-03,KT Rolster,top: Renekton / jng: Aatrox / mid: Ryze / bot: Sivir / sup: Bard,1,10.0,5349.0,3485.0,29.0,174.4781427631808,True,Grew by >500g
LOLTMNT02_376207,complete,LCK,Rounds 1-2,0,2026-04-03 09:48:35,3,16.06,200,Red,KT Rolster,oe:team:d723992568441c6bafa2658129eade7,1982,1,163.0,905.0,-50.0,6.0,4.0,995.0,2494.0,-82.0,9.0,5.0,1684.0,2090.0,-115.0,15.0,8.0,top: Zaahen / jng: Jarvan IV / mid: Akali / bot: Yunara / sup: Alistar,2026-04-03,Gen.G,top: Ambessa / jng: Wukong / mid: Annie / bot: Caitlyn / sup: Elise,0,4.0,832.0,1589.0,-32.0,-174.4781427631808,True,Grew by >500g
LOLTMNT02_376241,complete,LCK,Rounds 1-2,0,2026-04-03 11:10:37,1,16.06,100,Blue,HANJIN BRION,oe:team:b77b3f6068e20a2b3edc0ecd3dc70d4,2506,1,1347.0,1775.0,29.0,3.0,2.0,4443.0,4436.0,28.0,8.0,2.0,7428.0,6299.0,13.0,9.0,2.0,top: Jayce / jng: Pantheon / mid: Anivia / bot: Ezreal / sup: Elise,2026-04-03,BNK FEARX,top: Yorick / jng: Jarvan IV / mid: Ryze / bot: Jhin / sup: Bard,1,6.0,3096.0,2661.0,-1.0,-119.47292305251085,True,Grew by >500g
LOLTMNT02_377199,complete,LCK,Rounds 1-2,0,2026-04-03 12:14:25,2,16.06,100,Blue,BNK FEARX,oe:team:5c2e7e9ea8dfcba0150d9a5619baecf,1874,0,1617.0,1328.0,54.0,1.0,2.0,1257.0,56.0,40.0,1.0,3.0,-2964.0,-7124.0,6.0,2.0,7.0,top: Kennen / jng: Wukong / mid: Galio / bot: Ashe / sup: Karma,2026-04-03,HANJIN BRION,top: K'Sante / jng: Xin Zhao / mid: Annie / bot: Caitlyn / sup: Seraphine,1,-2.0,-360.0,-1272.0,-14.0,119.47292305251085,True,Lead lost by 25
13208-13208_game_1,complete,LPL,Split 2,0,2026-04-04 07:13:58,1,16.07,100,Blue,Invictus Gaming,oe:team:53a258f289c26d94431c0496a54e151,1862,1,-156.0,-940.0,-5.0,3.0,4.0,3583.0,2254.0,-10.0,8.0,4.0,2394.0,951.0,-26.0,10.0,6.0,top: Rumble / jng: Nocturne / mid: Orianna / bot: Ashe / sup: Seraphine,2026-04-04,Top Esports,top: Galio / jng: Pantheon / mid: Azir / bot: Jhin / sup: Bard,1,4.0,3739.0,3194.0,-5.0,-61.40066185762271,True,Shrank by >500g
LOLTMNT02_376401,complete,LCK,Rounds 1-2,0,2026-04-04 08:08:38,1,16.06,200,Red,T1,oe:team:ce499dea30cfce118f4fe85da0227e8,2194,1,828.0,-95.0,1.0,3.0,3.0,3422.0,851.0,6.0,6.0,3.0,5435.0,-1356.0,49.0,10.0,4.0,top: Jayce / jng: Xin Zhao / mid: Azir / bot: Caitlyn / sup: Neeko,2026-04-04,Hanwha Life Esports,top: Anivia / jng: Pantheon / mid: Aurora / bot: Jhin / sup: Nautilus,0,3.0,2594.0,946.0,5.0,23.625576938419954,True,Grew by >500g
13208-13208_game_2,complete,LPL,Split 2,0,2026-04-04 08:16:41,2,16.07,100,Blue,Invictus Gaming,oe:team:53a258f289c26d94431c0496a54e151,1527,1,5952.0,4882.0,24.0,11.0,1.0,7165.0,6052.0,19.0,16.0,3.0,9933.0,9514.0,30.0,22.0,4.0,top: K'Sante / jng: Xin Zhao / mid: Aurora / bot: Yunara / sup: Lulu,2026-04-04,Top Esports,top: Jayce / jng: Skarner / mid: Viktor / bot: Corki / sup: Nami,1,13.0,1213.0,1170.0,-5.0,-61.40066185762271,True,Grew by >500g
LOLTMNT02_376413,complete,LCK,Rounds 1-2,0,2026-04-04 09:08:12,2,16.06,100,Blue,T1,oe:team:ce499dea30cfce118f4fe85da0227e8,2073,1,30.0,1307.0,-19.0,4.0,4.0,1755.0,2340.0,-31.0,7.0,4.0,1685.0,2838.0,-23.0,7.0,5.0,top: Gnar / jng: Lee Sin / mid: Annie / bot: Lucian / sup: Nami,2026-04-04,Hanwha Life Esports,top: Vayne / jng: Jarvan IV / mid: Taliyah / bot: Yunara / sup: Lulu,1,3.0,1725.0,1033.0,-12.0,23.625576938419954,True,Within 500g
LOLTMNT01_354729,complete,LCP,Split 2,0,2026-04-04 09:17:19,1,16.07,200,Red,Ground Zero Gaming,oe:team:788115a84f68bc65fa6d3a4e0f67a3e,2053,1,-1611.0,-220.0,32.0,2.0,5.0,738.0,1916.0,51.0,4.0,6.0,3362.0,6032.0,86.0,7.0,7.0,top: K'Sante / jng: Xin Zhao / mid: Ryze / bot: Corki / sup: Nami,2026-04-04,DetonatioN FocusMe,top: Rumble / jng: Pantheon / mid: Azir / bot: Yunara / sup: Lulu,0,-2.0,2349.0,2136.0,19.0,97.65292378761228,True,Grew by >500g
13209-13209_game_1,complete,LPL,Split 2,0,2026-04-04 09:31:10,1,16.07,100,Blue,Anyone's Legend,oe:team:ed28f87f0cfdba0a2a8f183cebae73a,1722,1,1215.0,927.0,-11.0,4.0,0.0,2090.0,3388.0,8.0,5.0,0.0,2455.0,3470.0,6.0,8.0,3.0,top: Sion / jng: Pantheon / mid: Ryze / bot: Ezreal / sup: Bard,2026-04-04,Weibo Gaming,top: Gnar / jng: Xin Zhao / mid: Cassiopeia / bot: Ashe / sup: Seraphine,1,5.0,875.0,2461.0,19.0,39.375302240005794,True,Within 500g
LOLTMNT01_354740,complete,LCP,Split 2,0,2026-04-04 10:13:03,2,16.07,100,Blue,Ground Zero Gaming,oe:team:788115a84f68bc65fa6d3a4e0f67a3e,1880,1,6618.0,6420.0,94.0,9.0,0.0,8200.0,7755.0,144.0,14.0,4.0,9034.0,7930.0,167.0,19.0,8.0,top: Gnar / jng: Naafiri / mid: Ahri / bot: Mel / sup: Leona,2026-04-04,DetonatioN FocusMe,top: Sion / jng: Lee Sin / mid: Aurora / bot: Miss Fortune / sup: Seraphine,1,10.0,1582.0,1335.0,50.0,97.65292378761228,True,Grew by >500g
13209-13209_game_2,complete,LPL,Split 2,0,2026-04-04 10:23:57,2,16.07,100,Blue,Anyone's Legend,oe:team:ed28f87f0cfdba0a2a8f183cebae73a,1912,1,1146.0,1811.0,25.0,4.0,1.0,998.0,1579.0,15.0,6.0,3.0,2074.0,5611.0,16.0,7.0,4.0,top: Yorick / jng: Naafiri / mid: Azir / bot: Corki / sup: Nami,2026-04-04,Weibo Gaming,top: Jayce / jng: Nocturne / mid: Aurora / bot: Yunara / sup: Lulu,1,3.0,-148.0,-232.0,-10.0,39.375302240005794,True,Grew by >500g
LOLTMNT02_377394,complete,LCK,Rounds 1-2,0,2026-04-04 10:30:33,1,16.06,100,Blue,Dplus Kia,oe:team:ef69efa6acebe94107f0cf1ba716806,1771,1,3328.0,2073.0,66.0,3.0,2.0,6729.0,4038.0,95.0,6.0,2.0,8485.0,2789.0,111.0,9.0,4.0,top: Gnar / jng: Wukong / mid: Orianna / bot: Jhin / sup: Karma,2026-04-04,Kiwoom DRX,top: Kennen / jng: Xin Zhao / mid: Ryze / bot: Ezreal / sup: Neeko,1,4.0,3401.0,1965.0,29.0,37.34331200489828,True,Grew by >500g
LOLTMNT01_356478,complete,LCP,Split 2,0,2026-04-04 11:24:09,1,16.07,100,Blue,Deep Cross Gaming,oe:team:7e56e9367c023df96cc8257ff4e16c0,1786,1,1406.0,1870.0,27.0,2.0,1.0,4457.0,4328.0,69.0,5.0,2.0,9440.0,10871.0,90.0,9.0,2.0,top: Rumble / jng: Nocturne / mid: Ryze / bot: Zeri / sup: Yuumi,2026-04-04,MVK Esports,top: K'Sante / jng: Pantheon / mid: Aurora / bot: Ashe / sup: Seraphine,1,3.0,3051.0,2458.0,42.0,76.15669840221562,True,Grew by >500g
LOLTMNT02_376440,complete,LCK,Rounds 1-2,0,2026-04-04 11:29:13,2,16.06,200,Red,Kiwoom DRX,oe:team:1d0389df0c5eea93b04122ba167c010,2267,0,-1206.0,39.0,-54.0,5.0,5.0,187.0,2335.0,-37.0,9.0,6.0,-1355.0,-823.0,-43.0,12.0,9.0,top: K'Sante / jng: Ambessa / mid: Aurora / bot: Yunara / sup: Bard,2026-04-04,Dplus Kia,top: Renekton / jng: Jarvan IV / mid: Annie / bot: Corki / sup: Anivia,0,3.0,1393.0,2296.0,17.0,-37.34331200489828,True,Lead lost by 25
13210-13210_game_1,complete,LPL,Split 2,0,2026-04-04 11:31:14,1,16.07,200,Red,Ninjas in Pyjamas,oe:team:48d7941ccbd5b89aca46c57b0c2f8fb,1922,1,3010.0,3438.0,45.0,7.0,2.0,4793.0,4554.0,60.0,8.0,2.0,5956.0,9182.0,68.0,12.0,3.0,top: Rumble / jng: Vi / mid: Ahri / bot: Lucian / sup: Nami,2026-04-04,Team WE,top: Sion / jng: Xin Zhao / mid: Aurora / bot: Aphelios / sup: Lulu,0,6.0,1783.0,1116.0,15.0,22.976416160801364,True,Grew by >500g
LOLTMNT04_156054,complete,LEC,Spring,0,2026-04-04 12:10:23,1,16.07,100,Blue,SK Gaming,oe:team:75760dca486d4682426196b76bd1a54,1504,1,1029.0,1539.0,15.0,3.0,2.0,3580.0,3404.0,35.0,6.0,4.0,11372.0,12280.0,50.0,15.0,5.0,top: Sion / jng: Xin Zhao / mid: Orianna / bot: Ezreal / sup: Nami,2026-04-04,Shifters,top: Gnar / jng: Pantheon / mid: Ryze / bot: Yunara / sup: Lulu,1,2.0,2551.0,1865.0,20.0,-48.21685453772693,True,Grew by >500g
LOLTMNT01_356503,complete,LCP,Split 2,0,2026-04-04 12:13:25,2,16.07,200,Red,MVK Esports,oe:team:bc3824b0bbb8139d16109178faa4822,1572,1,1766.0,2215.0,-5.0,10.0,7.0,715.0,-418.0,-24.0,12.0,9.0,4671.0,6628.0,-19.0,17.0,9.0,top: Yorick / jng: Vi / mid: Viktor / bot: Ezreal / sup: Leona,2026-04-04,Deep Cross Gaming,top: Ambessa / jng: Xin Zhao / mid: Twisted Fate / bot: Varus / sup: Bard,0,3.0,-1051.0,-2633.0,-19.0,-76.15669840221562,True,Grew by >500g
13210-13210_game_2,complete,LPL,Split 2,0,2026-04-04 12:31:00,2,16.07,100,Blue,Ninjas in Pyjamas,oe:team:48d7941ccbd5b89aca46c57b0c2f8fb,1357,1,3726.0,2554.0,48.0,8.0,3.0,9390.0,7914.0,90.0,18.0,5.0,,,,,,top: Gnar / jng: Nocturne / mid: Viktor / bot: Ashe / sup: Seraphine,2026-04-04,Team WE,top: Ambessa / jng: Pantheon / mid: Galio / bot: Ezreal / sup: Mel,1,13.0,5664.0,5360.0,42.0,22.976416160801364,True,Won before 25
LOLTMNT04_155065,complete,LEC,Spring,0,2026-04-04 12:55:30,2,16.07,100,Blue,SK Gaming,oe:team:75760dca486d4682426196b76bd1a54,2592,1,1024.0,332.0,0.0,3.0,2.0,2265.0,592.0,8.0,6.0,5.0,1929.0,180.0,29.0,8.0,8.0,top: Ambessa / jng: Dr. Mundo / mid: Akali / bot: Xayah / sup: Rakan,2026-04-04,Shifters,top: Zaahen / jng: Wukong / mid: Viktor / bot: Corki / sup: Nautilus,1,1.0,1241.0,260.0,8.0,-48.21685453772693,True,Within 500g
LOLTMNT01_354796,complete,LCP,Split 2,0,2026-04-04 13:00:22,3,16.07,200,Red,Deep Cross Gaming,oe:team:7e56e9367c023df96cc8257ff4e16c0,1996,0,477.0,-951.0,12.0,4.0,4.0,1548.0,-338.0,9.0,5.0,4.0,-1992.0,-4333.0,-17.0,8.0,14.0,top: Ornn / jng: Lee Sin / mid: Azir / bot: Yunara / sup: Neeko,2026-04-04,MVK Esports,top: Renekton / jng: Maokai / mid: Yone / bot: Corki / sup: Annie,0,1.0,1071.0,613.0,-3.0,76.15669840221562,True,Lead lost by 25
LOLTMNT04_156068,complete,LEC,Spring,0,2026-04-04 14:05:07,1,16.07,100,Blue,G2 Esports,oe:team:7d6673d3a9d00363c6bebc1a630da6e,2251,1,-892.0,-42.0,30.0,0.0,2.0,262.0,1579.0,50.0,1.0,2.0,4363.0,5063.0,78.0,7.0,6.0,top: Shen / jng: Xin Zhao / mid: Azir / bot: Ashe / sup: Seraphine,2026-04-04,Team Heretics,top: Ambessa / jng: Sejuani / mid: Mel / bot: Ezreal / sup: Karma,1,-1.0,1154.0,1621.0,20.0,120.7088377371224,True,Grew by >500g
LOLTMNT04_156070,complete,LEC,Spring,0,2026-04-04 15:03:54,2,16.07,100,Blue,G2 Esports,oe:team:7d6673d3a9d00363c6bebc1a630da6e,1791,1,767.0,773.0,23.0,4.0,4.0,1902.0,1311.0,24.0,6.0,6.0,7964.0,7501.0,52.0,9.0,6.0,top: Poppy / jng: Olaf / mid: Akali / bot: Sivir / sup: Bard,2026-04-04,Team Heretics,top: K'Sante / jng: Lee Sin / mid: Viktor / bot: Varus / sup: Alistar,1,0.0,1135.0,538.0,1.0,120.7088377371224,True,Grew by >500g
LOLTMNT04_155085,complete,LEC,Spring,0,2026-04-04 15:58:13,1,16.07,100,Blue,Team Vitality,oe:team:e8d8ae992fe72acb7adc7bfcee31dbb,1892,1,1534.0,-247.0,-26.0,5.0,2.0,5593.0,2692.0,0.0,9.0,3.0,8634.0,5787.0,-10.0,12.0,4.0,top: Gnar / jng: Xin Zhao / mid: Aurora / bot: Ashe / sup: Seraphine,2026-04-04,Natus Vincere,top: Rumble / jng: Jarvan IV / mid: Azir / bot: Corki / sup: Nami,1,6.0,4059.0,2939.0,26.0,6.1385988108918355,True,Grew by >500g
LOLTMNT01_356558,complete,CBLOL,Split 1,0,2026-04-04 16:10:27,1,16.07,200,Red,RED Canids,oe:team:67169969ecc058b307edfa9c6b7a3c0,1737,1,1811.0,1105.0,17.0,4.0,0.0,3848.0,1773.0,24.0,7.0,2.0,7014.0,5260.0,46.0,9.0,2.0,top: Ambessa / jng: Pantheon / mid: Ryze / bot: Varus / sup: Rakan,2026-04-04,Fluxo W7M,top: Rumble / jng: Xin Zhao / mid: Annie / bot: Ezreal / sup: Alistar,0,5.0,2037.0,668.0,7.0,67.98918445961067,True,Grew by >500g
LOLTMNT04_155087,complete,LEC,Spring,0,2026-04-04 16:50:20,2,16.07,200,Red,Natus Vincere,oe:team:d2ba9f92d85cff67d60aaad88e61048,3034,0,-555.0,763.0,-27.0,2.0,1.0,1150.0,2432.0,-14.0,3.0,1.0,2438.0,7060.0,-3.0,4.0,1.0,top: Sion / jng: Zaahen / mid: Viktor / bot: Yunara / sup: Lulu,2026-04-04,Team Vitality,top: Gwen / jng: Wukong / mid: Aurelion Sol / bot: Ezreal / sup: Neeko,0,2.0,1705.0,1669.0,13.0,-6.1385988108918355,True,Grew by >500g
LOLTMNT01_354869,complete,CBLOL,Split 1,0,2026-04-04 17:00:34,2,16.07,100,Blue,RED Canids,oe:team:67169969ecc058b307edfa9c6b7a3c0,2179,1,249.0,-874.0,-2.0,3.0,2.0,2066.0,988.0,23.0,6.0,3.0,3728.0,2735.0,25.0,12.0,6.0,top: K'Sante / jng: Zaahen / mid: Aurora / bot: Corki / sup: Nami,2026-04-04,Fluxo W7M,top: Renekton / jng: Vi / mid: Zoe / bot: Jhin / sup: Neeko,1,3.0,1817.0,1862.0,25.0,67.98918445961067,True,Grew by >500g
LOLTMNT01_356590,complete,CBLOL,Split 1,0,2026-04-04 17:58:41,1,16.07,100,Blue,LOUD,oe:team:658a021a796aa5501503220adb38cf4,1645,1,1084.0,1993.0,29.0,2.0,3.0,3494.0,2843.0,30.0,5.0,4.0,8361.0,9165.0,44.0,9.0,4.0,top: Gnar / jng: Nocturne / mid: Aurora / bot: Ezreal / sup: Bard,2026-04-04,paiN Gaming,top: Malphite / jng: Pantheon / mid: Viktor / bot: Ashe / sup: Seraphine,1,1.0,2410.0,850.0,1.0,123.74183051200521,True,Grew by >500g
LOLTMNT01_354900,complete,CBLOL,Split 1,0,2026-04-04 18:43:58,2,16.07,100,Blue,LOUD,oe:team:658a021a796aa5501503220adb38cf4,1707,1,7897.0,5316.0,108.0,8.0,1.0,10453.0,6690.0,140.0,10.0,2.0,11092.0,6140.0,113.0,16.0,3.0,top: K'Sante / jng: Aatrox / mid: LeBlanc / bot: Caitlyn / sup: Neeko,2026-04-04,paiN Gaming,top: Renekton / jng: Wukong / mid: Azir / bot: Corki / sup: Alistar,1,8.0,2556.0,1374.0,32.0,123.74183051200521,True,Grew by >500g
LOLTMNT01_356643,complete,LCS,Spring,0,2026-04-04 20:17:46,1,16.07,100,Blue,LYON,oe:team:da1143bf9a245b78a8dc86417de85b3,2075,1,2351.0,1382.0,27.0,4.0,2.0,2584.0,297.0,56.0,4.0,3.0,5148.0,6546.0,90.0,9.0,4.0,top: Ornn / jng: Vi / mid: Ryze / bot: Caitlyn / sup: Neeko,2026-04-04,Cloud9,top: Rumble / jng: Xin Zhao / mid: Anivia / bot: Yunara / sup: Lulu,1,1.0,233.0,-1085.0,29.0,4.1484255206275975,True,Grew by >500g
LOLTMNT01_354955,complete,LCS,Spring,0,2026-04-04 21:09:17,2,16.07,100,Blue,LYON,oe:team:da1143bf9a245b78a8dc86417de85b3,1952,0,736.0,1202.0,62.0,3.0,5.0,878.0,1183.0,75.0,5.0,7.0,-2224.0,-4314.0,60.0,5.0,9.0,top: Kennen / jng: Jarvan IV / mid: Ahri / bot: Miss Fortune / sup: Nautilus,2026-04-04,Cloud9,top: Renekton / jng: Sejuani / mid: Ziggs / bot: Corki / sup: Nami,1,-2.0,142.0,-19.0,13.0,4.1484255206275975,True,Lead lost by 25
LOLTMNT01_356663,complete,LCS,Spring,0,2026-04-04 22:00:50,3,16.07,100,Blue,Cloud9,oe:team:fc8e90107dabb9a35c490b0d86adea0,1827,1,93.0,-374.0,-6.0,5.0,5.0,783.0,-490.0,-1.0,7.0,7.0,772.0,2107.0,24.0,8.0,8.0,top: Gwen / jng: Poppy / mid: Orianna / bot: Ezreal / sup: Bard,2026-04-04,LYON,top: Sion / jng: Wukong / mid: Akali / bot: Ashe / sup: Seraphine,1,0.0,690.0,-116.0,5.0,-4.1484255206275975,True,Within 500g
LOLTMNT01_354974,complete,LCS,Spring,0,2026-04-04 22:56:08,1,16.07,200,Red,Sentinels,oe:team:f90422f1cbcb24bc2a855202582ec29,1944,1,939.0,305.0,12.0,2.0,4.0,2601.0,1928.0,28.0,10.0,9.0,2148.0,1603.0,38.0,11.0,9.0,top: Gnar / jng: Skarner / mid: Orianna / bot: Ezreal / sup: Karma,2026-04-04,Disguised,top: Aurora / jng: Pantheon / mid: Ryze / bot: Corki / sup: Nami,0,1.0,1662.0,1623.0,16.0,13.43873958126892,True,Within 500g
LOLTMNT01_354981,complete,LCS,Spring,0,2026-04-04 23:46:48,2,16.07,200,Red,Disguised,oe:team:289284911fb6f41c0ccaecc3a0c2891,2353,1,917.0,1101.0,-17.0,4.0,4.0,1270.0,2490.0,19.0,7.0,7.0,3175.0,8217.0,24.0,11.0,10.0,top: Ambessa / jng: Dr. Mundo / mid: Cassiopeia / bot: Varus / sup: Bard,2026-04-04,Sentinels,top: Volibear / jng: Nocturne / mid: Ahri / bot: Sivir / sup: Neeko,0,0.0,353.0,1389.0,36.0,-13.43873958126892,True,Grew by >500g
LOLTMNT01_354987,complete,LCS,Spring,0,2026-04-05 00:42:52,3,16.07,100,Blue,Disguised,oe:team:289284911fb6f41c0ccaecc3a0c2891,1827,1,2894.0,1119.0,9.0,9.0,3.0,3919.0,-237.0,-3.0,10.0,4.0,7297.0,6664.0,53.0,12.0,4.0,top: Rumble / jng: Xin Zhao / mid: Yone / bot: Vayne / sup: Alistar,2026-04-05,Sentinels,top: Galio / jng: Vi / mid: Smolder / bot: Yunara / sup: Rakan,1,6.0,1025.0,-1356.0,-12.0,-11.892318647006277,True,Grew by >500g
LOLTMNT02_377509,complete,LCK,Rounds 1-2,0,2026-04-05 08:10:33,1,16.06,200,Red,DN SOOPers,oe:team:b3c72a20aa56f5d28022ac04a7dc294,1958,0,2278.0,2154.0,-6.0,7.0,1.0,2570.0,3674.0,13.0,10.0,5.0,681.0,2880.0,26.0,11.0,7.0,top: Yorick / jng: Pantheon / mid: LeBlanc / bot: Caitlyn / sup: Neeko,2026-04-05,Nongshim RedForce,top: Jayce / jng: Jarvan IV / mid: Azir / bot: Jhin / sup: Bard,0,5.0,292.0,1520.0,19.0,30.55686387406763,True,Shrank by >500g
LOLTMNT02_377512,complete,LCK,Rounds 1-2,0,2026-04-05 09:04:05,2,16.06,100,Blue,Nongshim RedForce,oe:team:5cd2cd09ec94296f605dd13a2924d6c,1988,1,2893.0,2256.0,68.0,6.0,4.0,5660.0,5564.0,78.0,11.0,7.0,4096.0,-159.0,62.0,15.0,9.0,top: Gnar / jng: Lee Sin / mid: Ryze / bot: Sivir / sup: Anivia,2026-04-05,DN SOOPers,top: Ambessa / jng: Nocturne / mid: Cassiopeia / bot: Kai'Sa / sup: Nautilus,1,4.0,2767.0,3308.0,10.0,-30.55686387406763,True,Shrank by >500g
LOLTMNT01_356758,complete,LCP,Split 2,0,2026-04-05 09:18:11,1,16.07,100,Blue,Fukuoka SoftBank HAWKS gaming,oe:team:d8ca3fc1f0827ec76369af7b70d43e3,1607,1,3855.0,2886.0,39.0,6.0,0.0,5859.0,2763.0,31.0,7.0,0.0,10231.0,8207.0,18.0,12.0,0.0,top: K'Sante / jng: Jarvan IV / mid: Ahri / bot: Varus / sup: Nautilus,2026-04-05,CTBC Flying Oyster,top: Renekton / jng: Xin Zhao / mid: Zoe / bot: Ezreal / sup: Seraphine,1,7.0,2004.0,-123.0,-8.0,41.24887353511622,True,Grew by >500g
LOLTMNT01_356767,complete,LCP,Split 2,0,2026-04-05 10:12:37,2,16.07,100,Blue,Fukuoka SoftBank HAWKS gaming,oe:team:d8ca3fc1f0827ec76369af7b70d43e3,1521,1,5728.0,4625.0,38.0,9.0,0.0,8153.0,6211.0,63.0,10.0,0.0,13303.0,11699.0,86.0,14.0,0.0,top: Sion / jng: Lee Sin / mid: LeBlanc / bot: Ashe / sup: Lulu,2026-04-05,CTBC Flying Oyster,top: Udyr / jng: Skarner / mid: Azir / bot: Caitlyn / sup: Karma,1,10.0,2425.0,1586.0,25.0,41.24887353511622,True,Grew by >500g
LOLTMNT02_376564,complete,LCK,Rounds 1-2,0,2026-04-05 10:22:53,1,16.06,100,Blue,Gen.G,oe:team:50f58982d91a36557ec8aec52ab014f,1641,1,3675.0,3071.0,22.0,7.0,2.0,2837.0,2444.0,44.0,11.0,7.0,8212.0,9918.0,89.0,19.0,9.0,top: Sion / jng: Pantheon / mid: Anivia / bot: Yunara / sup: Alistar,2026-04-05,BNK FEARX,top: Jayce / jng: Jarvan IV / mid: Ryze / bot: Senna / sup: Nautilus,1,4.0,-838.0,-627.0,22.0,111.26056730095365,True,Grew by >500g
LOLTMNT02_376566,complete,LCK,Rounds 1-2,0,2026-04-05 11:13:31,2,16.06,100,Blue,Gen.G,oe:team:50f58982d91a36557ec8aec52ab014f,1894,1,702.0,-82.0,20.0,1.0,2.0,3415.0,3304.0,40.0,8.0,4.0,4431.0,3442.0,87.0,8.0,6.0,top: Rumble / jng: Skarner / mid: Azir / bot: Caitlyn / sup: Bard,2026-04-05,BNK FEARX,top: K'Sante / jng: Xin Zhao / mid: Mel / bot: Ezreal / sup: Seraphine,1,4.0,2713.0,3386.0,20.0,111.26056730095365,True,Grew by >500g
LOLTMNT01_357081,complete,LCP,Split 2,0,2026-04-05 11:20:10,1,16.07,200,Red,Team Secret Whales,oe:team:740de582f50775c516c77ed7b923fd5,1611,1,-96.0,2056.0,23.0,4.0,4.0,1316.0,4095.0,28.0,9.0,6.0,10051.0,15939.0,76.0,21.0,8.0,top: Ornn / jng: Xin Zhao / mid: Ryze / bot: Varus / sup: Bard,2026-04-05,GAM Esports,top: Jayce / jng: Jarvan IV / mid: Orianna / bot: Ashe / sup: Seraphine,0,3.0,1412.0,2039.0,5.0,142.20013359158997,True,Grew by >500g
LOLTMNT01_357107,complete,LCP,Split 2,0,2026-04-05 12:06:46,2,16.07,100,Blue,Team Secret Whales,oe:team:740de582f50775c516c77ed7b923fd5,1886,1,2753.0,1162.0,12.0,10.0,5.0,4281.0,1370.0,23.0,11.0,6.0,4700.0,71.0,33.0,11.0,6.0,top: Renekton / jng: Pantheon / mid: Annie / bot: Yunara / sup: Lulu,2026-04-05,GAM Esports,top: Gwen / jng: Wukong / mid: Akali / bot: Ezreal / sup: Anivia,1,5.0,1528.0,208.0,11.0,142.20013359158997,True,Within 500g
13212-13212_game_1,complete,LPL,Split 2,0,2026-04-05 12:18:17,1,16.07,100,Blue,Top Esports,oe:team:fcec508e780bbd1ad493852640f5b36,2237,1,1932.0,3941.0,47.0,3.0,1.0,3238.0,5006.0,63.0,6.0,3.0,-215.0,-752.0,88.0,7.0,9.0,top: Gnar / jng: Jarvan IV / mid: Azir / bot: Ashe / sup: Seraphine,2026-04-05,Anyone's Legend,top: Renekton / jng: Xin Zhao / mid: Orianna / bot: Yunara / sup: Lulu,1,3.0,1306.0,1065.0,16.0,-82.51860488563602,True,Lead lost by 25
13212-13212_game_2,complete,LPL,Split 2,0,2026-04-05 13:18:03,2,16.07,100,Blue,Top Esports,oe:team:fcec508e780bbd1ad493852640f5b36,1525,1,5167.0,4483.0,34.0,9.0,3.0,4568.0,3381.0,35.0,12.0,6.0,9188.0,6080.0,64.0,14.0,6.0,top: Jayce / jng: Vi / mid: Ahri / bot: Lucian / sup: Nami,2026-04-05,Anyone's Legend,top: Yorick / jng: Poppy / mid: Ryze / bot: Corki / sup: Bard,1,6.0,-599.0,-1102.0,1.0,-82.51860488563602,True,Grew by >500g
LOLTMNT04_155098,complete,LEC,Spring,0,2026-04-05 15:07:26,1,16.07,100,Blue,GiantX,oe:team:6cd05f0ac20bfb965a59dc8bcc4f184,2131,1,2726.0,2735.0,-8.0,7.0,2.0,3345.0,4244.0,7.0,8.0,2.0,2304.0,4723.0,7.0,10.0,4.0,top: Sion / jng: Vi / mid: Ryze / bot: Kai'Sa / sup: Neeko,2026-04-05,SK Gaming,top: Gwen / jng: Xin Zhao / mid: Galio / bot: Ezreal / sup: Karma,1,6.0,619.0,1509.0,15.0,23.998769498230786,True,Shrank by >500g
LOLTMNT04_156104,complete,LEC,Spring,0,2026-04-05 16:03:43,2,16.07,200,Red,SK Gaming,oe:team:75760dca486d4682426196b76bd1a54,2030,0,-17.0,-448.0,-42.0,8.0,7.0,1557.0,3115.0,-32.0,12.0,10.0,-1344.0,-4134.0,-27.0,14.0,16.0,top: Anivia / jng: Dr. Mundo / mid: Sylas / bot: Varus / sup: Rell,2026-04-05,GiantX,top: Renekton / jng: Wukong / mid: Ahri / bot: Ashe / sup: Seraphine,0,2.0,1574.0,3563.0,10.0,-23.998769498230786,True,Lead lost by 25
LOLTMNT01_357201,complete,CBLOL,Split 1,0,2026-04-05 16:09:15,1,16.07,100,Blue,LØS,oe:team:ea65e6cc48a9be50fc5334369a5fca5,1689,1,2142.0,2164.0,27.0,7.0,4.0,4232.0,3103.0,31.0,11.0,6.0,6898.0,3792.0,49.0,15.0,7.0,top: Ambessa / jng: Aatrox / mid: Viktor / bot: Sivir / sup: Karma,2026-04-05,Leviatan,top: Jayce / jng: Xin Zhao / mid: Aurora / bot: Ezreal / sup: Anivia,1,5.0,2090.0,939.0,4.0,66.95546692040534,True,Grew by >500g
LOLTMNT01_357213,complete,CBLOL,Split 1,0,2026-04-05 16:54:13,2,16.07,100,Blue,LØS,oe:team:ea65e6cc48a9be50fc5334369a5fca5,1720,1,1618.0,1162.0,70.0,5.0,6.0,4255.0,2635.0,85.0,7.0,6.0,7816.0,8352.0,86.0,11.0,7.0,top: Kennen / jng: Jarvan IV / mid: Ryze / bot: Yunara / sup: Alistar,2026-04-05,Leviatan,top: Gnar / jng: Pantheon / mid: Taliyah / bot: Kai'Sa / sup: Leona,1,1.0,2637.0,1473.0,15.0,66.95546692040534,True,Grew by >500g
LOLTMNT04_155108,complete,LEC,Spring,0,2026-04-05 17:01:55,1,16.07,100,Blue,G2 Esports,oe:team:7d6673d3a9d00363c6bebc1a630da6e,1470,1,1590.0,1837.0,44.0,3.0,1.0,3710.0,3352.0,76.0,5.0,2.0,10624.0,9672.0,80.0,10.0,2.0,top: K'Sante / jng: Xin Zhao / mid: Azir / bot: Ashe / sup: Seraphine,2026-04-05,Fnatic,top: Jax / jng: Zaahen / mid: Orianna / bot: Corki / sup: Nami,1,3.0,2120.0,1515.0,32.0,176.99971714647063,True,Won before 25
LOLTMNT04_155109,complete,LEC,Spring,0,2026-04-05 17:46:19,2,16.07,200,Red,Fnatic,oe:team:78f183fa5a7d8ecb22b9ad272c3abd7,1736,1,2724.0,1020.0,0.0,5.0,1.0,3225.0,2784.0,10.0,8.0,1.0,7918.0,7922.0,43.0,16.0,2.0,top: Sion / jng: Pantheon / mid: Aurora / bot: Yunara / sup: Lulu,2026-04-05,G2 Esports,top: Ambessa / jng: Skarner / mid: Ahri / bot: Caitlyn / sup: Bard,0,7.0,501.0,1764.0,10.0,-176.99971714647063,True,Grew by >500g
LOLTMNT01_356942,complete,CBLOL,Split 1,0,2026-04-05 17:48:38,1,16.07,200,Red,FURIA,oe:team:87e3e1e75839f75a10bbc66e894d806,1559,1,2263.0,1063.0,-12.0,3.0,0.0,6206.0,4526.0,31.0,6.0,1.0,12978.0,12762.0,49.0,14.0,2.0,top: Ambessa / jng: Pantheon / mid: Ryze / bot: Ashe / sup: Seraphine,2026-04-05,Vivo Keyd Stars,top: K'Sante / jng: Xin Zhao / mid: Anivia / bot: Ezreal / sup: Karma,0,5.0,3943.0,3463.0,43.0,54.858729573630626,True,Grew by >500g
LOLTMNT04_155110,complete,LEC,Spring,0,2026-04-05 18:36:23,3,16.07,200,Red,Fnatic,oe:team:78f183fa5a7d8ecb22b9ad272c3abd7,1887,1,3773.0,2434.0,15.0,9.0,2.0,6059.0,3608.0,37.0,11.0,3.0,9249.0,8820.0,61.0,15.0,4.0,top: Kennen / jng: Vi / mid: Taliyah / bot: Xayah / sup: Alistar,2026-04-05,G2 Esports,top: Renekton / jng: Maokai / mid: Viktor / bot: Ezreal / sup: Rakan,0,8.0,2286.0,1174.0,22.0,-176.99971714647063,True,Grew by >500g
LOLTMNT01_357250,complete,CBLOL,Split 1,0,2026-04-05 18:36:37,2,16.07,200,Red,FURIA,oe:team:87e3e1e75839f75a10bbc66e894d806,1935,1,1711.0,547.0,7.0,2.0,1.0,2753.0,375.0,16.0,4.0,2.0,10834.0,13660.0,61.0,14.0,3.0,top: Ornn / jng: Aatrox / mid: Twisted Fate / bot: Caitlyn / sup: Neeko,2026-04-05,Vivo Keyd Stars,top: Rumble / jng: Zaahen / mid: Aurora / bot: Varus / sup: Lulu,0,2.0,1042.0,-172.0,9.0,54.858729573630626,True,Grew by >500g
LOLTMNT01_356999,complete,LCS,Spring,0,2026-04-05 20:11:05,1,16.07,100,Blue,Team Liquid,oe:team:8eb884e168f28402ce685bedebb5250,1897,1,3040.0,1442.0,18.0,5.0,2.0,3141.0,1450.0,26.0,9.0,7.0,7683.0,5737.0,13.0,16.0,9.0,top: Rumble / jng: Pantheon / mid: Galio / bot: Ashe / sup: Seraphine,2026-04-05,FlyQuest,top: K'Sante / jng: Ambessa / mid: Annie / bot: Miss Fortune / sup: Nautilus,1,2.0,101.0,8.0,8.0,46.58160064283288,True,Grew by >500g
LOLTMNT01_358005,complete,LCS,Spring,0,2026-04-05 21:02:01,2,16.07,200,Red,FlyQuest,oe:team:2e66da41dc460dd378e3bcc57042d31,1748,1,1514.0,3114.0,46.0,9.0,5.0,530.0,2146.0,29.0,9.0,6.0,2680.0,4254.0,52.0,11.0,6.0,top: Gnar / jng: Dr. Mundo / mid: Xerath / bot: Corki / sup: Nami,2026-04-05,Team Liquid,top: Yorick / jng: Xin Zhao / mid: Azir / bot: Yunara / sup: Lulu,0,3.0,-984.0,-968.0,-17.0,-46.58160064283288,True,Grew by >500g
LOLTMNT01_358010,complete,LCS,Spring,0,2026-04-05 21:51:16,3,16.07,100,Blue,Team Liquid,oe:team:8eb884e168f28402ce685bedebb5250,1610,1,46.0,-385.0,8.0,9.0,7.0,995.0,2012.0,7.0,11.0,8.0,6855.0,8817.0,16.0,20.0,10.0,top: Renekton / jng: Lee Sin / mid: Ryze / bot: Varus / sup: Rell,2026-04-05,FlyQuest,top: Sion / jng: Trundle / mid: Viktor / bot: Ezreal / sup: Neeko,1,3.0,949.0,2397.0,-1.0,46.58160064283288,True,Grew by >500g
LOLTMNT01_358026,complete,LCS,Spring,0,2026-04-05 22:44:14,1,16.07,200,Red,Shopify Rebellion,oe:team:b360f1d729b0a8e0f29a5243c4200fa,2011,1,3353.0,2751.0,-8.0,9.0,1.0,1263.0,1063.0,-29.0,10.0,3.0,2255.0,-41.0,-18.0,11.0,3.0,top: Gnar / jng: Xin Zhao / mid: Annie / bot: Corki / sup: Nami,2026-04-05,Dignitas,top: Renekton / jng: Skarner / mid: Anivia / bot: Ashe / sup: Seraphine,0,7.0,-2090.0,-1688.0,-21.0,-31.164599881477216,True,Grew by >500g
LOLTMNT01_357301,complete,LCS,Spring,0,2026-04-05 23:45:44,2,16.07,200,Red,Shopify Rebellion,oe:team:b360f1d729b0a8e0f29a5243c4200fa,1441,1,7120.0,4980.0,70.0,12.0,3.0,8609.0,3919.0,69.0,13.0,4.0,12599.0,7432.0,83.0,17.0,6.0,top: Rumble / jng: Jarvan IV / mid: Galio / bot: Caitlyn / sup: Neeko,2026-04-05,Dignitas,top: Ornn / jng: Pantheon / mid: Twisted Fate / bot: Yunara / sup: Lulu,0,9.0,1489.0,-1061.0,-1.0,-31.164599881477216,True,Won before 25
LOLTMNT04_156150,complete,LEC,Spring,0,2026-04-06 15:10:07,1,16.07,100,Blue,GiantX,oe:team:6cd05f0ac20bfb965a59dc8bcc4f184,1659,1,3783.0,3503.0,44.0,6.0,1.0,4891.0,3303.0,74.0,6.0,3.0,7991.0,9406.0,93.0,9.0,3.0,top: Ambessa / jng: Vi / mid: LeBlanc / bot: Varus / sup: Alistar,2026-04-06,Team Heretics,top: K'Sante / jng: Wukong / mid: Aurora / bot: Jhin / sup: Karma,1,3.0,1108.0,-200.0,30.0,50.37445314746947,True,Grew by >500g
LOLTMNT04_155128,complete,LEC,Spring,0,2026-04-06 15:56:22,2,16.07,200,Red,Team Heretics,oe:team:1285e1c04d54de96502f12da4d49458,2277,1,451.0,-660.0,-30.0,3.0,2.0,2155.0,1586.0,-5.0,6.0,3.0,7467.0,7204.0,9.0,11.0,4.0,top: Gnar / jng: Xin Zhao / mid: Ahri / bot: Yunara / sup: Lulu,2026-04-06,GiantX,top: Renekton / jng: Jarvan IV / mid: Annie / bot: Ashe / sup: Seraphine,0,3.0,1704.0,2246.0,25.0,-50.37445314746947,True,Grew by >500g
LOLTMNT04_155130,complete,LEC,Spring,0,2026-04-06 16:53:56,3,16.07,100,Blue,GiantX,oe:team:6cd05f0ac20bfb965a59dc8bcc4f184,1762,1,1650.0,897.0,-4.0,3.0,1.0,5039.0,3628.0,14.0,5.0,1.0,7976.0,7563.0,48.0,5.0,1.0,top: Jax / jng: Sejuani / mid: Tristana / bot: Kai'Sa / sup: Bard,2026-04-06,Team Heretics,top: Sion / jng: Pantheon / mid: Azir / bot: Ezreal / sup: Nami,1,4.0,3389.0,2731.0,18.0,50.37445314746947,True,Grew by >500g
LOLTMNT04_156161,complete,LEC,Spring,0,2026-04-06 17:48:19,1,16.07,200,Red,Team Vitality,oe:team:e8d8ae992fe72acb7adc7bfcee31dbb,1869,1,3712.0,2077.0,36.0,9.0,3.0,6189.0,4533.0,60.0,11.0,4.0,8990.0,8119.0,61.0,14.0,5.0,top: Renekton / jng: Pantheon / mid: Orianna / bot: Corki / sup: Nami,2026-04-06,Movistar KOI,top: K'Sante / jng: Xin Zhao / mid: Azir / bot: Yunara / sup: Lulu,0,7.0,2477.0,2456.0,24.0,27.17957844115608,True,Grew by >500g
LOLTMNT04_155137,complete,LEC,Spring,0,2026-04-06 18:39:06,2,16.07,200,Red,Movistar KOI,oe:team:4acc40654379b4da680be1bd3129dfa,1984,1,-1504.0,-608.0,-6.0,1.0,3.0,88.0,2219.0,8.0,5.0,5.0,830.0,2138.0,1.0,6.0,5.0,top: Ambessa / jng: Vi / mid: Viktor / bot: Ashe / sup: Seraphine,2026-04-06,Team Vitality,top: Gnar / jng: Wukong / mid: Sylas / bot: Ezreal / sup: Karma,0,0.0,1592.0,2827.0,14.0,-27.17957844115608,True,Grew by >500g
LOLTMNT04_156164,complete,LEC,Spring,0,2026-04-06 19:32:40,3,16.07,100,Blue,Movistar KOI,oe:team:4acc40654379b4da680be1bd3129dfa,2185,0,1727.0,785.0,44.0,4.0,3.0,3155.0,1141.0,40.0,5.0,3.0,2883.0,1445.0,34.0,6.0,4.0,top: Rumble / jng: Jarvan IV / mid: Mel / bot: Varus / sup: Braum,2026-04-06,Team Vitality,top: Ornn / jng: Aatrox / mid: Hwei / bot: Caitlyn / sup: Alistar,1,2.0,1428.0,356.0,-4.0,-27.17957844115608,True,Within 500g
LOLTMNT01_360022,complete,LCK,Rounds 1-2,0,2026-04-08 08:06:29,1,16.07,100,Blue,Hanwha Life Esports,oe:team:3a1d18f46bcb3716ebcfcf4ef068934,2222,1,2719.0,1530.0,39.0,7.0,4.0,4532.0,2326.0,45.0,10.0,6.0,3081.0,-432.0,14.0,10.0,7.0,top: Yorick / jng: Jarvan IV / mid: Orianna / bot: Ashe / sup: Seraphine,2026-04-08,Dplus Kia,top: Jayce / jng: Vi / mid: Azir / bot: Ezreal / sup: Neeko,1,4.0,1813.0,796.0,6.0,-40.25292350861332,True,Shrank by >500g
LOLTMNT01_360035,complete,LCK,Rounds 1-2,0,2026-04-08 09:04:42,2,16.07,100,Blue,Hanwha Life Esports,oe:team:3a1d18f46bcb3716ebcfcf4ef068934,1605,1,3460.0,443.0,18.0,7.0,3.0,4662.0,272.0,35.0,10.0,7.0,6583.0,5312.0,25.0,12.0,7.0,top: Gnar / jng: Kha'Zix / mid: Annie / bot: Corki / sup: Nami,2026-04-08,Dplus Kia,top: Ambessa / jng: Nocturne / mid: Syndra / bot: Yunara / sup: Lulu,1,3.0,1202.0,-171.0,17.0,-40.25292350861332,True,Grew by >500g
LOLTMNT01_360054,complete,LCK,Rounds 1-2,0,2026-04-08 10:19:02,1,16.07,100,Blue,Gen.G,oe:team:50f58982d91a36557ec8aec52ab014f,1552,1,-1484.0,683.0,-10.0,3.0,4.0,1074.0,3995.0,9.0,7.0,5.0,5713.0,11854.0,24.0,13.0,6.0,top: Sion / jng: Xin Zhao / mid: Anivia / bot: Corki / sup: Bard,2026-04-08,T1,top: Jayce / jng: Jarvan IV / mid: Ryze / bot: Kalista / sup: Renata Glasc,1,2.0,2558.0,3312.0,19.0,111.38719504595883,True,Grew by >500g
13213-13213_game_2,complete,LPL,Split 2,0,2026-04-08 10:23:55,2,16.07,100,Blue,Ninjas in Pyjamas,oe:team:48d7941ccbd5b89aca46c57b0c2f8fb,1979,1,5251.0,3569.0,30.0,6.0,0.0,5771.0,5336.0,61.0,7.0,0.0,6867.0,6806.0,114.0,8.0,1.0,top: Renekton / jng: Pantheon / mid: Azir / bot: Lucian / sup: Milio,2026-04-08,Invictus Gaming,top: Sion / jng: Wukong / mid: Orianna / bot: Corki / sup: Nami,1,7.0,520.0,1767.0,31.0,40.5582692629946,True,Grew by >500g
LOLTMNT01_360067,complete,LCK,Rounds 1-2,0,2026-04-08 11:07:42,2,16.07,100,Blue,Gen.G,oe:team:50f58982d91a36557ec8aec52ab014f,1746,1,2043.0,1367.0,47.0,5.0,4.0,5726.0,4352.0,86.0,9.0,6.0,11485.0,12467.0,124.0,14.0,6.0,top: Ambessa / jng: Nocturne / mid: Annie / bot: Yunara / sup: Neeko,2026-04-08,T1,top: Aurora / jng: Pantheon / mid: Galio / bot: Zeri / sup: Lulu,1,3.0,3683.0,2985.0,39.0,111.38719504595883,True,Grew by >500g
13213-13213_game_3,complete,LPL,Split 2,0,2026-04-08 11:21:42,3,16.07,100,Blue,Invictus Gaming,oe:team:53a258f289c26d94431c0496a54e151,1854,1,3335.0,1116.0,8.0,9.0,3.0,3567.0,193.0,24.0,10.0,4.0,7952.0,7211.0,53.0,16.0,6.0,top: Rumble / jng: Skarner / mid: LeBlanc / bot: Varus / sup: Bard,2026-04-08,Ninjas in Pyjamas,top: Anivia / jng: Nocturne / mid: Yone / bot: Jhin / sup: Shen,1,6.0,232.0,-923.0,16.0,-40.5582692629946,True,Grew by >500g
13214-13214_game_1,complete,LPL,Split 2,0,2026-04-08 12:29:51,1,16.07,100,Blue,Top Esports,oe:team:fcec508e780bbd1ad493852640f5b36,2415,1,3763.0,2543.0,3.0,8.0,1.0,6276.0,4528.0,19.0,11.0,1.0,3156.0,-647.0,-13.0,12.0,5.0,top: Sion / jng: Pantheon / mid: Aurora / bot: Corki / sup: Nami,2026-04-08,Team WE,top: Jayce / jng: Vi / mid: Ryze / bot: Varus / sup: Nautilus,1,10.0,2513.0,1985.0,16.0,58.84387761137941,True,Shrank by >500g
13214-13214_game_2,complete,LPL,Split 2,0,2026-04-08 13:43:56,2,16.07,100,Blue,Top Esports,oe:team:fcec508e780bbd1ad493852640f5b36,1818,1,821.0,599.0,34.0,3.0,3.0,2919.0,3069.0,61.0,5.0,3.0,7473.0,9744.0,83.0,9.0,3.0,top: Ambessa / jng: Naafiri / mid: Ahri / bot: Ashe / sup: Seraphine,2026-04-08,Team WE,top: Yorick / jng: Xin Zhao / mid: Hwei / bot: Yunara / sup: Lulu,1,2.0,2098.0,2470.0,27.0,58.84387761137941,True,Grew by >500g
LOLTMNT01_359784,complete,LCK,Rounds 1-2,0,2026-04-09 08:06:21,1,16.07,200,Red,HANJIN BRION,oe:team:b77b3f6068e20a2b3edc0ecd3dc70d4,1836,1,495.0,516.0,-31.0,2.0,0.0,887.0,2974.0,-15.0,5.0,0.0,8021.0,10712.0,24.0,12.0,0.0,top: Sion / jng: Kha'Zix / mid: Orianna / bot: Ezreal / sup: Neeko,2026-04-09,Kiwoom DRX,top: Jayce / jng: Nocturne / mid: Azir / bot: Sivir / sup: Anivia,0,5.0,392.0,2458.0,16.0,13.8025400719564,True,Grew by >500g
LOLTMNT01_359808,complete,LCK,Rounds 1-2,0,2026-04-09 09:00:11,2,16.07,100,Blue,HANJIN BRION,oe:team:b77b3f6068e20a2b3edc0ecd3dc70d4,2868,0,3376.0,2811.0,17.0,9.0,4.0,4998.0,3508.0,50.0,11.0,6.0,3759.0,3588.0,62.0,14.0,10.0,top: Ambessa / jng: Lee Sin / mid: Aurora / bot: Varus / sup: Nautilus,2026-04-09,Kiwoom DRX,top: Gnar / jng: Wukong / mid: Annie / bot: Kalista / sup: Renata Glasc,1,5.0,1622.0,697.0,33.0,13.8025400719564,True,Shrank by >500g
13215-13215_game_1,complete,LPL,Split 2,0,2026-04-09 09:12:12,1,16.07,100,Blue,Weibo Gaming,oe:team:606c6ac695907af3823ee6405c58ff1,1922,1,1322.0,2126.0,38.0,4.0,4.0,2062.0,2005.0,39.0,8.0,7.0,-834.0,261.0,-20.0,11.0,11.0,top: Sion / jng: Pantheon / mid: Ryze / bot: Corki / sup: Nami,2026-04-09,Ninjas in Pyjamas,top: Rumble / jng: Vi / mid: Ahri / bot: Lucian / sup: Milio,1,1.0,740.0,-121.0,1.0,-5.010431526139882,True,Lead lost by 25
13215-13215_game_2,complete,LPL,Split 2,0,2026-04-09 10:07:15,2,16.07,200,Red,Ninjas in Pyjamas,oe:team:48d7941ccbd5b89aca46c57b0c2f8fb,2067,1,-1261.0,-418.0,13.0,4.0,5.0,1565.0,1321.0,21.0,8.0,7.0,-1726.0,984.0,-24.0,8.0,9.0,top: Varus / jng: Xin Zhao / mid: Azir / bot: Jhin / sup: Nautilus,2026-04-09,Weibo Gaming,top: Renekton / jng: Olaf / mid: Taliyah / bot: Ashe / sup: Seraphine,0,1.0,2826.0,1739.0,8.0,5.010431526139882,True,Lead lost by 25
LOLTMNT01_359829,complete,LCK,Rounds 1-2,0,2026-04-09 10:10:03,3,16.07,100,Blue,Kiwoom DRX,oe:team:1d0389df0c5eea93b04122ba167c010,1674,1,1334.0,300.0,26.0,4.0,3.0,3817.0,1956.0,10.0,7.0,3.0,2458.0,1458.0,11.0,9.0,6.0,top: Renekton / jng: Jarvan IV / mid: Mel / bot: Corki / sup: Bard,2026-04-09,HANJIN BRION,top: Zaahen / jng: Pantheon / mid: Viktor / bot: Yunara / sup: Lulu,1,4.0,2483.0,1656.0,-16.0,-13.8025400719564,True,Shrank by >500g
13215-13215_game_3,complete,LPL,Split 2,0,2026-04-09 11:05:35,3,16.07,100,Blue,Ninjas in Pyjamas,oe:team:48d7941ccbd5b89aca46c57b0c2f8fb,1778,1,3421.0,661.0,31.0,3.0,1.0,4190.0,1087.0,32.0,5.0,3.0,9102.0,8062.0,4.0,10.0,3.0,top: Gnar / jng: Dr. Mundo / mid: Twisted Fate / bot: Tristana / sup: Lulu,2026-04-09,Weibo Gaming,top: Yorick / jng: Jarvan IV / mid: Annie / bot: Yunara / sup: Neeko,1,2.0,769.0,426.0,1.0,5.010431526139882,True,Grew by >500g
LOLTMNT01_359892,complete,LCK,Rounds 1-2,0,2026-04-09 11:25:00,1,16.07,200,Red,KT Rolster,oe:team:d723992568441c6bafa2658129eade7,2275,1,-640.0,452.0,-28.0,4.0,4.0,1920.0,4859.0,-5.0,9.0,4.0,-229.0,1383.0,17.0,12.0,8.0,top: Jayce / jng: Pantheon / mid: Ryze / bot: Caitlyn / sup: Bard,2026-04-09,Nongshim RedForce,top: K'Sante / jng: Jarvan IV / mid: Azir / bot: Ezreal / sup: Karma,0,5.0,2560.0,4407.0,23.0,4.651856060912678,True,Lead lost by 25
13216-13216_game_1,complete,LPL,Split 2,0,2026-04-09 12:15:02,1,16.07,200,Red,Bilibili Gaming,oe:team:d356a144644879dabb5f34cd99c886d,1535,1,704.0,2873.0,14.0,8.0,6.0,2708.0,7487.0,54.0,13.0,8.0,8843.0,16253.0,85.0,23.0,9.0,top: Ambessa / jng: Xin Zhao / mid: Ryze / bot: Varus / sup: Neeko,2026-04-09,Team WE,top: Jayce / jng: Jarvan IV / mid: Aurora / bot: Lucian / sup: Nami,0,5.0,2004.0,4614.0,40.0,178.21464608268775,True,Grew by >500g
LOLTMNT01_359914,complete,LCK,Rounds 1-2,0,2026-04-09 12:25:37,2,16.07,100,Blue,KT Rolster,oe:team:d723992568441c6bafa2658129eade7,1728,1,3381.0,2867.0,59.0,8.0,3.0,4857.0,5026.0,92.0,13.0,6.0,3189.0,3188.0,79.0,19.0,12.0,top: Ambessa / jng: Vi / mid: Ahri / bot: Ziggs / sup: Alistar,2026-04-09,Nongshim RedForce,top: Zaahen / jng: Nocturne / mid: Sylas / bot: Yunara / sup: Lulu,1,7.0,1476.0,2159.0,33.0,4.651856060912678,True,Shrank by >500g
13216-13216_game_2,complete,LPL,Split 2,0,2026-04-09 13:07:10,2,16.07,100,Blue,Bilibili Gaming,oe:team:d356a144644879dabb5f34cd99c886d,1514,1,346.0,887.0,46.0,4.0,8.0,3198.0,2546.0,68.0,7.0,9.0,12198.0,12642.0,103.0,16.0,10.0,top: Gnar / jng: Dr. Mundo / mid: Ziggs / bot: Ezreal / sup: Bard,2026-04-09,Team WE,top: K'Sante / jng: Skarner / mid: Azir / bot: Ashe / sup: Seraphine,1,-2.0,2852.0,1659.0,22.0,178.21464608268775,True,Grew by >500g
LOLTMNT01_362027,complete,LCK,Rounds 1-2,0,2026-04-10 08:09:34,1,16.07,200,Red,T1,oe:team:ce499dea30cfce118f4fe85da0227e8,1760,1,3041.0,2511.0,27.0,5.0,1.0,2232.0,1871.0,30.0,5.0,2.0,6492.0,9880.0,59.0,15.0,6.0,top: Sion / jng: Lee Sin / mid: Orianna / bot: Ezreal / sup: Neeko,2026-04-10,DN SOOPers,top: Gwen / jng: Nocturne / mid: Azir / bot: Caitlyn / sup: Bard,0,3.0,-809.0,-640.0,3.0,32.87128376684973,True,Grew by >500g
LOLTMNT01_361274,complete,LCK,Rounds 1-2,0,2026-04-10 09:00:46,2,16.07,200,Red,DN SOOPers,oe:team:b3c72a20aa56f5d28022ac04a7dc294,1450,0,638.0,481.0,-13.0,5.0,2.0,1361.0,1824.0,-4.0,7.0,2.0,-6362.0,-5701.0,-39.0,8.0,11.0,top: Sylas / jng: Pantheon / mid: Aurora / bot: Yunara / sup: Lulu,2026-04-10,T1,top: Gnar / jng: Xin Zhao / mid: Annie / bot: Lucian / sup: Milio,0,5.0,723.0,1343.0,9.0,-32.87128376684973,True,Lost before 25
13217-13217_game_1,complete,LPL,Split 2,0,2026-04-10 09:12:32,1,16.07,200,Red,EDward Gaming,oe:team:056c3140a119e44a03d462e2c832f27,2357,0,597.0,-1145.0,-9.0,1.0,1.0,2982.0,69.0,6.0,2.0,1.0,3179.0,1220.0,3.0,2.0,1.0,top: Anivia / jng: Pantheon / mid: Azir / bot: Yunara / sup: Lulu,2026-04-10,LNG Esports,top: Rumble / jng: Xin Zhao / mid: Orianna / bot: Aphelios / sup: Thresh,0,1.0,2385.0,1214.0,15.0,-58.98204296405606,True,Within 500g
LOLTMNT01_362077,complete,LCK,Rounds 1-2,0,2026-04-10 10:10:47,1,16.07,200,Red,Hanwha Life Esports,oe:team:3a1d18f46bcb3716ebcfcf4ef068934,1482,1,1567.0,1785.0,52.0,3.0,4.0,9311.0,5700.0,69.0,11.0,5.0,17441.0,12533.0,67.0,23.0,6.0,top: Jayce / jng: Xin Zhao / mid: Orianna / bot: Ziggs / sup: Pyke,2026-04-10,BNK FEARX,top: Yorick / jng: Jarvan IV / mid: Ryze / bot: Ashe / sup: Rell,0,6.0,7744.0,3915.0,17.0,-11.118289085518882,True,Won before 25
13217-13217_game_2,complete,LPL,Split 2,0,2026-04-10 10:17:13,2,16.07,200,Red,EDward Gaming,oe:team:056c3140a119e44a03d462e2c832f27,2261,1,45.0,32.0,10.0,0.0,1.0,701.0,404.0,7.0,2.0,2.0,2380.0,-84.0,8.0,6.0,5.0,top: Jayce / jng: Vi / mid: Aurora / bot: Lucian / sup: Milio,2026-04-10,LNG Esports,top: Sion / jng: Wukong / mid: Mel / bot: Corki / sup: Nami,0,0.0,656.0,372.0,-3.0,-58.98204296405606,True,Grew by >500g
LOLTMNT01_361313,complete,LCK,Rounds 1-2,0,2026-04-10 10:57:44,2,16.07,100,Blue,Hanwha Life Esports,oe:team:3a1d18f46bcb3716ebcfcf4ef068934,1642,0,2340.0,774.0,-4.0,4.0,3.0,1581.0,571.0,17.0,6.0,7.0,-3524.0,-6461.0,-17.0,9.0,15.0,top: Kennen / jng: Ambessa / mid: Annie / bot: Jhin / sup: Bard,2026-04-10,BNK FEARX,top: Renekton / jng: Maokai / mid: Hwei / bot: Ezreal / sup: Neeko,1,-1.0,-759.0,-203.0,21.0,-11.118289085518882,True,Lead lost by 25
13217-13217_game_3,complete,LPL,Split 2,0,2026-04-10 11:20:44,3,16.07,200,Red,LNG Esports,oe:team:a9145b7711873f53e610fbba0493484,2065,0,767.0,756.0,41.0,1.0,1.0,1173.0,1869.0,33.0,4.0,3.0,613.0,-897.0,19.0,4.0,5.0,top: Gnar / jng: Jarvan IV / mid: Annie / bot: Ezreal / sup: Poppy,2026-04-10,EDward Gaming,top: Ambessa / jng: Naafiri / mid: Ahri / bot: Senna / sup: Alistar,0,1.0,406.0,1113.0,-8.0,58.98204296405606,True,Shrank by >500g
LOLTMNT01_361350,complete,LCK,Rounds 1-2,0,2026-04-10 11:46:50,3,16.07,200,Red,Hanwha Life Esports,oe:team:3a1d18f46bcb3716ebcfcf4ef068934,1425,1,2691.0,3459.0,69.0,9.0,7.0,6949.0,6820.0,119.0,13.0,7.0,,,,,,top: Gnar / jng: Vi / mid: Ahri / bot: Xayah / sup: Rakan,2026-04-10,BNK FEARX,top: Aurora / jng: Naafiri / mid: Mel / bot: Lucian / sup: Milio,0,6.0,4258.0,3361.0,50.0,-11.118289085518882,True,Won before 25
13218-13218_game_1,complete,LPL,Split 2,0,2026-04-10 12:28:13,1,16.07,100,Blue,JD Gaming,oe:team:b42d0f31f2727621b963042276817c4,1987,1,1735.0,2559.0,21.0,2.0,0.0,2623.0,4461.0,50.0,5.0,2.0,5537.0,7225.0,85.0,5.0,2.0,top: Ambessa / jng: Skarner / mid: Ryze / bot: Varus / sup: Bard,2026-04-10,Anyone's Legend,top: Rumble / jng: Xin Zhao / mid: Azir / bot: Corki / sup: Nami,1,3.0,888.0,1902.0,29.0,-8.831334683014802,True,Grew by >500g
13218-13218_game_2,complete,LPL,Split 2,0,2026-04-10 13:27:20,2,16.07,200,Red,JD Gaming,oe:team:b42d0f31f2727621b963042276817c4,1771,1,3795.0,2483.0,37.0,6.0,2.0,5657.0,3625.0,56.0,7.0,2.0,13048.0,13200.0,97.0,15.0,2.0,top: Renekton / jng: Nocturne / mid: Sylas / bot: Kai'Sa / sup: Neeko,2026-04-10,Anyone's Legend,top: Rek'Sai / jng: Jarvan IV / mid: Mel / bot: Sivir / sup: Alistar,0,5.0,1862.0,1142.0,19.0,-8.831334683014802,True,Grew by >500g
LOLTMNT01_362622,complete,LCK,Rounds 1-2,0,2026-04-11 08:06:17,1,16.07,200,Red,Nongshim RedForce,oe:team:5cd2cd09ec94296f605dd13a2924d6c,1964,0,2909.0,612.0,8.0,5.0,2.0,1858.0,-956.0,13.0,8.0,6.0,998.0,1116.0,25.0,8.0,9.0,top: Jayce / jng: Jarvan IV / mid: Ryze / bot: Jhin / sup: Anivia,2026-04-11,Kiwoom DRX,top: Yorick / jng: Vi / mid: Orianna / bot: Ezreal / sup: Neeko,0,2.0,-1051.0,-1568.0,5.0,29.075664432878966,True,Shrank by >500g
LOLTMNT01_362650,complete,LCK,Rounds 1-2,0,2026-04-11 08:59:12,2,16.07,200,Red,Nongshim RedForce,oe:team:5cd2cd09ec94296f605dd13a2924d6c,1701,0,-1144.0,-1826.0,-30.0,2.0,3.0,397.0,-837.0,-47.0,6.0,5.0,-4096.0,-7476.0,-69.0,6.0,8.0,top: Ambessa / jng: Pantheon / mid: Annie / bot: Corki / sup: Nautilus,2026-04-11,Kiwoom DRX,top: Gnar / jng: Poppy / mid: Aurora / bot: Yunara / sup: Alistar,0,1.0,1541.0,989.0,-17.0,29.075664432878966,True,Lead lost by 25
13219-13219_game_1,complete,LPL,Split 2,0,2026-04-11 09:14:28,1,16.07,100,Blue,Invictus Gaming,oe:team:53a258f289c26d94431c0496a54e151,1918,1,-612.0,-811.0,9.0,2.0,3.0,491.0,831.0,18.0,6.0,5.0,-177.0,1570.0,-7.0,8.0,7.0,top: Gnar / jng: Jarvan IV / mid: Cassiopeia / bot: Ashe / sup: Seraphine,2026-04-11,Team WE,top: Yorick / jng: Pantheon / mid: Ryze / bot: Ezreal / sup: Neeko,1,1.0,1103.0,1642.0,9.0,60.462993504889255,True,Lead lost by 25
LOLTMNT01_361888,complete,LCP,Split 2,0,2026-04-11 09:18:53,1,16.07,200,Red,DetonatioN FocusMe,oe:team:e435aa3ecb82a89e60544f5f5857a81,2131,1,-297.0,1463.0,24.0,2.0,3.0,1428.0,3909.0,32.0,7.0,4.0,1979.0,5070.0,27.0,9.0,5.0,top: Renekton / jng: Xin Zhao / mid: Orianna / bot: Mel / sup: Nautilus,2026-04-11,CTBC Flying Oyster,top: Gnar / jng: Pantheon / mid: Azir / bot: Varus / sup: Neeko,0,3.0,1725.0,2446.0,8.0,-78.98950909120708,True,Grew by >500g
LOLTMNT01_361913,complete,LCP,Split 2,0,2026-04-11 10:14:48,2,16.07,200,Red,CTBC Flying Oyster,oe:team:0916b3c324c8577b0c6344f3e067f62,1617,1,967.0,-61.0,11.0,1.0,2.0,4591.0,4739.0,31.0,11.0,6.0,7578.0,7188.0,51.0,17.0,10.0,top: Ambessa / jng: Lee Sin / mid: Twisted Fate / bot: Corki / sup: Nami,2026-04-11,DetonatioN FocusMe,top: Zaahen / jng: Jarvan IV / mid: Annie / bot: Jhin / sup: Bard,0,5.0,3624.0,4800.0,20.0,78.98950909120708,True,Grew by >500g
LOLTMNT01_361912,complete,LCK,Rounds 1-2,0,2026-04-11 10:14:53,1,16.07,200,Red,Gen.G,oe:team:50f58982d91a36557ec8aec52ab014f,1742,0,-173.0,-331.0,-24.0,1.0,0.0,1324.0,3025.0,19.0,4.0,2.0,-1734.0,-726.0,12.0,4.0,5.0,top: K'Sante / jng: Pantheon / mid: Ryze / bot: Ezreal / sup: Pyke,2026-04-11,Dplus Kia,top: Gnar / jng: Jarvan IV / mid: Anivia / bot: Caitlyn / sup: Bard,0,2.0,1497.0,3356.0,43.0,168.1499175209667,True,Lead lost by 25
13219-13219_game_2,complete,LPL,Split 2,0,2026-04-11 10:17:54,2,16.07,200,Red,Team WE,oe:team:62c1cd9465dc63824593ee5046f5aa8,1823,0,789.0,-1210.0,6.0,2.0,2.0,1125.0,-985.0,9.0,5.0,4.0,-1645.0,-5807.0,-6.0,7.0,10.0,top: Ambessa / jng: Trundle / mid: Annie / bot: Yunara / sup: Lulu,2026-04-11,Invictus Gaming,top: Sion / jng: Xin Zhao / mid: Viktor / bot: Corki / sup: Nami,0,1.0,336.0,225.0,3.0,-60.462993504889255,True,Lead lost by 25
LOLTMNT01_362683,complete,LCP,Split 2,0,2026-04-11 11:02:21,3,16.07,100,Blue,CTBC Flying Oyster,oe:team:0916b3c324c8577b0c6344f3e067f62,1349,1,7832.0,2650.0,70.0,11.0,1.0,12236.0,6601.0,109.0,16.0,2.0,,,,,,top: Aurora / jng: Vi / mid: Jayce / bot: Ashe / sup: Lulu,2026-04-11,DetonatioN FocusMe,top: Sion / jng: Olaf / mid: Akali / bot: Miss Fortune / sup: Seraphine,1,14.0,4404.0,3951.0,39.0,78.98950909120708,True,Won before 25
LOLTMNT01_361920,complete,LCK,Rounds 1-2,0,2026-04-11 11:07:33,2,16.07,200,Red,Dplus Kia,oe:team:ef69efa6acebe94107f0cf1ba716806,2253,1,715.0,975.0,18.0,2.0,1.0,224.0,-935.0,4.0,2.0,2.0,1080.0,1616.0,23.0,4.0,3.0,top: Renekton / jng: Wukong / mid: Annie / bot: Kalista / sup: Renata Glasc,2026-04-11,Gen.G,top: Zaahen / jng: Xin Zhao / mid: Aurora / bot: Yunara / sup: Seraphine,0,0.0,-491.0,-1910.0,-14.0,-168.1499175209667,True,Grew by >500g
13220-13220_game_1,complete,LPL,Split 2,0,2026-04-11 11:29:17,1,16.07,100,Blue,JD Gaming,oe:team:b42d0f31f2727621b963042276817c4,1929,0,-1373.0,-96.0,-6.0,1.0,2.0,2010.0,1644.0,7.0,6.0,4.0,2719.0,4931.0,22.0,9.0,7.0,top: Yorick / jng: Xin Zhao / mid: Ryze / bot: Varus / sup: Neeko,2026-04-11,Top Esports,top: Jayce / jng: Jarvan IV / mid: Cassiopeia / bot: Yunara / sup: Lulu,1,2.0,3383.0,1740.0,13.0,28.225228828291847,True,Grew by >500g
LOLTMNT01_361963,complete,LCP,Split 2,0,2026-04-11 12:02:31,1,16.07,200,Red,GAM Esports,oe:team:9cae7677cd0dbcc1cd86653870b73c2,2176,1,2905.0,1822.0,31.0,3.0,1.0,2772.0,3973.0,63.0,4.0,3.0,3091.0,4922.0,42.0,7.0,5.0,top: Rumble / jng: Nocturne / mid: Ryze / bot: Corki / sup: Bard,2026-04-11,MVK Esports,top: Ambessa / jng: Pantheon / mid: Aurora / bot: Lucian / sup: Milio,0,1.0,-133.0,2151.0,32.0,-8.635675960495746,True,Within 500g
LOLTMNT04_156536,complete,LEC,Spring,0,2026-04-11 12:08:41,1,16.07,200,Red,Team Heretics,oe:team:1285e1c04d54de96502f12da4d49458,1864,0,846.0,744.0,17.0,3.0,2.0,663.0,-236.0,16.0,3.0,4.0,-1886.0,-1192.0,-5.0,6.0,8.0,top: K'Sante / jng: Xin Zhao / mid: LeBlanc / bot: Ashe / sup: Seraphine,2026-04-11,Natus Vincere,top: Ambessa / jng: Pantheon / mid: Aurora / bot: Caitlyn / sup: Bard,0,-1.0,-183.0,-980.0,-1.0,-52.45722479760252,True,Lead lost by 25
13220-13220_game_2,complete,LPL,Split 2,0,2026-04-11 12:25:00,2,16.07,100,Blue,JD Gaming,oe:team:b42d0f31f2727621b963042276817c4,1768,0,574.0,615.0,-1.0,4.0,3.0,520.0,279.0,2.0,4.0,4.0,-39.0,-216.0,-11.0,7.0,10.0,top: Vayne / jng: Pantheon / mid: Twisted Fate / bot: Ezreal / sup: Bard,2026-04-11,Top Esports,top: Gnar / jng: Naafiri / mid: Annie / bot: Caitlyn / sup: Karma,1,0.0,-54.0,-336.0,3.0,28.225228828291847,True,Lead lost by 25
LOLTMNT01_361987,complete,LCP,Split 2,0,2026-04-11 12:58:20,2,16.07,100,Blue,GAM Esports,oe:team:9cae7677cd0dbcc1cd86653870b73c2,1872,0,-1500.0,-1313.0,-35.0,3.0,4.0,255.0,327.0,-38.0,6.0,4.0,-144.0,-870.0,-39.0,6.0,4.0,top: Jayce / jng: Jarvan IV / mid: Mel / bot: Sivir / sup: Neeko,2026-04-11,MVK Esports,top: Yorick / jng: Aatrox / mid: Annie / bot: Ezreal / sup: Anivia,1,2.0,1755.0,1640.0,-3.0,-8.635675960495746,True,Lead lost by 25
LOLTMNT04_156545,complete,LEC,Spring,0,2026-04-11 12:59:32,2,16.07,100,Blue,Natus Vincere,oe:team:d2ba9f92d85cff67d60aaad88e61048,1830,1,1706.0,-244.0,-7.0,6.0,1.0,4675.0,2679.0,22.0,9.0,2.0,9504.0,8750.0,57.0,17.0,3.0,top: Sion / jng: Aatrox / mid: Ahri / bot: Yunara / sup: Lulu,2026-04-11,Team Heretics,top: Rumble / jng: Wukong / mid: Annie / bot: Xayah / sup: Rakan,1,7.0,2969.0,2923.0,29.0,52.45722479760252,True,Grew by >500g
LOLTMNT01_362761,complete,LCP,Split 2,0,2026-04-11 13:49:23,3,16.07,200,Red,MVK Esports,oe:team:bc3824b0bbb8139d16109178faa4822,2819,0,123.0,682.0,-3.0,2.0,1.0,917.0,-143.0,-18.0,4.0,3.0,-1385.0,43.0,-41.0,6.0,8.0,top: Gnar / jng: Naafiri / mid: Galio / bot: Ziggs / sup: Leona,2026-04-11,GAM Esports,top: Kennen / jng: Shyvana / mid: Orianna / bot: Varus / sup: Nautilus,0,1.0,794.0,-825.0,-15.0,8.635675960495746,True,Lead lost by 25
LOLTMNT04_155498,complete,LEC,Spring,0,2026-04-11 14:00:25,1,16.07,100,Blue,Team Vitality,oe:team:e8d8ae992fe72acb7adc7bfcee31dbb,3125,1,516.0,701.0,-9.0,5.0,3.0,210.0,-931.0,-19.0,5.0,4.0,-3382.0,-4107.0,-25.0,6.0,9.0,top: Aurora / jng: Jarvan IV / mid: Lissandra / bot: Caitlyn / sup: Bard,2026-04-11,G2 Esports,top: Rumble / jng: Vi / mid: Ahri / bot: Yunara / sup: Lulu,1,1.0,-306.0,-1632.0,-10.0,-23.393207351938372,True,Lead lost by 25
LOLTMNT04_156560,complete,LEC,Spring,0,2026-04-11 15:14:30,2,16.07,200,Red,G2 Esports,oe:team:7d6673d3a9d00363c6bebc1a630da6e,2088,1,1604.0,2722.0,53.0,5.0,5.0,2287.0,1746.0,35.0,5.0,6.0,5024.0,7523.0,43.0,9.0,6.0,top: Yasuo / jng: Xin Zhao / mid: LeBlanc / bot: Ashe / sup: Seraphine,2026-04-11,Team Vitality,top: Gnar / jng: Pantheon / mid: Azir / bot: Ziggs / sup: Rell,0,-1.0,683.0,-976.0,-18.0,23.393207351938372,True,Grew by >500g
LOLTMNT04_155503,complete,LEC,Spring,0,2026-04-11 16:09:20,3,16.07,200,Red,Team Vitality,oe:team:e8d8ae992fe72acb7adc7bfcee31dbb,1957,1,1223.0,1289.0,0.0,3.0,1.0,1578.0,2001.0,8.0,3.0,1.0,1652.0,3396.0,18.0,3.0,1.0,top: Aatrox / jng: Dr. Mundo / mid: Syndra / bot: Ezreal / sup: Nami,2026-04-11,G2 Esports,top: Sion / jng: Olaf / mid: Zoe / bot: Lucian / sup: Milio,0,2.0,355.0,712.0,8.0,-23.393207351938372,True,Within 500g
LOLTMNT01_362809,complete,CBLOL,Split 1,0,2026-04-11 16:10:46,1,16.07,100,Blue,Leviatan,oe:team:53ef3d5a3ac5d88bc000eff7d87aeb3,2519,0,1122.0,1815.0,21.0,3.0,0.0,2699.0,3762.0,20.0,6.0,1.0,3236.0,6140.0,14.0,9.0,3.0,top: K'Sante / jng: Pantheon / mid: Ryze / bot: Corki / sup: Bard,2026-04-11,FURIA,top: Ambessa / jng: Jarvan IV / mid: Akali / bot: Ezreal / sup: Anivia,1,5.0,1577.0,1947.0,-1.0,-106.50069812440483,True,Grew by >500g
LOLTMNT04_155512,complete,LEC,Spring,0,2026-04-11 17:05:50,1,16.07,200,Red,Movistar KOI,oe:team:4acc40654379b4da680be1bd3129dfa,2452,1,652.0,1859.0,10.0,8.0,6.0,772.0,2471.0,34.0,9.0,8.0,1867.0,3052.0,41.0,10.0,9.0,top: Rumble / jng: Wukong / mid: Ryze / bot: Ezreal / sup: Karma,2026-04-11,SK Gaming,top: Anivia / jng: Pantheon / mid: Irelia / bot: Seraphine / sup: Nautilus,0,1.0,120.0,612.0,24.0,68.23688038781665,True,Grew by >500g
LOLTMNT01_363063,complete,CBLOL,Split 1,0,2026-04-11 17:11:53,2,16.07,200,Red,FURIA,oe:team:87e3e1e75839f75a10bbc66e894d806,1588,1,1081.0,1452.0,28.0,3.0,1.0,5764.0,6658.0,74.0,10.0,2.0,9461.0,12111.0,124.0,14.0,3.0,top: Gnar / jng: Skarner / mid: Viktor / bot: Caitlyn / sup: Nami,2026-04-11,Leviatan,top: Renekton / jng: Xin Zhao / mid: Azir / bot: Jhin / sup: Neeko,0,8.0,4683.0,5206.0,46.0,106.50069812440483,True,Grew by >500g
LOLTMNT01_362850,complete,CBLOL,Split 1,0,2026-04-11 18:05:38,1,16.07,200,Red,RED Canids,oe:team:67169969ecc058b307edfa9c6b7a3c0,1533,1,4782.0,5263.0,52.0,10.0,5.0,8781.0,8825.0,73.0,16.0,6.0,14277.0,14320.0,77.0,27.0,8.0,top: Gnar / jng: Jarvan IV / mid: Mel / bot: Ezreal / sup: Bard,2026-04-11,paiN Gaming,top: Ambessa / jng: Aatrox / mid: Annie / bot: Ashe / sup: Seraphine,0,10.0,3999.0,3562.0,21.0,142.53099214120107,True,Grew by >500g
LOLTMNT04_155520,complete,LEC,Spring,0,2026-04-11 18:08:42,2,16.07,200,Red,SK Gaming,oe:team:75760dca486d4682426196b76bd1a54,2186,0,187.0,-616.0,-54.0,3.0,0.0,3768.0,1533.0,-28.0,5.0,0.0,-870.0,-4420.0,-76.0,5.0,4.0,top: Gnar / jng: Jarvan IV / mid: Sylas / bot: Corki / sup: Nami,2026-04-11,Movistar KOI,top: Renekton / jng: Xin Zhao / mid: Viktor / bot: Sivir / sup: Lulu,0,5.0,3581.0,2149.0,26.0,-68.23688038781665,True,Lead lost by 25
LOLTMNT01_362860,complete,CBLOL,Split 1,0,2026-04-11 18:51:45,2,16.07,100,Blue,RED Canids,oe:team:67169969ecc058b307edfa9c6b7a3c0,1667,1,3688.0,4101.0,52.0,8.0,2.0,3111.0,3599.0,59.0,9.0,4.0,10624.0,13726.0,87.0,19.0,5.0,top: Aurora / jng: Nocturne / mid: Sylas / bot: Jhin / sup: Rakan,2026-04-11,paiN Gaming,top: Vayne / jng: Wukong / mid: Ahri / bot: Caitlyn / sup: Neeko,1,5.0,-577.0,-502.0,7.0,142.53099214120107,True,Grew by >500g
LOLTMNT01_362898,complete,LCS,Spring,0,2026-04-11 20:08:26,1,16.07,100,Blue,Team Liquid,oe:team:8eb884e168f28402ce685bedebb5250,1492,1,3200.0,2328.0,-9.0,6.0,2.0,10782.0,8633.0,11.0,17.0,2.0,17074.0,16216.0,28.0,25.0,2.0,top: Jax / jng: Xin Zhao / mid: Aurora / bot: Ashe / sup: Seraphine,2026-04-11,Shopify Rebellion,top: Ambessa / jng: Pantheon / mid: Mel / bot: Corki / sup: Nami,1,15.0,7582.0,6305.0,20.0,52.52541053714458,True,Won before 25
LOLTMNT01_363148,complete,LCS,Spring,0,2026-04-11 20:55:34,2,16.07,200,Red,Shopify Rebellion,oe:team:b360f1d729b0a8e0f29a5243c4200fa,2251,0,-1529.0,235.0,-41.0,3.0,3.0,479.0,1201.0,-50.0,8.0,5.0,-700.0,526.0,-51.0,9.0,6.0,top: K'Sante / jng: Poppy / mid: Azir / bot: Ezreal / sup: Neeko,2026-04-11,Team Liquid,top: Jayce / jng: Jarvan IV / mid: Ryze / bot: Xayah / sup: Rakan,0,3.0,2008.0,966.0,-9.0,-52.52541053714458,True,Lead lost by 25
LOLTMNT01_362920,complete,LCS,Spring,0,2026-04-11 21:54:03,1,16.07,200,Red,Dignitas,oe:team:0dbb780176ecad18f17292d1f5653af,1956,1,-50.0,-518.0,3.0,0.0,0.0,1886.0,2871.0,46.0,4.0,2.0,3033.0,7733.0,52.0,6.0,3.0,top: Rumble / jng: Xin Zhao / mid: Orianna / bot: Corki / sup: Nami,2026-04-11,LYON,top: K'Sante / jng: Nocturne / mid: Azir / bot: Yunara / sup: Lulu,0,2.0,1936.0,3389.0,43.0,-120.89064850724026,True,Grew by >500g
LOLTMNT01_362925,complete,LCS,Spring,0,2026-04-11 22:44:28,2,16.07,200,Red,LYON,oe:team:da1143bf9a245b78a8dc86417de85b3,2163,1,1932.0,689.0,34.0,4.0,2.0,1932.0,459.0,57.0,4.0,4.0,3166.0,1434.0,97.0,4.0,4.0,top: Jayce / jng: Vi / mid: Ryze / bot: Caitlyn / sup: Lux,2026-04-11,Dignitas,top: Ambessa / jng: Poppy / mid: Anivia / bot: Ezreal / sup: Neeko,0,0.0,0.0,-230.0,23.0,120.89064850724026,True,Grew by >500g
LOLTMNT01_363170,complete,LCS,Spring,0,2026-04-11 23:40:13,3,16.07,100,Blue,LYON,oe:team:da1143bf9a245b78a8dc86417de85b3,1789,1,2904.0,3019.0,19.0,5.0,2.0,7179.0,4805.0,45.0,9.0,3.0,5906.0,4603.0,38.0,12.0,6.0,top: Vayne / jng: Wukong / mid: Sylas / bot: Sivir / sup: Rakan,2026-04-11,Dignitas,top: Gnar / jng: Maokai / mid: Viktor / bot: Jhin / sup: Karma,1,6.0,4275.0,1786.0,26.0,120.89064850724026,True,Shrank by >500g
LOLTMNT01_364097,complete,LCK,Rounds 1-2,0,2026-04-12 08:05:05,1,16.07,100,Blue,BNK FEARX,oe:team:5c2e7e9ea8dfcba0150d9a5619baecf,1816,1,3827.0,3681.0,38.0,9.0,4.0,4433.0,844.0,-8.0,11.0,6.0,1925.0,-3533.0,0.0,11.0,8.0,top: Renekton / jng: Jarvan IV / mid: Ryze / bot: Xayah / sup: Neeko,2026-04-12,DN SOOPers,top: Zaahen / jng: Vi / mid: Cassiopeia / bot: Ezreal / sup: Rakan,1,5.0,606.0,-2837.0,-46.0,26.339385675932817,True,Shrank by >500g
LOLTMNT01_363354,complete,LCK,Rounds 1-2,0,2026-04-12 08:56:52,2,16.07,100,Blue,BNK FEARX,oe:team:5c2e7e9ea8dfcba0150d9a5619baecf,1562,1,-967.0,-158.0,-6.0,1.0,4.0,2064.0,1656.0,7.0,5.0,6.0,7317.0,6377.0,21.0,11.0,8.0,top: Yorick / jng: Xin Zhao / mid: Akali / bot: Ashe / sup: Seraphine,2026-04-12,DN SOOPers,top: Ambessa / jng: Lee Sin / mid: Azir / bot: Jhin / sup: Rell,1,-1.0,3031.0,1814.0,13.0,26.339385675932817,True,Grew by >500g
13221-13221_game_1,complete,LPL,Split 2,0,2026-04-12 09:13:07,1,16.07,100,Blue,Oh My God,oe:team:f4c4528c6981e104a11ea7548630c23,1753,1,3261.0,1333.0,13.0,6.0,2.0,3653.0,785.0,29.0,6.0,3.0,5474.0,3792.0,47.0,8.0,3.0,top: Ambessa / jng: Pantheon / mid: Zoe / bot: Varus / sup: Bard,2026-04-12,LGD Gaming,top: Rumble / jng: Naafiri / mid: Aurora / bot: Yunara / sup: Lulu,1,3.0,392.0,-548.0,16.0,-10.84859307655006,True,Grew by >500g
LOLTMNT01_364122,complete,LCP,Split 2,0,2026-04-12 09:21:22,1,16.07,100,Blue,Fukuoka SoftBank HAWKS gaming,oe:team:d8ca3fc1f0827ec76369af7b70d43e3,2113,1,1833.0,1961.0,2.0,4.0,1.0,287.0,1257.0,-31.0,8.0,4.0,549.0,306.0,-48.0,10.0,4.0,top: Rumble / jng: Skarner / mid: Orianna / bot: Varus / sup: Alistar,2026-04-12,Ground Zero Gaming,top: K'Sante / jng: Pantheon / mid: Ryze / bot: Ezreal / sup: Leona,1,4.0,-1546.0,-704.0,-33.0,28.814413611923555,True,Within 500g
13221-13221_game_2,complete,LPL,Split 2,0,2026-04-12 10:04:07,2,16.07,200,Red,LGD Gaming,oe:team:5f401785b6b78326f9a46b3c6b206ed,1684,1,-240.0,-806.0,-28.0,2.0,2.0,1534.0,1335.0,-22.0,6.0,3.0,2475.0,1187.0,-28.0,8.0,4.0,top: Jayce / jng: Vi / mid: Ahri / bot: Aphelios / sup: Thresh,2026-04-12,Oh My God,top: Yorick / jng: Xin Zhao / mid: Sylas / bot: Mel / sup: Pyke,0,3.0,1774.0,2141.0,6.0,10.84859307655006,True,Grew by >500g
LOLTMNT01_364137,complete,LCK,Rounds 1-2,0,2026-04-12 10:09:24,1,16.07,100,Blue,KT Rolster,oe:team:d723992568441c6bafa2658129eade7,1485,1,4574.0,4069.0,53.0,6.0,0.0,5988.0,5436.0,60.0,9.0,0.0,10696.0,12751.0,53.0,17.0,0.0,top: Yorick / jng: Jarvan IV / mid: Mel / bot: Ashe / sup: Seraphine,2026-04-12,HANJIN BRION,top: Jayce / jng: Xin Zhao / mid: Annie / bot: Ezreal / sup: Bard,1,9.0,1414.0,1367.0,7.0,81.77180875769591,True,Won before 25
LOLTMNT01_363374,complete,LCP,Split 2,0,2026-04-12 10:18:19,2,16.07,200,Red,Ground Zero Gaming,oe:team:788115a84f68bc65fa6d3a4e0f67a3e,2664,0,1664.0,612.0,41.0,4.0,3.0,3086.0,2323.0,75.0,6.0,6.0,6447.0,7212.0,93.0,11.0,6.0,top: Gnar / jng: Naafiri / mid: Akali / bot: Ashe / sup: Seraphine,2026-04-12,Fukuoka SoftBank HAWKS gaming,top: Malphite / jng: Lee Sin / mid: Mel / bot: Zeri / sup: Yuumi,0,0.0,1422.0,1711.0,34.0,-28.814413611923555,True,Grew by >500g
13221-13221_game_3,complete,LPL,Split 2,0,2026-04-12 10:54:26,3,16.07,100,Blue,LGD Gaming,oe:team:5f401785b6b78326f9a46b3c6b206ed,1819,1,2667.0,442.0,18.0,3.0,0.0,4623.0,1114.0,32.0,4.0,0.0,7555.0,7412.0,43.0,9.0,1.0,top: Gnar / jng: Dr. Mundo / mid: Akali / bot: Corki / sup: Nami,2026-04-12,Oh My God,top: Sion / jng: Jarvan IV / mid: Azir / bot: Lucian / sup: Milio,1,4.0,1956.0,672.0,14.0,10.84859307655006,True,Grew by >500g
LOLTMNT01_364149,complete,LCK,Rounds 1-2,0,2026-04-12 10:55:22,2,16.07,100,Blue,KT Rolster,oe:team:d723992568441c6bafa2658129eade7,2001,1,2256.0,2284.0,5.0,5.0,0.0,4344.0,4828.0,45.0,7.0,0.0,3576.0,4579.0,49.0,7.0,1.0,top: Gnar / jng: Vi / mid: Ahri / bot: Yunara / sup: Lulu,2026-04-12,HANJIN BRION,top: Renekton / jng: Wukong / mid: Orianna / bot: Caitlyn / sup: Neeko,1,7.0,2088.0,2544.0,40.0,81.77180875769591,True,Shrank by >500g
LOLTMNT01_363403,complete,LCP,Split 2,0,2026-04-12 11:43:21,1,16.07,200,Red,Deep Cross Gaming,oe:team:7e56e9367c023df96cc8257ff4e16c0,2597,0,576.0,992.0,-19.0,9.0,8.0,377.0,1211.0,-13.0,13.0,13.0,4317.0,6442.0,-5.0,17.0,13.0,top: Gnar / jng: Xin Zhao / mid: Orianna / bot: Ezreal / sup: Alistar,2026-04-12,Team Secret Whales,top: Urgot / jng: Jarvan IV / mid: Ryze / bot: Sivir / sup: Bard,0,0.0,-199.0,219.0,6.0,-114.83827802674841,True,Grew by >500g
13222-13222_game_1,complete,LPL,Split 2,0,2026-04-12 12:03:04,1,16.07,200,Red,Bilibili Gaming,oe:team:d356a144644879dabb5f34cd99c886d,2421,1,3092.0,2870.0,73.0,5.0,2.0,1092.0,188.0,83.0,7.0,8.0,1051.0,-1722.0,70.0,7.0,9.0,top: Gwen / jng: Pantheon / mid: Mel / bot: Ashe / sup: Seraphine,2026-04-12,Weibo Gaming,top: Sion / jng: Xin Zhao / mid: Viktor / bot: Yunara / sup: Lulu,0,-1.0,-2000.0,-2682.0,10.0,139.85432861253935,True,Within 500g
LOLTMNT01_364181,complete,LCP,Split 2,0,2026-04-12 12:48:16,2,16.07,100,Blue,Team Secret Whales,oe:team:740de582f50775c516c77ed7b923fd5,1760,1,-125.0,291.0,28.0,7.0,8.0,2311.0,1910.0,24.0,9.0,8.0,10055.0,11838.0,63.0,18.0,9.0,top: Rumble / jng: Naafiri / mid: Aurora / bot: Xayah / sup: Lulu,2026-04-12,Deep Cross Gaming,top: Gwen / jng: Nocturne / mid: Annie / bot: Yunara / sup: Neeko,1,1.0,2436.0,1619.0,-4.0,114.83827802674841,True,Grew by >500g
13222-13222_game_2,complete,LPL,Split 2,0,2026-04-12 13:06:44,2,16.07,100,Blue,Bilibili Gaming,oe:team:d356a144644879dabb5f34cd99c886d,1626,1,1926.0,2042.0,35.0,3.0,1.0,1936.0,2244.0,29.0,6.0,5.0,8820.0,9036.0,19.0,20.0,8.0,top: Ambessa / jng: Naafiri / mid: Annie / bot: Ezreal / sup: Bard,2026-04-12,Weibo Gaming,top: Rumble / jng: Skarner / mid: Azir / bot: Corki / sup: Nami,1,1.0,10.0,202.0,-6.0,139.85432861253935,True,Grew by >500g
LOLTMNT04_155589,complete,LEC,Spring,0,2026-04-12 15:08:52,1,16.07,200,Red,Shifters,oe:team:a2065488a11a2c0a2403a7b347eec61,2004,1,3354.0,2090.0,24.0,6.0,3.0,5314.0,4695.0,49.0,11.0,5.0,5756.0,4016.0,28.0,12.0,5.0,top: Jayce / jng: Jarvan IV / mid: Taliyah / bot: Ezreal / sup: Karma,2026-04-12,Team Vitality,top: Rumble / jng: Xin Zhao / mid: Azir / bot: Corki / sup: Nami,0,6.0,1960.0,2605.0,25.0,-101.42738621980152,True,Within 500g
LOLTMNT04_155590,complete,LEC,Spring,0,2026-04-12 16:04:09,2,16.07,100,Blue,Team Vitality,oe:team:e8d8ae992fe72acb7adc7bfcee31dbb,1741,1,337.0,-1349.0,-31.0,4.0,3.0,2284.0,1370.0,7.0,11.0,7.0,1631.0,-360.0,23.0,11.0,9.0,top: Gnar / jng: Wukong / mid: Akali / bot: Yunara / sup: Lulu,2026-04-12,Shifters,top: Renekton / jng: Vi / mid: Aurora / bot: Kai'Sa / sup: Bard,1,4.0,1947.0,2719.0,38.0,101.42738621980152,True,Shrank by >500g
LOLTMNT01_364253,complete,CBLOL,Split 1,0,2026-04-12 16:10:37,1,16.07,200,Red,Vivo Keyd Stars,oe:team:b9e44c69c1a70fb35df9be96f9eafea,2476,1,3212.0,2670.0,30.0,6.0,3.0,5639.0,3176.0,46.0,8.0,4.0,3756.0,-1887.0,59.0,10.0,8.0,top: Rumble / jng: Vi / mid: Ahri / bot: Kalista / sup: Renata Glasc,2026-04-12,Fluxo W7M,top: Sion / jng: Xin Zhao / mid: Taliyah / bot: Varus / sup: Nautilus,0,4.0,2427.0,506.0,16.0,3.0571926792440536,True,Shrank by >500g
LOLTMNT04_155593,complete,LEC,Spring,0,2026-04-12 16:55:45,3,16.07,100,Blue,Team Vitality,oe:team:e8d8ae992fe72acb7adc7bfcee31dbb,1830,1,2057.0,1447.0,-17.0,5.0,2.0,4896.0,4621.0,8.0,9.0,3.0,9563.0,10366.0,43.0,12.0,4.0,top: Camille / jng: Aatrox / mid: Galio / bot: Varus / sup: Nautilus,2026-04-12,Shifters,top: Zaahen / jng: Ambessa / mid: Viktor / bot: Mel / sup: Neeko,1,6.0,2839.0,3174.0,25.0,101.42738621980152,True,Grew by >500g
LOLTMNT01_364269,complete,CBLOL,Split 1,0,2026-04-12 17:11:17,2,16.07,100,Blue,Vivo Keyd Stars,oe:team:b9e44c69c1a70fb35df9be96f9eafea,1823,1,4297.0,2576.0,55.0,5.0,1.0,6248.0,2547.0,26.0,7.0,1.0,7777.0,6316.0,20.0,10.0,1.0,top: Ambessa / jng: Aatrox / mid: Syndra / bot: Yunara / sup: Lulu,2026-04-12,Fluxo W7M,top: K'Sante / jng: Dr. Mundo / mid: Ryze / bot: Corki / sup: Nami,1,6.0,1951.0,-29.0,-29.0,3.0571926792440536,True,Grew by >500g
LOLTMNT04_156641,complete,LEC,Spring,0,2026-04-12 17:50:27,1,16.07,200,Red,Karmine Corp,oe:team:f3aa9bbd924ce3af42ac53f8326bc7c,1418,1,2762.0,1718.0,15.0,4.0,1.0,8923.0,6798.0,65.0,11.0,2.0,,,,,,top: Gnar / jng: Xin Zhao / mid: Ahri / bot: Ashe / sup: Seraphine,2026-04-12,Team Heretics,top: Ambessa / jng: Vi / mid: Galio / bot: Ziggs / sup: Bard,0,9.0,6161.0,5080.0,50.0,138.07181059336244,True,Won before 25
LOLTMNT01_363540,complete,CBLOL,Split 1,0,2026-04-12 18:02:55,1,16.07,100,Blue,LOUD,oe:team:658a021a796aa5501503220adb38cf4,1951,1,151.0,2580.0,29.0,2.0,1.0,2943.0,4842.0,52.0,5.0,2.0,3217.0,3752.0,45.0,6.0,2.0,top: K'Sante / jng: Naafiri / mid: Annie / bot: Caitlyn / sup: Bard,2026-04-12,LØS,top: Rumble / jng: Wukong / mid: Ryze / bot: Lucian / sup: Nami,1,3.0,2792.0,2262.0,23.0,23.305571088887064,True,Within 500g
LOLTMNT04_155609,complete,LEC,Spring,0,2026-04-12 18:35:08,2,16.07,200,Red,Karmine Corp,oe:team:f3aa9bbd924ce3af42ac53f8326bc7c,1429,1,6193.0,5266.0,72.0,8.0,1.0,8871.0,7670.0,111.0,13.0,2.0,,,,,,top: Renekton / jng: Pantheon / mid: Annie / bot: Corki / sup: Nami,2026-04-12,Team Heretics,top: Sion / jng: Lee Sin / mid: Ryze / bot: Yunara / sup: Lulu,0,11.0,2678.0,2404.0,39.0,138.07181059336244,True,Won before 25
LOLTMNT01_364308,complete,CBLOL,Split 1,0,2026-04-12 18:53:54,2,16.07,200,Red,LØS,oe:team:ea65e6cc48a9be50fc5334369a5fca5,2068,0,2375.0,311.0,17.0,7.0,5.0,2809.0,-326.0,32.0,12.0,9.0,-1950.0,-5206.0,13.0,13.0,15.0,top: Varus / jng: Aatrox / mid: Viktor / bot: Jhin / sup: Neeko,2026-04-12,LOUD,top: Jayce / jng: Pantheon / mid: Aurora / bot: Miss Fortune / sup: Rell,0,3.0,434.0,-637.0,15.0,-23.305571088887064,True,Lead lost by 25
LOLTMNT01_363584,complete,LCS,Spring,0,2026-04-12 20:11:56,1,16.07,100,Blue,FlyQuest,oe:team:2e66da41dc460dd378e3bcc57042d31,1805,1,2427.0,4390.0,68.0,2.0,0.0,7476.0,7895.0,96.0,7.0,0.0,9792.0,11602.0,103.0,11.0,1.0,top: Ambessa / jng: Nocturne / mid: Annie / bot: Corki / sup: Nami,2026-04-12,Disguised,top: Rumble / jng: Skarner / mid: Azir / bot: Yunara / sup: Lulu,1,7.0,5049.0,3505.0,28.0,-26.973403054316805,True,Grew by >500g
LOLTMNT01_364351,complete,LCS,Spring,0,2026-04-12 21:00:02,2,16.07,100,Blue,FlyQuest,oe:team:2e66da41dc460dd378e3bcc57042d31,1594,1,3788.0,4904.0,17.0,6.0,1.0,5232.0,5991.0,-16.0,9.0,1.0,9454.0,10802.0,-5.0,16.0,3.0,top: Yorick / jng: Pantheon / mid: Hwei / bot: Caitlyn / sup: Bard,2026-04-12,Disguised,top: Jayce / jng: Naafiri / mid: Ryze / bot: Ezreal / sup: Anivia,1,8.0,1444.0,1087.0,-33.0,-26.973403054316805,True,Grew by >500g
LOLTMNT01_364361,complete,LCS,Spring,0,2026-04-12 21:46:22,1,16.07,100,Blue,Cloud9,oe:team:fc8e90107dabb9a35c490b0d86adea0,1989,1,-263.0,13.0,8.0,0.0,1.0,1975.0,2340.0,40.0,3.0,2.0,2176.0,1685.0,45.0,4.0,4.0,top: Gnar / jng: Pantheon / mid: Orianna / bot: Jhin / sup: Bard,2026-04-12,Sentinels,top: Yorick / jng: Jarvan IV / mid: Galio / bot: Ashe / sup: Seraphine,1,1.0,2238.0,2327.0,32.0,112.92310820810735,True,Within 500g
LOLTMNT01_363607,complete,LCS,Spring,0,2026-04-12 22:36:30,2,16.07,100,Blue,Cloud9,oe:team:fc8e90107dabb9a35c490b0d86adea0,2049,0,73.0,1208.0,49.0,3.0,3.0,1668.0,2909.0,55.0,7.0,5.0,2753.0,891.0,62.0,7.0,5.0,top: Renekton / jng: Sejuani / mid: Cassiopeia / bot: Corki / sup: Nami,2026-04-12,Sentinels,top: Zaahen / jng: Skarner / mid: Ryze / bot: Caitlyn / sup: Anivia,1,2.0,1595.0,1701.0,6.0,112.92310820810735,True,Grew by >500g
LOLTMNT01_364374,complete,LCS,Spring,0,2026-04-12 23:30:01,3,16.07,200,Red,Cloud9,oe:team:fc8e90107dabb9a35c490b0d86adea0,1856,1,521.0,-20.0,-20.0,4.0,3.0,2444.0,1462.0,10.0,7.0,5.0,1983.0,3501.0,11.0,9.0,8.0,top: Gwen / jng: Malphite / mid: Sion / bot: Yunara / sup: Neeko,2026-04-12,Sentinels,top: Ambessa / jng: Vi / mid: Annie / bot: Xayah / sup: Lulu,0,2.0,1923.0,1482.0,30.0,112.92310820810735,True,Within 500g
LOLTMNT04_156669,complete,LEC,Spring,0,2026-04-13 15:06:40,1,16.07,100,Blue,SK Gaming,oe:team:75760dca486d4682426196b76bd1a54,3387,1,-86.0,-50.0,41.0,0.0,2.0,317.0,-293.0,35.0,2.0,3.0,517.0,2409.0,38.0,4.0,3.0,top: Twisted Fate / jng: Xin Zhao / mid: Viktor / bot: Ezreal / sup: Nami,2026-04-13,Fnatic,top: K'Sante / jng: Pantheon / mid: Ahri / bot: Caitlyn / sup: Karma,1,-1.0,403.0,-243.0,-6.0,-21.418274456785866,True,Within 500g
LOLTMNT04_156674,complete,LEC,Spring,0,2026-04-13 16:23:12,2,16.07,200,Red,Fnatic,oe:team:78f183fa5a7d8ecb22b9ad272c3abd7,2242,0,1647.0,879.0,18.0,6.0,2.0,16.0,203.0,26.0,11.0,8.0,-418.0,1150.0,29.0,12.0,9.0,top: Sion / jng: Nocturne / mid: Aurora / bot: Yunara / sup: Lulu,2026-04-13,SK Gaming,top: Rumble / jng: Vi / mid: Zed / bot: Jhin / sup: Neeko,0,3.0,-1631.0,-676.0,8.0,21.418274456785866,True,Lead lost by 25
LOLTMNT04_156685,complete,LEC,Spring,0,2026-04-13 17:26:16,1,16.07,200,Red,Shifters,oe:team:a2065488a11a2c0a2403a7b347eec61,2013,0,632.0,289.0,24.0,1.0,2.0,4921.0,4074.0,52.0,8.0,4.0,6360.0,2835.0,53.0,8.0,4.0,top: Jayce / jng: Jarvan IV / mid: Ahri / bot: Yunara / sup: Lulu,2026-04-13,GiantX,top: K'Sante / jng: Wukong / mid: Aurora / bot: Ezreal / sup: Bard,0,4.0,4289.0,3785.0,28.0,-47.08163073268997,True,Grew by >500g
LOLTMNT04_156690,complete,LEC,Spring,0,2026-04-13 18:19:48,2,16.07,200,Red,GiantX,oe:team:6cd05f0ac20bfb965a59dc8bcc4f184,1881,1,920.0,1632.0,-32.0,6.0,0.0,3548.0,3912.0,0.0,10.0,2.0,3042.0,2394.0,42.0,11.0,4.0,top: Renekton / jng: Nocturne / mid: Ryze / bot: Jhin / sup: Rakan,2026-04-13,Shifters,top: Vayne / jng: Dr. Mundo / mid: Azir / bot: Varus / sup: Karma,0,8.0,2628.0,2280.0,32.0,47.08163073268997,True,Shrank by >500g
LOLTMNT01_363940,complete,CBLOL,Split 1,0,2026-04-13 21:10:33,1,16.07,100,Blue,FURIA,oe:team:87e3e1e75839f75a10bbc66e894d806,2431,0,920.0,-898.0,12.0,2.0,1.0,883.0,-1781.0,24.0,4.0,4.0,247.0,-3254.0,16.0,5.0,7.0,top: K'Sante / jng: Pantheon / mid: Annie / bot: Ezreal / sup: Anivia,2026-04-13,paiN Gaming,top: Rumble / jng: Skarner / mid: Ahri / bot: Caitlyn / sup: Bard,1,0.0,-37.0,-883.0,12.0,160.20390152065488,True,Shrank by >500g
LOLTMNT01_364718,complete,CBLOL,Split 1,0,2026-04-13 22:11:02,2,16.07,100,Blue,FURIA,oe:team:87e3e1e75839f75a10bbc66e894d806,2319,1,1178.0,1259.0,15.0,8.0,7.0,72.0,-1302.0,-39.0,8.0,7.0,3564.0,3840.0,-11.0,12.0,7.0,top: Ambessa / jng: Xin Zhao / mid: Viktor / bot: Corki / sup: Nami,2026-04-13,paiN Gaming,top: Gnar / jng: Jarvan IV / mid: Syndra / bot: Yunara / sup: Lulu,1,1.0,-1106.0,-2561.0,-54.0,160.20390152065488,True,Grew by >500g
LOLTMNT01_363976,complete,CBLOL,Split 1,0,2026-04-13 23:09:33,3,16.07,200,Red,FURIA,oe:team:87e3e1e75839f75a10bbc66e894d806,1824,1,2141.0,1592.0,9.0,3.0,1.0,5269.0,4252.0,57.0,5.0,2.0,10328.0,9903.0,67.0,10.0,3.0,top: Volibear / jng: Zaahen / mid: Galio / bot: Miss Fortune / sup: Seraphine,2026-04-13,paiN Gaming,top: Renekton / jng: Wukong / mid: Orianna / bot: Sivir / sup: Nautilus,0,3.0,3128.0,2660.0,48.0,160.20390152065488,True,Grew by >500g
LOLTMNT01_364000,complete,CBLOL,Split 1,0,2026-04-14 00:01:19,1,16.07,100,Blue,RED Canids,oe:team:67169969ecc058b307edfa9c6b7a3c0,1985,1,2347.0,98.0,32.0,6.0,7.0,1850.0,-169.0,66.0,7.0,11.0,2895.0,1194.0,60.0,11.0,14.0,top: Renekton / jng: Zaahen / mid: Twisted Fate / bot: Sivir / sup: Karma,2026-04-14,Leviatan,top: K'Sante / jng: Xin Zhao / mid: Aurora / bot: Ezreal / sup: Anivia,1,-4.0,-497.0,-267.0,34.0,141.38961292845238,True,Grew by >500g
LOLTMNT01_365007,complete,CBLOL,Split 1,0,2026-04-14 00:53:04,2,16.07,100,Blue,RED Canids,oe:team:67169969ecc058b307edfa9c6b7a3c0,1610,1,1836.0,3602.0,78.0,4.0,3.0,4370.0,4622.0,89.0,7.0,4.0,8271.0,10612.0,112.0,12.0,5.0,top: Gwen / jng: Aatrox / mid: Azir / bot: Jhin / sup: Bard,2026-04-14,Leviatan,top: Sion / jng: Naafiri / mid: Ryze / bot: Varus / sup: Neeko,1,3.0,2534.0,1020.0,11.0,141.38961292845238,True,Grew by >500g
LOLTMNT01_366097,complete,CBLOL,Split 1,0,2026-04-14 21:09:37,1,16.07,200,Red,LØS,oe:team:ea65e6cc48a9be50fc5334369a5fca5,2634,0,1952.0,2498.0,37.0,7.0,6.0,2657.0,3347.0,62.0,7.0,6.0,10193.0,11419.0,111.0,16.0,7.0,top: Aurora / jng: Nocturne / mid: Ryze / bot: Corki / sup: Neeko,2026-04-14,Vivo Keyd Stars,top: Rumble / jng: Pantheon / mid: Ahri / bot: Kalista / sup: Renata Glasc,0,1.0,705.0,849.0,25.0,42.950670232052744,True,Grew by >500g
LOLTMNT01_366110,complete,CBLOL,Split 1,0,2026-04-14 22:13:14,2,16.07,200,Red,LØS,oe:team:ea65e6cc48a9be50fc5334369a5fca5,1711,1,2668.0,1852.0,88.0,5.0,6.0,5313.0,5271.0,118.0,7.0,6.0,10298.0,13884.0,154.0,12.0,7.0,top: Vayne / jng: Zaahen / mid: Mel / bot: Caitlyn / sup: Anivia,2026-04-14,Vivo Keyd Stars,top: K'Sante / jng: Aatrox / mid: Xerath / bot: Ashe / sup: Seraphine,0,1.0,2645.0,3419.0,30.0,42.950670232052744,True,Grew by >500g
LOLTMNT01_366117,complete,CBLOL,Split 1,0,2026-04-14 23:00:57,3,16.07,200,Red,LØS,oe:team:ea65e6cc48a9be50fc5334369a5fca5,2004,0,1783.0,3125.0,-7.0,6.0,1.0,3325.0,2404.0,-36.0,7.0,1.0,2733.0,1989.0,-26.0,9.0,4.0,top: Yorick / jng: Ambessa / mid: Zoe / bot: Yunara / sup: Lulu,2026-04-14,Vivo Keyd Stars,top: Jayce / jng: Lee Sin / mid: Galio / bot: Aphelios / sup: Milio,0,6.0,1542.0,-721.0,-29.0,42.950670232052744,True,Shrank by >500g
LOLTMNT01_365377,complete,CBLOL,Split 1,0,2026-04-14 23:56:01,1,16.07,100,Blue,LOUD,oe:team:658a021a796aa5501503220adb38cf4,1825,1,2671.0,1500.0,48.0,3.0,2.0,5436.0,2902.0,74.0,5.0,3.0,9267.0,8996.0,84.0,11.0,5.0,top: K'Sante / jng: Pantheon / mid: Annie / bot: Caitlyn / sup: Bard,2026-04-14,Fluxo W7M,top: Rumble / jng: Ambessa / mid: Aurora / bot: Ezreal / sup: Anivia,1,2.0,2765.0,1402.0,26.0,146.2823348549009,True,Grew by >500g
LOLTMNT01_366135,complete,CBLOL,Split 1,0,2026-04-15 00:43:47,2,16.07,200,Red,Fluxo W7M,oe:team:45c362a0cfc4b81f597b5ab89250df5,1938,1,1012.0,861.0,20.0,1.0,0.0,2038.0,2007.0,39.0,3.0,1.0,5048.0,6655.0,44.0,10.0,5.0,top: Renekton / jng: Jarvan IV / mid: Akali / bot: Corki / sup: Nami,2026-04-15,LOUD,top: Gnar / jng: Nocturne / mid: Zoe / bot: Lucian / sup: Milio,0,2.0,1026.0,1146.0,19.0,-158.32630477044358,True,Grew by >500g
LOLTMNT01_366137,complete,CBLOL,Split 1,0,2026-04-15 01:33:27,3,16.07,100,Blue,Fluxo W7M,oe:team:45c362a0cfc4b81f597b5ab89250df5,1524,1,2902.0,1253.0,3.0,5.0,1.0,4648.0,1967.0,17.0,8.0,3.0,13511.0,12626.0,52.0,17.0,3.0,top: Aatrox / jng: Vi / mid: LeBlanc / bot: Xayah / sup: Rakan,2026-04-15,LOUD,top: Sion / jng: Xin Zhao / mid: Lissandra / bot: Yunara / sup: Lulu,1,5.0,1746.0,714.0,14.0,-158.32630477044358,True,Grew by >500g
LOLTMNT01_365453,complete,LCK,Rounds 1-2,0,2026-04-15 08:04:27,1,16.07,200,Red,Nongshim RedForce,oe:team:5cd2cd09ec94296f605dd13a2924d6c,1597,1,3503.0,2258.0,7.0,8.0,3.0,2401.0,55.0,-3.0,13.0,8.0,4414.0,2895.0,19.0,16.0,11.0,top: Jayce / jng: Pantheon / mid: Azir / bot: Yunara / sup: Lulu,2026-04-15,BNK FEARX,top: K'Sante / jng: Xin Zhao / mid: Akali / bot: Ezreal / sup: Neeko,0,5.0,-1102.0,-2203.0,-10.0,-55.162648933328,True,Grew by >500g
LOLTMNT01_365467,complete,LCK,Rounds 1-2,0,2026-04-15 08:53:44,2,16.07,200,Red,Nongshim RedForce,oe:team:5cd2cd09ec94296f605dd13a2924d6c,1794,1,3010.0,2289.0,-5.0,7.0,0.0,4026.0,7210.0,33.0,13.0,2.0,5497.0,7546.0,5.0,20.0,4.0,top: Sion / jng: Jarvan IV / mid: Anivia / bot: Jhin / sup: Bard,2026-04-15,BNK FEARX,top: Gnar / jng: Lee Sin / mid: Ryze / bot: Kalista / sup: Renata Glasc,0,11.0,1016.0,4921.0,38.0,-55.162648933328,True,Grew by >500g
13223-13223_game_1,complete,LPL,Split 2,0,2026-04-15 09:12:33,1,16.07,200,Red,ThunderTalk Gaming,oe:team:df80f468a3f9a722df056fe9104f052,2056,1,879.0,-704.0,16.0,2.0,2.0,3242.0,2568.0,27.0,7.0,3.0,4037.0,2642.0,47.0,7.0,3.0,top: Ambessa / jng: Xin Zhao / mid: Ryze / bot: Yunara / sup: Lulu,2026-04-15,Ultra Prime,top: Udyr / jng: Jarvan IV / mid: Cassiopeia / bot: Corki / sup: Nami,0,4.0,2363.0,3272.0,11.0,-47.70040073339101,True,Grew by >500g
13223-13223_game_2,complete,LPL,Split 2,0,2026-04-15 10:10:14,2,16.07,100,Blue,ThunderTalk Gaming,oe:team:df80f468a3f9a722df056fe9104f052,1706,1,2196.0,2644.0,38.0,7.0,6.0,6776.0,5492.0,87.0,12.0,7.0,9400.0,12138.0,167.0,17.0,8.0,top: Gnar / jng: Vi / mid: Sylas / bot: Sivir / sup: Bard,2026-04-15,Ultra Prime,top: Jax / jng: Naafiri / mid: Twisted Fate / bot: Ezreal / sup: Alistar,1,5.0,4580.0,2848.0,49.0,-47.70040073339101,True,Grew by >500g
LOLTMNT01_366241,complete,LCK,Rounds 1-2,0,2026-04-15 10:10:22,1,16.07,100,Blue,Dplus Kia,oe:team:ef69efa6acebe94107f0cf1ba716806,1914,1,1506.0,-94.0,-5.0,4.0,2.0,2306.0,1474.0,24.0,5.0,3.0,6937.0,6523.0,48.0,10.0,4.0,top: Gnar / jng: Jarvan IV / mid: Orianna / bot: Kai'Sa / sup: Nautilus,2026-04-15,KT Rolster,top: Vayne / jng: Wukong / mid: Ryze / bot: Ezreal / sup: Karma,1,2.0,800.0,1568.0,29.0,-20.01896664696187,True,Grew by >500g
LOLTMNT01_366261,complete,LCK,Rounds 1-2,0,2026-04-15 11:04:40,2,16.07,200,Red,Dplus Kia,oe:team:ef69efa6acebe94107f0cf1ba716806,2424,0,-225.0,241.0,6.0,3.0,8.0,87.0,-413.0,19.0,7.0,14.0,-38.0,-1044.0,15.0,10.0,17.0,top: Jayce / jng: Lee Sin / mid: Annie / bot: Ziggs / sup: Pyke,2026-04-15,KT Rolster,top: Yorick / jng: Xin Zhao / mid: Hwei / bot: Ashe / sup: Seraphine,0,-7.0,312.0,-654.0,13.0,-20.01896664696187,True,Lead lost by 25
13224-13224_game_1,complete,LPL,Split 2,0,2026-04-15 11:14:10,1,16.07,100,Blue,Invictus Gaming,oe:team:53a258f289c26d94431c0496a54e151,1985,1,1390.0,1955.0,19.0,4.0,1.0,534.0,720.0,-1.0,8.0,4.0,4470.0,5861.0,-1.0,13.0,5.0,top: Gnar / jng: Pantheon / mid: Cassiopeia / bot: Ezreal / sup: Bard,2026-04-15,Weibo Gaming,top: Sion / jng: Naafiri / mid: Ryze / bot: Sivir / sup: Karma,1,4.0,-856.0,-1235.0,-20.0,29.903978191501437,True,Grew by >500g
LOLTMNT01_366284,complete,LCK,Rounds 1-2,0,2026-04-15 12:08:03,3,16.07,200,Red,Dplus Kia,oe:team:ef69efa6acebe94107f0cf1ba716806,2728,0,4003.0,3596.0,57.0,3.0,0.0,3765.0,1451.0,43.0,4.0,2.0,5135.0,5698.0,42.0,6.0,4.0,top: Varus / jng: Ambessa / mid: Twisted Fate / bot: Aphelios / sup: Thresh,2026-04-15,KT Rolster,top: Naafiri / jng: Trundle / mid: Ahri / bot: Yunara / sup: Lulu,0,2.0,-238.0,-2145.0,-14.0,-20.01896664696187,True,Grew by >500g
13224-13224_game_2,complete,LPL,Split 2,0,2026-04-15 12:10:39,2,16.07,100,Blue,Invictus Gaming,oe:team:53a258f289c26d94431c0496a54e151,2311,0,-1205.0,-40.0,29.0,5.0,7.0,1192.0,2514.0,63.0,8.0,9.0,-1776.0,-511.0,18.0,10.0,16.0,top: Jayce / jng: Xin Zhao / mid: Orianna / bot: Jhin / sup: Anivia,2026-04-15,Weibo Gaming,top: Jax / jng: Jarvan IV / mid: Annie / bot: Ashe / sup: Seraphine,1,-1.0,2397.0,2554.0,34.0,29.903978191501437,True,Lead lost by 25
13224-13224_game_3,complete,LPL,Split 2,0,2026-04-15 13:12:53,3,16.07,200,Red,Weibo Gaming,oe:team:606c6ac695907af3823ee6405c58ff1,2178,1,62.0,869.0,47.0,5.0,9.0,1967.0,2019.0,66.0,6.0,9.0,336.0,124.0,52.0,6.0,10.0,top: Renekton / jng: Vi / mid: Lissandra / bot: Corki / sup: Nami,2026-04-15,Invictus Gaming,top: Zaahen / jng: Skarner / mid: LeBlanc / bot: Yunara / sup: Lulu,0,-3.0,1905.0,1150.0,19.0,-29.903978191501437,True,Shrank by >500g
LOLTMNT01_366570,complete,LCK,Rounds 1-2,0,2026-04-16 08:07:45,1,16.07,100,Blue,HANJIN BRION,oe:team:b77b3f6068e20a2b3edc0ecd3dc70d4,1751,0,4040.0,1172.0,39.0,4.0,1.0,2252.0,-1024.0,14.0,8.0,7.0,913.0,-3369.0,-10.0,8.0,9.0,top: Jayce / jng: Jarvan IV / mid: Akali / bot: Caitlyn / sup: Neeko,2026-04-16,Gen.G,top: Sion / jng: Xin Zhao / mid: Azir / bot: Ezreal / sup: Nami,1,1.0,-1788.0,-2196.0,-25.0,-202.68165998208883,True,Shrank by >500g
LOLTMNT01_365803,complete,LCK,Rounds 1-2,0,2026-04-16 09:01:02,2,16.07,100,Blue,Gen.G,oe:team:50f58982d91a36557ec8aec52ab014f,1943,1,2452.0,1712.0,100.0,1.0,1.0,5721.0,4422.0,130.0,5.0,3.0,9788.0,9900.0,172.0,10.0,6.0,top: Gnar / jng: Nocturne / mid: Anivia / bot: Yunara / sup: Alistar,2026-04-16,HANJIN BRION,top: Ambessa / jng: Pantheon / mid: Ryze / bot: Xayah / sup: Lulu,1,2.0,3269.0,2710.0,30.0,202.68165998208883,True,Grew by >500g
13225-13225_game_1,complete,LPL,Split 2,0,2026-04-16 09:13:08,1,16.07,200,Red,Anyone's Legend,oe:team:ed28f87f0cfdba0a2a8f183cebae73a,1712,1,2263.0,3932.0,57.0,5.0,2.0,4450.0,5905.0,56.0,10.0,3.0,8187.0,10026.0,54.0,19.0,6.0,top: Rumble / jng: Skarner / mid: Mel / bot: Ezreal / sup: Bard,2026-04-16,Team WE,top: Sion / jng: Ambessa / mid: Annie / bot: Ashe / sup: Seraphine,0,7.0,2187.0,1973.0,-1.0,115.28279030695012,True,Grew by >500g
13225-13225_game_2,complete,LPL,Split 2,0,2026-04-16 10:05:53,2,16.07,100,Blue,Anyone's Legend,oe:team:ed28f87f0cfdba0a2a8f183cebae73a,2863,1,-392.0,1366.0,36.0,2.0,3.0,363.0,3429.0,60.0,4.0,4.0,641.0,4828.0,78.0,6.0,6.0,top: Jayce / jng: Naafiri / mid: Ryze / bot: Corki / sup: Neeko,2026-04-16,Team WE,top: K'Sante / jng: Xin Zhao / mid: Azir / bot: Jhin / sup: Nami,1,0.0,755.0,2063.0,24.0,115.28279030695012,True,Within 500g
LOLTMNT01_366617,complete,LCK,Rounds 1-2,0,2026-04-16 10:19:53,1,16.07,200,Red,Hanwha Life Esports,oe:team:3a1d18f46bcb3716ebcfcf4ef068934,1366,1,6700.0,5271.0,76.0,12.0,3.0,12277.0,9458.0,123.0,19.0,4.0,,,,,,top: Anivia / jng: Xin Zhao / mid: Aurora / bot: Jhin / sup: Bard,2026-04-16,DN SOOPers,top: Yorick / jng: Vi / mid: Ahri / bot: Varus / sup: Neeko,0,15.0,5577.0,4187.0,47.0,55.62718306727493,True,Won before 25
LOLTMNT01_365830,complete,LCK,Rounds 1-2,0,2026-04-16 11:03:24,2,16.07,100,Blue,Hanwha Life Esports,oe:team:3a1d18f46bcb3716ebcfcf4ef068934,1924,1,191.0,-702.0,19.0,4.0,7.0,1226.0,-520.0,23.0,7.0,12.0,1725.0,-1798.0,32.0,11.0,14.0,top: Annie / jng: Pantheon / mid: Yone / bot: Ashe / sup: Seraphine,2026-04-16,DN SOOPers,top: Gnar / jng: Jarvan IV / mid: Azir / bot: Mel / sup: Rell,1,-5.0,1035.0,182.0,4.0,55.62718306727493,True,Within 500g
13226-13226_game_1,complete,LPL,Split 2,0,2026-04-16 11:32:14,1,16.07,100,Blue,Top Esports,oe:team:fcec508e780bbd1ad493852640f5b36,2064,1,3949.0,3832.0,48.0,8.0,4.0,5309.0,4128.0,39.0,10.0,6.0,4924.0,5984.0,51.0,11.0,8.0,top: Vayne / jng: Jarvan IV / mid: Azir / bot: Ezreal / sup: Seraphine,2026-04-16,Bilibili Gaming,top: Gnar / jng: Xin Zhao / mid: Akali / bot: Ashe / sup: Lulu,1,4.0,1360.0,296.0,-9.0,-87.3731810730767,True,Within 500g
13226-13226_game_2,complete,LPL,Split 2,0,2026-04-16 12:32:21,2,16.07,200,Red,Bilibili Gaming,oe:team:d356a144644879dabb5f34cd99c886d,1801,0,-1088.0,-26.0,4.0,5.0,5.0,1443.0,2116.0,18.0,12.0,8.0,-2720.0,-1166.0,28.0,14.0,15.0,top: Sion / jng: Nocturne / mid: Mel / bot: Varus / sup: Alistar,2026-04-16,Top Esports,top: Jayce / jng: Pantheon / mid: Aurora / bot: Corki / sup: Rakan,0,4.0,2531.0,2142.0,14.0,87.3731810730767,True,Lead lost by 25
LOLTMNT01_367097,complete,LCK,Rounds 1-2,0,2026-04-17 08:09:20,1,16.07,100,Blue,BNK FEARX,oe:team:5c2e7e9ea8dfcba0150d9a5619baecf,1461,1,3622.0,2503.0,14.0,7.0,1.0,7644.0,5832.0,29.0,10.0,1.0,10811.0,9856.0,6.0,17.0,4.0,top: K'Sante / jng: Xin Zhao / mid: Aurora / bot: Ezreal / sup: Neeko,2026-04-17,Kiwoom DRX,top: Jayce / jng: Vi / mid: Azir / bot: Yunara / sup: Bard,1,9.0,4022.0,3329.0,15.0,17.74964504452805,True,Won before 25
LOLTMNT01_367103,complete,LCK,Rounds 1-2,0,2026-04-17 08:56:00,2,16.07,200,Red,Kiwoom DRX,oe:team:1d0389df0c5eea93b04122ba167c010,2046,0,521.0,1169.0,33.0,3.0,4.0,2865.0,3927.0,53.0,7.0,6.0,-1447.0,-3812.0,37.0,7.0,10.0,top: Gnar / jng: Dr. Mundo / mid: Mel / bot: Caitlyn / sup: Karma,2026-04-17,BNK FEARX,top: Renekton / jng: Pantheon / mid: Annie / bot: Kalista / sup: Soraka,0,1.0,2344.0,2758.0,20.0,-17.74964504452805,True,Lead lost by 25
13227-13227_game_1,complete,LPL,Split 2,0,2026-04-17 09:11:55,1,16.07,100,Blue,Oh My God,oe:team:f4c4528c6981e104a11ea7548630c23,1879,1,-629.0,920.0,10.0,0.0,1.0,1524.0,1882.0,17.0,2.0,1.0,3786.0,4589.0,46.0,6.0,3.0,top: Ambessa / jng: Skarner / mid: Akali / bot: Ezreal / sup: Bard,2026-04-17,ThunderTalk Gaming,top: Rumble / jng: Jarvan IV / mid: Azir / bot: Lucian / sup: Milio,1,1.0,2153.0,962.0,7.0,54.324722542548216,True,Grew by >500g
13227-13227_game_2,complete,LPL,Split 2,0,2026-04-17 10:07:51,2,16.07,100,Blue,ThunderTalk Gaming,oe:team:df80f468a3f9a722df056fe9104f052,1798,1,107.0,1859.0,24.0,3.0,3.0,2785.0,5904.0,53.0,7.0,4.0,1229.0,6446.0,65.0,10.0,10.0,top: K'Sante / jng: Xin Zhao / mid: Aurora / bot: Ashe / sup: Seraphine,2026-04-17,Oh My God,top: Jayce / jng: Pantheon / mid: Zoe / bot: Corki / sup: Nami,1,3.0,2678.0,4045.0,29.0,-54.324722542548216,True,Shrank by >500g
LOLTMNT01_367128,complete,LCK,Rounds 1-2,0,2026-04-17 10:18:08,1,16.07,200,Red,Dplus Kia,oe:team:ef69efa6acebe94107f0cf1ba716806,2045,1,2899.0,460.0,4.0,5.0,1.0,2362.0,647.0,-27.0,7.0,2.0,3665.0,3629.0,-8.0,7.0,2.0,top: Rumble / jng: Xin Zhao / mid: Cassiopeia / bot: Jhin / sup: Karma,2026-04-17,T1,top: Ambessa / jng: Pantheon / mid: Ryze / bot: Ezreal / sup: Neeko,0,5.0,-537.0,187.0,-31.0,-26.56294674140304,True,Grew by >500g
13227-13227_game_3,complete,LPL,Split 2,0,2026-04-17 11:01:20,3,16.07,100,Blue,ThunderTalk Gaming,oe:team:df80f468a3f9a722df056fe9104f052,1894,1,3737.0,2246.0,9.0,7.0,2.0,5658.0,1653.0,8.0,8.0,2.0,7572.0,3552.0,30.0,10.0,3.0,top: Gnar / jng: Lee Sin / mid: Ahri / bot: Sivir / sup: Neeko,2026-04-17,Oh My God,top: Yorick / jng: Vi / mid: Viktor / bot: Varus / sup: Anivia,1,6.0,1921.0,-593.0,-1.0,-54.324722542548216,True,Grew by >500g
LOLTMNT01_367136,complete,LCK,Rounds 1-2,0,2026-04-17 11:14:57,2,16.07,200,Red,T1,oe:team:ce499dea30cfce118f4fe85da0227e8,1773,1,1372.0,-267.0,3.0,2.0,1.0,2004.0,-458.0,7.0,4.0,2.0,4870.0,6417.0,7.0,9.0,3.0,top: Jayce / jng: Nocturne / mid: Azir / bot: Caitlyn / sup: Lux,2026-04-17,Dplus Kia,top: K'Sante / jng: Vi / mid: LeBlanc / bot: Miss Fortune / sup: Lulu,0,2.0,632.0,-191.0,4.0,26.56294674140304,True,Grew by >500g
LOLTMNT01_366902,complete,LCK,Rounds 1-2,0,2026-04-17 12:07:48,3,16.07,100,Blue,T1,oe:team:ce499dea30cfce118f4fe85da0227e8,2161,0,2672.0,97.0,-9.0,8.0,4.0,3390.0,163.0,22.0,11.0,7.0,2814.0,584.0,47.0,14.0,10.0,top: Gnar / jng: Jarvan IV / mid: Aurora / bot: Mel / sup: Pyke,2026-04-17,Dplus Kia,top: Vayne / jng: Lee Sin / mid: Annie / bot: Corki / sup: Poppy,1,4.0,718.0,66.0,31.0,26.56294674140304,True,Shrank by >500g
13228-13228_game_1,complete,LPL,Split 2,0,2026-04-17 12:10:59,1,16.07,100,Blue,Ninjas in Pyjamas,oe:team:48d7941ccbd5b89aca46c57b0c2f8fb,1603,1,-167.0,628.0,11.0,9.0,8.0,2437.0,1446.0,5.0,13.0,9.0,7246.0,8728.0,28.0,18.0,9.0,top: Gragas / jng: Vi / mid: Orianna / bot: Yunara / sup: Lulu,2026-04-17,JD Gaming,top: Jayce / jng: Jarvan IV / mid: Azir / bot: Ziggs / sup: Nautilus,1,4.0,2604.0,818.0,-6.0,-25.676449968329962,True,Grew by >500g
13228-13228_game_2,complete,LPL,Split 2,0,2026-04-17 12:59:52,2,16.07,200,Red,JD Gaming,oe:team:b42d0f31f2727621b963042276817c4,2140,0,466.0,1062.0,30.0,1.0,2.0,2554.0,942.0,2.0,6.0,4.0,1842.0,1543.0,18.0,6.0,4.0,top: Jax / jng: Xin Zhao / mid: Anivia / bot: Ezreal / sup: Bard,2026-04-17,Ninjas in Pyjamas,top: Gnar / jng: Lee Sin / mid: Ryze / bot: Lucian / sup: Milio,0,2.0,2088.0,-120.0,-28.0,25.676449968329962,True,Shrank by >500g
LOLTMNT01_368128,complete,LCK,Rounds 1-2,0,2026-04-18 08:07:24,1,16.07,200,Red,Hanwha Life Esports,oe:team:3a1d18f46bcb3716ebcfcf4ef068934,1773,1,1969.0,1642.0,12.0,5.0,1.0,6543.0,6696.0,39.0,12.0,1.0,7954.0,7335.0,0.0,17.0,4.0,top: Yorick / jng: Jarvan IV / mid: Aurora / bot: Jhin / sup: Rell,2026-04-18,Gen.G,top: Jayce / jng: Xin Zhao / mid: Anivia / bot: Corki / sup: Bard,0,11.0,4574.0,5054.0,27.0,-116.51399621992732,True,Grew by >500g
LOLTMNT01_368133,complete,LCK,Rounds 1-2,0,2026-04-18 09:00:18,2,16.07,100,Blue,Hanwha Life Esports,oe:team:3a1d18f46bcb3716ebcfcf4ef068934,2004,1,386.0,-267.0,-31.0,6.0,3.0,1721.0,917.0,-31.0,8.0,3.0,1695.0,1627.0,-38.0,14.0,8.0,top: Rumble / jng: Vi / mid: Yone / bot: Yunara / sup: Lulu,2026-04-18,Gen.G,top: Ambessa / jng: Pantheon / mid: Akali / bot: Ashe / sup: Seraphine,1,5.0,1335.0,1184.0,0.0,-116.51399621992732,True,Within 500g
13229-13229_game_1,complete,LPL,Split 2,0,2026-04-18 09:14:31,1,16.07,200,Red,Bilibili Gaming,oe:team:d356a144644879dabb5f34cd99c886d,2074,1,2511.0,2667.0,48.0,3.0,2.0,3476.0,4724.0,76.0,5.0,3.0,2564.0,2847.0,72.0,6.0,5.0,top: Renekton / jng: Jarvan IV / mid: Syndra / bot: Corki / sup: Nami,2026-04-18,Invictus Gaming,top: K'Sante / jng: Xin Zhao / mid: Annie / bot: Yunara / sup: Lulu,0,2.0,965.0,2057.0,28.0,122.31534594453728,True,Shrank by >500g
LOLTMNT02_378671,complete,LCP,Split 2,0,2026-04-18 09:26:51,1,16.08,200,Red,Deep Cross Gaming,oe:team:7e56e9367c023df96cc8257ff4e16c0,1599,1,-112.0,945.0,41.0,1.0,3.0,2660.0,4297.0,49.0,5.0,4.0,8317.0,13458.0,95.0,14.0,7.0,top: Jayce / jng: Xin Zhao / mid: Orianna / bot: Corki / sup: Bard,2026-04-18,CTBC Flying Oyster,top: Ambessa / jng: Jarvan IV / mid: Akali / bot: Yunara / sup: Lulu,0,1.0,2772.0,3352.0,8.0,56.0865011128426,True,Grew by >500g
LOLTMNT02_378681,complete,LCP,Split 2,0,2026-04-18 10:13:48,2,16.08,100,Blue,Deep Cross Gaming,oe:team:7e56e9367c023df96cc8257ff4e16c0,1642,0,1274.0,2087.0,43.0,8.0,7.0,117.0,1351.0,61.0,8.0,12.0,-4948.0,-6937.0,29.0,9.0,18.0,top: Vayne / jng: Naafiri / mid: Ryze / bot: Ezreal / sup: Shen,2026-04-18,CTBC Flying Oyster,top: Gnar / jng: Pantheon / mid: Cassiopeia / bot: Kai'Sa / sup: Alistar,1,-4.0,-1157.0,-736.0,18.0,56.0865011128426,True,Lead lost by 25
13229-13229_game_2,complete,LPL,Split 2,0,2026-04-18 10:14:03,2,16.07,100,Blue,Invictus Gaming,oe:team:53a258f289c26d94431c0496a54e151,1808,1,249.0,226.0,-2.0,5.0,4.0,280.0,297.0,-17.0,8.0,5.0,4505.0,6686.0,-4.0,18.0,7.0,top: Yorick / jng: Nocturne / mid: Lissandra / bot: Jhin / sup: Bard,2026-04-18,Bilibili Gaming,top: Jayce / jng: Pantheon / mid: LeBlanc / bot: Ezreal / sup: Anivia,1,3.0,31.0,71.0,-15.0,-122.31534594453728,True,Grew by >500g
LOLTMNT01_368165,complete,LCK,Rounds 1-2,0,2026-04-18 10:19:42,1,16.07,200,Red,KT Rolster,oe:team:d723992568441c6bafa2658129eade7,1688,1,3376.0,2299.0,48.0,3.0,1.0,4802.0,3100.0,60.0,3.0,1.0,6483.0,3719.0,94.0,3.0,1.0,top: Renekton / jng: Pantheon / mid: Akali / bot: Ezreal / sup: Karma,2026-04-18,DN SOOPers,top: Gnar / jng: Jarvan IV / mid: Annie / bot: Ashe / sup: Seraphine,0,2.0,1426.0,801.0,12.0,114.41238393859317,True,Grew by >500g
LOLTMNT02_380692,complete,LCP,Split 2,0,2026-04-18 11:01:05,3,16.08,200,Red,Deep Cross Gaming,oe:team:7e56e9367c023df96cc8257ff4e16c0,2354,1,-3167.0,-2237.0,-22.0,1.0,4.0,2795.0,4155.0,29.0,9.0,5.0,6069.0,10045.0,39.0,14.0,6.0,top: Jax / jng: Lee Sin / mid: Annie / bot: Xayah / sup: Rakan,2026-04-18,CTBC Flying Oyster,top: Renekton / jng: Sejuani / mid: Syndra / bot: Lucian / sup: Nami,0,4.0,5962.0,6392.0,51.0,56.0865011128426,True,Grew by >500g
13229-13229_game_3,complete,LPL,Split 2,0,2026-04-18 11:10:12,3,16.07,200,Red,Bilibili Gaming,oe:team:d356a144644879dabb5f34cd99c886d,1616,1,1692.0,1426.0,66.0,3.0,2.0,5176.0,4631.0,90.0,8.0,3.0,10535.0,13638.0,132.0,16.0,4.0,top: Gnar / jng: Vi / mid: Ahri / bot: Varus / sup: Alistar,2026-04-18,Invictus Gaming,top: Sion / jng: Naafiri / mid: Aurora / bot: Kai'Sa / sup: Neeko,0,5.0,3484.0,3205.0,24.0,122.31534594453728,True,Grew by >500g
LOLTMNT01_367338,complete,LCK,Rounds 1-2,0,2026-04-18 11:10:20,2,16.07,100,Blue,KT Rolster,oe:team:d723992568441c6bafa2658129eade7,1646,1,2577.0,1252.0,36.0,4.0,1.0,5420.0,3262.0,78.0,7.0,3.0,8676.0,8634.0,117.0,10.0,5.0,top: Zaahen / jng: Nocturne / mid: Ryze / bot: Jhin / sup: Bard,2026-04-18,DN SOOPers,top: K'Sante / jng: Vi / mid: Orianna / bot: Yunara / sup: Lulu,1,4.0,2843.0,2010.0,42.0,114.41238393859317,True,Grew by >500g
13230-13230_game_1,complete,LPL,Split 2,0,2026-04-18 12:14:22,1,16.07,100,Blue,Weibo Gaming,oe:team:606c6ac695907af3823ee6405c58ff1,2444,1,2018.0,2379.0,21.0,4.0,0.0,4907.0,5090.0,62.0,6.0,0.0,5102.0,5883.0,50.0,7.0,1.0,top: Ambessa / jng: Pantheon / mid: Ryze / bot: Lucian / sup: Milio,2026-04-18,JD Gaming,top: Rumble / jng: Skarner / mid: Azir / bot: Yunara / sup: Lulu,1,6.0,2889.0,2711.0,41.0,-28.128254567870727,True,Within 500g
LOLTMNT02_378714,complete,LCP,Split 2,0,2026-04-18 12:17:58,1,16.08,200,Red,MVK Esports,oe:team:bc3824b0bbb8139d16109178faa4822,1501,1,1092.0,1117.0,23.0,4.0,5.0,3739.0,3050.0,36.0,6.0,5.0,11146.0,10967.0,59.0,14.0,5.0,top: Ambessa / jng: Aatrox / mid: Hwei / bot: Ashe / sup: Seraphine,2026-04-18,DetonatioN FocusMe,top: Rumble / jng: Pantheon / mid: Aurora / bot: Varus / sup: Rell,0,1.0,2647.0,1933.0,13.0,101.3282347510501,True,Grew by >500g
LOLTMNT02_378731,complete,LCP,Split 2,0,2026-04-18 13:03:18,2,16.08,200,Red,MVK Esports,oe:team:bc3824b0bbb8139d16109178faa4822,2133,1,724.0,445.0,28.0,4.0,4.0,2190.0,2650.0,55.0,6.0,5.0,4956.0,6519.0,83.0,12.0,8.0,top: Gnar / jng: Nocturne / mid: K'Sante / bot: Mel / sup: Pyke,2026-04-18,DetonatioN FocusMe,top: Yorick / jng: Jarvan IV / mid: Annie / bot: Jhin / sup: Bard,0,1.0,1466.0,2205.0,27.0,101.3282347510501,True,Grew by >500g
13230-13230_game_2,complete,LPL,Split 2,0,2026-04-18 13:18:45,2,16.07,200,Red,JD Gaming,oe:team:b42d0f31f2727621b963042276817c4,2050,1,950.0,-374.0,12.0,2.0,2.0,2540.0,3000.0,72.0,3.0,3.0,2633.0,1594.0,108.0,9.0,9.0,top: Renekton / jng: Nocturne / mid: Aurora / bot: Ezreal / sup: Neeko,2026-04-18,Weibo Gaming,top: Sion / jng: Lee Sin / mid: Annie / bot: Corki / sup: Nami,0,0.0,1590.0,3374.0,60.0,28.128254567870727,True,Within 500g
13230-13230_game_3,complete,LPL,Split 2,0,2026-04-18 14:16:24,3,16.07,100,Blue,JD Gaming,oe:team:b42d0f31f2727621b963042276817c4,2002,1,2617.0,2599.0,32.0,4.0,1.0,2565.0,3245.0,34.0,6.0,2.0,705.0,2157.0,39.0,7.0,6.0,top: K'Sante / jng: Vi / mid: Ahri / bot: Aphelios / sup: Nautilus,2026-04-18,Weibo Gaming,top: Jayce / jng: Zaahen / mid: Galio / bot: Kai'Sa / sup: Bard,1,4.0,-52.0,646.0,2.0,28.128254567870727,True,Shrank by >500g
LOLTMNT05_185066,complete,LEC,Spring,0,2026-04-18 15:07:28,1,16.08,200,Red,GiantX,oe:team:6cd05f0ac20bfb965a59dc8bcc4f184,1902,1,2566.0,622.0,14.0,4.0,1.0,4958.0,1545.0,2.0,9.0,1.0,8977.0,8050.0,15.0,14.0,1.0,top: Jax / jng: Vi / mid: LeBlanc / bot: Kai'Sa / sup: Neeko,2026-04-18,Natus Vincere,top: Ambessa / jng: Pantheon / mid: Galio / bot: Ezreal / sup: Nami,0,8.0,2392.0,923.0,-12.0,9.58149373137303,True,Grew by >500g
LOLTMNT05_185069,complete,LEC,Spring,0,2026-04-18 16:00:49,2,16.08,100,Blue,Natus Vincere,oe:team:d2ba9f92d85cff67d60aaad88e61048,1668,1,1507.0,1598.0,-29.0,7.0,1.0,4106.0,2662.0,-11.0,8.0,1.0,6787.0,5277.0,36.0,12.0,2.0,top: Renekton / jng: Zaahen / mid: Aurora / bot: Ashe / sup: Lulu,2026-04-18,GiantX,top: Varus / jng: Nocturne / mid: Ahri / bot: Jhin / sup: Seraphine,1,7.0,2599.0,1064.0,18.0,-9.58149373137303,True,Grew by >500g
LOLTMNT02_380819,complete,CBLOL,Split 1,0,2026-04-18 16:11:01,1,16.08,100,Blue,Fluxo W7M,oe:team:45c362a0cfc4b81f597b5ab89250df5,1865,1,-976.0,691.0,-16.0,2.0,2.0,2495.0,3447.0,40.0,6.0,4.0,4861.0,5295.0,37.0,8.0,4.0,top: Rek'Sai / jng: Aatrox / mid: Ryze / bot: Ezreal / sup: Bard,2026-04-18,FURIA,top: Ambessa / jng: Jarvan IV / mid: Anivia / bot: Lucian / sup: Milio,1,2.0,3471.0,2756.0,56.0,-100.09148007753106,True,Grew by >500g
LOLTMNT05_185072,complete,LEC,Spring,0,2026-04-18 16:53:20,3,16.08,100,Blue,Natus Vincere,oe:team:d2ba9f92d85cff67d60aaad88e61048,1847,1,1542.0,474.0,-19.0,5.0,2.0,3714.0,2708.0,1.0,9.0,3.0,5081.0,3654.0,21.0,12.0,4.0,top: Gnar / jng: Skarner / mid: Viktor / bot: Lucian / sup: Milio,2026-04-18,GiantX,top: Jayce / jng: Xin Zhao / mid: Sylas / bot: Yunara / sup: Bard,1,6.0,2172.0,2234.0,20.0,-9.58149373137303,True,Grew by >500g
LOLTMNT02_378802,complete,CBLOL,Split 1,0,2026-04-18 17:00:55,2,16.08,100,Blue,Fluxo W7M,oe:team:45c362a0cfc4b81f597b5ab89250df5,1808,1,3277.0,2836.0,16.0,6.0,2.0,1346.0,1017.0,31.0,6.0,5.0,3062.0,4154.0,15.0,9.0,6.0,top: Rumble / jng: Wukong / mid: Yone / bot: Jhin / sup: Karma,2026-04-18,FURIA,top: K'Sante / jng: Xin Zhao / mid: Viktor / bot: Corki / sup: Nami,1,1.0,-1931.0,-1819.0,15.0,-100.09148007753106,True,Grew by >500g
LOLTMNT05_185085,complete,LEC,Spring,0,2026-04-18 17:51:56,1,16.08,200,Red,G2 Esports,oe:team:7d6673d3a9d00363c6bebc1a630da6e,2391,1,-613.0,-565.0,36.0,2.0,5.0,135.0,1318.0,26.0,5.0,6.0,4474.0,7416.0,42.0,11.0,7.0,top: Yasuo / jng: Pantheon / mid: Ahri / bot: Varus / sup: Alistar,2026-04-18,SK Gaming,top: Gnar / jng: Nocturne / mid: Aurora / bot: Ezreal / sup: Bard,0,-1.0,748.0,1883.0,-10.0,116.99891847169397,True,Grew by >500g
LOLTMNT02_378819,complete,CBLOL,Split 1,0,2026-04-18 17:53:25,1,16.08,200,Red,paiN Gaming,oe:team:61450737f7b683db4da7b3e0bf0dced,1925,1,1162.0,1213.0,4.0,6.0,3.0,1304.0,1836.0,-1.0,8.0,5.0,2011.0,4379.0,-22.0,10.0,6.0,top: Yorick / jng: Jarvan IV / mid: Ahri / bot: Varus / sup: Neeko,2026-04-18,LØS,top: Jayce / jng: Aatrox / mid: Orianna / bot: Ezreal / sup: Bard,0,3.0,142.0,623.0,-5.0,-103.70995728873322,True,Grew by >500g
LOLTMNT02_378836,complete,CBLOL,Split 1,0,2026-04-18 18:45:09,2,16.08,200,Red,paiN Gaming,oe:team:61450737f7b683db4da7b3e0bf0dced,2117,0,626.0,640.0,-20.0,4.0,2.0,2404.0,2645.0,16.0,5.0,2.0,3105.0,3783.0,24.0,6.0,2.0,top: Rumble / jng: Lee Sin / mid: Ryze / bot: Corki / sup: Nami,2026-04-18,LØS,top: Aurora / jng: Zaahen / mid: Galio / bot: Lucian / sup: Milio,0,3.0,1778.0,2005.0,36.0,-103.70995728873322,True,Grew by >500g
LOLTMNT05_186054,complete,LEC,Spring,0,2026-04-18 18:51:00,2,16.08,100,Blue,G2 Esports,oe:team:7d6673d3a9d00363c6bebc1a630da6e,2025,1,1809.0,2515.0,17.0,10.0,6.0,1345.0,2538.0,14.0,11.0,8.0,4866.0,4949.0,-21.0,15.0,9.0,top: K'Sante / jng: Xin Zhao / mid: LeBlanc / bot: Corki / sup: Nami,2026-04-18,SK Gaming,top: Jayce / jng: Jarvan IV / mid: Lissandra / bot: Yunara / sup: Lulu,1,3.0,-464.0,23.0,-3.0,116.99891847169397,True,Grew by >500g
LOLTMNT02_378847,complete,CBLOL,Split 1,0,2026-04-18 19:39:54,3,16.08,100,Blue,LØS,oe:team:ea65e6cc48a9be50fc5334369a5fca5,1888,1,1183.0,835.0,8.0,6.0,3.0,1786.0,-30.0,4.0,9.0,6.0,1776.0,48.0,24.0,9.0,7.0,top: Ambessa / jng: Wukong / mid: Viktor / bot: Xayah / sup: Rakan,2026-04-18,paiN Gaming,top: Gnar / jng: Nocturne / mid: Syndra / bot: Aphelios / sup: Thresh,1,3.0,603.0,-865.0,-4.0,103.70995728873322,True,Within 500g
LOLTMNT02_380889,complete,LCS,Spring,0,2026-04-18 20:07:45,1,16.08,100,Blue,Cloud9,oe:team:fc8e90107dabb9a35c490b0d86adea0,1480,1,1183.0,205.0,7.0,8.0,5.0,4560.0,4466.0,19.0,15.0,6.0,12846.0,13837.0,59.0,25.0,8.0,top: Sion / jng: Xin Zhao / mid: Cassiopeia / bot: Ashe / sup: Seraphine,2026-04-18,Disguised,top: Jayce / jng: Dr. Mundo / mid: Azir / bot: Miss Fortune / sup: Nautilus,1,9.0,3377.0,4261.0,12.0,126.25958202366542,True,Won before 25
LOLTMNT02_378878,complete,LCS,Spring,0,2026-04-18 20:49:34,2,16.08,100,Blue,Cloud9,oe:team:fc8e90107dabb9a35c490b0d86adea0,1502,1,3383.0,3345.0,38.0,5.0,1.0,6998.0,6742.0,33.0,10.0,2.0,11682.0,11643.0,15.0,18.0,4.0,top: Vayne / jng: Ambessa / mid: Annie / bot: Corki / sup: Nami,2026-04-18,Disguised,top: Renekton / jng: Nocturne / mid: Akali / bot: Caitlyn / sup: Anivia,1,8.0,3615.0,3397.0,-5.0,126.25958202366542,True,Grew by >500g
LOLTMNT02_378891,complete,LCS,Spring,0,2026-04-18 21:34:17,1,16.08,200,Red,Sentinels,oe:team:f90422f1cbcb24bc2a855202582ec29,1804,1,1982.0,51.0,20.0,4.0,2.0,4462.0,1233.0,23.0,6.0,2.0,8034.0,5467.0,45.0,12.0,4.0,top: Rumble / jng: Skarner / mid: Ryze / bot: Caitlyn / sup: Bard,2026-04-18,FlyQuest,top: Ornn / jng: Pantheon / mid: Hwei / bot: Corki / sup: Nami,0,4.0,2480.0,1182.0,3.0,-3.9470527930959634,True,Grew by >500g
LOLTMNT02_380912,complete,LCS,Spring,0,2026-04-18 22:25:30,2,16.08,200,Red,FlyQuest,oe:team:2e66da41dc460dd378e3bcc57042d31,1858,1,2439.0,4047.0,58.0,3.0,1.0,4139.0,5702.0,89.0,6.0,2.0,2289.0,7092.0,85.0,6.0,4.0,top: Jayce / jng: Ambessa / mid: Aurora / bot: Ezreal / sup: Karma,2026-04-18,Sentinels,top: Renekton / jng: Sejuani / mid: Mel / bot: Ashe / sup: Seraphine,0,4.0,1700.0,1655.0,31.0,3.9470527930959634,True,Shrank by >500g
LOLTMNT02_380920,complete,LCS,Spring,0,2026-04-18 23:15:41,3,16.08,200,Red,Sentinels,oe:team:f90422f1cbcb24bc2a855202582ec29,2313,1,-1326.0,-402.0,-24.0,5.0,5.0,1854.0,4259.0,10.0,11.0,6.0,6487.0,11568.0,29.0,15.0,7.0,top: Shen / jng: Vi / mid: Anivia / bot: Kai'Sa / sup: Rell,2026-04-18,FlyQuest,top: Sion / jng: Xin Zhao / mid: Syndra / bot: Jhin / sup: Neeko,0,5.0,3180.0,4661.0,34.0,-3.9470527930959634,True,Grew by >500g
LOLTMNT01_368322,complete,LCK,Rounds 1-2,0,2026-04-19 08:06:04,1,16.07,100,Blue,HANJIN BRION,oe:team:b77b3f6068e20a2b3edc0ecd3dc70d4,2207,1,1009.0,501.0,-25.0,5.0,1.0,1383.0,1467.0,-35.0,8.0,2.0,2547.0,4737.0,-18.0,14.0,4.0,top: Sion / jng: Nocturne / mid: Aurora / bot: Ezreal / sup: Neeko,2026-04-19,Nongshim RedForce,top: Jayce / jng: Xin Zhao / mid: LeBlanc / bot: Yunara / sup: Lulu,1,6.0,374.0,966.0,-10.0,-64.01038819125256,True,Grew by >500g
LOLTMNT01_367468,complete,LCK,Rounds 1-2,0,2026-04-19 09:06:05,2,16.07,100,Blue,Nongshim RedForce,oe:team:5cd2cd09ec94296f605dd13a2924d6c,2008,1,66.0,2139.0,50.0,3.0,5.0,260.0,842.0,24.0,6.0,7.0,1329.0,849.0,43.0,7.0,7.0,top: Renekton / jng: Poppy / mid: Azir / bot: Caitlyn / sup: Bard,2026-04-19,HANJIN BRION,top: K'Sante / jng: Lee Sin / mid: Ryze / bot: Jhin / sup: Karma,1,-1.0,194.0,-1297.0,-26.0,64.01038819125256,True,Grew by >500g
13231-13231_game_1,complete,LPL,Split 2,0,2026-04-19 09:12:01,1,16.07,100,Blue,Invictus Gaming,oe:team:53a258f289c26d94431c0496a54e151,2001,0,155.0,977.0,-6.0,4.0,3.0,2386.0,1947.0,-23.0,9.0,5.0,3099.0,1325.0,-37.0,10.0,6.0,top: Rumble / jng: Pantheon / mid: Xerath / bot: Ezreal / sup: Nami,2026-04-19,Top Esports,top: K'Sante / jng: Jarvan IV / mid: Azir / bot: Sivir / sup: Karma,1,4.0,2231.0,970.0,-17.0,-84.64872910176132,True,Grew by >500g
LOLTMNT02_378992,complete,LCP,Split 2,0,2026-04-19 09:21:46,1,16.08,100,Blue,Fukuoka SoftBank HAWKS gaming,oe:team:d8ca3fc1f0827ec76369af7b70d43e3,2806,1,1300.0,-363.0,-11.0,4.0,1.0,2780.0,401.0,-28.0,7.0,2.0,5854.0,3856.0,28.0,9.0,4.0,top: Rumble / jng: Naafiri / mid: Akali / bot: Lucian / sup: Milio,2026-04-19,Team Secret Whales,top: Anivia / jng: Jarvan IV / mid: Orianna / bot: Jhin / sup: Bard,1,5.0,1480.0,764.0,-17.0,-106.59228137922332,True,Grew by >500g
LOLTMNT01_368343,complete,LCK,Rounds 1-2,0,2026-04-19 10:01:26,3,16.07,100,Blue,HANJIN BRION,oe:team:b77b3f6068e20a2b3edc0ecd3dc70d4,2187,0,-158.0,-494.0,-19.0,3.0,2.0,761.0,1083.0,-41.0,8.0,3.0,-4665.0,-6877.0,-66.0,10.0,9.0,top: Gnar / jng: Naafiri / mid: Taliyah / bot: Ashe / sup: Seraphine,2026-04-19,Nongshim RedForce,top: Ambessa / jng: Vi / mid: Yone / bot: Ziggs / sup: Leona,1,5.0,919.0,1577.0,-22.0,-64.01038819125256,True,Lead lost by 25
13231-13231_game_2,complete,LPL,Split 2,0,2026-04-19 10:12:15,2,16.07,200,Red,Top Esports,oe:team:fcec508e780bbd1ad493852640f5b36,1850,1,494.0,-1051.0,-18.0,5.0,4.0,2252.0,1602.0,-3.0,10.0,5.0,4619.0,5065.0,28.0,14.0,6.0,top: Ambessa / jng: Xin Zhao / mid: Ryze / bot: Yunara / sup: Lulu,2026-04-19,Invictus Gaming,top: Gnar / jng: Wukong / mid: Annie / bot: Caitlyn / sup: Bard,0,5.0,1758.0,2653.0,15.0,84.64872910176132,True,Grew by >500g
LOLTMNT02_382001,complete,LCP,Split 2,0,2026-04-19 10:29:48,2,16.08,200,Red,Team Secret Whales,oe:team:740de582f50775c516c77ed7b923fd5,2718,1,1112.0,-786.0,3.0,4.0,2.0,1570.0,-1089.0,-23.0,4.0,2.0,936.0,-1351.0,21.0,7.0,8.0,top: Gwen / jng: Xin Zhao / mid: Lissandra / bot: Varus / sup: Renata Glasc,2026-04-19,Fukuoka SoftBank HAWKS gaming,top: K'Sante / jng: Vi / mid: Ahri / bot: Sivir / sup: Rakan,0,2.0,458.0,-303.0,-26.0,106.59228137922332,True,Shrank by >500g
13232-13232_game_1,complete,LPL,Split 2,0,2026-04-19 11:22:40,1,16.07,100,Blue,Bilibili Gaming,oe:team:d356a144644879dabb5f34cd99c886d,1925,1,1250.0,860.0,-39.0,6.0,2.0,2649.0,2618.0,-6.0,6.0,2.0,4816.0,6645.0,6.0,7.0,3.0,top: Gnar / jng: Jarvan IV / mid: Twisted Fate / bot: Ezreal / sup: Seraphine,2026-04-19,Anyone's Legend,top: Jayce / jng: Skarner / mid: Aurora / bot: Caitlyn / sup: Karma,1,4.0,1399.0,1758.0,33.0,74.28527576566216,True,Grew by >500g
LOLTMNT01_368366,complete,LCK,Rounds 1-2,0,2026-04-19 11:23:50,1,16.07,100,Blue,T1,oe:team:ce499dea30cfce118f4fe85da0227e8,1911,1,2817.0,2105.0,42.0,5.0,4.0,4012.0,3091.0,27.0,8.0,5.0,7883.0,3972.0,58.0,11.0,6.0,top: Rumble / jng: Xin Zhao / mid: Twisted Fate / bot: Jhin / sup: Camille,2026-04-19,Kiwoom DRX,top: K'Sante / jng: Jarvan IV / mid: Ryze / bot: Ezreal / sup: Anivia,1,3.0,1195.0,986.0,-15.0,71.86063428484886,True,Grew by >500g
LOLTMNT02_381059,complete,LCP,Split 2,0,2026-04-19 11:35:35,3,16.08,100,Blue,Team Secret Whales,oe:team:740de582f50775c516c77ed7b923fd5,1682,1,229.0,366.0,-8.0,5.0,5.0,378.0,94.0,1.0,5.0,6.0,5190.0,5227.0,19.0,11.0,6.0,top: Sion / jng: Lee Sin / mid: Aurora / bot: Xayah / sup: Nautilus,2026-04-19,Fukuoka SoftBank HAWKS gaming,top: Renekton / jng: Wukong / mid: Annie / bot: Kai'Sa / sup: Rell,1,-1.0,149.0,-272.0,9.0,106.59228137922332,True,Grew by >500g
LOLTMNT01_368375,complete,LCK,Rounds 1-2,0,2026-04-19 12:15:21,2,16.07,100,Blue,T1,oe:team:ce499dea30cfce118f4fe85da0227e8,2235,1,1441.0,317.0,40.0,4.0,4.0,2263.0,186.0,41.0,7.0,7.0,3712.0,1722.0,69.0,8.0,7.0,top: Vayne / jng: Pantheon / mid: Azir / bot: Ashe / sup: Seraphine,2026-04-19,Kiwoom DRX,top: Renekton / jng: Vi / mid: Orianna / bot: Yunara / sup: Lulu,1,0.0,822.0,-131.0,1.0,71.86063428484886,True,Grew by >500g
13232-13232_game_2,complete,LPL,Split 2,0,2026-04-19 12:17:25,2,16.07,200,Red,Bilibili Gaming,oe:team:d356a144644879dabb5f34cd99c886d,2191,1,1195.0,637.0,8.0,1.0,0.0,16.0,-895.0,-11.0,4.0,4.0,-2580.0,-2304.0,-24.0,7.0,9.0,top: Ambessa / jng: Pantheon / mid: Annie / bot: Xayah / sup: Rakan,2026-04-19,Anyone's Legend,top: Vayne / jng: Nocturne / mid: Galio / bot: Lucian / sup: Milio,0,0.0,-1179.0,-1532.0,-19.0,74.28527576566216,True,Lead lost by 25
LOLTMNT02_382079,complete,LCP,Split 2,0,2026-04-19 12:40:46,1,16.08,100,Blue,GAM Esports,oe:team:9cae7677cd0dbcc1cd86653870b73c2,2117,1,3610.0,2043.0,53.0,4.0,1.0,6213.0,3421.0,61.0,9.0,4.0,3866.0,2324.0,53.0,11.0,10.0,top: Jayce / jng: Pantheon / mid: Mel / bot: Ezreal / sup: Pyke,2026-04-19,Ground Zero Gaming,top: Ambessa / jng: Xin Zhao / mid: Ahri / bot: Sivir / sup: Karma,1,5.0,2603.0,1378.0,8.0,2.536846536684152,True,Shrank by >500g
LOLTMNT02_382107,complete,LCP,Split 2,0,2026-04-19 13:35:31,2,16.08,100,Blue,GAM Esports,oe:team:9cae7677cd0dbcc1cd86653870b73c2,2184,1,5.0,-1822.0,36.0,6.0,7.0,5295.0,5071.0,109.0,11.0,7.0,4373.0,4128.0,82.0,12.0,10.0,top: K'Sante / jng: Nocturne / mid: Ryze / bot: Yunara / sup: Lulu,2026-04-19,Ground Zero Gaming,top: Rumble / jng: Vi / mid: Cassiopeia / bot: Corki / sup: Nami,1,4.0,5290.0,6893.0,73.0,2.536846536684152,True,Shrank by >500g
LOLTMNT05_185104,complete,LEC,Spring,0,2026-04-19 15:08:47,1,16.08,100,Blue,Team Vitality,oe:team:e8d8ae992fe72acb7adc7bfcee31dbb,2015,1,2029.0,628.0,57.0,4.0,3.0,1082.0,-2191.0,29.0,5.0,8.0,1132.0,-1376.0,30.0,6.0,8.0,top: Quinn / jng: Jarvan IV / mid: Cassiopeia / bot: Caitlyn / sup: Elise,2026-04-19,GiantX,top: Renekton / jng: Nidalee / mid: Ryze / bot: Varus / sup: Bard,1,-3.0,-947.0,-2819.0,-28.0,50.83195138106794,True,Within 500g
LOLTMNT05_186068,complete,LEC,Spring,0,2026-04-19 16:01:53,2,16.08,100,Blue,Team Vitality,oe:team:e8d8ae992fe72acb7adc7bfcee31dbb,1559,1,3140.0,1715.0,34.0,7.0,5.0,4144.0,1536.0,64.0,8.0,7.0,8455.0,7101.0,88.0,13.0,9.0,top: Jayce / jng: Aatrox / mid: Syndra / bot: Ashe / sup: Lulu,2026-04-19,GiantX,top: Rumble / jng: Xin Zhao / mid: Aurora / bot: Jhin / sup: Seraphine,1,1.0,1004.0,-179.0,30.0,50.83195138106794,True,Grew by >500g
LOLTMNT02_382172,complete,CBLOL,Split 1,0,2026-04-19 16:10:45,1,16.08,100,Blue,LOUD,oe:team:658a021a796aa5501503220adb38cf4,1905,1,-192.0,-624.0,13.0,1.0,2.0,1140.0,-184.0,33.0,4.0,4.0,2764.0,4307.0,43.0,7.0,5.0,top: K'Sante / jng: Jax / mid: Orianna / bot: Jhin / sup: Bard,2026-04-19,Leviatan,top: Ambessa / jng: Xin Zhao / mid: Akali / bot: Sivir / sup: Neeko,1,0.0,1332.0,440.0,20.0,145.13425554161313,True,Grew by >500g
LOLTMNT05_186082,complete,LEC,Spring,0,2026-04-19 16:58:43,1,16.08,100,Blue,Movistar KOI,oe:team:4acc40654379b4da680be1bd3129dfa,1951,1,3794.0,2590.0,84.0,1.0,0.0,5210.0,2729.0,82.0,3.0,1.0,5925.0,2083.0,108.0,3.0,2.0,top: Rumble / jng: Pantheon / mid: Yone / bot: Caitlyn / sup: Karma,2026-04-19,Team Heretics,top: Ambessa / jng: Dr. Mundo / mid: Azir / bot: Jhin / sup: Bard,1,2.0,1416.0,139.0,-2.0,108.62196305479915,True,Grew by >500g
LOLTMNT02_382188,complete,CBLOL,Split 1,0,2026-04-19 17:01:20,2,16.08,200,Red,Leviatan,oe:team:53ef3d5a3ac5d88bc000eff7d87aeb3,2389,1,-1653.0,-1611.0,-45.0,0.0,3.0,1217.0,605.0,-41.0,4.0,3.0,3383.0,2644.0,-26.0,6.0,3.0,top: Rumble / jng: Jarvan IV / mid: Galio / bot: Yunara / sup: Lulu,2026-04-19,LOUD,top: Aurora / jng: Aatrox / mid: Annie / bot: Corki / sup: Nami,0,1.0,2870.0,2216.0,4.0,-145.13425554161313,True,Grew by >500g
LOLTMNT05_186083,complete,LEC,Spring,0,2026-04-19 17:50:34,2,16.08,100,Blue,Movistar KOI,oe:team:4acc40654379b4da680be1bd3129dfa,1804,1,-332.0,-1106.0,22.0,4.0,7.0,2783.0,2544.0,30.0,8.0,9.0,6535.0,5229.0,100.0,8.0,9.0,top: Renekton / jng: Jarvan IV / mid: Twisted Fate / bot: Sivir / sup: Lulu,2026-04-19,Team Heretics,top: Jax / jng: Xin Zhao / mid: Akali / bot: Yunara / sup: Anivia,1,-1.0,3115.0,3650.0,8.0,108.62196305479915,True,Grew by >500g
LOLTMNT02_381206,complete,CBLOL,Split 1,0,2026-04-19 18:00:51,3,16.08,200,Red,Leviatan,oe:team:53ef3d5a3ac5d88bc000eff7d87aeb3,1988,1,2993.0,1872.0,-29.0,10.0,2.0,1698.0,1580.0,-9.0,11.0,5.0,-1691.0,-2391.0,-38.0,13.0,10.0,top: Sion / jng: Zaahen / mid: Ryze / bot: Ezreal / sup: Rakan,2026-04-19,LOUD,top: Renekton / jng: Lee Sin / mid: Syndra / bot: Ashe / sup: Nautilus,0,6.0,-1295.0,-292.0,20.0,-145.13425554161313,True,Lead lost by 25
LOLTMNT02_382217,complete,CBLOL,Split 1,0,2026-04-19 18:58:29,1,16.08,200,Red,RED Canids,oe:team:67169969ecc058b307edfa9c6b7a3c0,2063,0,1086.0,3260.0,44.0,6.0,3.0,194.0,1877.0,34.0,7.0,4.0,-3853.0,-2309.0,23.0,7.0,6.0,top: Gnar / jng: Xin Zhao / mid: Orianna / bot: Ezreal / sup: Karma,2026-04-19,Vivo Keyd Stars,top: Ambessa / jng: Pantheon / mid: Twisted Fate / bot: Sivir / sup: Yuumi,0,3.0,-892.0,-1383.0,-10.0,88.19784374240703,True,Lead lost by 25
LOLTMNT02_381239,complete,CBLOL,Split 1,0,2026-04-19 19:51:25,2,16.08,200,Red,RED Canids,oe:team:67169969ecc058b307edfa9c6b7a3c0,1737,1,2636.0,2390.0,22.0,4.0,2.0,3149.0,2641.0,30.0,5.0,3.0,5468.0,4309.0,34.0,12.0,7.0,top: K'Sante / jng: Aatrox / mid: Sylas / bot: Ashe / sup: Seraphine,2026-04-19,Vivo Keyd Stars,top: Jayce / jng: Vi / mid: Ahri / bot: Yunara / sup: Lulu,0,2.0,513.0,251.0,8.0,88.19784374240703,True,Grew by >500g
LOLTMNT02_381247,complete,LCS,Spring,0,2026-04-19 20:07:34,1,16.08,100,Blue,Shopify Rebellion,oe:team:b360f1d729b0a8e0f29a5243c4200fa,1863,0,1087.0,1557.0,10.0,9.0,5.0,1210.0,1637.0,22.0,12.0,8.0,-422.0,3.0,-6.0,13.0,11.0,top: Sion / jng: Pantheon / mid: Ryze / bot: Corki / sup: Nami,2026-04-19,LYON,top: Rumble / jng: Wukong / mid: Azir / bot: Ashe / sup: Seraphine,1,4.0,123.0,80.0,12.0,-125.43938323777547,True,Lead lost by 25
LOLTMNT02_381251,complete,CBLOL,Split 1,0,2026-04-19 20:39:24,3,16.08,100,Blue,RED Canids,oe:team:67169969ecc058b307edfa9c6b7a3c0,1838,1,514.0,1509.0,24.0,4.0,3.0,3388.0,3949.0,46.0,7.0,4.0,2948.0,4961.0,36.0,10.0,6.0,top: Sion / jng: Lee Sin / mid: Aurora / bot: Caitlyn / sup: Neeko,2026-04-19,Vivo Keyd Stars,top: Renekton / jng: Maokai / mid: Zoe / bot: Kalista / sup: Renata Glasc,1,3.0,2874.0,2440.0,22.0,88.19784374240703,True,Within 500g
LOLTMNT02_382257,complete,LCS,Spring,0,2026-04-19 20:57:13,2,16.08,100,Blue,LYON,oe:team:da1143bf9a245b78a8dc86417de85b3,1799,1,-87.0,14.0,10.0,5.0,6.0,3479.0,3554.0,27.0,10.0,7.0,3622.0,5565.0,81.0,10.0,8.0,top: Gnar / jng: Vi / mid: Akali / bot: Yunara / sup: Lulu,2026-04-19,Shopify Rebellion,top: Renekton / jng: Jarvan IV / mid: Vex / bot: Caitlyn / sup: Bard,1,3.0,3566.0,3540.0,17.0,125.43938323777547,True,Within 500g
LOLTMNT02_381269,complete,LCS,Spring,0,2026-04-19 21:49:48,1,16.08,100,Blue,Team Liquid,oe:team:8eb884e168f28402ce685bedebb5250,2643,1,692.0,-236.0,-2.0,2.0,3.0,1540.0,-894.0,0.0,2.0,4.0,1169.0,-1580.0,13.0,3.0,7.0,top: Sion / jng: Pantheon / mid: Aurora / bot: Lucian / sup: Milio,2026-04-19,Dignitas,top: Rumble / jng: Nocturne / mid: Annie / bot: Corki / sup: Nami,1,-2.0,848.0,-658.0,2.0,81.90167599657161,True,Within 500g
LOLTMNT02_382276,complete,LCS,Spring,0,2026-04-19 22:55:00,2,16.08,100,Blue,Team Liquid,oe:team:8eb884e168f28402ce685bedebb5250,2361,0,51.0,1696.0,49.0,2.0,4.0,573.0,1332.0,41.0,3.0,5.0,-1686.0,762.0,33.0,5.0,12.0,top: Gnar / jng: Aatrox / mid: Azir / bot: Varus / sup: Nautilus,2026-04-19,Dignitas,top: Sylas / jng: Xin Zhao / mid: Orianna / bot: Senna / sup: Alistar,1,-2.0,522.0,-364.0,-8.0,81.90167599657161,True,Lead lost by 25
LOLTMNT02_382280,complete,LCS,Spring,0,2026-04-19 23:52:55,3,16.08,200,Red,Team Liquid,oe:team:8eb884e168f28402ce685bedebb5250,1568,1,669.0,-485.0,17.0,3.0,3.0,1979.0,414.0,12.0,6.0,3.0,6291.0,6129.0,14.0,11.0,3.0,top: Renekton / jng: Jarvan IV / mid: Ahri / bot: Xayah / sup: Rakan,2026-04-19,Dignitas,top: Zaahen / jng: Lee Sin / mid: Lissandra / bot: Ezreal / sup: Bard,0,3.0,1310.0,899.0,-5.0,81.90167599657161,True,Grew by >500g
LOLTMNT05_186098,complete,LEC,Spring,0,2026-04-20 15:08:33,1,16.08,200,Red,Shifters,oe:team:a2065488a11a2c0a2403a7b347eec61,2308,0,-260.0,-430.0,-38.0,5.0,4.0,1337.0,738.0,-32.0,7.0,4.0,2477.0,2079.0,-72.0,10.0,5.0,top: Akali / jng: Vi / mid: Anivia / bot: Ezreal / sup: Karma,2026-04-20,G2 Esports,top: Gnar / jng: Nocturne / mid: Ryze / bot: Corki / sup: Nami,0,3.0,1597.0,1168.0,6.0,-133.0842522750404,True,Grew by >500g
LOLTMNT05_185133,complete,LEC,Spring,0,2026-04-20 16:07:09,2,16.08,100,Blue,G2 Esports,oe:team:7d6673d3a9d00363c6bebc1a630da6e,2334,1,3481.0,3639.0,31.0,6.0,1.0,2189.0,1496.0,50.0,6.0,4.0,2431.0,2416.0,87.0,8.0,6.0,top: K'Sante / jng: Wukong / mid: Aurora / bot: Yunara / sup: Lulu,2026-04-20,Shifters,top: Jayce / jng: Pantheon / mid: Taliyah / bot: Kai'Sa / sup: Neeko,1,2.0,-1292.0,-2143.0,19.0,133.0842522750404,True,Within 500g
LOLTMNT05_185144,complete,LEC,Spring,0,2026-04-20 17:18:17,1,16.08,200,Red,Karmine Corp,oe:team:f3aa9bbd924ce3af42ac53f8326bc7c,1470,1,1912.0,2370.0,0.0,7.0,3.0,4377.0,3779.0,9.0,11.0,4.0,12157.0,14447.0,57.0,19.0,4.0,top: Rumble / jng: Skarner / mid: Azir / bot: Caitlyn / sup: Bard,2026-04-20,SK Gaming,top: Sion / jng: Xin Zhao / mid: Aurora / bot: Ashe / sup: Seraphine,0,7.0,2465.0,1409.0,9.0,147.0983385516463,True,Won before 25
LOLTMNT05_185146,complete,LEC,Spring,0,2026-04-20 18:01:52,2,16.08,200,Red,Karmine Corp,oe:team:f3aa9bbd924ce3af42ac53f8326bc7c,1787,1,3275.0,3060.0,53.0,7.0,4.0,4117.0,4144.0,57.0,12.0,8.0,4307.0,5301.0,55.0,16.0,11.0,top: Vayne / jng: Jarvan IV / mid: Annie / bot: Yunara / sup: Nami,2026-04-20,SK Gaming,top: Gnar / jng: Nocturne / mid: Diana / bot: Corki / sup: Amumu,0,4.0,842.0,1084.0,4.0,147.0983385516463,True,Within 500g
LOLTMNT02_384269,complete,LCK,Rounds 1-2,0,2026-04-22 08:04:37,1,16.08,100,Blue,Kiwoom DRX,oe:team:1d0389df0c5eea93b04122ba167c010,2220,0,478.0,633.0,-39.0,6.0,3.0,1756.0,3149.0,-29.0,8.0,3.0,2479.0,4645.0,-18.0,11.0,5.0,top: Sion / jng: Xin Zhao / mid: Aurora / bot: Ezreal / sup: Neeko,2026-04-22,KT Rolster,top: Jayce / jng: Pantheon / mid: Annie / bot: Sivir / sup: Yuumi,1,5.0,1278.0,2516.0,10.0,-123.71592852356343,True,Grew by >500g
LOLTMNT02_383295,complete,LCK,Rounds 1-2,0,2026-04-22 09:04:09,2,16.08,200,Red,KT Rolster,oe:team:d723992568441c6bafa2658129eade7,1493,1,3229.0,1494.0,53.0,5.0,3.0,4489.0,3770.0,66.0,12.0,5.0,11294.0,10558.0,64.0,20.0,6.0,top: Vayne / jng: Trundle / mid: Orianna / bot: Ashe / sup: Seraphine,2026-04-22,Kiwoom DRX,top: Gnar / jng: Nocturne / mid: Azir / bot: Corki / sup: Nautilus,0,7.0,1260.0,2276.0,13.0,123.71592852356343,True,Won before 25
13233-13233_game_1,complete,LPL,Split 2,0,2026-04-22 09:14:11,1,16.08,100,Blue,Weibo Gaming,oe:team:606c6ac695907af3823ee6405c58ff1,1866,1,1324.0,2989.0,53.0,6.0,5.0,808.0,3206.0,60.0,6.0,5.0,1693.0,3522.0,66.0,8.0,6.0,top: Ambessa / jng: Vi / mid: LeBlanc / bot: Varus / sup: Rakan,2026-04-22,Team WE,top: Yorick / jng: Xin Zhao / mid: Aurora / bot: Ezreal / sup: Bard,1,1.0,-516.0,217.0,7.0,82.26370933242038,True,Grew by >500g
13233-13233_game_2,complete,LPL,Split 2,0,2026-04-22 10:08:38,2,16.08,100,Blue,Weibo Gaming,oe:team:606c6ac695907af3823ee6405c58ff1,1649,1,4437.0,2508.0,37.0,6.0,1.0,5996.0,4721.0,82.0,6.0,1.0,6524.0,9256.0,85.0,8.0,4.0,top: Sion / jng: Nocturne / mid: Twisted Fate / bot: Yunara / sup: Lulu,2026-04-22,Team WE,top: K'Sante / jng: Pantheon / mid: Ahri / bot: Corki / sup: Nami,1,5.0,1559.0,2213.0,45.0,82.26370933242038,True,Grew by >500g
LOLTMNT02_383315,complete,LCK,Rounds 1-2,0,2026-04-22 10:16:00,1,16.08,100,Blue,Hanwha Life Esports,oe:team:3a1d18f46bcb3716ebcfcf4ef068934,1729,1,2001.0,-1763.0,12.0,5.0,3.0,5281.0,772.0,28.0,9.0,3.0,6502.0,-704.0,40.0,9.0,3.0,top: Jayce / jng: Jarvan IV / mid: Aurora / bot: Miss Fortune / sup: Nautilus,2026-04-22,Nongshim RedForce,top: Yorick / jng: Pantheon / mid: Ryze / bot: Caitlyn / sup: Karma,1,6.0,3280.0,2535.0,16.0,63.084883030518995,True,Grew by >500g
LOLTMNT02_384348,complete,LCK,Rounds 1-2,0,2026-04-22 11:06:38,2,16.08,100,Blue,Hanwha Life Esports,oe:team:3a1d18f46bcb3716ebcfcf4ef068934,2168,0,66.0,-249.0,17.0,3.0,5.0,1467.0,2413.0,0.0,5.0,5.0,1317.0,3993.0,5.0,8.0,10.0,top: Anivia / jng: Xin Zhao / mid: Ziggs / bot: Sivir / sup: Bard,2026-04-22,Nongshim RedForce,top: Gnar / jng: Poppy / mid: Azir / bot: Corki / sup: Nami,1,0.0,1401.0,2662.0,-17.0,63.084883030518995,True,Within 500g
13234-13234_game_1,complete,LPL,Split 2,0,2026-04-22 11:17:14,1,16.08,100,Blue,Ninjas in Pyjamas,oe:team:48d7941ccbd5b89aca46c57b0c2f8fb,2231,0,-253.0,-1415.0,-15.0,4.0,6.0,985.0,-632.0,14.0,6.0,9.0,-867.0,-2975.0,34.0,6.0,13.0,top: Rumble / jng: Xin Zhao / mid: Taliyah / bot: Jhin / sup: Nautilus,2026-04-22,Anyone's Legend,top: Ambessa / jng: Jarvan IV / mid: Annie / bot: Ashe / sup: Seraphine,1,-3.0,1238.0,783.0,29.0,8.553623515335858,True,Lead lost by 25
LOLTMNT02_384385,complete,LCK,Rounds 1-2,0,2026-04-22 12:05:40,3,16.08,100,Blue,Nongshim RedForce,oe:team:5cd2cd09ec94296f605dd13a2924d6c,1849,0,-230.0,-1335.0,-9.0,5.0,7.0,914.0,942.0,6.0,9.0,10.0,-3211.0,-2946.0,-4.0,11.0,14.0,top: Ambessa / jng: Wukong / mid: Akali / bot: Yunara / sup: Neeko,2026-04-22,Hanwha Life Esports,top: Rek'Sai / jng: Nocturne / mid: Ahri / bot: Xayah / sup: Lulu,1,-1.0,1144.0,2277.0,15.0,-63.084883030518995,True,Lead lost by 25
13234-13234_game_2,complete,LPL,Split 2,0,2026-04-22 12:17:24,2,16.08,100,Blue,Anyone's Legend,oe:team:ed28f87f0cfdba0a2a8f183cebae73a,1781,1,2754.0,1892.0,46.0,4.0,3.0,6983.0,5887.0,78.0,7.0,3.0,8294.0,7396.0,64.0,10.0,5.0,top: Sion / jng: Qiyana / mid: Azir / bot: Lucian / sup: Milio,2026-04-22,Ninjas in Pyjamas,top: Gwen / jng: Trundle / mid: Orianna / bot: Yunara / sup: Lulu,1,4.0,4229.0,3995.0,32.0,-8.553623515335858,True,Grew by >500g
LOLTMNT05_186248,complete,LCK,Rounds 1-2,0,2026-04-23 08:05:27,1,16.08,100,Blue,HANJIN BRION,oe:team:b77b3f6068e20a2b3edc0ecd3dc70d4,2200,0,-156.0,1456.0,21.0,2.0,2.0,218.0,2234.0,-11.0,4.0,3.0,42.0,3085.0,-3.0,5.0,5.0,top: Anivia / jng: Pantheon / mid: Aurora / bot: Ezreal / sup: Neeko,2026-04-23,Dplus Kia,top: Varus / jng: Lee Sin / mid: Annie / bot: Jhin / sup: Bard,1,1.0,374.0,778.0,-32.0,-110.5568787134514,True,Within 500g
LOLTMNT05_186249,complete,LCK,Rounds 1-2,0,2026-04-23 09:03:37,2,16.08,100,Blue,Dplus Kia,oe:team:ef69efa6acebe94107f0cf1ba716806,1553,1,7116.0,3316.0,79.0,10.0,4.0,12731.0,7643.0,132.0,16.0,4.0,15169.0,6876.0,139.0,18.0,6.0,top: Jayce / jng: Jarvan IV / mid: Ahri / bot: Aphelios / sup: Thresh,2026-04-23,HANJIN BRION,top: Rumble / jng: Sejuani / mid: Yone / bot: Yunara / sup: Lulu,1,12.0,5615.0,4327.0,53.0,110.5568787134514,True,Grew by >500g
13235-13235_game_1,complete,LPL,Split 2,0,2026-04-23 09:12:44,1,16.08,100,Blue,LGD Gaming,oe:team:5f401785b6b78326f9a46b3c6b206ed,1591,1,1267.0,2131.0,20.0,4.0,3.0,2638.0,3178.0,24.0,5.0,4.0,5812.0,9538.0,38.0,10.0,5.0,top: Gnar / jng: Nocturne / mid: Akali / bot: Caitlyn / sup: Bard,2026-04-23,EDward Gaming,top: Ambessa / jng: Jarvan IV / mid: Aurora / bot: Ashe / sup: Seraphine,1,1.0,1371.0,1047.0,4.0,-26.224528724675565,True,Grew by >500g
13235-13235_game_2,complete,LPL,Split 2,0,2026-04-23 10:02:41,2,16.08,100,Blue,LGD Gaming,oe:team:5f401785b6b78326f9a46b3c6b206ed,2994,1,-280.0,1145.0,9.0,1.0,2.0,881.0,3492.0,20.0,3.0,2.0,2567.0,4711.0,39.0,4.0,2.0,top: Yorick / jng: Malphite / mid: Orianna / bot: Lucian / sup: Nami,2026-04-23,EDward Gaming,top: Jayce / jng: Xin Zhao / mid: Ryze / bot: Aphelios / sup: Milio,1,1.0,1161.0,2347.0,11.0,-26.224528724675565,True,Grew by >500g
LOLTMNT05_186273,complete,LCK,Rounds 1-2,0,2026-04-23 10:15:14,1,16.08,200,Red,Gen.G,oe:team:50f58982d91a36557ec8aec52ab014f,2277,1,729.0,511.0,8.0,4.0,3.0,1633.0,805.0,13.0,4.0,3.0,5343.0,916.0,9.0,6.0,3.0,top: Gnar / jng: Jarvan IV / mid: Azir / bot: Ziggs / sup: Nautilus,2026-04-23,DN SOOPers,top: Renekton / jng: Xin Zhao / mid: Aurora / bot: Ashe / sup: Seraphine,0,1.0,904.0,294.0,5.0,192.96663184243425,True,Grew by >500g
LOLTMNT05_186277,complete,LCK,Rounds 1-2,0,2026-04-23 11:13:51,2,16.08,100,Blue,Gen.G,oe:team:50f58982d91a36557ec8aec52ab014f,1536,1,1744.0,-190.0,19.0,3.0,2.0,2900.0,1264.0,43.0,6.0,4.0,9843.0,9818.0,73.0,15.0,6.0,top: Naafiri / jng: Maokai / mid: Akali / bot: Yunara / sup: Lulu,2026-04-23,DN SOOPers,top: Varus / jng: Wukong / mid: Annie / bot: Lucian / sup: Milio,1,2.0,1156.0,1454.0,24.0,192.96663184243425,True,Grew by >500g
13236-13236_game_1,complete,LPL,Split 2,0,2026-04-23 11:49:04,1,16.08,200,Red,Bilibili Gaming,oe:team:d356a144644879dabb5f34cd99c886d,2033,0,1245.0,1438.0,2.0,8.0,6.0,2982.0,3606.0,42.0,15.0,10.0,3218.0,3539.0,45.0,17.0,13.0,top: Yorick / jng: Jarvan IV / mid: Aurora / bot: Jhin / sup: Bard,2026-04-23,Ninjas in Pyjamas,top: Gnar / jng: Vi / mid: Ahri / bot: Ashe / sup: Seraphine,0,5.0,1737.0,2168.0,40.0,117.79951461308156,True,Within 500g
13236-13236_game_2,complete,LPL,Split 2,0,2026-04-23 12:45:41,2,16.08,100,Blue,Ninjas in Pyjamas,oe:team:48d7941ccbd5b89aca46c57b0c2f8fb,1893,1,2125.0,2076.0,1.0,11.0,6.0,1953.0,919.0,-12.0,11.0,7.0,5448.0,5831.0,2.0,16.0,9.0,top: Gragas / jng: Nocturne / mid: Annie / bot: Lucian / sup: Milio,2026-04-23,Bilibili Gaming,top: Jayce / jng: Xin Zhao / mid: Akali / bot: Corki / sup: Nami,1,4.0,-172.0,-1157.0,-13.0,-117.79951461308156,True,Grew by >500g
LOLTMNT05_185400,complete,LCK,Rounds 1-2,0,2026-04-24 08:07:08,1,16.08,200,Red,KT Rolster,oe:team:d723992568441c6bafa2658129eade7,2696,1,2798.0,1460.0,39.0,5.0,1.0,3579.0,1914.0,26.0,6.0,1.0,203.0,-2127.0,-15.0,9.0,6.0,top: K'Sante / jng: Trundle / mid: Ryze / bot: Jhin / sup: Karma,2026-04-24,BNK FEARX,top: Renekton / jng: Xin Zhao / mid: Anivia / bot: Caitlyn / sup: Bard,0,5.0,781.0,454.0,-13.0,65.25146163287286,True,Shrank by >500g
13237-13237_game_1,complete,LPL,Split 2,0,2026-04-24 09:13:50,1,16.08,200,Red,LNG Esports,oe:team:a9145b7711873f53e610fbba0493484,1849,1,1193.0,2284.0,-18.0,4.0,1.0,4709.0,6445.0,42.0,6.0,1.0,7736.0,11292.0,47.0,11.0,2.0,top: Gnar / jng: Lee Sin / mid: Anivia / bot: Ezreal / sup: Bard,2026-04-24,Oh My God,top: Vayne / jng: Jarvan IV / mid: Ryze / bot: Sivir / sup: Karma,0,5.0,3516.0,4161.0,60.0,98.74610288266581,True,Grew by >500g
LOLTMNT05_185401,complete,LCK,Rounds 1-2,0,2026-04-24 09:15:07,2,16.08,200,Red,KT Rolster,oe:team:d723992568441c6bafa2658129eade7,1892,1,6290.0,4011.0,55.0,9.0,1.0,3595.0,1081.0,49.0,13.0,6.0,1772.0,-1224.0,50.0,15.0,10.0,top: Jayce / jng: Jarvan IV / mid: Annie / bot: Sivir / sup: Yuumi,2026-04-24,BNK FEARX,top: Sion / jng: Lee Sin / mid: Hwei / bot: Ezreal / sup: Neeko,0,7.0,-2695.0,-2930.0,-6.0,65.25146163287286,True,Shrank by >500g
13237-13237_game_2,complete,LPL,Split 2,0,2026-04-24 10:08:44,2,16.08,100,Blue,LNG Esports,oe:team:a9145b7711873f53e610fbba0493484,1930,1,796.0,1339.0,62.0,1.0,2.0,4288.0,2510.0,65.0,4.0,2.0,1938.0,1365.0,83.0,5.0,5.0,top: K'Sante / jng: Xin Zhao / mid: Lissandra / bot: Lucian / sup: Milio,2026-04-24,Oh My God,top: Rumble / jng: Vi / mid: Ahri / bot: Yunara / sup: Lulu,1,2.0,3492.0,1171.0,3.0,98.74610288266581,True,Shrank by >500g
LOLTMNT05_186436,complete,LCK,Rounds 1-2,0,2026-04-24 10:32:53,1,16.08,200,Red,Hanwha Life Esports,oe:team:3a1d18f46bcb3716ebcfcf4ef068934,1969,1,755.0,712.0,27.0,3.0,2.0,2511.0,390.0,21.0,5.0,2.0,1958.0,2119.0,-22.0,7.0,4.0,top: Vayne / jng: Pantheon / mid: Ryze / bot: Caitlyn / sup: Bard,2026-04-24,Kiwoom DRX,top: Jayce / jng: Xin Zhao / mid: Cassiopeia / bot: Yunara / sup: Nautilus,0,3.0,1756.0,-322.0,-6.0,129.18169169344583,True,Shrank by >500g
13238-13238_game_1,complete,LPL,Split 2,0,2026-04-24 11:19:04,1,16.08,100,Blue,JD Gaming,oe:team:b42d0f31f2727621b963042276817c4,1871,1,-22.0,-672.0,-8.0,3.0,4.0,2546.0,368.0,2.0,8.0,8.0,4416.0,4698.0,11.0,10.0,8.0,top: Ambessa / jng: Jarvan IV / mid: Twisted Fate / bot: Ashe / sup: Lulu,2026-04-24,Invictus Gaming,top: Sion / jng: Pantheon / mid: Ahri / bot: Ezreal / sup: Seraphine,1,0.0,2568.0,1040.0,10.0,46.02788738564004,True,Grew by >500g
LOLTMNT05_185414,complete,LCK,Rounds 1-2,0,2026-04-24 11:29:42,2,16.08,100,Blue,Hanwha Life Esports,oe:team:3a1d18f46bcb3716ebcfcf4ef068934,1580,1,912.0,1026.0,86.0,2.0,5.0,5688.0,2372.0,93.0,7.0,6.0,9536.0,5875.0,83.0,11.0,8.0,top: Gnar / jng: Naafiri / mid: Annie / bot: Miss Fortune / sup: Rell,2026-04-24,Kiwoom DRX,top: Ambessa / jng: Poppy / mid: Mel / bot: Jhin / sup: Karma,1,1.0,4776.0,1346.0,7.0,129.18169169344583,True,Grew by >500g
13238-13238_game_2,complete,LPL,Split 2,0,2026-04-24 12:14:59,2,16.08,100,Blue,JD Gaming,oe:team:b42d0f31f2727621b963042276817c4,1594,1,227.0,694.0,-28.0,4.0,2.0,5071.0,5520.0,10.0,13.0,4.0,9696.0,11088.0,29.0,21.0,6.0,top: Tryndamere / jng: Maokai / mid: Yone / bot: Varus / sup: Alistar,2026-04-24,Invictus Gaming,top: Jayce / jng: Nocturne / mid: Ryze / bot: Jhin / sup: Nautilus,1,9.0,4844.0,4826.0,38.0,46.02788738564004,True,Grew by >500g
LOLTMNT05_186470,complete,LEC,Spring,0,2026-04-24 15:13:43,1,16.08,100,Blue,Shifters,oe:team:a2065488a11a2c0a2403a7b347eec61,2238,0,2544.0,646.0,1.0,5.0,3.0,3586.0,1278.0,16.0,5.0,3.0,1981.0,-42.0,12.0,5.0,4.0,top: Jayce / jng: Jarvan IV / mid: LeBlanc / bot: Ezreal / sup: Nami,2026-04-24,Fnatic,top: K'Sante / jng: Skarner / mid: Aurora / bot: Caitlyn / sup: Karma,1,2.0,1042.0,632.0,15.0,5.774704921526563,True,Shrank by >500g
LOLTMNT05_186480,complete,LEC,Spring,0,2026-04-24 16:30:41,2,16.08,100,Blue,Shifters,oe:team:a2065488a11a2c0a2403a7b347eec61,2062,0,1779.0,66.0,17.0,1.0,2.0,2580.0,1437.0,29.0,1.0,2.0,167.0,-235.0,18.0,3.0,6.0,top: Rumble / jng: Nocturne / mid: Ryze / bot: Kalista / sup: Renata Glasc,2026-04-24,Fnatic,top: Ornn / jng: Pantheon / mid: Anivia / bot: Yunara / sup: Neeko,1,-1.0,801.0,1371.0,12.0,5.774704921526563,True,Shrank by >500g
LOLTMNT05_185468,complete,LEC,Spring,0,2026-04-24 17:45:31,1,16.08,200,Red,Karmine Corp,oe:team:f3aa9bbd924ce3af42ac53f8326bc7c,2364,1,-1420.0,-1057.0,-4.0,1.0,3.0,213.0,839.0,1.0,6.0,6.0,5013.0,5190.0,17.0,13.0,7.0,top: Rumble / jng: Pantheon / mid: Annie / bot: Ashe / sup: Seraphine,2026-04-24,Natus Vincere,top: K'Sante / jng: Nocturne / mid: Ryze / bot: Ezreal / sup: Karma,0,0.0,1633.0,1896.0,5.0,65.23132741438212,True,Grew by >500g
LOLTMNT05_185471,complete,LEC,Spring,0,2026-04-24 18:49:39,2,16.08,100,Blue,Natus Vincere,oe:team:d2ba9f92d85cff67d60aaad88e61048,1780,0,1129.0,1021.0,-22.0,5.0,3.0,778.0,1049.0,-24.0,8.0,6.0,378.0,204.0,-42.0,8.0,6.0,top: Ambessa / jng: Jayce / mid: Ziggs / bot: Yunara / sup: Lulu,2026-04-24,Karmine Corp,top: Varus / jng: Xin Zhao / mid: Azir / bot: Corki / sup: Nami,1,2.0,-351.0,28.0,-2.0,-65.23132741438212,True,Within 500g
13239-13239_game_1,complete,LPL,Split 2,0,2026-04-25 07:14:50,1,16.08,100,Blue,Top Esports,oe:team:fcec508e780bbd1ad493852640f5b36,1839,1,819.0,1100.0,51.0,3.0,3.0,1861.0,1353.0,65.0,4.0,4.0,404.0,-2828.0,62.0,10.0,13.0,top: Ambessa / jng: Nocturne / mid: Annie / bot: Ashe / sup: Seraphine,2026-04-25,Ninjas in Pyjamas,top: Sion / jng: Vi / mid: Aurora / bot: Lucian / sup: Milio,1,0.0,1042.0,253.0,14.0,53.325500296560904,True,Shrank by >500g
13239-13239_game_2,complete,LPL,Split 2,0,2026-04-25 08:07:13,2,16.08,100,Blue,Top Esports,oe:team:fcec508e780bbd1ad493852640f5b36,1961,1,-276.0,-1865.0,-8.0,4.0,4.0,1283.0,180.0,20.0,7.0,6.0,5209.0,7909.0,67.0,11.0,7.0,top: Lee Sin / jng: Xin Zhao / mid: Ryze / bot: Yunara / sup: Lulu,2026-04-25,Ninjas in Pyjamas,top: Anivia / jng: Jarvan IV / mid: Malzahar / bot: Corki / sup: Nami,1,1.0,1559.0,2045.0,28.0,53.325500296560904,True,Grew by >500g
LOLTMNT02_388457,complete,LCK,Rounds 1-2,0,2026-04-25 08:07:29,1,16.08,200,Red,T1,oe:team:ce499dea30cfce118f4fe85da0227e8,2887,1,-44.0,-910.0,-19.0,5.0,5.0,1742.0,-1009.0,6.0,6.0,5.0,-217.0,-4374.0,14.0,10.0,11.0,top: Aurora / jng: Nocturne / mid: Azir / bot: Jhin / sup: Neeko,2026-04-25,HANJIN BRION,top: Renekton / jng: Xin Zhao / mid: Akali / bot: Ezreal / sup: Elise,0,1.0,1786.0,-99.0,25.0,142.30512991191995,True,Lead lost by 25
LOLTMNT02_387639,complete,LCP,Split 2,0,2026-04-25 09:16:43,1,16.08,100,Blue,GAM Esports,oe:team:9cae7677cd0dbcc1cd86653870b73c2,1533,1,3530.0,1207.0,20.0,3.0,0.0,6239.0,2872.0,31.0,7.0,1.0,12493.0,12124.0,100.0,14.0,2.0,top: Rumble / jng: Jarvan IV / mid: Aurora / bot: Sivir / sup: Karma,2026-04-25,DetonatioN FocusMe,top: Ambessa / jng: Nocturne / mid: Azir / bot: Corki / sup: Bard,1,6.0,2709.0,1665.0,11.0,148.36456649742968,True,Grew by >500g
13240-13240_game_1,complete,LPL,Split 2,0,2026-04-25 09:18:25,1,16.08,100,Blue,JD Gaming,oe:team:b42d0f31f2727621b963042276817c4,2256,1,3312.0,2191.0,48.0,4.0,0.0,1294.0,91.0,45.0,4.0,3.0,3517.0,4818.0,24.0,11.0,5.0,top: K'Sante / jng: Jarvan IV / mid: Sylas / bot: Ashe / sup: Seraphine,2026-04-25,Team WE,top: Rumble / jng: Skarner / mid: Azir / bot: Ezreal / sup: Neeko,1,1.0,-2018.0,-2100.0,-3.0,158.26185917217845,True,Grew by >500g
LOLTMNT02_388485,complete,LCK,Rounds 1-2,0,2026-04-25 09:20:29,2,16.08,100,Blue,T1,oe:team:ce499dea30cfce118f4fe85da0227e8,2632,1,1572.0,-905.0,22.0,1.0,3.0,2628.0,-1412.0,7.0,4.0,4.0,3616.0,342.0,21.0,9.0,7.0,top: Sion / jng: Jarvan IV / mid: Anivia / bot: Caitlyn / sup: Morgana,2026-04-25,HANJIN BRION,top: Rumble / jng: Vi / mid: Annie / bot: Miss Fortune / sup: Leona,1,0.0,1056.0,-507.0,-15.0,142.30512991191995,True,Grew by >500g
LOLTMNT02_388510,complete,LCP,Split 2,0,2026-04-25 10:12:45,2,16.08,100,Blue,DetonatioN FocusMe,oe:team:e435aa3ecb82a89e60544f5f5857a81,2681,1,4204.0,1856.0,34.0,5.0,2.0,1299.0,-2013.0,7.0,5.0,4.0,1934.0,858.0,16.0,9.0,7.0,top: Renekton / jng: Xin Zhao / mid: Ryze / bot: Caitlyn / sup: Lux,2026-04-25,GAM Esports,top: Jax / jng: Maokai / mid: Cassiopeia / bot: Lucian / sup: Nami,1,1.0,-2905.0,-3869.0,-27.0,-148.36456649742968,True,Grew by >500g
13240-13240_game_2,complete,LPL,Split 2,0,2026-04-25 10:18:37,2,16.08,100,Blue,JD Gaming,oe:team:b42d0f31f2727621b963042276817c4,1632,1,4716.0,3666.0,84.0,4.0,2.0,6846.0,4343.0,103.0,6.0,3.0,11289.0,9031.0,142.0,11.0,5.0,top: Gnar / jng: Nocturne / mid: Aurora / bot: Lucian / sup: Milio,2026-04-25,Team WE,top: Sion / jng: Lee Sin / mid: Annie / bot: Kalista / sup: Renata Glasc,1,3.0,2130.0,677.0,19.0,158.26185917217845,True,Grew by >500g
LOLTMNT05_185498,complete,LCK,Rounds 1-2,0,2026-04-25 10:52:42,1,16.08,100,Blue,Dplus Kia,oe:team:ef69efa6acebe94107f0cf1ba716806,1672,1,3861.0,2210.0,0.0,6.0,1.0,6245.0,3611.0,19.0,7.0,1.0,7394.0,6183.0,31.0,10.0,4.0,top: Illaoi / jng: Pantheon / mid: Twisted Fate / bot: Sivir / sup: Karma,2026-04-25,DN SOOPers,top: Renekton / jng: Lee Sin / mid: Orianna / bot: Corki / sup: Nautilus,1,6.0,2384.0,1401.0,19.0,127.52910485067719,True,Grew by >500g
LOLTMNT02_387684,complete,LCP,Split 2,0,2026-04-25 11:18:12,3,16.08,200,Red,GAM Esports,oe:team:9cae7677cd0dbcc1cd86653870b73c2,1848,1,2362.0,1362.0,68.0,6.0,4.0,3884.0,2463.0,93.0,6.0,4.0,8102.0,7040.0,111.0,12.0,7.0,top: Gnar / jng: Naafiri / mid: Orianna / bot: Ezreal / sup: Rell,2026-04-25,DetonatioN FocusMe,top: Sylas / jng: Talon / mid: Galio / bot: Ashe / sup: Seraphine,0,2.0,1522.0,1101.0,25.0,148.36456649742968,True,Grew by >500g
13241-13241_game_1,complete,LPL,Split 2,0,2026-04-25 11:20:53,1,16.08,200,Red,Anyone's Legend,oe:team:ed28f87f0cfdba0a2a8f183cebae73a,1625,1,-1366.0,-305.0,-64.0,2.0,0.0,63.0,1657.0,-38.0,5.0,1.0,403.0,2515.0,-42.0,10.0,4.0,top: Ambessa / jng: Skarner / mid: Azir / bot: Ezreal / sup: Bard,2026-04-25,Weibo Gaming,top: Rumble / jng: Nocturne / mid: Aurora / bot: Kai'Sa / sup: Neeko,0,4.0,1429.0,1962.0,26.0,49.56663901218462,True,Within 500g
LOLTMNT05_185506,complete,LCK,Rounds 1-2,0,2026-04-25 11:43:02,2,16.08,100,Blue,Dplus Kia,oe:team:ef69efa6acebe94107f0cf1ba716806,2024,1,-271.0,46.0,12.0,3.0,3.0,3105.0,3738.0,40.0,7.0,3.0,4080.0,3424.0,65.0,7.0,4.0,top: Rumble / jng: Sejuani / mid: Yone / bot: Yunara / sup: Lulu,2026-04-25,DN SOOPers,top: K'Sante / jng: Xin Zhao / mid: Azir / bot: Ezreal / sup: Neeko,1,4.0,3376.0,3692.0,28.0,127.52910485067719,True,Grew by >500g
13241-13241_game_2,complete,LPL,Split 2,0,2026-04-25 12:10:23,2,16.08,200,Red,Weibo Gaming,oe:team:606c6ac695907af3823ee6405c58ff1,1559,1,4555.0,3054.0,13.0,8.0,1.0,3370.0,2605.0,29.0,9.0,3.0,10517.0,12909.0,67.0,17.0,3.0,top: Olaf / jng: Jarvan IV / mid: Mel / bot: Jhin / sup: Karma,2026-04-25,Anyone's Legend,top: Sion / jng: Wukong / mid: Annie / bot: Ashe / sup: Seraphine,0,6.0,-1185.0,-449.0,16.0,-49.56663901218462,True,Grew by >500g
LOLTMNT02_387764,complete,LCP,Split 2,0,2026-04-25 12:29:09,1,16.08,100,Blue,Team Secret Whales,oe:team:740de582f50775c516c77ed7b923fd5,1521,1,1638.0,16.0,16.0,5.0,1.0,2548.0,1193.0,60.0,6.0,3.0,12165.0,13146.0,113.0,17.0,5.0,top: Shen / jng: Xin Zhao / mid: Ryze / bot: Ezreal / sup: Nautilus,2026-04-25,Ground Zero Gaming,top: K'Sante / jng: Pantheon / mid: Anivia / bot: Caitlyn / sup: Bard,1,3.0,910.0,1177.0,44.0,193.0252488334413,True,Grew by >500g
13241-13241_game_3,complete,LPL,Split 2,0,2026-04-25 12:58:47,3,16.08,100,Blue,Weibo Gaming,oe:team:606c6ac695907af3823ee6405c58ff1,2035,0,2046.0,1537.0,52.0,4.0,2.0,1679.0,-913.0,62.0,4.0,4.0,514.0,-2318.0,45.0,4.0,5.0,top: Renekton / jng: Lee Sin / mid: LeBlanc / bot: Yunara / sup: Lulu,2026-04-25,Anyone's Legend,top: Rek'Sai / jng: Naafiri / mid: Twisted Fate / bot: Lucian / sup: Milio,1,0.0,-367.0,-2450.0,10.0,-49.56663901218462,True,Shrank by >500g
LOLTMNT02_388646,complete,LCP,Split 2,0,2026-04-25 13:14:39,2,16.08,200,Red,Team Secret Whales,oe:team:740de582f50775c516c77ed7b923fd5,1889,1,2542.0,202.0,31.0,7.0,5.0,3627.0,1842.0,43.0,12.0,8.0,7755.0,6477.0,49.0,19.0,11.0,top: Yorick / jng: Nocturne / mid: Ahri / bot: Jhin / sup: Karma,2026-04-25,Ground Zero Gaming,top: Gnar / jng: Wukong / mid: Orianna / bot: Corki / sup: Nami,0,4.0,1085.0,1640.0,12.0,193.0252488334413,True,Grew by >500g
LOLTMNT05_186550,complete,LEC,Spring,0,2026-04-25 15:17:05,1,16.08,100,Blue,Natus Vincere,oe:team:d2ba9f92d85cff67d60aaad88e61048,2277,0,1783.0,1808.0,16.0,0.0,0.0,1725.0,516.0,-10.0,1.0,1.0,5193.0,6137.0,-1.0,5.0,1.0,top: Gwen / jng: Xin Zhao / mid: Aurora / bot: Ezreal / sup: Karma,2026-04-25,Fnatic,top: K'Sante / jng: Jarvan IV / mid: Viktor / bot: Ashe / sup: Seraphine,1,0.0,-58.0,-1292.0,-26.0,64.78653149220486,True,Grew by >500g
LOLTMNT02_387934,complete,CBLOL,Split 1,0,2026-04-25 16:10:07,1,16.08,200,Red,RED Canids,oe:team:67169969ecc058b307edfa9c6b7a3c0,2361,1,1048.0,1430.0,22.0,8.0,7.0,637.0,1313.0,22.0,9.0,8.0,1187.0,2351.0,25.0,10.0,8.0,top: Rumble / jng: Pantheon / mid: LeBlanc / bot: Caitlyn / sup: Neeko,2026-04-25,LØS,top: K'Sante / jng: Xin Zhao / mid: Orianna / bot: Ezreal / sup: Nami,0,1.0,-411.0,-117.0,0.0,73.86901416373962,True,Grew by >500g
LOLTMNT05_186551,complete,LEC,Spring,0,2026-04-25 16:20:19,2,16.08,100,Blue,Natus Vincere,oe:team:d2ba9f92d85cff67d60aaad88e61048,2353,1,2039.0,2408.0,34.0,1.0,0.0,2964.0,2188.0,39.0,2.0,1.0,7403.0,7211.0,52.0,7.0,2.0,top: Ambessa / jng: Pantheon / mid: Syndra / bot: Caitlyn / sup: Bard,2026-04-25,Fnatic,top: Gnar / jng: Skarner / mid: Ahri / bot: Corki / sup: Nami,1,1.0,925.0,-220.0,5.0,64.78653149220486,True,Grew by >500g
LOLTMNT02_388821,complete,CBLOL,Split 1,0,2026-04-25 17:06:51,2,16.08,100,Blue,RED Canids,oe:team:67169969ecc058b307edfa9c6b7a3c0,1756,1,2304.0,2766.0,36.0,7.0,3.0,623.0,438.0,10.0,9.0,8.0,3336.0,4298.0,4.0,13.0,8.0,top: Jayce / jng: Jarvan IV / mid: Lissandra / bot: Senna / sup: Nautilus,2026-04-25,LØS,top: Sion / jng: Nocturne / mid: Ahri / bot: Yunara / sup: Lulu,1,1.0,-1681.0,-2328.0,-26.0,73.86901416373962,True,Grew by >500g
LOLTMNT05_185529,complete,LEC,Spring,0,2026-04-25 17:25:47,3,16.08,200,Red,Fnatic,oe:team:78f183fa5a7d8ecb22b9ad272c3abd7,2763,0,241.0,-1230.0,-54.0,4.0,1.0,705.0,-68.0,-39.0,6.0,3.0,-2616.0,-5341.0,-54.0,6.0,6.0,top: Rumble / jng: Wukong / mid: Yone / bot: Sivir / sup: Neeko,2026-04-25,Natus Vincere,top: Sion / jng: Zaahen / mid: Azir / bot: Xayah / sup: Rakan,0,3.0,464.0,1162.0,15.0,-64.78653149220486,True,Lead lost by 25
LOLTMNT02_387999,complete,CBLOL,Split 1,0,2026-04-25 17:59:25,1,16.08,200,Red,Fluxo W7M,oe:team:45c362a0cfc4b81f597b5ab89250df5,2032,1,-397.0,-971.0,-49.0,4.0,5.0,388.0,1614.0,-44.0,12.0,9.0,744.0,2497.0,-16.0,15.0,12.0,top: Kennen / jng: Jarvan IV / mid: Ryze / bot: Sivir / sup: Bard,2026-04-25,paiN Gaming,top: Gnar / jng: Xin Zhao / mid: Anivia / bot: Varus / sup: Neeko,0,3.0,785.0,2585.0,5.0,81.16265090679121,True,Within 500g
LOLTMNT05_185539,complete,LEC,Spring,0,2026-04-25 18:46:53,1,16.08,100,Blue,Karmine Corp,oe:team:f3aa9bbd924ce3af42ac53f8326bc7c,1749,1,3538.0,4261.0,46.0,7.0,2.0,8671.0,8060.0,86.0,11.0,2.0,9731.0,10889.0,89.0,16.0,5.0,top: Gnar / jng: Vi / mid: Orianna / bot: Caitlyn / sup: Bard,2026-04-25,Shifters,top: Akali / jng: Ambessa / mid: Azir / bot: Ezreal / sup: Karma,1,9.0,5133.0,3799.0,40.0,197.48491324829,True,Grew by >500g
LOLTMNT02_388863,complete,CBLOL,Split 1,0,2026-04-25 18:52:16,2,16.08,100,Blue,Fluxo W7M,oe:team:45c362a0cfc4b81f597b5ab89250df5,1712,1,-1644.0,174.0,5.0,0.0,3.0,232.0,379.0,-23.0,3.0,3.0,1066.0,2732.0,-24.0,7.0,5.0,top: Rumble / jng: Aatrox / mid: Gragas / bot: Corki / sup: Nami,2026-04-25,paiN Gaming,top: Sion / jng: Nocturne / mid: Akali / bot: Yunara / sup: Lulu,1,0.0,1876.0,205.0,-28.0,81.16265090679121,True,Grew by >500g
LOLTMNT05_186562,complete,LEC,Spring,0,2026-04-25 19:39:22,2,16.08,100,Blue,Shifters,oe:team:a2065488a11a2c0a2403a7b347eec61,2432,1,1126.0,-480.0,18.0,2.0,3.0,1828.0,484.0,9.0,5.0,6.0,2925.0,5167.0,15.0,6.0,7.0,top: Irelia / jng: Viego / mid: Anivia / bot: Lucian / sup: Milio,2026-04-25,Karmine Corp,top: Aurora / jng: Wukong / mid: Ryze / bot: Corki / sup: Nami,1,-1.0,702.0,964.0,-9.0,-197.48491324829,True,Grew by >500g
LOLTMNT02_389093,complete,LCS,Spring,0,2026-04-25 20:09:02,1,16.08,200,Red,FlyQuest,oe:team:2e66da41dc460dd378e3bcc57042d31,1582,1,-611.0,198.0,7.0,3.0,5.0,19.0,1972.0,-1.0,5.0,5.0,2114.0,5790.0,-4.0,9.0,8.0,top: Ambessa / jng: Pantheon / mid: Annie / bot: Ezreal / sup: Seraphine,2026-04-25,Dignitas,top: Rumble / jng: Jarvan IV / mid: Aurora / bot: Ashe / sup: Lulu,0,0.0,630.0,1774.0,-8.0,20.58234444638174,True,Grew by >500g
LOLTMNT05_185540,complete,LEC,Spring,0,2026-04-25 20:46:35,3,16.08,100,Blue,Karmine Corp,oe:team:f3aa9bbd924ce3af42ac53f8326bc7c,2194,1,-250.0,167.0,-19.0,3.0,4.0,3083.0,2447.0,-12.0,9.0,5.0,2699.0,1480.0,-24.0,14.0,10.0,top: Sion / jng: Nocturne / mid: Annie / bot: Sivir / sup: Lulu,2026-04-25,Shifters,top: Olaf / jng: Sejuani / mid: Cassiopeia / bot: Varus / sup: Neeko,1,4.0,3333.0,2280.0,7.0,197.48491324829,True,Within 500g
LOLTMNT02_389113,complete,LCS,Spring,0,2026-04-25 20:56:15,2,16.08,200,Red,Dignitas,oe:team:0dbb780176ecad18f17292d1f5653af,2567,0,1954.0,86.0,11.0,6.0,5.0,593.0,-2428.0,12.0,7.0,8.0,-332.0,-2868.0,33.0,7.0,9.0,top: Gnar / jng: Xin Zhao / mid: Azir / bot: Jhin / sup: Alistar,2026-04-25,FlyQuest,top: Sion / jng: Shen / mid: Hwei / bot: Varus / sup: Bard,0,-1.0,-1361.0,-2514.0,1.0,-20.58234444638174,True,Lead lost by 25
LOLTMNT02_389144,complete,LCS,Spring,0,2026-04-25 22:08:21,1,16.08,200,Red,Cloud9,oe:team:fc8e90107dabb9a35c490b0d86adea0,2148,1,1234.0,960.0,28.0,6.0,4.0,2217.0,2558.0,53.0,8.0,5.0,6590.0,8832.0,51.0,14.0,6.0,top: Gnar / jng: Jarvan IV / mid: Annie / bot: Varus / sup: Rakan,2026-04-25,Shopify Rebellion,top: Yorick / jng: Pantheon / mid: Aurora / bot: Ezreal / sup: Leona,0,3.0,983.0,1598.0,25.0,168.73607527143736,True,Grew by >500g
LOLTMNT02_388989,complete,LCS,Spring,0,2026-04-25 23:00:25,2,16.08,100,Blue,Cloud9,oe:team:fc8e90107dabb9a35c490b0d86adea0,1414,1,3653.0,3798.0,62.0,6.0,1.0,9576.0,9800.0,130.0,13.0,2.0,,,,,,top: K'Sante / jng: Ambessa / mid: Cassiopeia / bot: Ashe / sup: Seraphine,2026-04-25,Shopify Rebellion,top: Rumble / jng: Skarner / mid: Ryze / bot: Miss Fortune / sup: Nautilus,1,11.0,5923.0,6002.0,68.0,168.73607527143736,True,Won before 25
LOLTMNT02_390173,complete,LCK,Rounds 1-2,0,2026-04-26 08:06:17,1,16.08,200,Red,T1,oe:team:ce499dea30cfce118f4fe85da0227e8,1417,1,5525.0,3951.0,61.0,9.0,2.0,7402.0,3592.0,91.0,10.0,4.0,,,,,,top: Jayce / jng: Xin Zhao / mid: Orianna / bot: Jhin / sup: Alistar,2026-04-26,BNK FEARX,top: Yorick / jng: Nocturne / mid: Aurelion Sol / bot: Ezreal / sup: Neeko,0,6.0,1877.0,-359.0,30.0,60.59901312981469,True,Won before 25
LOLTMNT02_390189,complete,LCK,Rounds 1-2,0,2026-04-26 08:50:58,2,16.08,100,Blue,BNK FEARX,oe:team:5c2e7e9ea8dfcba0150d9a5619baecf,2247,0,1292.0,3658.0,-19.0,8.0,4.0,2784.0,4047.0,-51.0,14.0,6.0,-1307.0,2753.0,-102.0,21.0,14.0,top: K'Sante / jng: Naafiri / mid: Akali / bot: Yunara / sup: Lulu,2026-04-26,T1,top: Rumble / jng: Vi / mid: Azir / bot: Caitlyn / sup: Lux,1,8.0,1492.0,389.0,-32.0,-60.59901312981469,True,Lead lost by 25
13242-13242_game_1,complete,LPL,Split 2,0,2026-04-26 09:12:56,1,16.08,200,Red,LGD Gaming,oe:team:5f401785b6b78326f9a46b3c6b206ed,2381,0,4543.0,2558.0,48.0,6.0,2.0,2136.0,389.0,48.0,8.0,5.0,2076.0,1041.0,54.0,10.0,9.0,top: Jayce / jng: Skarner / mid: Ryze / bot: Draven / sup: Nautilus,2026-04-26,Ultra Prime,top: Wukong / jng: Pantheon / mid: Orianna / bot: Corki / sup: Nami,0,3.0,-2407.0,-2169.0,0.0,102.56424751465806,True,Within 500g
LOLTMNT02_389380,complete,LCP,Split 2,0,2026-04-26 09:23:18,1,16.08,200,Red,Deep Cross Gaming,oe:team:7e56e9367c023df96cc8257ff4e16c0,2607,0,1393.0,1284.0,16.0,2.0,2.0,857.0,-1043.0,9.0,6.0,8.0,888.0,880.0,15.0,6.0,9.0,top: Jayce / jng: Naafiri / mid: Orianna / bot: Yunara / sup: Lulu,2026-04-26,Fukuoka SoftBank HAWKS gaming,top: K'Sante / jng: Jarvan IV / mid: Akali / bot: Varus / sup: Rell,0,-2.0,-536.0,-2327.0,-7.0,-29.212961716365953,True,Within 500g
13242-13242_game_2,complete,LPL,Split 2,0,2026-04-26 10:13:28,2,16.08,200,Red,LGD Gaming,oe:team:5f401785b6b78326f9a46b3c6b206ed,2184,0,694.0,-1178.0,-27.0,1.0,1.0,3197.0,-81.0,-21.0,3.0,2.0,5714.0,1902.0,3.0,6.0,3.0,top: Gnar / jng: Jarvan IV / mid: Syndra / bot: Lucian / sup: Milio,2026-04-26,Ultra Prime,top: Yorick / jng: Xin Zhao / mid: Aurora / bot: Ashe / sup: Seraphine,0,1.0,2503.0,1097.0,6.0,102.56424751465806,True,Grew by >500g
LOLTMNT05_185559,complete,LCK,Rounds 1-2,0,2026-04-26 10:15:14,1,16.08,200,Red,Gen.G,oe:team:50f58982d91a36557ec8aec52ab014f,1868,1,908.0,330.0,-11.0,7.0,4.0,412.0,1436.0,-19.0,12.0,6.0,5514.0,9159.0,17.0,16.0,6.0,top: Sion / jng: Jarvan IV / mid: Annie / bot: Jhin / sup: Bard,2026-04-26,Nongshim RedForce,top: Jayce / jng: Nocturne / mid: Azir / bot: Yunara / sup: Nautilus,0,6.0,-496.0,1106.0,-8.0,141.18666532481961,True,Grew by >500g
LOLTMNT02_389401,complete,LCP,Split 2,0,2026-04-26 10:27:33,2,16.08,100,Blue,Fukuoka SoftBank HAWKS gaming,oe:team:d8ca3fc1f0827ec76369af7b70d43e3,1795,1,3038.0,3084.0,19.0,7.0,4.0,5744.0,3703.0,9.0,9.0,4.0,6180.0,3557.0,37.0,12.0,6.0,top: Yorick / jng: Wukong / mid: Ryze / bot: Ezreal / sup: Pyke,2026-04-26,Deep Cross Gaming,top: Rumble / jng: Vi / mid: Azir / bot: Jhin / sup: Neeko,1,5.0,2706.0,619.0,-10.0,29.212961716365953,True,Within 500g
LOLTMNT05_185563,complete,LCK,Rounds 1-2,0,2026-04-26 11:09:55,2,16.08,200,Red,Gen.G,oe:team:50f58982d91a36557ec8aec52ab014f,1573,1,3854.0,1364.0,54.0,1.0,0.0,6647.0,2903.0,96.0,3.0,1.0,12433.0,12380.0,166.0,11.0,3.0,top: Twisted Fate / jng: Trundle / mid: Mel / bot: Caitlyn / sup: Karma,2026-04-26,Nongshim RedForce,top: Gnar / jng: Xin Zhao / mid: Aurora / bot: Corki / sup: Nami,0,2.0,2793.0,1539.0,42.0,141.18666532481961,True,Grew by >500g
13243-13243_game_1,complete,LPL,Split 2,0,2026-04-26 11:30:40,1,16.08,100,Blue,Bilibili Gaming,oe:team:d356a144644879dabb5f34cd99c886d,1671,1,-2040.0,-817.0,-20.0,2.0,5.0,643.0,1632.0,-1.0,4.0,5.0,5345.0,5904.0,31.0,12.0,8.0,top: Gnar / jng: Naafiri / mid: Annie / bot: Ezreal / sup: Bard,2026-04-26,Weibo Gaming,top: Aurora / jng: Jarvan IV / mid: Mel / bot: Ashe / sup: Seraphine,1,-1.0,2683.0,2449.0,19.0,114.15142193816132,True,Grew by >500g
LOLTMNT02_389437,complete,LCP,Split 2,0,2026-04-26 11:41:25,1,16.08,200,Red,MVK Esports,oe:team:bc3824b0bbb8139d16109178faa4822,2109,1,3006.0,2104.0,39.0,7.0,3.0,337.0,-86.0,45.0,8.0,6.0,-232.0,-965.0,37.0,8.0,6.0,top: Vayne / jng: Jarvan IV / mid: Annie / bot: Ezreal / sup: Pyke,2026-04-26,CTBC Flying Oyster,top: Gnar / jng: Pantheon / mid: Ryze / bot: Yunara / sup: Lulu,0,2.0,-2669.0,-2190.0,6.0,35.275217218453236,True,Lead lost by 25
13243-13243_game_2,complete,LPL,Split 2,0,2026-04-26 12:20:44,2,16.08,200,Red,Bilibili Gaming,oe:team:d356a144644879dabb5f34cd99c886d,2108,1,-254.0,371.0,22.0,3.0,2.0,834.0,1083.0,15.0,6.0,5.0,2032.0,3716.0,43.0,7.0,7.0,top: Varus / jng: Wukong / mid: Azir / bot: Miss Fortune / sup: Nautilus,2026-04-26,Weibo Gaming,top: Ambessa / jng: Vi / mid: LeBlanc / bot: Jhin / sup: Karma,0,1.0,1088.0,712.0,-7.0,114.15142193816132,True,Grew by >500g
LOLTMNT02_389476,complete,LCP,Split 2,0,2026-04-26 12:37:30,2,16.08,200,Red,MVK Esports,oe:team:bc3824b0bbb8139d16109178faa4822,1935,1,-1356.0,1048.0,76.0,4.0,7.0,3117.0,1579.0,94.0,8.0,8.0,2380.0,-220.0,66.0,11.0,10.0,top: K'Sante / jng: Wukong / mid: Hwei / bot: Kalista / sup: Karma,2026-04-26,CTBC Flying Oyster,top: Rumble / jng: Naafiri / mid: Aurora / bot: Sivir / sup: Yuumi,0,0.0,4473.0,531.0,18.0,35.275217218453236,True,Shrank by >500g
LOLTMNT05_185596,complete,LEC,Spring,0,2026-04-26 15:15:52,1,16.08,100,Blue,Natus Vincere,oe:team:d2ba9f92d85cff67d60aaad88e61048,2666,1,1856.0,1286.0,-2.0,8.0,4.0,981.0,-765.0,19.0,8.0,7.0,1391.0,2164.0,30.0,11.0,11.0,top: Rumble / jng: Xin Zhao / mid: Viktor / bot: Ashe / sup: Seraphine,2026-04-26,Shifters,top: Aurora / jng: Darius / mid: Ryze / bot: Ezreal / sup: Karma,1,1.0,-875.0,-2051.0,21.0,98.72077465892448,True,Within 500g
LOLTMNT02_389612,complete,CBLOL,Split 1,0,2026-04-26 16:10:23,1,16.08,100,Blue,FURIA,oe:team:87e3e1e75839f75a10bbc66e894d806,2556,0,-21.0,1084.0,17.0,5.0,5.0,2787.0,2949.0,34.0,8.0,5.0,7273.0,7234.0,63.0,13.0,8.0,top: K'Sante / jng: Aatrox / mid: Akali / bot: Ashe / sup: Seraphine,2026-04-26,LOUD,top: Vayne / jng: Naafiri / mid: Orianna / bot: Jhin / sup: Bard,1,3.0,2808.0,1865.0,17.0,-4.928870992572456,True,Grew by >500g
LOLTMNT05_185599,complete,LEC,Spring,0,2026-04-26 16:25:18,2,16.08,200,Red,Shifters,oe:team:a2065488a11a2c0a2403a7b347eec61,1877,1,2058.0,562.0,31.0,5.0,3.0,8416.0,5642.0,51.0,12.0,3.0,8776.0,6477.0,39.0,12.0,3.0,top: Jayce / jng: Shen / mid: Anivia / bot: Lucian / sup: Milio,2026-04-26,Natus Vincere,top: K'Sante / jng: Vi / mid: Ahri / bot: Corki / sup: Nami,0,9.0,6358.0,5080.0,20.0,-98.72077465892448,True,Within 500g
LOLTMNT02_389640,complete,CBLOL,Split 1,0,2026-04-26 17:11:45,2,16.08,100,Blue,LOUD,oe:team:658a021a796aa5501503220adb38cf4,2287,0,1364.0,1816.0,44.0,1.0,2.0,2552.0,1698.0,27.0,3.0,3.0,3044.0,2459.0,30.0,4.0,4.0,top: Rumble / jng: Jayce / mid: Annie / bot: Caitlyn / sup: Neeko,2026-04-26,FURIA,top: Sion / jng: Lee Sin / mid: Ryze / bot: Ezreal / sup: Nami,1,0.0,1188.0,-118.0,-17.0,4.928870992572456,True,Within 500g
LOLTMNT05_186617,complete,LEC,Spring,0,2026-04-26 17:21:11,3,16.08,100,Blue,Natus Vincere,oe:team:d2ba9f92d85cff67d60aaad88e61048,2202,1,3316.0,1755.0,0.0,8.0,4.0,6042.0,4327.0,31.0,12.0,7.0,6787.0,5793.0,41.0,13.0,7.0,top: Renekton / jng: Qiyana / mid: Azir / bot: Jhin / sup: Neeko,2026-04-26,Shifters,top: Kennen / jng: Jarvan IV / mid: Taliyah / bot: Caitlyn / sup: Bard,1,5.0,2726.0,2572.0,31.0,98.72077465892448,True,Grew by >500g
LOLTMNT02_390531,complete,CBLOL,Split 1,0,2026-04-26 18:08:36,3,16.08,100,Blue,FURIA,oe:team:87e3e1e75839f75a10bbc66e894d806,1633,1,4745.0,3731.0,39.0,6.0,1.0,6022.0,5247.0,55.0,7.0,2.0,13789.0,9633.0,41.0,15.0,3.0,top: Volibear / jng: Xin Zhao / mid: Galio / bot: Lucian / sup: Yuumi,2026-04-26,LOUD,top: Renekton / jng: Zaahen / mid: Viktor / bot: Yunara / sup: Karma,1,5.0,1277.0,1516.0,16.0,-4.928870992572456,True,Grew by >500g
LOLTMNT05_185611,complete,LEC,Spring,0,2026-04-26 18:35:23,1,16.08,200,Red,Fnatic,oe:team:78f183fa5a7d8ecb22b9ad272c3abd7,1874,1,3585.0,1483.0,-11.0,8.0,1.0,3474.0,1932.0,0.0,11.0,2.0,1483.0,2191.0,-7.0,11.0,3.0,top: Ornn / jng: Jarvan IV / mid: Ryze / bot: Ezreal / sup: Soraka,2026-04-26,Karmine Corp,top: Rumble / jng: Xin Zhao / mid: Annie / bot: Yunara / sup: Bard,0,9.0,-111.0,449.0,11.0,-161.6390137410167,True,Shrank by >500g
LOLTMNT02_390565,complete,CBLOL,Split 1,0,2026-04-26 18:57:12,1,16.08,100,Blue,Vivo Keyd Stars,oe:team:b9e44c69c1a70fb35df9be96f9eafea,2284,1,6730.0,4416.0,74.0,9.0,0.0,1907.0,185.0,43.0,12.0,6.0,4850.0,3530.0,29.0,17.0,8.0,top: Ambessa / jng: Aatrox / mid: Annie / bot: Varus / sup: Lulu,2026-04-26,Leviatan,top: K'Sante / jng: Zaahen / mid: Galio / bot: Sivir / sup: Bard,1,6.0,-4823.0,-4231.0,-31.0,53.3621505176809,True,Grew by >500g
LOLTMNT05_185612,complete,LEC,Spring,0,2026-04-26 19:35:08,2,16.08,200,Red,Fnatic,oe:team:78f183fa5a7d8ecb22b9ad272c3abd7,2327,0,1738.0,234.0,-9.0,6.0,2.0,1481.0,371.0,-29.0,10.0,4.0,-2281.0,-6306.0,-91.0,11.0,6.0,top: Sion / jng: Nocturne / mid: Akali / bot: Lucian / sup: Milio,2026-04-26,Karmine Corp,top: Renekton / jng: Kha'Zix / mid: Azir / bot: Corki / sup: Nami,0,6.0,-257.0,137.0,-20.0,-161.6390137410167,True,Lead lost by 25
LOLTMNT02_390601,complete,CBLOL,Split 1,0,2026-04-26 19:52:56,2,16.08,100,Blue,Vivo Keyd Stars,oe:team:b9e44c69c1a70fb35df9be96f9eafea,1927,1,2325.0,1697.0,27.0,6.0,4.0,3397.0,3944.0,58.0,12.0,7.0,8030.0,8499.0,63.0,18.0,7.0,top: Sion / jng: Skarner / mid: Sylas / bot: Caitlyn / sup: Nami,2026-04-26,Leviatan,top: Rumble / jng: Trundle / mid: Anivia / bot: Ezreal / sup: Neeko,1,5.0,1072.0,2247.0,31.0,53.3621505176809,True,Grew by >500g
LOLTMNT02_390611,complete,LCS,Spring,0,2026-04-26 20:07:03,1,16.08,200,Red,LYON,oe:team:da1143bf9a245b78a8dc86417de85b3,2233,1,-1289.0,80.0,-29.0,1.0,1.0,228.0,1498.0,-16.0,4.0,2.0,-586.0,1992.0,-31.0,4.0,2.0,top: Sion / jng: Xin Zhao / mid: Orianna / bot: Yunara / sup: Lulu,2026-04-26,Disguised,top: Jayce / jng: Nocturne / mid: Akali / bot: Corki / sup: Nami,0,2.0,1517.0,1418.0,13.0,135.1892100312566,True,Lead lost by 25
LOLTMNT05_185613,complete,LEC,Spring,0,2026-04-26 20:41:34,3,16.08,200,Red,Karmine Corp,oe:team:f3aa9bbd924ce3af42ac53f8326bc7c,1962,1,1862.0,1048.0,34.0,3.0,3.0,3509.0,3019.0,60.0,6.0,5.0,6745.0,7356.0,63.0,10.0,5.0,top: Vayne / jng: Vi / mid: Aurora / bot: Sivir / sup: Lulu,2026-04-26,Fnatic,top: Ambessa / jng: Pantheon / mid: Viktor / bot: Jhin / sup: Karma,0,1.0,1647.0,1971.0,26.0,161.6390137410167,True,Grew by >500g
LOLTMNT02_390623,complete,LCS,Spring,0,2026-04-26 21:06:20,2,16.08,100,Blue,LYON,oe:team:da1143bf9a245b78a8dc86417de85b3,1790,1,3433.0,1718.0,41.0,6.0,2.0,4119.0,2935.0,41.0,9.0,5.0,6119.0,7287.0,46.0,16.0,8.0,top: Rumble / jng: Sejuani / mid: Yone / bot: Jhin / sup: Nautilus,2026-04-26,Disguised,top: Aurora / jng: Wukong / mid: Azir / bot: Vayne / sup: Bard,1,4.0,686.0,1217.0,0.0,135.1892100312566,True,Grew by >500g
LOLTMNT02_390637,complete,LCS,Spring,0,2026-04-26 21:56:04,1,16.08,100,Blue,Team Liquid,oe:team:8eb884e168f28402ce685bedebb5250,1421,1,1339.0,762.0,-13.0,3.0,1.0,4236.0,4454.0,20.0,8.0,2.0,,,,,,top: Ornn / jng: Pantheon / mid: Yone / bot: Ashe / sup: Seraphine,2026-04-26,Sentinels,top: Zaahen / jng: Jarvan IV / mid: Ryze / bot: Jhin / sup: Rumble,1,6.0,2897.0,3692.0,33.0,50.697158504594654,True,Won before 25
LOLTMNT02_390647,complete,LCS,Spring,0,2026-04-26 22:39:07,2,16.08,100,Blue,Team Liquid,oe:team:8eb884e168f28402ce685bedebb5250,2906,0,637.0,1258.0,84.0,4.0,8.0,2682.0,2022.0,75.0,6.0,8.0,802.0,-832.0,75.0,7.0,12.0,top: Gnar / jng: Xin Zhao / mid: LeBlanc / bot: Ezreal / sup: Karma,2026-04-26,Sentinels,top: Varus / jng: Trundle / mid: Aurora / bot: Caitlyn / sup: Bard,1,-2.0,2045.0,764.0,-9.0,50.697158504594654,True,Shrank by >500g
LOLTMNT02_390651,complete,LCS,Spring,0,2026-04-26 23:48:02,3,16.08,100,Blue,Team Liquid,oe:team:8eb884e168f28402ce685bedebb5250,1797,1,2552.0,1737.0,62.0,2.0,3.0,1939.0,903.0,54.0,5.0,7.0,6229.0,5525.0,45.0,9.0,8.0,top: Sion / jng: Naafiri / mid: Annie / bot: Lucian / sup: Nami,2026-04-26,Sentinels,top: Renekton / jng: Vi / mid: Galio / bot: Kai'Sa / sup: Rakan,1,-2.0,-613.0,-834.0,-8.0,50.697158504594654,True,Grew by >500g
13244-13244_game_1,complete,LPL,Split 2,0,2026-04-28 09:13:28,1,16.08,200,Red,Anyone's Legend,oe:team:ed28f87f0cfdba0a2a8f183cebae73a,1627,1,-884.0,-890.0,-18.0,1.0,1.0,1250.0,2526.0,26.0,4.0,1.0,8101.0,9725.0,45.0,9.0,1.0,top: Shen / jng: Jarvan IV / mid: Azir / bot: Ezreal / sup: Bard,2026-04-28,Invictus Gaming,top: Sion / jng: Pantheon / mid: LeBlanc / bot: Lucian / sup: Milio,0,3.0,2134.0,3416.0,44.0,90.77902615368362,True,Grew by >500g
13244-13244_game_2,complete,LPL,Split 2,0,2026-04-28 10:06:13,2,16.08,200,Red,Invictus Gaming,oe:team:53a258f289c26d94431c0496a54e151,2336,0,-447.0,-850.0,-53.0,3.0,2.0,187.0,-1361.0,-78.0,5.0,4.0,-883.0,-2896.0,-120.0,5.0,4.0,top: Gnar / jng: Xin Zhao / mid: Galio / bot: Jhin / sup: Seraphine,2026-04-28,Anyone's Legend,top: Rumble / jng: Nocturne / mid: Yone / bot: Ashe / sup: Neeko,0,1.0,634.0,-511.0,-25.0,-90.77902615368362,True,Lead lost by 25
13245-13245_game_1,complete,LPL,Split 2,0,2026-04-28 11:23:55,1,16.08,200,Red,Weibo Gaming,oe:team:606c6ac695907af3823ee6405c58ff1,2281,1,910.0,28.0,-22.0,3.0,1.0,1503.0,1782.0,7.0,3.0,1.0,4305.0,2691.0,25.0,3.0,1.0,top: Jayce / jng: Vi / mid: Ryze / bot: Varus / sup: Rakan,2026-04-28,Top Esports,top: K'Sante / jng: Pantheon / mid: Azir / bot: Corki / sup: Nami,0,2.0,593.0,1754.0,29.0,-133.35251540894137,True,Grew by >500g
13245-13245_game_2,complete,LPL,Split 2,0,2026-04-28 12:25:38,2,16.08,200,Red,Weibo Gaming,oe:team:606c6ac695907af3823ee6405c58ff1,2161,1,3113.0,1851.0,11.0,5.0,0.0,3880.0,2418.0,16.0,10.0,3.0,-105.0,-3781.0,-5.0,14.0,9.0,top: Ambessa / jng: Naafiri / mid: Annie / bot: Ezreal / sup: Bard,2026-04-28,Top Esports,top: Gnar / jng: Xin Zhao / mid: Ahri / bot: Ashe / sup: Seraphine,0,7.0,767.0,567.0,5.0,-133.35251540894137,True,Lead lost by 25
LOLTMNT05_185757,complete,LCK,Rounds 1-2,0,2026-04-29 08:05:12,1,16.08,200,Red,T1,oe:team:ce499dea30cfce118f4fe85da0227e8,1789,1,2612.0,1731.0,25.0,6.0,3.0,4787.0,4018.0,39.0,12.0,6.0,9091.0,9485.0,87.0,17.0,7.0,top: Anivia / jng: Xin Zhao / mid: Akali / bot: Jhin / sup: Karma,2026-04-29,Nongshim RedForce,top: Sion / jng: Jarvan IV / mid: Azir / bot: Ezreal / sup: Neeko,0,6.0,2175.0,2287.0,14.0,101.07162453286969,True,Grew by >500g
LOLTMNT05_185758,complete,LCK,Rounds 1-2,0,2026-04-29 08:56:14,2,16.08,100,Blue,T1,oe:team:ce499dea30cfce118f4fe85da0227e8,1787,1,2044.0,-211.0,-2.0,7.0,5.0,5807.0,2507.0,17.0,13.0,8.0,7496.0,5229.0,31.0,16.0,10.0,top: Ambessa / jng: Nocturne / mid: Twisted Fate / bot: Kog'Maw / sup: Lulu,2026-04-29,Nongshim RedForce,top: Rumble / jng: Pantheon / mid: Aurora / bot: Kalista / sup: Renata Glasc,1,5.0,3763.0,2718.0,19.0,101.07162453286969,True,Grew by >500g
13246-13246_game_1,complete,LPL,Split 2,0,2026-04-29 09:19:47,1,16.08,100,Blue,JD Gaming,oe:team:b42d0f31f2727621b963042276817c4,1861,1,1546.0,1557.0,28.0,3.0,2.0,1560.0,1073.0,36.0,7.0,6.0,2682.0,4005.0,69.0,7.0,6.0,top: Ambessa / jng: Trundle / mid: Ryze / bot: Ashe / sup: Seraphine,2026-04-29,Ninjas in Pyjamas,top: Rumble / jng: Nocturne / mid: Ahri / bot: Jhin / sup: Karma,1,1.0,14.0,-484.0,8.0,30.053451468807225,True,Grew by >500g
LOLTMNT05_185774,complete,LCK,Rounds 1-2,0,2026-04-29 10:15:19,1,16.08,200,Red,Hanwha Life Esports,oe:team:3a1d18f46bcb3716ebcfcf4ef068934,1750,1,626.0,2259.0,4.0,5.0,4.0,1417.0,2918.0,10.0,8.0,6.0,2861.0,5407.0,9.0,14.0,11.0,top: Yorick / jng: Vi / mid: Aurora / bot: Ashe / sup: Seraphine,2026-04-29,KT Rolster,top: Jayce / jng: Pantheon / mid: Annie / bot: Ezreal / sup: Nautilus,0,2.0,791.0,659.0,6.0,-24.262801243454078,True,Grew by >500g
13246-13246_game_2,complete,LPL,Split 2,0,2026-04-29 10:16:40,2,16.08,100,Blue,Ninjas in Pyjamas,oe:team:48d7941ccbd5b89aca46c57b0c2f8fb,2246,0,-408.0,-921.0,1.0,6.0,7.0,81.0,-264.0,-4.0,8.0,9.0,-502.0,-1.0,33.0,8.0,12.0,top: Gnar / jng: Pantheon / mid: Azir / bot: Yunara / sup: Lulu,2026-04-29,JD Gaming,top: Renekton / jng: Jarvan IV / mid: Aurora / bot: Corki / sup: Nami,1,-1.0,489.0,657.0,-5.0,-30.053451468807225,True,Lead lost by 25
LOLTMNT05_185776,complete,LCK,Rounds 1-2,0,2026-04-29 11:07:22,2,16.08,100,Blue,Hanwha Life Esports,oe:team:3a1d18f46bcb3716ebcfcf4ef068934,1878,1,3027.0,594.0,6.0,6.0,2.0,5236.0,1922.0,0.0,11.0,4.0,6795.0,2813.0,46.0,13.0,5.0,top: Jax / jng: Jarvan IV / mid: Ahri / bot: Lucian / sup: Milio,2026-04-29,KT Rolster,top: Renekton / jng: Xin Zhao / mid: Anivia / bot: Yunara / sup: Lulu,1,7.0,2209.0,1328.0,-6.0,-24.262801243454078,True,Grew by >500g
13247-13247_game_1,complete,LPL,Split 2,0,2026-04-29 11:33:11,1,16.08,100,Blue,Bilibili Gaming,oe:team:d356a144644879dabb5f34cd99c886d,2050,1,778.0,1090.0,63.0,3.0,6.0,6597.0,6849.0,119.0,10.0,8.0,3687.0,369.0,126.0,12.0,13.0,top: Vayne / jng: Jarvan IV / mid: Annie / bot: Ezreal / sup: Bard,2026-04-29,Team WE,top: Sion / jng: Xin Zhao / mid: Ahri / bot: Jhin / sup: Karma,1,2.0,5819.0,5759.0,56.0,246.49555870318363,True,Shrank by >500g
13247-13247_game_2,complete,LPL,Split 2,0,2026-04-29 12:35:06,2,16.08,100,Blue,Team WE,oe:team:62c1cd9465dc63824593ee5046f5aa8,2591,0,865.0,19.0,-5.0,6.0,2.0,1025.0,528.0,-3.0,8.0,4.0,1074.0,16.0,-1.0,9.0,5.0,top: K'Sante / jng: Trundle / mid: Akali / bot: Varus / sup: Camille,2026-04-29,Bilibili Gaming,top: Jayce / jng: Pantheon / mid: Orianna / bot: Corki / sup: Rakan,1,4.0,160.0,509.0,2.0,-246.49555870318363,True,Within 500g
LOLTMNT02_394110,complete,LCK,Rounds 1-2,0,2026-04-30 08:06:44,1,16.08,100,Blue,Gen.G,oe:team:50f58982d91a36557ec8aec52ab014f,1573,1,3822.0,1552.0,29.0,7.0,1.0,6869.0,4048.0,71.0,11.0,3.0,10011.0,6388.0,83.0,14.0,3.0,top: Renekton / jng: Jarvan IV / mid: Annie / bot: Ashe / sup: Seraphine,2026-04-30,Kiwoom DRX,top: Gnar / jng: Pantheon / mid: Aurora / bot: Ezreal / sup: Neeko,1,8.0,3047.0,2496.0,42.0,223.24043237951173,True,Grew by >500g
LOLTMNT02_395085,complete,LCK,Rounds 1-2,0,2026-04-30 08:55:13,2,16.08,100,Blue,Kiwoom DRX,oe:team:1d0389df0c5eea93b04122ba167c010,1840,1,3888.0,4718.0,0.0,13.0,5.0,4427.0,2781.0,-27.0,13.0,5.0,3624.0,3543.0,-15.0,21.0,12.0,top: Rumble / jng: Wukong / mid: Ryze / bot: Lucian / sup: Milio,2026-04-30,Gen.G,top: Jayce / jng: Vi / mid: Akali / bot: Yunara / sup: Lulu,1,8.0,539.0,-1937.0,-27.0,-223.24043237951173,True,Shrank by >500g
13248-13248_game_1,complete,LPL,Split 2,0,2026-04-30 09:13:37,1,16.08,100,Blue,ThunderTalk Gaming,oe:team:df80f468a3f9a722df056fe9104f052,1628,1,3681.0,1011.0,42.0,4.0,1.0,4780.0,867.0,46.0,5.0,2.0,10675.0,10207.0,52.0,15.0,3.0,top: Jayce / jng: Pantheon / mid: Ryze / bot: Ashe / sup: Seraphine,2026-04-30,LGD Gaming,top: Sion / jng: Xin Zhao / mid: Azir / bot: Ezreal / sup: Bard,1,3.0,1099.0,-144.0,4.0,-64.41592317704976,True,Grew by >500g
LOLTMNT02_395093,complete,LCK,Rounds 1-2,0,2026-04-30 09:47:45,3,16.08,200,Red,Gen.G,oe:team:50f58982d91a36557ec8aec52ab014f,2272,1,759.0,693.0,45.0,0.0,1.0,2391.0,1741.0,79.0,3.0,3.0,4793.0,3102.0,104.0,7.0,5.0,top: K'Sante / jng: Trundle / mid: Sylas / bot: Jhin / sup: Bard,2026-04-30,Kiwoom DRX,top: Shen / jng: Xin Zhao / mid: Viktor / bot: Miss Fortune / sup: Nautilus,0,0.0,1632.0,1048.0,34.0,223.24043237951173,True,Grew by >500g
13248-13248_game_2,complete,LPL,Split 2,0,2026-04-30 10:02:35,2,16.08,200,Red,LGD Gaming,oe:team:5f401785b6b78326f9a46b3c6b206ed,1590,1,278.0,278.0,-12.0,2.0,1.0,1582.0,2395.0,-10.0,3.0,1.0,5424.0,4771.0,-11.0,6.0,1.0,top: Rumble / jng: Trundle / mid: Ahri / bot: Yunara / sup: Lulu,2026-04-30,ThunderTalk Gaming,top: K'Sante / jng: Naafiri / mid: Annie / bot: Lucian / sup: Milio,0,2.0,1304.0,2117.0,2.0,64.41592317704976,True,Grew by >500g
13248-13248_game_3,complete,LPL,Split 2,0,2026-04-30 10:52:15,3,16.08,100,Blue,LGD Gaming,oe:team:5f401785b6b78326f9a46b3c6b206ed,2085,1,1342.0,809.0,-22.0,2.0,1.0,994.0,-757.0,-60.0,6.0,4.0,1582.0,1650.0,-59.0,7.0,4.0,top: Renekton / jng: Skarner / mid: Ziggs / bot: Corki / sup: Rell,2026-04-30,ThunderTalk Gaming,top: Ambessa / jng: Jarvan IV / mid: Aurora / bot: Jinx / sup: Nautilus,1,2.0,-348.0,-1566.0,-38.0,64.41592317704976,True,Grew by >500g
LOLTMNT02_394154,complete,LCK,Rounds 1-2,0,2026-04-30 11:13:48,1,16.08,200,Red,Dplus Kia,oe:team:ef69efa6acebe94107f0cf1ba716806,1924,1,479.0,-436.0,-12.0,3.0,2.0,1788.0,2136.0,10.0,6.0,2.0,3807.0,1319.0,6.0,11.0,5.0,top: Jayce / jng: Lee Sin / mid: Annie / bot: Zeri / sup: Yuumi,2026-04-30,BNK FEARX,top: K'Sante / jng: Jarvan IV / mid: Ryze / bot: Lucian / sup: Milio,0,4.0,1309.0,2572.0,22.0,73.8160352624559,True,Grew by >500g
13249-13249_game_1,complete,LPL,Split 2,0,2026-04-30 12:06:50,1,16.08,100,Blue,EDward Gaming,oe:team:056c3140a119e44a03d462e2c832f27,1853,1,2554.0,2597.0,84.0,4.0,3.0,4442.0,1820.0,109.0,4.0,4.0,7428.0,7093.0,117.0,6.0,4.0,top: Gnar / jng: Nocturne / mid: Aurora / bot: Lucian / sup: Milio,2026-04-30,Ultra Prime,top: Ambessa / jng: Jarvan IV / mid: Ahri / bot: Ashe / sup: Seraphine,1,0.0,1888.0,-777.0,25.0,60.036943047537534,True,Grew by >500g
LOLTMNT02_395149,complete,LCK,Rounds 1-2,0,2026-04-30 12:08:17,2,16.08,200,Red,Dplus Kia,oe:team:ef69efa6acebe94107f0cf1ba716806,1694,1,126.0,-54.0,23.0,4.0,4.0,2794.0,1539.0,61.0,5.0,4.0,3229.0,2879.0,57.0,8.0,5.0,top: Gnar / jng: Trundle / mid: Ahri / bot: Ashe / sup: Lulu,2026-04-30,BNK FEARX,top: Ambessa / jng: Xin Zhao / mid: Akali / bot: Ezreal / sup: Seraphine,0,1.0,2668.0,1593.0,38.0,73.8160352624559,True,Within 500g
13249-13249_game_2,complete,LPL,Split 2,0,2026-04-30 12:58:42,2,16.08,100,Blue,EDward Gaming,oe:team:056c3140a119e44a03d462e2c832f27,2373,0,-811.0,-1679.0,-21.0,0.0,3.0,82.0,-949.0,0.0,2.0,4.0,-547.0,-463.0,4.0,3.0,6.0,top: Sion / jng: Xin Zhao / mid: Malzahar / bot: Yunara / sup: Lulu,2026-04-30,Ultra Prime,top: Yorick / jng: Pantheon / mid: Ryze / bot: Ezreal / sup: Anivia,1,-2.0,893.0,730.0,21.0,60.036943047537534,True,Lead lost by 25
13249-13249_game_3,complete,LPL,Split 2,0,2026-04-30 14:04:33,3,16.08,100,Blue,EDward Gaming,oe:team:056c3140a119e44a03d462e2c832f27,2187,1,3074.0,1744.0,20.0,5.0,2.0,2216.0,612.0,12.0,5.0,3.0,-1764.0,-1481.0,17.0,6.0,10.0,top: Rumble / jng: Skarner / mid: Azir / bot: Jhin / sup: Rell,2026-04-30,Ultra Prime,top: K'Sante / jng: Vi / mid: Sylas / bot: Corki / sup: Rakan,1,2.0,-858.0,-1132.0,-8.0,60.036943047537534,True,Lead lost by 25
LOLTMNT02_395369,complete,LCK,Rounds 1-2,0,2026-05-01 08:06:11,1,16.08,100,Blue,HANJIN BRION,oe:team:b77b3f6068e20a2b3edc0ecd3dc70d4,1853,1,2214.0,636.0,6.0,2.0,0.0,4018.0,1997.0,35.0,5.0,1.0,4441.0,2763.0,34.0,5.0,1.0,top: Gnar / jng: Xin Zhao / mid: Annie / bot: Lucian / sup: Milio,2026-05-01,DN SOOPers,top: Renekton / jng: Jarvan IV / mid: Aurora / bot: Yunara / sup: Lulu,1,4.0,1804.0,1361.0,29.0,-9.978214575631227,True,Within 500g
LOLTMNT02_394364,complete,LCK,Rounds 1-2,0,2026-05-01 08:58:55,2,16.08,100,Blue,HANJIN BRION,oe:team:b77b3f6068e20a2b3edc0ecd3dc70d4,2139,1,-721.0,-42.0,-33.0,3.0,3.0,2300.0,1562.0,-19.0,9.0,6.0,4925.0,3483.0,16.0,10.0,6.0,top: Ambessa / jng: Nocturne / mid: Galio / bot: Corki / sup: Neeko,2026-05-01,DN SOOPers,top: Rumble / jng: Vi / mid: Ahri / bot: Jhin / sup: Alistar,1,3.0,3021.0,1604.0,14.0,-9.978214575631227,True,Grew by >500g
13250-13250_game_1,complete,LPL,Split 2,0,2026-05-01 09:14:43,1,16.08,200,Red,Top Esports,oe:team:fcec508e780bbd1ad493852640f5b36,1967,0,-489.0,-962.0,4.0,2.0,4.0,768.0,885.0,30.0,7.0,8.0,-1702.0,-940.0,-1.0,7.0,11.0,top: Jayce / jng: Xin Zhao / mid: Annie / bot: Jhin / sup: Karma,2026-05-01,Anyone's Legend,top: Sion / jng: Pantheon / mid: Ryze / bot: Ezreal / sup: Seraphine,0,-1.0,1257.0,1847.0,26.0,16.422057247347766,True,Lead lost by 25
13250-13250_game_2,complete,LPL,Split 2,0,2026-05-01 10:12:33,2,16.08,100,Blue,Anyone's Legend,oe:team:ed28f87f0cfdba0a2a8f183cebae73a,1903,1,4857.0,4664.0,29.0,8.0,1.0,5356.0,5130.0,13.0,12.0,2.0,7611.0,7192.0,48.0,13.0,2.0,top: Ambessa / jng: Skarner / mid: Azir / bot: Varus / sup: Neeko,2026-05-01,Top Esports,top: Gwen / jng: Naafiri / mid: Yone / bot: Lucian / sup: Milio,1,10.0,499.0,466.0,-16.0,-16.422057247347766,True,Grew by >500g
LOLTMNT02_395396,complete,LCK,Rounds 1-2,0,2026-05-01 10:22:34,1,16.08,200,Red,T1,oe:team:ce499dea30cfce118f4fe85da0227e8,2007,0,2108.0,2406.0,26.0,11.0,5.0,462.0,394.0,14.0,11.0,6.0,2346.0,3005.0,23.0,16.0,8.0,top: Varus / jng: Nocturne / mid: Annie / bot: Jhin / sup: Karma,2026-05-01,Hanwha Life Esports,top: Yorick / jng: Jarvan IV / mid: Azir / bot: Miss Fortune / sup: Bard,0,5.0,-1646.0,-2012.0,-12.0,-3.471613737462576,True,Grew by >500g
LOLTMNT02_395404,complete,LCK,Rounds 1-2,0,2026-05-01 11:19:40,2,16.08,100,Blue,Hanwha Life Esports,oe:team:3a1d18f46bcb3716ebcfcf4ef068934,2088,0,-132.0,737.0,18.0,4.0,3.0,2471.0,2768.0,43.0,7.0,4.0,-1371.0,496.0,12.0,7.0,8.0,top: Gwen / jng: Xin Zhao / mid: Anivia / bot: Lucian / sup: Alistar,2026-05-01,T1,top: Sion / jng: Lee Sin / mid: Twisted Fate / bot: Aphelios / sup: Milio,1,3.0,2603.0,2031.0,25.0,3.471613737462576,True,Lead lost by 25
13251-13251_game_1,complete,LPL,Split 2,0,2026-05-01 11:34:18,1,16.08,200,Red,Weibo Gaming,oe:team:606c6ac695907af3823ee6405c58ff1,2170,1,123.0,-1801.0,-11.0,4.0,4.0,606.0,-2106.0,3.0,4.0,5.0,-32.0,-914.0,16.0,8.0,10.0,top: Rumble / jng: Vi / mid: Ryze / bot: Miss Fortune / sup: Nautilus,2026-05-01,Invictus Gaming,top: Ambessa / jng: Pantheon / mid: Akali / bot: Jhin / sup: Karma,0,-1.0,483.0,-305.0,14.0,58.269551075948584,True,Lead lost by 25
LOLTMNT02_395414,complete,LCK,Rounds 1-2,0,2026-05-01 12:17:37,3,16.08,200,Red,Hanwha Life Esports,oe:team:3a1d18f46bcb3716ebcfcf4ef068934,1806,1,3625.0,3422.0,76.0,5.0,3.0,4069.0,2666.0,72.0,9.0,7.0,5178.0,4906.0,90.0,10.0,7.0,top: Jayce / jng: Vi / mid: Ahri / bot: Xayah / sup: Rakan,2026-05-01,T1,top: Gragas / jng: Pantheon / mid: Aurora / bot: Kai'Sa / sup: Poppy,0,2.0,444.0,-756.0,-4.0,3.471613737462576,True,Grew by >500g
13251-13251_game_2,complete,LPL,Split 2,0,2026-05-01 12:34:20,2,16.08,200,Red,Invictus Gaming,oe:team:53a258f289c26d94431c0496a54e151,2028,1,1491.0,1872.0,18.0,4.0,3.0,3011.0,3093.0,7.0,7.0,4.0,-178.0,-265.0,1.0,10.0,10.0,top: Gnar / jng: Xin Zhao / mid: Annie / bot: Caitlyn / sup: Lux,2026-05-01,Weibo Gaming,top: Jayce / jng: Maokai / mid: Azir / bot: Lucian / sup: Milio,0,3.0,1520.0,1221.0,-11.0,-58.269551075948584,True,Lead lost by 25
13251-13251_game_3,complete,LPL,Split 2,0,2026-05-01 13:30:27,3,16.08,100,Blue,Invictus Gaming,oe:team:53a258f289c26d94431c0496a54e151,1608,1,2878.0,1092.0,-16.0,6.0,1.0,4424.0,4.0,-28.0,9.0,2.0,9156.0,7647.0,-7.0,16.0,4.0,top: Renekton / jng: Wukong / mid: Viktor / bot: Yunara / sup: Lulu,2026-05-01,Weibo Gaming,top: Jax / jng: Nocturne / mid: Twisted Fate / bot: Corki / sup: Nami,1,7.0,1546.0,-1088.0,-12.0,-58.269551075948584,True,Grew by >500g
13252-13252_game_1,complete,LPL,Split 2,0,2026-05-02 07:12:44,1,16.08,100,Blue,Team WE,oe:team:62c1cd9465dc63824593ee5046f5aa8,2247,1,-1968.0,-1557.0,-63.0,6.0,4.0,2905.0,2687.0,-31.0,11.0,4.0,1006.0,689.0,-55.0,11.0,5.0,top: Sion / jng: Xin Zhao / mid: Ryze / bot: Ezreal / sup: Nautilus,2026-05-02,JD Gaming,top: Renekton / jng: Nocturne / mid: Cassiopeia / bot: Caitlyn / sup: Karma,1,7.0,4873.0,4244.0,32.0,-207.27239598128267,True,Shrank by >500g
LOLTMNT02_395585,complete,LCK,Rounds 1-2,0,2026-05-02 08:06:29,1,16.08,100,Blue,Dplus Kia,oe:team:ef69efa6acebe94107f0cf1ba716806,1635,0,1157.0,-453.0,-13.0,2.0,2.0,656.0,-2243.0,-10.0,2.0,3.0,-1325.0,-8630.0,-26.0,4.0,7.0,top: Jayce / jng: Lee Sin / mid: Annie / bot: Lucian / sup: Nami,2026-05-02,Gen.G,top: Sion / jng: Xin Zhao / mid: Ryze / bot: Caitlyn / sup: Bard,1,-1.0,-501.0,-1790.0,3.0,-61.76346679800508,True,Lead lost by 25
13252-13252_game_2,complete,LPL,Split 2,0,2026-05-02 08:11:32,2,16.08,100,Blue,JD Gaming,oe:team:b42d0f31f2727621b963042276817c4,1649,1,6519.0,4209.0,100.0,4.0,1.0,10730.0,8497.0,115.0,8.0,1.0,12473.0,9373.0,117.0,12.0,3.0,top: Gnar / jng: Vi / mid: Twisted Fate / bot: Lucian / sup: Milio,2026-05-02,Team WE,top: K'Sante / jng: Pantheon / mid: Sylas / bot: Yunara / sup: Lulu,1,7.0,4211.0,4288.0,15.0,207.27239598128267,True,Grew by >500g
LOLTMNT02_395589,complete,LCK,Rounds 1-2,0,2026-05-02 08:55:15,2,16.08,200,Red,Dplus Kia,oe:team:ef69efa6acebe94107f0cf1ba716806,1888,1,1037.0,1573.0,33.0,2.0,2.0,3095.0,3469.0,50.0,3.0,3.0,6573.0,5349.0,72.0,8.0,6.0,top: Gnar / jng: Jarvan IV / mid: Ahri / bot: Mel / sup: Pyke,2026-05-02,Gen.G,top: Aatrox / jng: Vi / mid: Aurora / bot: Ashe / sup: Seraphine,0,0.0,2058.0,1896.0,17.0,-61.76346679800508,True,Grew by >500g
13252-13252_game_3,complete,LPL,Split 2,0,2026-05-02 09:03:51,3,16.08,100,Blue,JD Gaming,oe:team:b42d0f31f2727621b963042276817c4,1669,1,3202.0,1450.0,41.0,7.0,1.0,5600.0,3963.0,64.0,13.0,4.0,7189.0,7165.0,84.0,18.0,6.0,top: Naafiri / jng: Jarvan IV / mid: Aurora / bot: Jhin / sup: Neeko,2026-05-02,Team WE,top: Varus / jng: Aatrox / mid: Azir / bot: Corki / sup: Nami,1,9.0,2398.0,2513.0,23.0,207.27239598128267,True,Grew by >500g
LOLTMNT01_369770,complete,LCP,Split 2,0,2026-05-02 09:19:22,1,16.09,200,Red,MVK Esports,oe:team:bc3824b0bbb8139d16109178faa4822,1804,1,2530.0,1347.0,45.0,4.0,2.0,1690.0,191.0,46.0,5.0,4.0,4387.0,1806.0,52.0,8.0,5.0,top: Yorick / jng: Jarvan IV / mid: Cassiopeia / bot: Ashe / sup: Seraphine,2026-05-02,Ground Zero Gaming,top: Ambessa / jng: Xin Zhao / mid: Ryze / bot: Lucian / sup: Milio,0,1.0,-840.0,-1156.0,1.0,51.745148478776855,True,Grew by >500g
LOLTMNT02_394531,complete,LCK,Rounds 1-2,0,2026-05-02 09:50:07,3,16.08,200,Red,Gen.G,oe:team:50f58982d91a36557ec8aec52ab014f,1624,1,2552.0,2637.0,38.0,4.0,2.0,5921.0,4877.0,50.0,6.0,2.0,12041.0,11525.0,76.0,10.0,3.0,top: Nidalee / jng: Skarner / mid: Sylas / bot: Ezreal / sup: Karma,2026-05-02,Dplus Kia,top: Renekton / jng: Pantheon / mid: Orianna / bot: Sivir / sup: Rakan,0,4.0,3369.0,2240.0,12.0,61.76346679800508,True,Grew by >500g
LOLTMNT01_369789,complete,LCP,Split 2,0,2026-05-02 10:09:44,2,16.09,200,Red,MVK Esports,oe:team:bc3824b0bbb8139d16109178faa4822,1808,1,163.0,-88.0,-14.0,8.0,7.0,3315.0,3685.0,23.0,13.0,8.0,5967.0,7610.0,45.0,18.0,9.0,top: Rumble / jng: Naafiri / mid: Hwei / bot: Jhin / sup: Pyke,2026-05-02,Ground Zero Gaming,top: Sion / jng: Vi / mid: Orianna / bot: Varus / sup: Nautilus,0,5.0,3152.0,3773.0,37.0,51.745148478776855,True,Grew by >500g
13253-13253_game_1,complete,LPL,Split 2,0,2026-05-02 10:17:29,1,16.08,200,Red,Top Esports,oe:team:fcec508e780bbd1ad493852640f5b36,1555,1,1357.0,-16.0,17.0,4.0,2.0,4998.0,4963.0,40.0,13.0,4.0,8099.0,7033.0,0.0,18.0,4.0,top: Rumble / jng: Vi / mid: Annie / bot: Miss Fortune / sup: Nautilus,2026-05-02,Weibo Gaming,top: Ambessa / jng: Pantheon / mid: Ryze / bot: Corki / sup: Alistar,0,9.0,3641.0,4979.0,23.0,72.75184595369706,True,Grew by >500g
LOLTMNT02_394554,complete,LCK,Rounds 1-2,0,2026-05-02 11:03:54,1,16.08,100,Blue,Kiwoom DRX,oe:team:1d0389df0c5eea93b04122ba167c010,1712,1,-464.0,-1126.0,-5.0,5.0,4.0,3479.0,2511.0,-3.0,10.0,4.0,6519.0,8026.0,1.0,17.0,5.0,top: Gnar / jng: Jarvan IV / mid: Ryze / bot: Ashe / sup: Seraphine,2026-05-02,Nongshim RedForce,top: Vayne / jng: Lee Sin / mid: Anivia / bot: Ezreal / sup: Neeko,1,6.0,3943.0,3637.0,2.0,-36.12979141950041,True,Grew by >500g
13253-13253_game_2,complete,LPL,Split 2,0,2026-05-02 11:08:56,2,16.08,100,Blue,Top Esports,oe:team:fcec508e780bbd1ad493852640f5b36,1742,1,1962.0,1296.0,0.0,4.0,3.0,5214.0,2693.0,10.0,8.0,3.0,9156.0,9845.0,56.0,12.0,4.0,top: Renekton / jng: Jarvan IV / mid: Yone / bot: Ezreal / sup: Seraphine,2026-05-02,Weibo Gaming,top: Aurora / jng: Skarner / mid: Azir / bot: Caitlyn / sup: Karma,1,5.0,3252.0,1397.0,10.0,72.75184595369706,True,Grew by >500g
LOLTMNT01_369848,complete,LCP,Split 2,0,2026-05-02 11:17:30,1,16.09,200,Red,GAM Esports,oe:team:9cae7677cd0dbcc1cd86653870b73c2,2074,0,3147.0,1396.0,4.0,5.0,2.0,3862.0,683.0,11.0,8.0,4.0,4307.0,2864.0,16.0,8.0,5.0,top: Gnar / jng: Naafiri / mid: Ryze / bot: Sivir / sup: Karma,2026-05-02,Deep Cross Gaming,top: Vayne / jng: Jarvan IV / mid: Anivia / bot: Ezreal / sup: Alistar,0,4.0,715.0,-713.0,7.0,3.410835038409914,True,Within 500g
LOLTMNT02_395635,complete,LCK,Rounds 1-2,0,2026-05-02 11:52:31,2,16.08,200,Red,Nongshim RedForce,oe:team:5cd2cd09ec94296f605dd13a2924d6c,2273,0,2.0,-493.0,-1.0,4.0,5.0,103.0,-772.0,11.0,5.0,8.0,-2213.0,-2644.0,4.0,7.0,12.0,top: Sion / jng: Trundle / mid: Hwei / bot: Lucian / sup: Milio,2026-05-02,Kiwoom DRX,top: Renekton / jng: Xin Zhao / mid: Annie / bot: Yunara / sup: Nautilus,0,-3.0,101.0,-279.0,12.0,36.12979141950041,True,Lead lost by 25
LOLTMNT01_370826,complete,LCP,Split 2,0,2026-05-02 12:10:57,2,16.09,200,Red,GAM Esports,oe:team:9cae7677cd0dbcc1cd86653870b73c2,1983,1,465.0,2893.0,24.0,3.0,3.0,2530.0,4601.0,8.0,8.0,6.0,4974.0,7073.0,2.0,14.0,8.0,top: Yorick / jng: Pantheon / mid: Aurora / bot: Corki / sup: Bard,2026-05-02,Deep Cross Gaming,top: Jayce / jng: Xin Zhao / mid: Twisted Fate / bot: Jhin / sup: Blitzcrank,0,2.0,2065.0,1708.0,-16.0,3.410835038409914,True,Grew by >500g
13254-13254_game_1,complete,LPL,Split 2,0,2026-05-02 12:18:27,1,16.08,200,Red,Anyone's Legend,oe:team:ed28f87f0cfdba0a2a8f183cebae73a,1519,1,2407.0,1431.0,33.0,7.0,3.0,3674.0,3529.0,37.0,12.0,5.0,9380.0,10600.0,100.0,22.0,7.0,top: Sion / jng: Naafiri / mid: Orianna / bot: Ezreal / sup: Bard,2026-05-02,Invictus Gaming,top: Gnar / jng: Nocturne / mid: Azir / bot: Yunara / sup: Lulu,0,7.0,1267.0,2098.0,4.0,126.51909559348792,True,Grew by >500g
LOLTMNT01_370868,complete,LCP,Split 2,0,2026-05-02 13:03:46,3,16.09,100,Blue,Deep Cross Gaming,oe:team:7e56e9367c023df96cc8257ff4e16c0,1827,0,-499.0,28.0,19.0,1.0,2.0,1253.0,872.0,39.0,3.0,3.0,-4772.0,-8242.0,-8.0,4.0,9.0,top: Renekton / jng: Wukong / mid: Annie / bot: Xayah / sup: Lulu,2026-05-02,GAM Esports,top: Gwen / jng: Lee Sin / mid: Galio / bot: Yunara / sup: Milio,1,0.0,1752.0,844.0,20.0,-3.410835038409914,True,Lead lost by 25
13254-13254_game_2,complete,LPL,Split 2,0,2026-05-02 13:07:58,2,16.08,100,Blue,Anyone's Legend,oe:team:ed28f87f0cfdba0a2a8f183cebae73a,1679,1,-1573.0,559.0,-19.0,3.0,3.0,2009.0,5582.0,10.0,10.0,4.0,8750.0,13845.0,41.0,17.0,4.0,top: Vayne / jng: Vi / mid: Annie / bot: Ashe / sup: Seraphine,2026-05-02,Invictus Gaming,top: Jayce / jng: Pantheon / mid: Mel / bot: Lucian / sup: Milio,1,6.0,3582.0,5023.0,29.0,126.51909559348792,True,Grew by >500g
LOLTMNT04_159184,complete,LEC,Spring,0,2026-05-02 15:08:13,1,16.09,200,Red,Fnatic,oe:team:78f183fa5a7d8ecb22b9ad272c3abd7,1792,1,2202.0,-57.0,27.0,1.0,1.0,3545.0,268.0,33.0,4.0,3.0,3361.0,-362.0,26.0,4.0,4.0,top: Rumble / jng: Jarvan IV / mid: Azir / bot: Ezreal / sup: Seraphine,2026-05-02,Team Heretics,top: Ambessa / jng: Nocturne / mid: Aurora / bot: Caitlyn / sup: Bard,0,1.0,1343.0,325.0,6.0,41.16462602479737,True,Within 500g
LOLTMNT04_160146,complete,LEC,Spring,0,2026-05-02 15:57:13,2,16.09,200,Red,Team Heretics,oe:team:1285e1c04d54de96502f12da4d49458,2249,0,-604.0,-1670.0,19.0,0.0,2.0,1318.0,1017.0,46.0,3.0,2.0,1041.0,-532.0,28.0,3.0,3.0,top: Irelia / jng: Xin Zhao / mid: Mel / bot: Lucian / sup: Nami,2026-05-02,Fnatic,top: Gnar / jng: Zaahen / mid: Viktor / bot: Yunara / sup: Lulu,0,1.0,1922.0,2687.0,27.0,-41.16462602479737,True,Within 500g
LOLTMNT01_372029,complete,CBLOL,Split 1,0,2026-05-02 16:10:24,1,16.09,100,Blue,paiN Gaming,oe:team:61450737f7b683db4da7b3e0bf0dced,1584,1,355.0,605.0,11.0,1.0,1.0,4331.0,3446.0,45.0,5.0,3.0,8156.0,9507.0,76.0,7.0,3.0,top: Rumble / jng: Vi / mid: Ahri / bot: Lucian / sup: Milio,2026-05-02,Leviatan,top: K'Sante / jng: Nocturne / mid: Lissandra / bot: Kai'Sa / sup: Neeko,1,2.0,3976.0,2841.0,34.0,-31.993740213065394,True,Grew by >500g
LOLTMNT01_371126,complete,CBLOL,Split 1,0,2026-05-02 16:56:25,2,16.09,100,Blue,paiN Gaming,oe:team:61450737f7b683db4da7b3e0bf0dced,1904,1,2216.0,3570.0,-5.0,6.0,2.0,4125.0,3671.0,13.0,9.0,4.0,5716.0,3065.0,2.0,15.0,4.0,top: Sion / jng: Pantheon / mid: Aurora / bot: Corki / sup: Nami,2026-05-02,Leviatan,top: Renekton / jng: Skarner / mid: Zoe / bot: Ezreal / sup: Nautilus,1,5.0,1909.0,101.0,18.0,-31.993740213065394,True,Grew by >500g
LOLTMNT04_159194,complete,LEC,Spring,0,2026-05-02 16:58:51,1,16.09,200,Red,Team Vitality,oe:team:e8d8ae992fe72acb7adc7bfcee31dbb,1890,1,670.0,-456.0,19.0,3.0,4.0,4357.0,2803.0,43.0,8.0,5.0,6279.0,2335.0,43.0,12.0,8.0,top: Jayce / jng: Jarvan IV / mid: Azir / bot: Caitlyn / sup: Bard,2026-05-02,SK Gaming,top: Shyvana / jng: Pantheon / mid: Ekko / bot: Jhin / sup: Rell,0,3.0,3687.0,3259.0,24.0,161.72972349397378,True,Grew by >500g
LOLTMNT04_159202,complete,LEC,Spring,0,2026-05-02 17:50:11,2,16.09,200,Red,Team Vitality,oe:team:e8d8ae992fe72acb7adc7bfcee31dbb,1518,0,-1420.0,-634.0,-12.0,4.0,6.0,169.0,242.0,-32.0,12.0,10.0,-5650.0,-8963.0,-32.0,12.0,15.0,top: Gnar / jng: Xin Zhao / mid: Ahri / bot: Ezreal / sup: Nami,2026-05-02,SK Gaming,top: Anivia / jng: Vi / mid: Yasuo / bot: Kai'Sa / sup: Rakan,0,2.0,1589.0,876.0,-20.0,161.72972349397378,True,Lead lost by 25
LOLTMNT01_372135,complete,CBLOL,Split 1,0,2026-05-02 18:00:16,1,16.09,100,Blue,RED Canids,oe:team:67169969ecc058b307edfa9c6b7a3c0,2415,1,3109.0,2429.0,67.0,5.0,4.0,2959.0,28.0,47.0,7.0,7.0,3998.0,2465.0,51.0,8.0,7.0,top: Rumble / jng: Trundle / mid: Anivia / bot: Varus / sup: Alistar,2026-05-02,FURIA,top: K'Sante / jng: Xin Zhao / mid: Annie / bot: Zeri / sup: Yuumi,1,0.0,-150.0,-2401.0,-20.0,55.52844629306878,True,Grew by >500g
LOLTMNT04_160164,complete,LEC,Spring,0,2026-05-02 18:34:28,3,16.09,100,Blue,Team Vitality,oe:team:e8d8ae992fe72acb7adc7bfcee31dbb,2024,1,-653.0,-671.0,-56.0,3.0,2.0,694.0,1031.0,-58.0,5.0,2.0,4254.0,6039.0,-64.0,10.0,2.0,top: Aatrox / jng: Wukong / mid: Syndra / bot: Lucian / sup: Milio,2026-05-02,SK Gaming,top: Ryze / jng: Zaahen / mid: Irelia / bot: Kog'Maw / sup: Lulu,1,3.0,1347.0,1702.0,-2.0,161.72972349397378,True,Grew by >500g
LOLTMNT01_371216,complete,CBLOL,Split 1,0,2026-05-02 19:02:00,2,16.09,200,Red,FURIA,oe:team:87e3e1e75839f75a10bbc66e894d806,2277,1,-673.0,-672.0,-7.0,4.0,4.0,604.0,850.0,-3.0,8.0,5.0,564.0,1042.0,-6.0,13.0,8.0,top: Gnar / jng: Pantheon / mid: Orianna / bot: Caitlyn / sup: Milio,2026-05-02,RED Canids,top: Renekton / jng: Nocturne / mid: Ryze / bot: Lucian / sup: Nami,0,3.0,1277.0,1522.0,4.0,-55.52844629306878,True,Within 500g
LOLTMNT01_371263,complete,CBLOL,Split 1,0,2026-05-02 20:01:51,3,16.09,100,Blue,FURIA,oe:team:87e3e1e75839f75a10bbc66e894d806,2477,1,1695.0,1305.0,-21.0,5.0,3.0,1281.0,3026.0,-7.0,6.0,3.0,2197.0,3995.0,-13.0,8.0,4.0,top: Sion / jng: Zaahen / mid: Twisted Fate / bot: Yunara / sup: Lulu,2026-05-02,RED Canids,top: Aatrox / jng: Jayce / mid: Aurora / bot: Jhin / sup: Neeko,1,3.0,-414.0,1721.0,14.0,-55.52844629306878,True,Grew by >500g
LOLTMNT01_372225,complete,LCS,Spring,0,2026-05-02 20:10:20,1,16.09,100,Blue,Dignitas,oe:team:0dbb780176ecad18f17292d1f5653af,1909,0,1074.0,-94.0,2.0,3.0,2.0,1808.0,-610.0,-10.0,4.0,3.0,-945.0,-3783.0,-32.0,4.0,6.0,top: Rumble / jng: Jarvan IV / mid: Hwei / bot: Ashe / sup: Lulu,2026-05-02,Cloud9,top: Ornn / jng: Wukong / mid: Annie / bot: Ezreal / sup: Seraphine,1,1.0,734.0,-516.0,-12.0,-183.8939900586056,True,Lead lost by 25
LOLTMNT01_372247,complete,LCS,Spring,0,2026-05-02 21:02:28,2,16.09,100,Blue,Cloud9,oe:team:fc8e90107dabb9a35c490b0d86adea0,2100,0,2505.0,2022.0,79.0,5.0,4.0,4161.0,2793.0,104.0,8.0,6.0,5009.0,4570.0,93.0,8.0,6.0,top: Varus / jng: Nocturne / mid: Galio / bot: Caitlyn / sup: Neeko,2026-05-02,Dignitas,top: Jax / jng: Xin Zhao / mid: Taliyah / bot: Lucian / sup: Nami,1,2.0,1656.0,771.0,25.0,183.8939900586056,True,Grew by >500g
LOLTMNT01_372285,complete,LCS,Spring,0,2026-05-02 21:55:51,3,16.09,200,Red,Cloud9,oe:team:fc8e90107dabb9a35c490b0d86adea0,1910,1,2110.0,1242.0,27.0,5.0,2.0,3283.0,1572.0,45.0,7.0,5.0,5327.0,7384.0,74.0,11.0,9.0,top: Gnar / jng: Sejuani / mid: Cassiopeia / bot: Corki / sup: Alistar,2026-05-02,Dignitas,top: Sion / jng: Vi / mid: Viktor / bot: Xayah / sup: Rakan,0,2.0,1173.0,330.0,18.0,183.8939900586056,True,Grew by >500g
LOLTMNT01_372303,complete,LCS,Spring,0,2026-05-02 22:47:57,1,16.09,100,Blue,Disguised,oe:team:289284911fb6f41c0ccaecc3a0c2891,1794,0,1515.0,1474.0,69.0,1.0,1.0,3109.0,2446.0,95.0,2.0,2.0,-3664.0,-3999.0,55.0,3.0,11.0,top: Rumble / jng: Pantheon / mid: Ryze / bot: Ezreal / sup: Nami,2026-05-02,Team Liquid,top: Ornn / jng: Sejuani / mid: Yone / bot: Ashe / sup: Seraphine,1,0.0,1594.0,972.0,26.0,-104.49400566316535,True,Lead lost by 25
LOLTMNT01_372312,complete,LCS,Spring,0,2026-05-02 23:35:43,2,16.09,200,Red,Disguised,oe:team:289284911fb6f41c0ccaecc3a0c2891,1995,0,-352.0,-1948.0,-19.0,2.0,4.0,2073.0,1087.0,-10.0,5.0,4.0,-3608.0,-9695.0,-40.0,5.0,10.0,top: Jayce / jng: Vi / mid: Taliyah / bot: Kai'Sa / sup: Alistar,2026-05-02,Team Liquid,top: Gragas / jng: Lee Sin / mid: Annie / bot: Xayah / sup: Rakan,0,1.0,2425.0,3035.0,9.0,-104.49400566316535,True,Lead lost by 25
LOLTMNT02_395698,complete,LCK,Rounds 1-2,0,2026-05-03 08:05:43,1,16.08,200,Red,HANJIN BRION,oe:team:b77b3f6068e20a2b3edc0ecd3dc70d4,2446,1,-62.0,-214.0,-5.0,6.0,6.0,2303.0,1353.0,-4.0,10.0,7.0,2311.0,2268.0,23.0,10.0,7.0,top: Gnar / jng: Lee Sin / mid: Annie / bot: Ezreal / sup: Elise,2026-05-03,KT Rolster,top: Renekton / jng: Jarvan IV / mid: Mel / bot: Caitlyn / sup: Bard,0,3.0,2365.0,1567.0,1.0,-162.03879478855674,True,Within 500g
LOLTMNT02_395710,complete,LCK,Rounds 1-2,0,2026-05-03 09:08:53,2,16.08,200,Red,KT Rolster,oe:team:d723992568441c6bafa2658129eade7,1853,0,427.0,-528.0,-26.0,5.0,4.0,605.0,369.0,-30.0,7.0,6.0,78.0,-1239.0,-8.0,7.0,8.0,top: Yorick / jng: Wukong / mid: Ahri / bot: Jhin / sup: Seraphine,2026-05-03,HANJIN BRION,top: Jayce / jng: Xin Zhao / mid: Aurora / bot: Ashe / sup: Lulu,0,1.0,178.0,897.0,-4.0,162.03879478855674,True,Shrank by >500g
LOLTMNT01_372417,complete,LCP,Split 2,0,2026-05-03 09:22:40,1,16.09,100,Blue,Fukuoka SoftBank HAWKS gaming,oe:team:d8ca3fc1f0827ec76369af7b70d43e3,1917,1,1383.0,1394.0,31.0,3.0,2.0,5625.0,4026.0,58.0,7.0,3.0,7200.0,8067.0,76.0,11.0,7.0,top: Zaahen / jng: Xin Zhao / mid: Ryze / bot: Yunara / sup: Pyke,2026-05-03,DetonatioN FocusMe,top: Renekton / jng: Jarvan IV / mid: Anivia / bot: Varus / sup: Bard,1,4.0,4242.0,2632.0,27.0,206.64127818733868,True,Grew by >500g
LOLTMNT01_372420,complete,LCP,Split 2,0,2026-05-03 10:14:33,2,16.09,200,Red,Fukuoka SoftBank HAWKS gaming,oe:team:d8ca3fc1f0827ec76369af7b70d43e3,2466,0,1043.0,1025.0,12.0,1.0,0.0,464.0,-1195.0,35.0,1.0,1.0,2809.0,1086.0,86.0,3.0,3.0,top: Yorick / jng: Vi / mid: Aurora / bot: Xayah / sup: Rakan,2026-05-03,DetonatioN FocusMe,top: Rumble / jng: Skarner / mid: Viktor / bot: Lucian / sup: Milio,0,0.0,-579.0,-2220.0,23.0,206.64127818733868,True,Grew by >500g
LOLTMNT02_395739,complete,LCK,Rounds 1-2,0,2026-05-03 10:24:27,1,16.08,100,Blue,BNK FEARX,oe:team:5c2e7e9ea8dfcba0150d9a5619baecf,1635,1,-1276.0,-861.0,-3.0,2.0,4.0,3082.0,3782.0,23.0,8.0,5.0,5039.0,4312.0,14.0,12.0,6.0,top: Gnar / jng: Pantheon / mid: Annie / bot: Lucian / sup: Milio,2026-05-03,DN SOOPers,top: Renekton / jng: Jarvan IV / mid: Aurora / bot: Ashe / sup: Seraphine,1,3.0,4358.0,4643.0,26.0,84.4170578170856,True,Grew by >500g
13255-13255_game_3,complete,LPL,Split 2,0,2026-05-03 10:59:13,3,16.09,200,Red,LNG Esports,oe:team:a9145b7711873f53e610fbba0493484,1408,1,4410.0,3688.0,-1.0,9.0,1.0,3093.0,3492.0,26.0,13.0,6.0,,,,,,top: Rumble / jng: Sejuani / mid: Yone / bot: Aphelios / sup: Lulu,2026-05-03,ThunderTalk Gaming,top: K'Sante / jng: Maokai / mid: Ryze / bot: Corki / sup: Nami,0,7.0,-1317.0,-196.0,27.0,142.72972443858612,True,Won before 25
LOLTMNT02_395741,complete,LCK,Rounds 1-2,0,2026-05-03 11:12:34,2,16.08,100,Blue,BNK FEARX,oe:team:5c2e7e9ea8dfcba0150d9a5619baecf,1802,1,6179.0,3356.0,75.0,14.0,6.0,6937.0,4350.0,100.0,15.0,7.0,8431.0,3673.0,116.0,19.0,7.0,top: Vayne / jng: Trundle / mid: Azir / bot: Ezreal / sup: Neeko,2026-05-03,DN SOOPers,top: Ambessa / jng: Xin Zhao / mid: Sylas / bot: Yunara / sup: Lulu,1,8.0,758.0,994.0,25.0,84.4170578170856,True,Grew by >500g
LOLTMNT01_371561,complete,LCP,Split 2,0,2026-05-03 11:17:00,3,16.09,100,Blue,DetonatioN FocusMe,oe:team:e435aa3ecb82a89e60544f5f5857a81,1874,0,-178.0,-533.0,16.0,0.0,0.0,1504.0,509.0,14.0,2.0,1.0,-5565.0,-6865.0,-18.0,2.0,6.0,top: Vayne / jng: Wukong / mid: Annie / bot: Mel / sup: Shen,2026-05-03,Fukuoka SoftBank HAWKS gaming,top: K'Sante / jng: Naafiri / mid: Taliyah / bot: Ashe / sup: Seraphine,1,1.0,1682.0,1042.0,-2.0,-206.64127818733868,True,Lead lost by 25
13256-13256_game_1,complete,LPL,Split 2,0,2026-05-03 12:00:48,1,16.09,200,Red,Bilibili Gaming,oe:team:d356a144644879dabb5f34cd99c886d,2367,1,2489.0,424.0,4.0,6.0,2.0,5449.0,3789.0,54.0,12.0,5.0,1951.0,-588.0,84.0,13.0,10.0,top: Gnar / jng: Jarvan IV / mid: Ryze / bot: Corki / sup: Nami,2026-05-03,Ninjas in Pyjamas,top: Jayce / jng: Nocturne / mid: Annie / bot: Yunara / sup: Lulu,0,7.0,2960.0,3365.0,50.0,121.41138035028871,True,Shrank by >500g
LOLTMNT01_371607,complete,LCP,Split 2,0,2026-05-03 12:29:32,1,16.09,100,Blue,CTBC Flying Oyster,oe:team:0916b3c324c8577b0c6344f3e067f62,2111,1,-2080.0,-306.0,-42.0,3.0,3.0,575.0,2182.0,-52.0,8.0,5.0,3031.0,4475.0,-77.0,10.0,5.0,top: Rumble / jng: Trundle / mid: Cassiopeia / bot: Ezreal / sup: Nautilus,2026-05-03,Team Secret Whales,top: Varus / jng: Xin Zhao / mid: Ryze / bot: Sivir / sup: Karma,1,3.0,2655.0,2488.0,-10.0,-232.32063960032724,True,Grew by >500g
13256-13256_game_2,complete,LPL,Split 2,0,2026-05-03 13:04:42,2,16.09,100,Blue,Bilibili Gaming,oe:team:d356a144644879dabb5f34cd99c886d,2035,0,-863.0,1991.0,17.0,1.0,2.0,577.0,4806.0,27.0,4.0,2.0,3300.0,7652.0,43.0,10.0,4.0,top: Rumble / jng: Sejuani / mid: Yone / bot: Caitlyn / sup: Bard,2026-05-03,Ninjas in Pyjamas,top: Anivia / jng: Vi / mid: Ahri / bot: Jhin / sup: Seraphine,1,2.0,1440.0,2815.0,10.0,121.41138035028871,True,Grew by >500g
LOLTMNT01_371645,complete,LCP,Split 2,0,2026-05-03 13:24:21,2,16.09,200,Red,Team Secret Whales,oe:team:740de582f50775c516c77ed7b923fd5,2297,1,54.0,1153.0,35.0,2.0,4.0,1759.0,1637.0,26.0,3.0,4.0,1151.0,197.0,33.0,3.0,6.0,top: Olaf / jng: Skarner / mid: Hwei / bot: Lucian / sup: Milio,2026-05-03,CTBC Flying Oyster,top: Jayce / jng: Sejuani / mid: Annie / bot: Corki / sup: Nami,0,-1.0,1705.0,484.0,-9.0,232.32063960032724,True,Shrank by >500g
13256-13256_game_3,complete,LPL,Split 2,0,2026-05-03 14:00:43,3,16.09,200,Red,Bilibili Gaming,oe:team:d356a144644879dabb5f34cd99c886d,2134,1,749.0,735.0,45.0,4.0,3.0,2722.0,2495.0,64.0,5.0,3.0,3650.0,1946.0,51.0,6.0,3.0,top: Sion / jng: Xin Zhao / mid: LeBlanc / bot: Varus / sup: Alistar,2026-05-03,Ninjas in Pyjamas,top: Aurora / jng: Pantheon / mid: Sylas / bot: Miss Fortune / sup: Gragas,0,2.0,1973.0,1760.0,19.0,121.41138035028871,True,Grew by >500g
LOLTMNT01_372566,complete,LCP,Split 2,0,2026-05-03 14:23:19,3,16.09,100,Blue,Team Secret Whales,oe:team:740de582f50775c516c77ed7b923fd5,1870,1,5114.0,4075.0,76.0,9.0,4.0,4718.0,4482.0,85.0,16.0,9.0,4697.0,5499.0,75.0,20.0,13.0,top: Gnar / jng: Naafiri / mid: Aurora / bot: Caitlyn / sup: Lux,2026-05-03,CTBC Flying Oyster,top: Yorick / jng: Vi / mid: Taliyah / bot: Yunara / sup: Lulu,1,7.0,-396.0,407.0,9.0,232.32063960032724,True,Within 500g
LOLTMNT04_159240,complete,LEC,Spring,0,2026-05-03 15:08:24,1,16.09,200,Red,Shifters,oe:team:a2065488a11a2c0a2403a7b347eec61,2608,1,-184.0,930.0,-6.0,4.0,3.0,710.0,2860.0,23.0,5.0,4.0,1495.0,3587.0,-13.0,7.0,5.0,top: Rumble / jng: Pantheon / mid: Anivia / bot: Ashe / sup: Seraphine,2026-05-03,Team Heretics,top: Jayce / jng: Nocturne / mid: Aurora / bot: Zeri / sup: Yuumi,0,1.0,894.0,1930.0,29.0,29.08322403145189,True,Grew by >500g
LOLTMNT01_372643,complete,CBLOL,Split 1,0,2026-05-03 16:10:33,1,16.09,200,Red,LØS,oe:team:ea65e6cc48a9be50fc5334369a5fca5,1565,1,3450.0,3006.0,86.0,3.0,2.0,6016.0,3642.0,76.0,6.0,3.0,11645.0,10168.0,88.0,12.0,4.0,top: Gnar / jng: Trundle / mid: Ryze / bot: Varus / sup: Alistar,2026-05-03,Fluxo W7M,top: K'Sante / jng: Pantheon / mid: Cassiopeia / bot: Sivir / sup: Bard,0,3.0,2566.0,636.0,-10.0,-6.070888160503046,True,Grew by >500g
LOLTMNT04_159248,complete,LEC,Spring,0,2026-05-03 16:12:33,2,16.09,200,Red,Shifters,oe:team:a2065488a11a2c0a2403a7b347eec61,1799,1,-110.0,-1489.0,-24.0,2.0,3.0,3112.0,2817.0,-1.0,8.0,4.0,4982.0,5406.0,18.0,10.0,5.0,top: Gnar / jng: Wukong / mid: Ahri / bot: Ezreal / sup: Bard,2026-05-03,Team Heretics,top: Ambessa / jng: Skarner / mid: Annie / bot: Varus / sup: Neeko,0,4.0,3222.0,4306.0,23.0,29.08322403145189,True,Grew by >500g
LOLTMNT01_371752,complete,CBLOL,Split 1,0,2026-05-03 16:54:21,2,16.09,100,Blue,LØS,oe:team:ea65e6cc48a9be50fc5334369a5fca5,1948,0,1119.0,1086.0,11.0,4.0,4.0,485.0,-322.0,4.0,5.0,7.0,-733.0,-2328.0,-29.0,6.0,9.0,top: Kennen / jng: Xin Zhao / mid: Ahri / bot: Ezreal / sup: Nautilus,2026-05-03,Fluxo W7M,top: Renekton / jng: Vi / mid: Zoe / bot: Lucian / sup: Milio,1,-2.0,-634.0,-1408.0,-7.0,-6.070888160503046,True,Lead lost by 25
LOLTMNT04_159260,complete,LEC,Spring,0,2026-05-03 17:08:21,1,16.09,100,Blue,Natus Vincere,oe:team:d2ba9f92d85cff67d60aaad88e61048,1773,0,2230.0,1750.0,20.0,3.0,1.0,2295.0,-412.0,4.0,3.0,2.0,-343.0,-2518.0,18.0,4.0,6.0,top: Rumble / jng: Xin Zhao / mid: Ryze / bot: Caitlyn / sup: Karma,2026-05-03,G2 Esports,top: Ornn / jng: Pantheon / mid: Annie / bot: Ezreal / sup: Nami,1,1.0,65.0,-2162.0,-16.0,-72.9581767408722,True,Lead lost by 25
LOLTMNT01_371784,complete,CBLOL,Split 1,0,2026-05-03 17:44:00,3,16.09,100,Blue,LØS,oe:team:ea65e6cc48a9be50fc5334369a5fca5,1889,1,1816.0,905.0,36.0,6.0,6.0,1591.0,-275.0,10.0,10.0,9.0,7965.0,7466.0,45.0,16.0,10.0,top: Camille / jng: Nocturne / mid: Viktor / bot: Corki / sup: Nami,2026-05-03,Fluxo W7M,top: Ambessa / jng: Aatrox / mid: Azir / bot: Yunara / sup: Lulu,1,1.0,-225.0,-1180.0,-26.0,-6.070888160503046,True,Grew by >500g
LOLTMNT04_159264,complete,LEC,Spring,0,2026-05-03 17:57:56,2,16.09,100,Blue,G2 Esports,oe:team:7d6673d3a9d00363c6bebc1a630da6e,2117,1,377.0,-346.0,28.0,5.0,6.0,2428.0,160.0,25.0,9.0,7.0,3635.0,5376.0,39.0,13.0,10.0,top: K'Sante / jng: Trundle / mid: Orianna / bot: Yunara / sup: Lulu,2026-05-03,Natus Vincere,top: Ambessa / jng: Wukong / mid: Viktor / bot: Lucian / sup: Milio,1,2.0,2051.0,506.0,-3.0,72.9581767408722,True,Grew by >500g
LOLTMNT01_371808,complete,CBLOL,Split 1,0,2026-05-03 18:38:53,1,16.09,200,Red,Vivo Keyd Stars,oe:team:b9e44c69c1a70fb35df9be96f9eafea,2582,0,1944.0,2762.0,23.0,5.0,2.0,893.0,3305.0,24.0,8.0,5.0,3204.0,5847.0,41.0,14.0,8.0,top: Rumble / jng: Nocturne / mid: Ahri / bot: Corki / sup: Nami,2026-05-03,LOUD,top: K'Sante / jng: Pantheon / mid: Orianna / bot: Ezreal / sup: Neeko,0,3.0,-1051.0,543.0,1.0,-20.693405111098855,True,Grew by >500g
LOLTMNT01_372735,complete,CBLOL,Split 1,0,2026-05-03 19:41:41,2,16.09,100,Blue,LOUD,oe:team:658a021a796aa5501503220adb38cf4,1805,1,5234.0,2500.0,52.0,6.0,2.0,6188.0,2958.0,54.0,6.0,3.0,13189.0,9692.0,117.0,9.0,4.0,top: Renekton / jng: Qiyana / mid: Ryze / bot: Jhin / sup: Bard,2026-05-03,Vivo Keyd Stars,top: Ornn / jng: Aatrox / mid: Akali / bot: Caitlyn / sup: Milio,1,3.0,954.0,458.0,2.0,20.693405111098855,True,Grew by >500g
LOLTMNT01_371869,complete,LCS,Spring,0,2026-05-03 20:08:44,1,16.09,200,Red,Sentinels,oe:team:f90422f1cbcb24bc2a855202582ec29,2208,0,553.0,87.0,-16.0,4.0,2.0,1347.0,1298.0,16.0,4.0,3.0,-1418.0,-3210.0,-11.0,4.0,5.0,top: Rumble / jng: Jarvan IV / mid: Yone / bot: Lucian / sup: Braum,2026-05-03,LYON,top: K'Sante / jng: Xin Zhao / mid: Ryze / bot: Varus / sup: Nautilus,0,1.0,794.0,1211.0,32.0,-117.87532272437397,True,Lead lost by 25
LOLTMNT01_372786,complete,LCS,Spring,0,2026-05-03 21:04:01,2,16.09,100,Blue,LYON,oe:team:da1143bf9a245b78a8dc86417de85b3,2617,1,1138.0,923.0,8.0,3.0,2.0,836.0,-159.0,-15.0,6.0,5.0,-786.0,-1969.0,-21.0,9.0,9.0,top: Gnar / jng: Pantheon / mid: Akali / bot: Sivir / sup: Bard,2026-05-03,Sentinels,top: Renekton / jng: Dr. Mundo / mid: Orianna / bot: Corki / sup: Nami,1,1.0,-302.0,-1082.0,-23.0,117.87532272437397,True,Lead lost by 25
LOLTMNT01_372810,complete,LCS,Spring,0,2026-05-03 22:07:59,1,16.09,100,Blue,Shopify Rebellion,oe:team:b360f1d729b0a8e0f29a5243c4200fa,1842,0,121.0,49.0,-17.0,3.0,2.0,937.0,-1361.0,-20.0,4.0,2.0,-111.0,-3973.0,-29.0,8.0,8.0,top: Gragas / jng: Nocturne / mid: Annie / bot: Ezreal / sup: Neeko,2026-05-03,FlyQuest,top: Anivia / jng: Pantheon / mid: Viktor / bot: Jhin / sup: Bard,1,2.0,816.0,-1410.0,-3.0,-65.0269192806561,True,Lead lost by 25
LOLTMNT01_371921,complete,LCS,Spring,0,2026-05-03 22:55:24,2,16.09,100,Blue,Shopify Rebellion,oe:team:b360f1d729b0a8e0f29a5243c4200fa,1921,1,-3488.0,-3698.0,-36.0,0.0,6.0,640.0,266.0,-48.0,8.0,8.0,3860.0,2890.0,-21.0,9.0,8.0,top: K'Sante / jng: Vi / mid: Aurora / bot: Corki / sup: Nami,2026-05-03,FlyQuest,top: Rumble / jng: Shen / mid: Ahri / bot: Ashe / sup: Seraphine,1,0.0,4128.0,3964.0,-12.0,-65.0269192806561,True,Grew by >500g
LOLTMNT01_371932,complete,LCS,Spring,0,2026-05-03 23:45:49,3,16.09,200,Red,FlyQuest,oe:team:2e66da41dc460dd378e3bcc57042d31,2063,1,2021.0,1948.0,12.0,5.0,0.0,3618.0,3277.0,32.0,7.0,1.0,2548.0,2665.0,37.0,7.0,2.0,top: Jayce / jng: Jarvan IV / mid: Hwei / bot: Smolder / sup: Nautilus,2026-05-03,Shopify Rebellion,top: Sion / jng: Xin Zhao / mid: Akali / bot: Caitlyn / sup: Alistar,0,6.0,1597.0,1329.0,20.0,65.0269192806561,True,Shrank by >500g
LOLTMNT04_159286,complete,LEC,Spring,0,2026-05-04 15:08:12,1,16.09,100,Blue,Team Vitality,oe:team:e8d8ae992fe72acb7adc7bfcee31dbb,2060,0,1305.0,1348.0,13.0,3.0,2.0,2122.0,2484.0,4.0,8.0,5.0,-2409.0,-6346.0,-23.0,8.0,9.0,top: Rumble / jng: Vi / mid: Viktor / bot: Kai'Sa / sup: Rell,2026-05-04,Fnatic,top: Ornn / jng: Xin Zhao / mid: Ryze / bot: Ezreal / sup: Braum,1,3.0,817.0,1136.0,-9.0,117.6904269233844,True,Lead lost by 25
LOLTMNT04_159287,complete,LEC,Spring,0,2026-05-04 16:03:08,2,16.09,200,Red,Team Vitality,oe:team:e8d8ae992fe72acb7adc7bfcee31dbb,2321,1,2478.0,1256.0,13.0,7.0,4.0,3799.0,585.0,32.0,8.0,6.0,4158.0,1674.0,37.0,9.0,8.0,top: Twisted Fate / jng: Pantheon / mid: Syndra / bot: Jhin / sup: Bard,2026-05-04,Fnatic,top: K'Sante / jng: Skarner / mid: Aurora / bot: Caitlyn / sup: Seraphine,0,2.0,1321.0,-671.0,19.0,117.6904269233844,True,Within 500g
LOLTMNT04_160242,complete,LEC,Spring,0,2026-05-04 17:01:22,3,16.09,100,Blue,Team Vitality,oe:team:e8d8ae992fe72acb7adc7bfcee31dbb,1959,1,2471.0,3432.0,59.0,7.0,5.0,3348.0,3769.0,65.0,8.0,5.0,4177.0,5873.0,40.0,11.0,7.0,top: Varus / jng: Aatrox / mid: Annie / bot: Lucian / sup: Milio,2026-05-04,Fnatic,top: Gnar / jng: Naafiri / mid: Taliyah / bot: Yunara / sup: Lulu,1,3.0,877.0,337.0,6.0,117.6904269233844,True,Grew by >500g
LOLTMNT04_159298,complete,LEC,Spring,0,2026-05-04 17:58:25,1,16.09,200,Red,Shifters,oe:team:a2065488a11a2c0a2403a7b347eec61,2187,1,999.0,920.0,37.0,2.0,3.0,1930.0,2180.0,41.0,3.0,3.0,-11.0,268.0,48.0,5.0,7.0,top: Irelia / jng: Pantheon / mid: Taliyah / bot: Lucian / sup: Milio,2026-05-04,Movistar KOI,top: Jayce / jng: Jarvan IV / mid: Azir / bot: Kalista / sup: Renata Glasc,0,0.0,931.0,1260.0,4.0,-106.73695983264088,True,Lead lost by 25
LOLTMNT04_159302,complete,LEC,Spring,0,2026-05-04 18:54:20,2,16.09,200,Red,Shifters,oe:team:a2065488a11a2c0a2403a7b347eec61,2018,0,2781.0,1279.0,16.0,5.0,1.0,220.0,-3041.0,14.0,6.0,6.0,-739.0,-3584.0,15.0,6.0,6.0,top: Gnar / jng: Dr. Mundo / mid: Viktor / bot: Ezreal / sup: Karma,2026-05-04,Movistar KOI,top: Shyvana / jng: Xin Zhao / mid: Sylas / bot: Ashe / sup: Seraphine,0,0.0,-2561.0,-4320.0,-2.0,-106.73695983264088,True,Lead lost by 25
LOLTMNT04_159303,complete,LEC,Spring,0,2026-05-04 19:47:06,3,16.09,200,Red,Shifters,oe:team:a2065488a11a2c0a2403a7b347eec61,1909,0,2441.0,1436.0,-6.0,6.0,1.0,1461.0,64.0,-24.0,10.0,5.0,774.0,-1159.0,8.0,14.0,10.0,top: Naafiri / jng: Nocturne / mid: Ahri / bot: Zeri / sup: Bard,2026-05-04,Movistar KOI,top: Varus / jng: Vi / mid: Anivia / bot: Kai'Sa / sup: Rakan,0,5.0,-980.0,-1372.0,-18.0,-106.73695983264088,True,Shrank by >500g
LOLTMNT01_375534,complete,LCK,Rounds 1-2,0,2026-05-06 08:06:15,1,16.09,100,Blue,Nongshim RedForce,oe:team:5cd2cd09ec94296f605dd13a2924d6c,2536,0,-532.0,-756.0,-6.0,4.0,6.0,649.0,-11.0,-15.0,7.0,7.0,1380.0,-3436.0,-25.0,11.0,11.0,top: Sion / jng: Nocturne / mid: Ryze / bot: Ezreal / sup: Neeko,2026-05-06,Gen.G,top: Renekton / jng: Xin Zhao / mid: Cassiopeia / bot: Ashe / sup: Seraphine,1,0.0,1181.0,745.0,-9.0,-199.90787096221106,True,Grew by >500g
LOLTMNT01_375573,complete,LCK,Rounds 1-2,0,2026-05-06 09:11:56,2,16.09,100,Blue,Gen.G,oe:team:50f58982d91a36557ec8aec52ab014f,2174,1,1882.0,1330.0,13.0,8.0,3.0,739.0,-48.0,18.0,9.0,5.0,3843.0,6282.0,52.0,13.0,6.0,top: Gnar / jng: Skarner / mid: Mel / bot: Jhin / sup: Karma,2026-05-06,Nongshim RedForce,top: Twisted Fate / jng: Pantheon / mid: Azir / bot: Miss Fortune / sup: Nautilus,1,4.0,-1143.0,-1378.0,5.0,199.90787096221106,True,Grew by >500g
13257-13257_game_1,complete,LPL,Split 2,0,2026-05-06 09:13:56,1,16.09,200,Red,Invictus Gaming,oe:team:53a258f289c26d94431c0496a54e151,1967,0,-384.0,445.0,-27.0,8.0,6.0,2237.0,4407.0,-4.0,12.0,6.0,-1733.0,-1759.0,-26.0,13.0,13.0,top: Sion / jng: Jarvan IV / mid: Cassiopeia / bot: Miss Fortune / sup: Bard,2026-05-06,Team WE,top: Ambessa / jng: Lee Sin / mid: Ryze / bot: Ezreal / sup: Neeko,0,6.0,2621.0,3962.0,23.0,77.80067486864073,True,Lead lost by 25
13257-13257_game_2,complete,LPL,Split 2,0,2026-05-06 10:10:32,2,16.09,200,Red,Invictus Gaming,oe:team:53a258f289c26d94431c0496a54e151,1382,1,5759.0,3021.0,25.0,11.0,4.0,8502.0,3718.0,50.0,16.0,6.0,,,,,,top: Jayce / jng: Nocturne / mid: Sylas / bot: Yunara / sup: Lulu,2026-05-06,Team WE,top: Yorick / jng: Vi / mid: Ahri / bot: Corki / sup: Nami,0,10.0,2743.0,697.0,25.0,77.80067486864073,True,Won before 25
LOLTMNT01_376550,complete,LCK,Rounds 1-2,0,2026-05-06 10:34:43,1,16.09,200,Red,Hanwha Life Esports,oe:team:3a1d18f46bcb3716ebcfcf4ef068934,1590,1,1384.0,1714.0,13.0,4.0,2.0,7104.0,7885.0,64.0,11.0,4.0,9333.0,10261.0,77.0,16.0,5.0,top: Gnar / jng: Xin Zhao / mid: Aurora / bot: Caitlyn / sup: Bard,2026-05-06,DN SOOPers,top: Renekton / jng: Pantheon / mid: Ahri / bot: Jhin / sup: Karma,0,7.0,5720.0,6171.0,51.0,236.66930478842391,True,Grew by >500g
13257-13257_game_3,complete,LPL,Split 2,0,2026-05-06 10:59:19,3,16.09,100,Blue,Team WE,oe:team:62c1cd9465dc63824593ee5046f5aa8,1746,1,4067.0,3609.0,17.0,9.0,2.0,5759.0,5102.0,15.0,10.0,2.0,6170.0,7236.0,11.0,12.0,3.0,top: K'Sante / jng: Pantheon / mid: Akali / bot: Sivir / sup: Braum,2026-05-06,Invictus Gaming,top: Renekton / jng: Xin Zhao / mid: Annie / bot: Kai'Sa / sup: Alistar,1,8.0,1692.0,1493.0,-2.0,-77.80067486864073,True,Within 500g
LOLTMNT01_376585,complete,LCK,Rounds 1-2,0,2026-05-06 11:22:02,2,16.09,100,Blue,Hanwha Life Esports,oe:team:3a1d18f46bcb3716ebcfcf4ef068934,2141,1,781.0,645.0,-14.0,4.0,5.0,2361.0,-282.0,-10.0,6.0,7.0,1987.0,-1153.0,-14.0,8.0,9.0,top: Jayce / jng: Nocturne / mid: Twisted Fate / bot: Lucian / sup: Milio,2026-05-06,DN SOOPers,top: K'Sante / jng: Naafiri / mid: Ryze / bot: Senna / sup: Nautilus,1,-1.0,1580.0,-927.0,4.0,236.66930478842391,True,Within 500g
13258-13258_game_1,complete,LPL,Split 2,0,2026-05-06 12:08:59,1,16.09,100,Blue,JD Gaming,oe:team:b42d0f31f2727621b963042276817c4,1584,1,4662.0,5411.0,24.0,11.0,3.0,7640.0,7581.0,44.0,14.0,4.0,12302.0,15087.0,84.0,21.0,5.0,top: Olaf / jng: Jarvan IV / mid: Ryze / bot: Jhin / sup: Bard,2026-05-06,Top Esports,top: Varus / jng: Pantheon / mid: Azir / bot: Corki / sup: Pyke,1,10.0,2978.0,2170.0,20.0,-12.551695619771408,True,Grew by >500g
13258-13258_game_2,complete,LPL,Split 2,0,2026-05-06 12:59:35,2,16.09,200,Red,Top Esports,oe:team:fcec508e780bbd1ad493852640f5b36,1444,1,-2096.0,27.0,-13.0,2.0,5.0,2186.0,4168.0,49.0,6.0,6.0,10693.0,13316.0,67.0,15.0,6.0,top: Jayce / jng: Vi / mid: Ahri / bot: Miss Fortune / sup: Alistar,2026-05-06,JD Gaming,top: Sion / jng: Wukong / mid: Annie / bot: Ezreal / sup: Neeko,0,0.0,4282.0,4141.0,62.0,12.551695619771408,True,Won before 25
13258-13258_game_3,complete,LPL,Split 2,0,2026-05-06 13:47:26,3,16.09,100,Blue,JD Gaming,oe:team:b42d0f31f2727621b963042276817c4,1592,1,2762.0,2412.0,16.0,9.0,4.0,4138.0,4760.0,46.0,11.0,6.0,3111.0,5468.0,23.0,14.0,9.0,top: Gnar / jng: Trundle / mid: Cassiopeia / bot: Ashe / sup: Lulu,2026-05-06,Top Esports,top: Renekton / jng: Xin Zhao / mid: Viktor / bot: Yunara / sup: Seraphine,1,5.0,1376.0,2348.0,30.0,-12.551695619771408,True,Shrank by >500g
LOLTMNT01_378089,complete,LCK,Rounds 1-2,0,2026-05-07 08:07:34,1,16.09,200,Red,Dplus Kia,oe:team:ef69efa6acebe94107f0cf1ba716806,1915,0,989.0,1702.0,7.0,2.0,2.0,1572.0,2385.0,6.0,3.0,2.0,1924.0,1061.0,-4.0,3.0,2.0,top: Sion / jng: Xin Zhao / mid: Orianna / bot: Jhin / sup: Bard,2026-05-07,KT Rolster,top: Zaahen / jng: Jarvan IV / mid: Ryze / bot: Ashe / sup: Seraphine,0,1.0,583.0,683.0,-1.0,20.634349491308285,True,Within 500g
LOLTMNT01_378106,complete,LCK,Rounds 1-2,0,2026-05-07 09:01:55,2,16.09,200,Red,Dplus Kia,oe:team:ef69efa6acebe94107f0cf1ba716806,2454,0,4201.0,3280.0,79.0,3.0,2.0,5691.0,4748.0,97.0,8.0,4.0,6209.0,8527.0,107.0,11.0,6.0,top: Jayce / jng: Skarner / mid: Viktor / bot: Caitlyn / sup: Lux,2026-05-07,KT Rolster,top: Yorick / jng: Naafiri / mid: Taliyah / bot: Yunara / sup: Lulu,0,4.0,1490.0,1468.0,18.0,20.634349491308285,True,Grew by >500g
13259-13259_game_1,complete,LPL,Split 2,0,2026-05-07 09:12:07,1,16.09,100,Blue,Team WE,oe:team:62c1cd9465dc63824593ee5046f5aa8,2160,0,1305.0,-26.0,-17.0,3.0,0.0,2212.0,-942.0,11.0,4.0,0.0,-57.0,-1117.0,29.0,7.0,4.0,top: Rumble / jng: Jarvan IV / mid: Akali / bot: Corki / sup: Rakan,2026-05-07,Weibo Gaming,top: Sion / jng: Nocturne / mid: Orianna / bot: Yunara / sup: Nami,1,4.0,907.0,-916.0,28.0,-86.64343042727546,True,Lead lost by 25
13259-13259_game_2,complete,LPL,Split 2,0,2026-05-07 10:10:59,2,16.09,100,Blue,Team WE,oe:team:62c1cd9465dc63824593ee5046f5aa8,1980,1,803.0,306.0,2.0,3.0,3.0,2246.0,2065.0,23.0,5.0,4.0,2697.0,5386.0,44.0,7.0,6.0,top: K'Sante / jng: Lee Sin / mid: Ryze / bot: Caitlyn / sup: Bard,2026-05-07,Weibo Gaming,top: Renekton / jng: Pantheon / mid: Annie / bot: Ezreal / sup: Neeko,1,1.0,1443.0,1759.0,21.0,-86.64343042727546,True,Within 500g
LOLTMNT01_378144,complete,LCK,Rounds 1-2,0,2026-05-07 10:30:17,1,16.09,200,Red,HANJIN BRION,oe:team:b77b3f6068e20a2b3edc0ecd3dc70d4,1760,1,2763.0,1298.0,20.0,5.0,1.0,6285.0,3500.0,53.0,7.0,1.0,6169.0,6031.0,68.0,12.0,5.0,top: Gnar / jng: Nocturne / mid: Ryze / bot: Jhin / sup: Neeko,2026-05-07,BNK FEARX,top: Renekton / jng: Pantheon / mid: Anivia / bot: Ezreal / sup: Bard,0,6.0,3522.0,2202.0,33.0,-39.775308821130466,True,Within 500g
LOLTMNT01_378170,complete,LCK,Rounds 1-2,0,2026-05-07 11:22:31,2,16.09,200,Red,BNK FEARX,oe:team:5c2e7e9ea8dfcba0150d9a5619baecf,2071,0,-267.0,930.0,6.0,3.0,2.0,3077.0,2712.0,7.0,9.0,3.0,2781.0,2634.0,27.0,10.0,5.0,top: Ambessa / jng: Vi / mid: Ahri / bot: Ashe / sup: Seraphine,2026-05-07,HANJIN BRION,top: Zaahen / jng: Trundle / mid: Aurora / bot: Lucian / sup: Milio,0,6.0,3344.0,1782.0,1.0,39.775308821130466,True,Within 500g
13259-13259_game_3,complete,LPL,Split 2,0,2026-05-07 11:23:30,3,16.09,100,Blue,Team WE,oe:team:62c1cd9465dc63824593ee5046f5aa8,2132,0,-322.0,-12.0,1.0,3.0,3.0,936.0,2576.0,33.0,5.0,3.0,845.0,-831.0,18.0,5.0,4.0,top: Jayce / jng: Naafiri / mid: Mel / bot: Lucian / sup: Milio,2026-05-07,Weibo Gaming,top: Vayne / jng: Trundle / mid: Cassiopeia / bot: Jhin / sup: Karma,1,2.0,1258.0,2588.0,32.0,-86.64343042727546,True,Within 500g
13260-13260_game_1,complete,LPL,Split 2,0,2026-05-07 12:39:41,1,16.09,200,Red,Ninjas in Pyjamas,oe:team:48d7941ccbd5b89aca46c57b0c2f8fb,2020,1,805.0,1451.0,-41.0,5.0,1.0,1022.0,862.0,-65.0,5.0,1.0,4787.0,6587.0,-80.0,10.0,1.0,top: Sion / jng: Nocturne / mid: Annie / bot: Corki / sup: Nami,2026-05-07,Anyone's Legend,top: Rumble / jng: Skarner / mid: Azir / bot: Jhin / sup: Bard,0,4.0,217.0,-589.0,-24.0,-95.65645523282274,True,Grew by >500g
13260-13260_game_2,complete,LPL,Split 2,0,2026-05-07 13:36:42,2,16.09,100,Blue,Ninjas in Pyjamas,oe:team:48d7941ccbd5b89aca46c57b0c2f8fb,1869,1,3618.0,1543.0,30.0,5.0,1.0,3167.0,1805.0,53.0,9.0,5.0,5202.0,3539.0,65.0,9.0,5.0,top: Jayce / jng: Lee Sin / mid: Twisted Fate / bot: Lucian / sup: Nautilus,2026-05-07,Anyone's Legend,top: Gnar / jng: Pantheon / mid: Mel / bot: Sivir / sup: Milio,1,4.0,-451.0,262.0,23.0,-95.65645523282274,True,Grew by >500g
LOLTMNT01_378734,complete,LCK,Rounds 1-2,0,2026-05-08 08:05:48,1,16.09,100,Blue,T1,oe:team:ce499dea30cfce118f4fe85da0227e8,1530,1,1040.0,-32.0,-8.0,3.0,2.0,4186.0,3999.0,37.0,9.0,3.0,12032.0,12301.0,80.0,16.0,4.0,top: Jayce / jng: Xin Zhao / mid: Ahri / bot: Ashe / sup: Seraphine,2026-05-08,DN SOOPers,top: K'Sante / jng: Vi / mid: Yone / bot: Ziggs / sup: Camille,1,6.0,3146.0,4031.0,45.0,221.95136080994075,True,Grew by >500g
LOLTMNT01_378764,complete,LCK,Rounds 1-2,0,2026-05-08 08:52:21,2,16.09,100,Blue,T1,oe:team:ce499dea30cfce118f4fe85da0227e8,1485,1,6270.0,4525.0,73.0,6.0,0.0,9987.0,6880.0,97.0,10.0,2.0,14562.0,10572.0,88.0,18.0,4.0,top: Renekton / jng: Jarvan IV / mid: Orianna / bot: Sivir / sup: Neeko,2026-05-08,DN SOOPers,top: Gnar / jng: Nocturne / mid: Akali / bot: Jhin / sup: Rakan,1,8.0,3717.0,2355.0,24.0,221.95136080994075,True,Won before 25
13261-13261_game_1,complete,LPL,Split 2,0,2026-05-08 09:19:29,1,16.09,100,Blue,LNG Esports,oe:team:a9145b7711873f53e610fbba0493484,1806,1,1034.0,850.0,-11.0,1.0,0.0,5699.0,5467.0,12.0,6.0,1.0,7466.0,7196.0,3.0,8.0,1.0,top: Sion / jng: Xin Zhao / mid: Annie / bot: Lucian / sup: Milio,2026-05-08,Ultra Prime,top: Yorick / jng: Jarvan IV / mid: Ryze / bot: Ezreal / sup: Karma,1,5.0,4665.0,4617.0,23.0,128.09280920819742,True,Grew by >500g
13261-13261_game_2,complete,LPL,Split 2,0,2026-05-08 10:15:33,2,16.09,100,Blue,LNG Esports,oe:team:a9145b7711873f53e610fbba0493484,2360,0,184.0,-1242.0,65.0,6.0,8.0,71.0,-1838.0,70.0,6.0,9.0,3065.0,2481.0,48.0,13.0,11.0,top: Vayne / jng: Lee Sin / mid: Cassiopeia / bot: Jhin / sup: Bard,2026-05-08,Ultra Prime,top: Udyr / jng: Pantheon / mid: Aurora / bot: Ashe / sup: Seraphine,1,-3.0,-113.0,-596.0,5.0,128.09280920819742,True,Grew by >500g
LOLTMNT01_378900,complete,LCK,Rounds 1-2,0,2026-05-08 10:40:52,1,16.09,100,Blue,Gen.G,oe:team:50f58982d91a36557ec8aec52ab014f,1679,1,4418.0,4663.0,36.0,10.0,2.0,9587.0,8112.0,49.0,15.0,2.0,12988.0,12560.0,32.0,23.0,4.0,top: Sion / jng: Pantheon / mid: Anivia / bot: Jhin / sup: Karma,2026-05-08,Kiwoom DRX,top: Gnar / jng: Jarvan IV / mid: Ryze / bot: Ezreal / sup: Seraphine,1,13.0,5169.0,3449.0,13.0,201.5069912671206,True,Grew by >500g
13261-13261_game_3,complete,LPL,Split 2,0,2026-05-08 11:17:03,3,16.09,200,Red,Ultra Prime,oe:team:8d09428f093dfbf3c488bce350af0b1,1813,0,-265.0,-164.0,-25.0,3.0,0.0,600.0,2372.0,-12.0,7.0,1.0,-3422.0,-4239.0,-16.0,8.0,6.0,top: K'Sante / jng: Nocturne / mid: Ahri / bot: Zeri / sup: Yuumi,2026-05-08,LNG Esports,top: Gwen / jng: Trundle / mid: Yone / bot: Yunara / sup: Lulu,0,6.0,865.0,2536.0,13.0,-128.09280920819742,True,Lead lost by 25
LOLTMNT01_377874,complete,LCK,Rounds 1-2,0,2026-05-08 11:32:42,2,16.09,100,Blue,Gen.G,oe:team:50f58982d91a36557ec8aec52ab014f,1791,1,1855.0,1627.0,33.0,4.0,1.0,5239.0,3652.0,52.0,6.0,1.0,9751.0,11062.0,90.0,11.0,2.0,top: Shen / jng: Naafiri / mid: Annie / bot: Kog'Maw / sup: Lulu,2026-05-08,Kiwoom DRX,top: Renekton / jng: Xin Zhao / mid: Viktor / bot: Lucian / sup: Milio,1,5.0,3384.0,2025.0,19.0,201.5069912671206,True,Grew by >500g
LOLTMNT04_162255,complete,LEC,Spring,0,2026-05-08 14:13:17,1,16.09,100,Blue,G2 Esports,oe:team:7d6673d3a9d00363c6bebc1a630da6e,1709,1,735.0,1185.0,28.0,2.0,2.0,5123.0,3311.0,29.0,6.0,2.0,8912.0,5848.0,26.0,10.0,2.0,top: Kled / jng: Skarner / mid: LeBlanc / bot: Ezreal / sup: Nami,2026-05-08,Karmine Corp,top: Sion / jng: Pantheon / mid: Azir / bot: Jhin / sup: Karma,1,4.0,4388.0,2126.0,1.0,5.634425414511043,True,Grew by >500g
LOLTMNT04_162268,complete,LEC,Spring,0,2026-05-08 15:06:42,2,16.09,200,Red,Karmine Corp,oe:team:f3aa9bbd924ce3af42ac53f8326bc7c,1833,0,-37.0,-2249.0,-26.0,6.0,5.0,1014.0,-675.0,-39.0,11.0,7.0,-1615.0,-3135.0,-50.0,12.0,11.0,top: Aurora / jng: Xin Zhao / mid: Ryze / bot: Ashe / sup: Seraphine,2026-05-08,G2 Esports,top: Gnar / jng: Olaf / mid: Annie / bot: Caitlyn / sup: Bard,0,4.0,1051.0,1574.0,-13.0,-5.634425414511043,True,Lead lost by 25
LOLTMNT04_161335,complete,LEC,Spring,0,2026-05-08 16:15:39,1,16.09,200,Red,GiantX,oe:team:6cd05f0ac20bfb965a59dc8bcc4f184,2013,0,828.0,-531.0,-31.0,5.0,2.0,316.0,-1360.0,-29.0,9.0,6.0,-3543.0,-8635.0,-59.0,10.0,10.0,top: Sion / jng: Nocturne / mid: Akali / bot: Caitlyn / sup: Nautilus,2026-05-08,Movistar KOI,top: Rumble / jng: Vi / mid: Viktor / bot: Ezreal / sup: Karma,0,3.0,-512.0,-829.0,2.0,-43.059590958585204,True,Lead lost by 25
LOLTMNT04_161346,complete,LEC,Spring,0,2026-05-08 17:24:09,2,16.09,100,Blue,Movistar KOI,oe:team:4acc40654379b4da680be1bd3129dfa,1596,1,4045.0,2882.0,3.0,11.0,3.0,306.0,-317.0,0.0,13.0,10.0,1578.0,4640.0,17.0,19.0,13.0,top: Shen / jng: Jarvan IV / mid: Anivia / bot: Kalista / sup: Renata Glasc,2026-05-08,GiantX,top: Renekton / jng: Skarner / mid: Azir / bot: Lucian / sup: Milio,1,3.0,-3739.0,-3199.0,-3.0,43.059590958585204,True,Grew by >500g
LOLTMNT01_380497,complete,LCK,Rounds 1-2,0,2026-05-09 08:06:41,1,16.09,200,Red,BNK FEARX,oe:team:5c2e7e9ea8dfcba0150d9a5619baecf,1854,1,1565.0,2362.0,-2.0,5.0,1.0,4740.0,4805.0,24.0,8.0,2.0,6079.0,7742.0,24.0,11.0,3.0,top: Olaf / jng: Jarvan IV / mid: Aurora / bot: Mel / sup: Skarner,2026-05-09,KT Rolster,top: Jayce / jng: Xin Zhao / mid: Taliyah / bot: Ashe / sup: Seraphine,0,6.0,3175.0,2443.0,26.0,-108.31864187275755,True,Grew by >500g
LOLTMNT01_380553,complete,LCK,Rounds 1-2,0,2026-05-09 08:59:58,2,16.09,200,Red,BNK FEARX,oe:team:5c2e7e9ea8dfcba0150d9a5619baecf,1728,1,2411.0,3311.0,35.0,7.0,5.0,3177.0,1951.0,34.0,10.0,8.0,4102.0,1461.0,36.0,10.0,8.0,top: Renekton / jng: Wukong / mid: Lissandra / bot: Caitlyn / sup: Bard,2026-05-09,KT Rolster,top: K'Sante / jng: Vi / mid: Ahri / bot: Yunara / sup: Lulu,0,2.0,766.0,-1360.0,-1.0,-108.31864187275755,True,Grew by >500g
13263-13263_game_1,complete,LPL,Split 2,0,2026-05-09 09:13:03,1,16.09,100,Blue,Invictus Gaming,oe:team:53a258f289c26d94431c0496a54e151,2059,1,2518.0,831.0,43.0,5.0,3.0,1908.0,1320.0,48.0,7.0,5.0,3373.0,-738.0,11.0,10.0,6.0,top: Gwen / jng: Nocturne / mid: Akali / bot: Sivir / sup: Karma,2026-05-09,Ninjas in Pyjamas,top: Sion / jng: Vi / mid: Orianna / bot: Jhin / sup: Bard,1,2.0,-610.0,489.0,5.0,-98.88718844341975,True,Grew by >500g
LOLTMNT01_380568,complete,LCP,Split 2,0,2026-05-09 09:20:11,1,16.09,200,Red,CTBC Flying Oyster,oe:team:0916b3c324c8577b0c6344f3e067f62,1679,1,-29.0,-881.0,-58.0,1.0,0.0,2344.0,5000.0,-11.0,10.0,3.0,3769.0,8275.0,-17.0,15.0,7.0,top: Ornn / jng: Xin Zhao / mid: Aurora / bot: Ashe / sup: Seraphine,2026-05-09,Ground Zero Gaming,top: Rumble / jng: Jarvan IV / mid: Ryze / bot: Varus / sup: Rell,0,7.0,2373.0,5881.0,47.0,5.083563596167323,True,Grew by >500g
LOLTMNT01_380601,complete,LCP,Split 2,0,2026-05-09 10:09:13,2,16.09,100,Blue,CTBC Flying Oyster,oe:team:0916b3c324c8577b0c6344f3e067f62,2104,1,-1391.0,-592.0,-9.0,2.0,5.0,842.0,1690.0,-5.0,5.0,6.0,3282.0,5443.0,39.0,7.0,6.0,top: Sion / jng: Vi / mid: Annie / bot: Kai'Sa / sup: Leona,2026-05-09,Ground Zero Gaming,top: Gwen / jng: Skarner / mid: Jayce / bot: Ziggs / sup: Shen,1,-1.0,2233.0,2282.0,4.0,5.083563596167323,True,Grew by >500g
13263-13263_game_2,complete,LPL,Split 2,0,2026-05-09 10:12:07,2,16.09,200,Red,Invictus Gaming,oe:team:53a258f289c26d94431c0496a54e151,1630,1,839.0,-156.0,45.0,3.0,5.0,653.0,1263.0,69.0,6.0,8.0,5780.0,10339.0,118.0,13.0,10.0,top: Renekton / jng: Xin Zhao / mid: Ryze / bot: Ashe / sup: Lulu,2026-05-09,Ninjas in Pyjamas,top: Gnar / jng: Shyvana / mid: Annie / bot: Senna / sup: Seraphine,0,-2.0,-186.0,1419.0,24.0,-98.88718844341975,True,Grew by >500g
LOLTMNT01_379647,complete,LCK,Rounds 1-2,0,2026-05-09 10:15:45,1,16.09,100,Blue,HANJIN BRION,oe:team:b77b3f6068e20a2b3edc0ecd3dc70d4,2059,1,1103.0,1952.0,28.0,3.0,1.0,1541.0,1698.0,25.0,5.0,3.0,2638.0,3522.0,19.0,6.0,3.0,top: Rumble / jng: Xin Zhao / mid: Ryze / bot: Lucian / sup: Milio,2026-05-09,Nongshim RedForce,top: Ambessa / jng: Jarvan IV / mid: Annie / bot: Caitlyn / sup: Bard,1,2.0,438.0,-254.0,-3.0,35.33113147629729,True,Grew by >500g
LOLTMNT01_380657,complete,LCK,Rounds 1-2,0,2026-05-09 11:12:58,2,16.09,100,Blue,HANJIN BRION,oe:team:b77b3f6068e20a2b3edc0ecd3dc70d4,1817,1,19.0,979.0,42.0,7.0,9.0,1425.0,1209.0,17.0,10.0,10.0,3207.0,5254.0,20.0,11.0,11.0,top: Twisted Fate / jng: Pantheon / mid: Aurora / bot: Miss Fortune / sup: Nautilus,2026-05-09,Nongshim RedForce,top: Gnar / jng: Skarner / mid: Taliyah / bot: Ashe / sup: Seraphine,1,0.0,1406.0,230.0,-25.0,35.33113147629729,True,Grew by >500g
13264-13264_game_1,complete,LPL,Split 2,0,2026-05-09 11:17:46,1,16.09,100,Blue,Team WE,oe:team:62c1cd9465dc63824593ee5046f5aa8,2098,0,507.0,142.0,-25.0,6.0,5.0,663.0,-1119.0,-30.0,6.0,6.0,1111.0,691.0,23.0,9.0,11.0,top: Jayce / jng: Lee Sin / mid: Ryze / bot: Ezreal / sup: Bard,2026-05-09,Top Esports,top: K'Sante / jng: Jarvan IV / mid: Annie / bot: Jhin / sup: Karma,1,0.0,156.0,-1261.0,-5.0,-182.7263220141815,True,Within 500g
LOLTMNT01_379675,complete,LCP,Split 2,0,2026-05-09 11:24:17,1,16.09,100,Blue,Team Secret Whales,oe:team:740de582f50775c516c77ed7b923fd5,2187,1,469.0,-226.0,11.0,2.0,3.0,835.0,268.0,15.0,2.0,3.0,1870.0,1091.0,25.0,6.0,6.0,top: Rumble / jng: Pantheon / mid: Aurora / bot: Jhin / sup: Bard,2026-05-09,MVK Esports,top: Ornn / jng: Naafiri / mid: Viktor / bot: Ezreal / sup: Karma,1,-1.0,366.0,494.0,4.0,136.5264138968107,True,Grew by >500g
LOLTMNT01_380699,complete,LCP,Split 2,0,2026-05-09 12:19:47,2,16.09,100,Blue,Team Secret Whales,oe:team:740de582f50775c516c77ed7b923fd5,1393,1,7298.0,6531.0,85.0,9.0,0.0,13204.0,12239.0,121.0,15.0,0.0,,,,,,top: Malphite / jng: Trundle / mid: Ahri / bot: Varus / sup: Nautilus,2026-05-09,MVK Esports,top: Gnar / jng: Vi / mid: Cassiopeia / bot: Lucian / sup: Milio,1,15.0,5906.0,5708.0,36.0,136.5264138968107,True,Won before 25
13264-13264_game_2,complete,LPL,Split 2,0,2026-05-09 12:22:29,2,16.09,200,Red,Top Esports,oe:team:fcec508e780bbd1ad493852640f5b36,1569,1,1422.0,1106.0,15.0,3.0,2.0,2247.0,1909.0,-15.0,7.0,2.0,8575.0,12914.0,77.0,14.0,4.0,top: Ambessa / jng: Xin Zhao / mid: Aurora / bot: Corki / sup: Nami,2026-05-09,Team WE,top: Aatrox / jng: Pantheon / mid: LeBlanc / bot: Lucian / sup: Milio,0,5.0,825.0,803.0,-30.0,182.7263220141815,True,Grew by >500g
LOLTMNT04_161451,complete,LEC,Spring,0,2026-05-09 14:14:24,1,16.09,200,Red,G2 Esports,oe:team:7d6673d3a9d00363c6bebc1a630da6e,1785,1,5570.0,4404.0,57.0,7.0,0.0,7295.0,6445.0,75.0,8.0,0.0,10489.0,11262.0,87.0,12.0,0.0,top: Ornn / jng: Pantheon / mid: Aurora / bot: Sivir / sup: Lulu,2026-05-09,GiantX,top: Rumble / jng: Skarner / mid: Yone / bot: Ezreal / sup: Nami,0,8.0,1725.0,2041.0,18.0,145.07528104517633,True,Grew by >500g
LOLTMNT04_162397,complete,LEC,Spring,0,2026-05-09 15:15:42,2,16.09,100,Blue,G2 Esports,oe:team:7d6673d3a9d00363c6bebc1a630da6e,1953,1,1509.0,1722.0,29.0,2.0,1.0,1908.0,2961.0,40.0,4.0,3.0,6140.0,6390.0,64.0,8.0,3.0,top: Gnar / jng: Wukong / mid: Galio / bot: Kai'Sa / sup: Neeko,2026-05-09,GiantX,top: Renekton / jng: Jarvan IV / mid: LeBlanc / bot: Xayah / sup: Bard,1,1.0,399.0,1239.0,11.0,145.07528104517633,True,Grew by >500g
LOLTMNT01_379828,complete,CBLOL,Split 1,1,2026-05-09 16:15:58,1,16.09,100,Blue,LOUD,oe:team:658a021a796aa5501503220adb38cf4,2238,1,3272.0,1362.0,41.0,5.0,2.0,4046.0,1963.0,50.0,6.0,3.0,3671.0,3065.0,57.0,6.0,4.0,top: K'Sante / jng: Aatrox / mid: Ryze / bot: Caitlyn / sup: Karma,2026-05-09,Vivo Keyd Stars,top: Rumble / jng: Zaahen / mid: Orianna / bot: Ashe / sup: Seraphine,1,3.0,774.0,601.0,9.0,58.313801974089074,True,Within 500g
LOLTMNT04_162417,complete,LEC,Spring,0,2026-05-09 16:32:21,1,16.09,200,Red,Movistar KOI,oe:team:4acc40654379b4da680be1bd3129dfa,2555,0,-991.0,-1460.0,-17.0,0.0,4.0,461.0,654.0,21.0,3.0,6.0,78.0,1430.0,67.0,7.0,11.0,top: Shyvana / jng: Skarner / mid: Azir / bot: Caitlyn / sup: Bard,2026-05-09,Karmine Corp,top: Jayce / jng: Pantheon / mid: Taliyah / bot: Ashe / sup: Seraphine,0,-3.0,1452.0,2114.0,38.0,-21.962086622193283,True,Within 500g
LOLTMNT01_379870,complete,CBLOL,Split 1,1,2026-05-09 17:12:38,2,16.09,100,Blue,LOUD,oe:team:658a021a796aa5501503220adb38cf4,1616,1,-193.0,2210.0,-7.0,6.0,5.0,78.0,4241.0,-9.0,11.0,6.0,3243.0,8962.0,-27.0,18.0,9.0,top: Sion / jng: Vi / mid: Ahri / bot: Kalista / sup: Renata Glasc,2026-05-09,Vivo Keyd Stars,top: Jayce / jng: Jarvan IV / mid: Galio / bot: Xayah / sup: Rakan,1,5.0,271.0,2031.0,-2.0,58.313801974089074,True,Grew by >500g
LOLTMNT04_161471,complete,LEC,Spring,0,2026-05-09 17:37:14,2,16.09,200,Red,Movistar KOI,oe:team:4acc40654379b4da680be1bd3129dfa,1545,1,5529.0,5074.0,44.0,9.0,2.0,8126.0,8115.0,62.0,13.0,2.0,12546.0,12340.0,106.0,19.0,4.0,top: Rumble / jng: Vi / mid: Akali / bot: Kai'Sa / sup: Neeko,2026-05-09,Karmine Corp,top: Renekton / jng: Wukong / mid: Orianna / bot: Corki / sup: Nami,0,11.0,2597.0,3041.0,18.0,-21.962086622193283,True,Grew by >500g
LOLTMNT01_379888,complete,CBLOL,Split 1,1,2026-05-09 17:59:07,3,16.09,100,Blue,LOUD,oe:team:658a021a796aa5501503220adb38cf4,2272,0,2754.0,1705.0,40.0,4.0,3.0,2024.0,227.0,27.0,5.0,5.0,1158.0,-440.0,12.0,6.0,7.0,top: Gnar / jng: Trundle / mid: LeBlanc / bot: Draven / sup: Milio,2026-05-09,Vivo Keyd Stars,top: Yorick / jng: Poppy / mid: Viktor / bot: Lucian / sup: Nami,1,0.0,-730.0,-1478.0,-13.0,58.313801974089074,True,Shrank by >500g
LOLTMNT04_161482,complete,LEC,Spring,0,2026-05-09 18:26:50,3,16.09,200,Red,Karmine Corp,oe:team:f3aa9bbd924ce3af42ac53f8326bc7c,2077,1,2480.0,3640.0,14.0,8.0,5.0,1491.0,401.0,2.0,8.0,7.0,1631.0,1485.0,-20.0,10.0,8.0,top: Gnar / jng: Kha'Zix / mid: Annie / bot: Sivir / sup: Lulu,2026-05-09,Movistar KOI,top: Zeri / jng: Trundle / mid: Ryze / bot: Ezreal / sup: Karma,0,1.0,-989.0,-3239.0,-12.0,21.962086622193283,True,Within 500g
LOLTMNT01_379914,complete,CBLOL,Split 1,1,2026-05-09 18:57:22,4,16.09,200,Red,LOUD,oe:team:658a021a796aa5501503220adb38cf4,1769,1,949.0,454.0,-22.0,2.0,1.0,1821.0,60.0,-19.0,2.0,1.0,7406.0,5988.0,-5.0,9.0,3.0,top: Rek'Sai / jng: Naafiri / mid: Aurora / bot: Jhin / sup: Bard,2026-05-09,Vivo Keyd Stars,top: Ambessa / jng: Skarner / mid: Syndra / bot: Sivir / sup: Neeko,0,1.0,872.0,-394.0,3.0,58.313801974089074,True,Grew by >500g
LOLTMNT01_379961,complete,LCS,Spring,0,2026-05-09 20:08:09,1,16.09,200,Red,Sentinels,oe:team:f90422f1cbcb24bc2a855202582ec29,2352,1,1347.0,722.0,41.0,3.0,2.0,1969.0,976.0,59.0,4.0,3.0,1711.0,1807.0,38.0,4.0,3.0,top: K'Sante / jng: Skarner / mid: Cassiopeia / bot: Caitlyn / sup: Bard,2026-05-09,Shopify Rebellion,top: Rumble / jng: Dr. Mundo / mid: Ryze / bot: Ezreal / sup: Neeko,0,1.0,622.0,254.0,18.0,48.27797338340156,True,Within 500g
LOLTMNT01_379978,complete,LCS,Spring,0,2026-05-09 21:05:30,2,16.09,200,Red,Sentinels,oe:team:f90422f1cbcb24bc2a855202582ec29,1913,1,594.0,14.0,-24.0,3.0,2.0,325.0,1751.0,0.0,4.0,3.0,-848.0,413.0,3.0,6.0,7.0,top: Ornn / jng: Naafiri / mid: Viktor / bot: Ashe / sup: Seraphine,2026-05-09,Shopify Rebellion,top: Jayce / jng: Pantheon / mid: Taliyah / bot: Corki / sup: Nami,0,1.0,-269.0,1737.0,24.0,48.27797338340156,True,Lead lost by 25
LOLTMNT01_380953,complete,LCS,Spring,0,2026-05-09 22:00:36,1,16.09,200,Red,Disguised,oe:team:289284911fb6f41c0ccaecc3a0c2891,1535,1,965.0,496.0,22.0,1.0,0.0,3175.0,2106.0,42.0,4.0,1.0,9415.0,12719.0,65.0,11.0,1.0,top: Rumble / jng: Xin Zhao / mid: Ryze / bot: Smolder / sup: Nami,2026-05-09,Dignitas,top: Ornn / jng: Vi / mid: Taliyah / bot: Ashe / sup: Seraphine,0,3.0,2210.0,1610.0,20.0,-10.715133099765353,True,Grew by >500g
LOLTMNT01_379997,complete,LCS,Spring,0,2026-05-09 22:43:18,2,16.09,100,Blue,Disguised,oe:team:289284911fb6f41c0ccaecc3a0c2891,2567,1,-506.0,133.0,1.0,1.0,3.0,30.0,441.0,-21.0,4.0,3.0,759.0,1808.0,-37.0,7.0,7.0,top: Sion / jng: Jarvan IV / mid: Akali / bot: Yunara / sup: Lulu,2026-05-09,Dignitas,top: Shen / jng: Poppy / mid: Orianna / bot: Ezreal / sup: Nautilus,1,1.0,536.0,308.0,-22.0,-10.715133099765353,True,Grew by >500g
LOLTMNT01_382057,complete,LCK,Rounds 1-2,0,2026-05-10 08:09:29,1,16.09,100,Blue,T1,oe:team:ce499dea30cfce118f4fe85da0227e8,1531,1,658.0,-18.0,12.0,3.0,6.0,4232.0,2952.0,-1.0,8.0,6.0,8251.0,10833.0,24.0,14.0,9.0,top: Yorick / jng: Xin Zhao / mid: Twisted Fate / bot: Ashe / sup: Lulu,2026-05-10,Dplus Kia,top: Rumble / jng: Trundle / mid: Sylas / bot: Caitlyn / sup: Seraphine,1,2.0,3574.0,2970.0,-13.0,43.32969628576825,True,Grew by >500g
LOLTMNT01_382071,complete,LCK,Rounds 1-2,0,2026-05-10 08:58:19,2,16.09,100,Blue,T1,oe:team:ce499dea30cfce118f4fe85da0227e8,2138,1,-204.0,664.0,47.0,0.0,2.0,361.0,634.0,44.0,6.0,8.0,-1568.0,-679.0,25.0,9.0,12.0,top: Ambessa / jng: Vi / mid: Anivia / bot: Ezreal / sup: Neeko,2026-05-10,Dplus Kia,top: Sion / jng: Jarvan IV / mid: Viktor / bot: Lucian / sup: Milio,1,-2.0,565.0,-30.0,-3.0,43.32969628576825,True,Lead lost by 25
13265-13265_game_1,complete,LPL,Split 2,0,2026-05-10 09:11:28,1,16.09,200,Red,Weibo Gaming,oe:team:606c6ac695907af3823ee6405c58ff1,2416,1,1147.0,1253.0,19.0,7.0,5.0,601.0,740.0,35.0,7.0,6.0,-536.0,-897.0,25.0,10.0,10.0,top: Varus / jng: Trundle / mid: Azir / bot: Ezreal / sup: Karma,2026-05-10,Ninjas in Pyjamas,top: Anivia / jng: Qiyana / mid: Ryze / bot: Lucian / sup: Milio,0,1.0,-546.0,-513.0,16.0,-28.61544330940933,True,Lead lost by 25
LOLTMNT01_381153,complete,LCP,Split 2,0,2026-05-10 09:19:39,1,16.09,200,Red,Deep Cross Gaming,oe:team:7e56e9367c023df96cc8257ff4e16c0,1651,1,6872.0,5349.0,86.0,5.0,0.0,9111.0,7764.0,121.0,11.0,4.0,15190.0,16854.0,169.0,21.0,7.0,top: Gnar / jng: Lee Sin / mid: Annie / bot: Caitlyn / sup: Bard,2026-05-10,DetonatioN FocusMe,top: Renekton / jng: Jarvan IV / mid: Mel / bot: Lucian / sup: Milio,0,7.0,2239.0,2415.0,35.0,125.07884267591817,True,Grew by >500g
LOLTMNT01_381189,complete,LCP,Split 2,0,2026-05-10 10:07:25,2,16.09,100,Blue,Deep Cross Gaming,oe:team:7e56e9367c023df96cc8257ff4e16c0,1729,1,4510.0,2611.0,25.0,8.0,2.0,2995.0,834.0,22.0,9.0,4.0,6930.0,5797.0,63.0,13.0,4.0,top: Vayne / jng: Trundle / mid: Aurora / bot: Jhin / sup: Karma,2026-05-10,DetonatioN FocusMe,top: Ambessa / jng: Xin Zhao / mid: Zoe / bot: Ashe / sup: Seraphine,1,5.0,-1515.0,-1777.0,-3.0,125.07884267591817,True,Grew by >500g
13265-13265_game_2,complete,LPL,Split 2,0,2026-05-10 10:12:35,2,16.09,100,Blue,Weibo Gaming,oe:team:606c6ac695907af3823ee6405c58ff1,2187,1,1775.0,1738.0,19.0,6.0,2.0,1055.0,988.0,-3.0,7.0,3.0,1611.0,3032.0,-9.0,10.0,3.0,top: Sion / jng: Vi / mid: Viktor / bot: Jhin / sup: Bard,2026-05-10,Ninjas in Pyjamas,top: Gwen / jng: Naafiri / mid: Annie / bot: Yunara / sup: Lulu,1,4.0,-720.0,-750.0,-22.0,-28.61544330940933,True,Grew by >500g
LOLTMNT01_382136,complete,LCK,Rounds 1-2,0,2026-05-10 10:31:52,1,16.09,100,Blue,Kiwoom DRX,oe:team:1d0389df0c5eea93b04122ba167c010,1568,1,-729.0,-1655.0,-3.0,4.0,4.0,2236.0,2195.0,12.0,12.0,9.0,4401.0,5714.0,16.0,19.0,12.0,top: Gnar / jng: Jarvan IV / mid: Ryze / bot: Miss Fortune / sup: Nautilus,2026-05-10,Hanwha Life Esports,top: Tristana / jng: Xin Zhao / mid: Cassiopeia / bot: Sivir / sup: Bard,1,3.0,2965.0,3850.0,15.0,-174.68323887184806,True,Grew by >500g
LOLTMNT01_381223,complete,LCP,Split 2,0,2026-05-10 11:13:52,1,16.09,200,Red,GAM Esports,oe:team:9cae7677cd0dbcc1cd86653870b73c2,1501,1,1778.0,2130.0,-16.0,5.0,1.0,5561.0,5703.0,15.0,9.0,1.0,13732.0,15079.0,67.0,17.0,2.0,top: Ambessa / jng: Jarvan IV / mid: Ahri / bot: Varus / sup: Bard,2026-05-10,Fukuoka SoftBank HAWKS gaming,top: Rumble / jng: Pantheon / mid: Aurora / bot: Lucian / sup: Milio,0,8.0,3783.0,3573.0,31.0,-46.74192674903907,True,Grew by >500g
LOLTMNT01_382172,complete,LCK,Rounds 1-2,0,2026-05-10 11:20:52,2,16.09,200,Red,Hanwha Life Esports,oe:team:3a1d18f46bcb3716ebcfcf4ef068934,1483,1,4680.0,5049.0,68.0,12.0,4.0,9769.0,9035.0,108.0,20.0,6.0,15043.0,14442.0,114.0,26.0,8.0,top: Rumble / jng: Vi / mid: Ahri / bot: Ashe / sup: Seraphine,2026-05-10,Kiwoom DRX,top: Anivia / jng: Lee Sin / mid: Annie / bot: Lucian / sup: Nami,0,14.0,5089.0,3986.0,40.0,174.68323887184806,True,Won before 25
13266-13266_game_1,complete,LPL,Split 2,0,2026-05-10 11:25:42,1,16.09,200,Red,Anyone's Legend,oe:team:ed28f87f0cfdba0a2a8f183cebae73a,2596,0,434.0,-345.0,-27.0,2.0,1.0,137.0,-2816.0,-41.0,2.0,2.0,-3248.0,-4894.0,-75.0,3.0,6.0,top: Aurora / jng: Vi / mid: Cassiopeia / bot: Ezreal / sup: Karma,2026-05-10,JD Gaming,top: Rumble / jng: Naafiri / mid: Annie / bot: Varus / sup: Nautilus,0,0.0,-297.0,-2471.0,-14.0,15.873733312468403,True,Lead lost by 25
LOLTMNT01_382186,complete,LCP,Split 2,0,2026-05-10 11:59:06,2,16.09,200,Red,GAM Esports,oe:team:9cae7677cd0dbcc1cd86653870b73c2,1749,1,1263.0,1179.0,47.0,2.0,1.0,3343.0,3145.0,86.0,4.0,3.0,7525.0,9015.0,119.0,5.0,3.0,top: Jayce / jng: Naafiri / mid: Hwei / bot: Ezreal / sup: Nautilus,2026-05-10,Fukuoka SoftBank HAWKS gaming,top: K'Sante / jng: Xin Zhao / mid: Annie / bot: Ashe / sup: Seraphine,0,1.0,2080.0,1966.0,39.0,-46.74192674903907,True,Grew by >500g
LOLTMNT01_382190,complete,LCK,Rounds 1-2,0,2026-05-10 12:06:37,3,16.09,100,Blue,Hanwha Life Esports,oe:team:3a1d18f46bcb3716ebcfcf4ef068934,1527,1,1549.0,-232.0,32.0,7.0,7.0,2694.0,266.0,32.0,11.0,9.0,5374.0,2545.0,51.0,20.0,17.0,top: Jax / jng: Pantheon / mid: Sylas / bot: Yunara / sup: Lulu,2026-05-10,Kiwoom DRX,top: K'Sante / jng: Nocturne / mid: Aurora / bot: Varus / sup: Poppy,1,2.0,1145.0,498.0,0.0,174.68323887184806,True,Grew by >500g
13266-13266_game_2,complete,LPL,Split 2,0,2026-05-10 12:30:06,2,16.09,100,Blue,Anyone's Legend,oe:team:ed28f87f0cfdba0a2a8f183cebae73a,1739,1,2666.0,867.0,54.0,5.0,1.0,2512.0,601.0,26.0,6.0,1.0,6819.0,7221.0,24.0,10.0,2.0,top: Vayne / jng: Xin Zhao / mid: Ryze / bot: Ashe / sup: Seraphine,2026-05-10,JD Gaming,top: Ambessa / jng: Malphite / mid: Orianna / bot: Lucian / sup: Milio,1,5.0,-154.0,-266.0,-28.0,15.873733312468403,True,Grew by >500g
LOLTMNT04_162485,complete,LEC,Spring,0,2026-05-10 13:12:38,1,16.09,100,Blue,GiantX,oe:team:6cd05f0ac20bfb965a59dc8bcc4f184,1930,0,1670.0,468.0,18.0,5.0,2.0,2776.0,1138.0,22.0,5.0,2.0,743.0,-293.0,21.0,5.0,4.0,top: Renekton / jng: Nocturne / mid: Ryze / bot: Varus / sup: Neeko,2026-05-10,Karmine Corp,top: Aurora / jng: Pantheon / mid: Anivia / bot: Zeri / sup: Lulu,1,3.0,1106.0,670.0,4.0,-120.29818745526563,True,Shrank by >500g
13266-13266_game_3,complete,LPL,Split 2,0,2026-05-10 13:23:10,3,16.09,100,Blue,JD Gaming,oe:team:b42d0f31f2727621b963042276817c4,1489,1,2347.0,1182.0,33.0,3.0,3.0,6098.0,5581.0,61.0,9.0,4.0,9867.0,7183.0,69.0,15.0,5.0,top: Jax / jng: Maokai / mid: Yone / bot: Caitlyn / sup: Elise,2026-05-10,Anyone's Legend,top: Gnar / jng: Skarner / mid: Azir / bot: Jhin / sup: Anivia,1,5.0,3751.0,4399.0,28.0,-15.873733312468403,True,Won before 25
LOLTMNT04_162494,complete,LEC,Spring,0,2026-05-10 14:09:54,2,16.09,100,Blue,Karmine Corp,oe:team:f3aa9bbd924ce3af42ac53f8326bc7c,2476,0,-1001.0,-1375.0,24.0,0.0,5.0,561.0,934.0,52.0,4.0,8.0,-2232.0,-3991.0,54.0,6.0,12.0,top: Cassiopeia / jng: Vi / mid: Viktor / bot: Caitlyn / sup: Bard,2026-05-10,GiantX,top: Gnar / jng: Skarner / mid: Azir / bot: Ezreal / sup: Karma,1,-4.0,1562.0,2309.0,28.0,120.29818745526563,True,Lead lost by 25
LOLTMNT04_161556,complete,LEC,Spring,0,2026-05-10 15:17:18,3,16.09,100,Blue,Karmine Corp,oe:team:f3aa9bbd924ce3af42ac53f8326bc7c,1926,0,1683.0,1527.0,52.0,4.0,4.0,2290.0,1709.0,88.0,5.0,7.0,6612.0,7259.0,134.0,11.0,8.0,top: Brand / jng: Naafiri / mid: Sylas / bot: Corki / sup: Nautilus,2026-05-10,GiantX,top: Jax / jng: Xin Zhao / mid: Ahri / bot: Lucian / sup: Nami,1,-2.0,607.0,182.0,36.0,120.29818745526563,True,Grew by >500g
LOLTMNT01_381383,complete,CBLOL,Split 1,1,2026-05-10 16:13:26,1,16.09,100,Blue,Fluxo W7M,oe:team:45c362a0cfc4b81f597b5ab89250df5,1507,1,1526.0,1493.0,-17.0,7.0,1.0,3165.0,3987.0,-11.0,11.0,2.0,7439.0,10285.0,8.0,16.0,3.0,top: Renekton / jng: Pantheon / mid: Zoe / bot: Lucian / sup: Milio,2026-05-10,LØS,top: Kennen / jng: Trundle / mid: Viktor / bot: Caitlyn / sup: Bard,1,9.0,1639.0,2494.0,6.0,-14.977410396149708,True,Grew by >500g
LOLTMNT04_162542,complete,LEC,Spring,0,2026-05-10 16:29:07,1,16.09,200,Red,Movistar KOI,oe:team:4acc40654379b4da680be1bd3129dfa,1778,1,-1687.0,-2591.0,-29.0,3.0,3.0,1070.0,1596.0,-1.0,9.0,4.0,-143.0,-1810.0,0.0,10.0,6.0,top: Rumble / jng: Pantheon / mid: Azir / bot: Yunara / sup: Rakan,2026-05-10,G2 Esports,top: Ornn / jng: Nocturne / mid: Ryze / bot: Ezreal / sup: Karma,0,5.0,2757.0,4187.0,28.0,-87.15658318779629,True,Lead lost by 25
LOLTMNT01_382343,complete,CBLOL,Split 1,1,2026-05-10 16:56:11,2,16.09,200,Red,LØS,oe:team:ea65e6cc48a9be50fc5334369a5fca5,1672,1,5988.0,4656.0,73.0,11.0,3.0,4760.0,3720.0,97.0,11.0,5.0,10000.0,11445.0,114.0,18.0,6.0,top: Rumble / jng: Nocturne / mid: Ryze / bot: Corki / sup: Nami,2026-05-10,Fluxo W7M,top: K'Sante / jng: Jarvan IV / mid: Ahri / bot: Ezreal / sup: Alistar,0,6.0,-1228.0,-936.0,24.0,14.977410396149708,True,Grew by >500g
LOLTMNT01_381407,complete,CBLOL,Split 1,1,2026-05-10 17:41:02,3,16.09,100,Blue,Fluxo W7M,oe:team:45c362a0cfc4b81f597b5ab89250df5,1935,1,3482.0,4648.0,53.0,7.0,1.0,5665.0,7303.0,89.0,9.0,1.0,5515.0,7396.0,88.0,12.0,3.0,top: Ambessa / jng: Aatrox / mid: LeBlanc / bot: Xayah / sup: Rakan,2026-05-10,LØS,top: Gnar / jng: Xin Zhao / mid: Taliyah / bot: Yunara / sup: Neeko,1,8.0,2183.0,2655.0,36.0,-14.977410396149708,True,Within 500g
LOLTMNT04_161575,complete,LEC,Spring,0,2026-05-10 17:41:45,2,16.09,100,Blue,Movistar KOI,oe:team:4acc40654379b4da680be1bd3129dfa,1971,0,-1695.0,-1776.0,-45.0,2.0,4.0,449.0,58.0,-33.0,7.0,6.0,99.0,-54.0,-19.0,10.0,10.0,top: Gnar / jng: Jarvan IV / mid: Lissandra / bot: Kai'Sa / sup: Nautilus,2026-05-10,G2 Esports,top: Vayne / jng: Skarner / mid: Ahri / bot: Sivir / sup: Lulu,1,1.0,2144.0,1834.0,12.0,-87.15658318779629,True,Within 500g
LOLTMNT01_382368,complete,CBLOL,Split 1,1,2026-05-10 18:31:21,4,16.09,200,Red,LØS,oe:team:ea65e6cc48a9be50fc5334369a5fca5,1731,1,486.0,-597.0,-1.0,5.0,3.0,2789.0,897.0,-1.0,7.0,4.0,5048.0,3056.0,-19.0,12.0,5.0,top: Vayne / jng: Naafiri / mid: Annie / bot: Sivir / sup: Rell,2026-05-10,Fluxo W7M,top: Gwen / jng: Zaahen / mid: Cassiopeia / bot: Varus / sup: Nautilus,0,3.0,2303.0,1494.0,0.0,14.977410396149708,True,Grew by >500g
LOLTMNT04_162551,complete,LEC,Spring,0,2026-05-10 18:37:55,3,16.09,100,Blue,G2 Esports,oe:team:7d6673d3a9d00363c6bebc1a630da6e,2575,0,2963.0,2803.0,50.0,5.0,3.0,1386.0,-424.0,36.0,6.0,8.0,2147.0,-1600.0,55.0,6.0,8.0,top: K'Sante / jng: Lee Sin / mid: LeBlanc / bot: Miss Fortune / sup: Seraphine,2026-05-10,Movistar KOI,top: Anivia / jng: Xin Zhao / mid: Galio / bot: Ashe / sup: Rell,1,-2.0,-1577.0,-3227.0,-14.0,87.15658318779629,True,Grew by >500g
LOLTMNT01_382387,complete,CBLOL,Split 1,1,2026-05-10 19:20:07,5,16.09,100,Blue,Fluxo W7M,oe:team:45c362a0cfc4b81f597b5ab89250df5,2243,1,-597.0,903.0,15.0,5.0,4.0,2516.0,4039.0,46.0,7.0,4.0,1938.0,1997.0,31.0,9.0,5.0,top: Sion / jng: Maokai / mid: Yone / bot: Jinx / sup: Thresh,2026-05-10,LØS,top: Olaf / jng: Skarner / mid: Twisted Fate / bot: Aphelios / sup: Lulu,1,3.0,3113.0,3136.0,31.0,-14.977410396149708,True,Shrank by >500g
LOLTMNT01_382416,complete,LCS,Spring,0,2026-05-10 20:07:16,1,16.09,200,Red,Cloud9,oe:team:fc8e90107dabb9a35c490b0d86adea0,2387,0,-118.0,-899.0,-12.0,2.0,2.0,607.0,-4.0,3.0,3.0,3.0,1345.0,-1370.0,36.0,6.0,4.0,top: K'Sante / jng: Vi / mid: Annie / bot: Ezreal / sup: Karma,2026-05-10,FlyQuest,top: Rumble / jng: Shen / mid: Cassiopeia / bot: Lucian / sup: Milio,0,0.0,725.0,895.0,15.0,116.68359347195656,True,Grew by >500g
LOLTMNT01_382428,complete,LCS,Spring,0,2026-05-10 21:06:20,2,16.09,100,Blue,FlyQuest,oe:team:2e66da41dc460dd378e3bcc57042d31,2236,0,1725.0,1306.0,23.0,5.0,2.0,2257.0,2413.0,9.0,10.0,5.0,286.0,607.0,-22.0,13.0,8.0,top: Sion / jng: Jarvan IV / mid: Aurora / bot: Ashe / sup: Lulu,2026-05-10,Cloud9,top: Renekton / jng: Xin Zhao / mid: Viktor / bot: Senna / sup: Seraphine,1,5.0,532.0,1107.0,-14.0,-116.68359347195656,True,Shrank by >500g
LOLTMNT01_382435,complete,LCS,Spring,0,2026-05-10 22:02:15,3,16.09,100,Blue,Cloud9,oe:team:fc8e90107dabb9a35c490b0d86adea0,1627,1,2304.0,-344.0,-12.0,4.0,1.0,2542.0,-2220.0,16.0,4.0,4.0,5705.0,1116.0,34.0,9.0,6.0,top: Gnar / jng: Sejuani / mid: Twisted Fate / bot: Corki / sup: Nami,2026-05-10,FlyQuest,top: Anivia / jng: Dr. Mundo / mid: Hwei / bot: Jhin / sup: Bard,1,0.0,238.0,-1876.0,28.0,116.68359347195656,True,Grew by >500g
LOLTMNT01_382446,complete,LCS,Spring,0,2026-05-10 22:54:27,1,16.09,200,Red,LYON,oe:team:da1143bf9a245b78a8dc86417de85b3,2070,1,3054.0,1970.0,52.0,7.0,5.0,5060.0,2298.0,55.0,8.0,5.0,5893.0,4176.0,74.0,8.0,5.0,top: Jayce / jng: Jarvan IV / mid: Twisted Fate / bot: Ezreal / sup: Karma,2026-05-10,Team Liquid,top: Gragas / jng: Xin Zhao / mid: Aurora / bot: Ashe / sup: Seraphine,0,3.0,2006.0,328.0,3.0,55.175206915629815,True,Grew by >500g
LOLTMNT01_382451,complete,LCS,Spring,0,2026-05-10 23:47:40,2,16.09,100,Blue,LYON,oe:team:da1143bf9a245b78a8dc86417de85b3,2253,0,217.0,17.0,7.0,1.0,0.0,286.0,-332.0,12.0,2.0,2.0,1383.0,1753.0,16.0,3.0,3.0,top: Ryze / jng: Vi / mid: Ahri / bot: Lucian / sup: Milio,2026-05-10,Team Liquid,top: Rumble / jng: Skarner / mid: Yone / bot: Caitlyn / sup: Neeko,1,0.0,69.0,-349.0,5.0,55.175206915629815,True,Grew by >500g
LOLTMNT01_382460,complete,LCS,Spring,0,2026-05-11 00:44:19,3,16.09,100,Blue,Team Liquid,oe:team:8eb884e168f28402ce685bedebb5250,2408,0,770.0,-156.0,-21.0,3.0,1.0,636.0,-1289.0,-53.0,5.0,2.0,-4001.0,-8639.0,-76.0,9.0,10.0,top: Jax / jng: Sejuani / mid: Viktor / bot: Xayah / sup: Rakan,2026-05-11,LYON,top: Anivia / jng: Nocturne / mid: Sylas / bot: Corki / sup: Nami,1,3.0,-134.0,-1133.0,-32.0,-48.87579401031849,True,Lead lost by 25
13267-13267_game_1,complete,LPL,Split 2,0,2026-05-12 09:10:54,1,16.09,100,Blue,Ninjas in Pyjamas,oe:team:48d7941ccbd5b89aca46c57b0c2f8fb,1801,1,537.0,856.0,22.0,2.0,2.0,3243.0,3408.0,37.0,7.0,4.0,8694.0,11762.0,58.0,12.0,4.0,top: Gnar / jng: Nocturne / mid: Cassiopeia / bot: Corki / sup: Nami,2026-05-12,Top Esports,top: Ambessa / jng: Lee Sin / mid: Annie / bot: Lucian / sup: Milio,1,3.0,2706.0,2552.0,15.0,-94.12585242550131,True,Grew by >500g
13267-13267_game_2,complete,LPL,Split 2,0,2026-05-12 10:02:59,2,16.09,200,Red,Top Esports,oe:team:fcec508e780bbd1ad493852640f5b36,1617,1,3245.0,2342.0,92.0,6.0,5.0,3613.0,1466.0,109.0,6.0,6.0,8031.0,9140.0,133.0,10.0,6.0,top: Vayne / jng: Xin Zhao / mid: Orianna / bot: Ezreal / sup: Neeko,2026-05-12,Ninjas in Pyjamas,top: Renekton / jng: Shyvana / mid: Azir / bot: Yunara / sup: Lulu,0,0.0,368.0,-876.0,17.0,94.12585242550131,True,Grew by >500g
13267-13267_game_3,complete,LPL,Split 2,0,2026-05-12 10:52:49,3,16.09,100,Blue,Top Esports,oe:team:fcec508e780bbd1ad493852640f5b36,1769,0,1805.0,2971.0,52.0,8.0,5.0,2246.0,1736.0,42.0,9.0,5.0,1384.0,-202.0,31.0,11.0,9.0,top: K'Sante / jng: Maokai / mid: Yone / bot: Jhin / sup: Rell,2026-05-12,Ninjas in Pyjamas,top: Jayce / jng: Naafiri / mid: Ryze / bot: Sivir / sup: Nautilus,1,4.0,441.0,-1235.0,-10.0,94.12585242550131,True,Shrank by >500g
13268-13268_game_1,complete,LPL,Split 2,0,2026-05-12 12:04:25,1,16.09,100,Blue,Bilibili Gaming,oe:team:d356a144644879dabb5f34cd99c886d,2020,0,-1615.0,-375.0,19.0,3.0,7.0,458.0,754.0,28.0,5.0,8.0,4014.0,5610.0,79.0,8.0,9.0,top: Gnar / jng: Pantheon / mid: Twisted Fate / bot: Lucian / sup: Milio,2026-05-12,Invictus Gaming,top: Jax / jng: Jarvan IV / mid: Ryze / bot: Caitlyn / sup: Karma,1,-3.0,2073.0,1129.0,9.0,186.38948920080043,True,Grew by >500g
13268-13268_game_2,complete,LPL,Split 2,0,2026-05-12 13:03:54,2,16.09,200,Red,Bilibili Gaming,oe:team:d356a144644879dabb5f34cd99c886d,1858,1,1138.0,1180.0,24.0,3.0,3.0,5400.0,5181.0,32.0,10.0,6.0,9753.0,13151.0,33.0,20.0,8.0,top: Sion / jng: Xin Zhao / mid: Orianna / bot: Sivir / sup: Bard,2026-05-12,Invictus Gaming,top: Ambessa / jng: Vi / mid: Viktor / bot: Corki / sup: Alistar,0,4.0,4262.0,4001.0,8.0,186.38948920080043,True,Grew by >500g
13268-13268_game_3,complete,LPL,Split 2,0,2026-05-12 13:59:46,3,16.09,100,Blue,Bilibili Gaming,oe:team:d356a144644879dabb5f34cd99c886d,1697,1,5706.0,4761.0,92.0,9.0,2.0,8874.0,6567.0,111.0,14.0,4.0,10092.0,9252.0,143.0,15.0,4.0,top: Jayce / jng: Lee Sin / mid: Cassiopeia / bot: Ziggs / sup: Nautilus,2026-05-12,Invictus Gaming,top: Yorick / jng: Wukong / mid: Aurora / bot: Yunara / sup: Lulu,1,10.0,3168.0,1806.0,19.0,186.38948920080043,True,Grew by >500g
LOLTMNT01_384714,complete,LCK,Rounds 1-2,0,2026-05-13 08:06:21,1,16.09,100,Blue,T1,oe:team:ce499dea30cfce118f4fe85da0227e8,1450,1,2467.0,2400.0,52.0,7.0,5.0,5865.0,6699.0,77.0,11.0,5.0,13613.0,14968.0,119.0,22.0,6.0,top: Sion / jng: Xin Zhao / mid: Ryze / bot: Ashe / sup: Seraphine,2026-05-13,Nongshim RedForce,top: Ambessa / jng: Jarvan IV / mid: Twisted Fate / bot: Ezreal / sup: Neeko,1,6.0,3398.0,4299.0,25.0,195.9486515992296,True,Won before 25
LOLTMNT01_383765,complete,LCK,Rounds 1-2,0,2026-05-13 08:53:32,2,16.09,100,Blue,Nongshim RedForce,oe:team:5cd2cd09ec94296f605dd13a2924d6c,1876,0,-1102.0,-2597.0,-33.0,3.0,5.0,211.0,-2269.0,-68.0,9.0,7.0,-501.0,-2148.0,-76.0,10.0,8.0,top: Rumble / jng: Pantheon / mid: Viktor / bot: Corki / sup: Nami,2026-05-13,T1,top: K'Sante / jng: Wukong / mid: Akali / bot: Lucian / sup: Milio,1,2.0,1313.0,328.0,-35.0,-195.9486515992296,True,Lead lost by 25
13269-13269_game_1,complete,LPL,Split 2,0,2026-05-13 09:10:08,1,16.09,100,Blue,EDward Gaming,oe:team:056c3140a119e44a03d462e2c832f27,1760,1,-872.0,1109.0,-9.0,5.0,2.0,427.0,2729.0,-2.0,7.0,2.0,3561.0,2552.0,-32.0,11.0,2.0,top: K'Sante / jng: Xin Zhao / mid: Annie / bot: Senna / sup: Karma,2026-05-13,Oh My God,top: Jayce / jng: Pantheon / mid: Twisted Fate / bot: Ezreal / sup: Bard,1,5.0,1299.0,1620.0,7.0,67.6773824168049,True,Grew by >500g
LOLTMNT01_384771,complete,LCK,Rounds 1-2,0,2026-05-13 10:12:11,1,16.09,100,Blue,Dplus Kia,oe:team:ef69efa6acebe94107f0cf1ba716806,1548,1,5504.0,3008.0,60.0,8.0,2.0,8324.0,3873.0,59.0,11.0,2.0,13627.0,9366.0,78.0,18.0,4.0,top: Sion / jng: Jarvan IV / mid: Cassiopeia / bot: Caitlyn / sup: Lux,2026-05-13,DN SOOPers,top: Gwen / jng: Xin Zhao / mid: Viktor / bot: Lucian / sup: Milio,1,9.0,2820.0,865.0,-1.0,178.53904726614496,True,Grew by >500g
13269-13269_game_2,complete,LPL,Split 2,0,2026-05-13 10:14:37,2,16.09,200,Red,Oh My God,oe:team:f4c4528c6981e104a11ea7548630c23,2152,1,2573.0,1910.0,25.0,4.0,1.0,2376.0,549.0,38.0,4.0,3.0,4164.0,4486.0,59.0,9.0,4.0,top: Gnar / jng: Vi / mid: Ryze / bot: Ziggs / sup: Pyke,2026-05-13,EDward Gaming,top: Renekton / jng: Jarvan IV / mid: Cassiopeia / bot: Yunara / sup: Lulu,0,1.0,-197.0,-1361.0,13.0,-67.6773824168049,True,Grew by >500g
LOLTMNT01_383870,complete,LCK,Rounds 1-2,0,2026-05-13 11:00:26,2,16.09,100,Blue,Dplus Kia,oe:team:ef69efa6acebe94107f0cf1ba716806,1575,1,1900.0,2274.0,76.0,3.0,2.0,4883.0,3528.0,91.0,4.0,2.0,7522.0,5510.0,118.0,5.0,3.0,top: Gnar / jng: Skarner / mid: Taliyah / bot: Ashe / sup: Lulu,2026-05-13,DN SOOPers,top: Sylas / jng: Pantheon / mid: Ryze / bot: Ezreal / sup: Seraphine,1,2.0,2983.0,1254.0,15.0,178.53904726614496,True,Grew by >500g
13269-13269_game_3,complete,LPL,Split 2,0,2026-05-13 11:13:02,3,16.09,200,Red,EDward Gaming,oe:team:056c3140a119e44a03d462e2c832f27,2230,1,1038.0,1046.0,24.0,1.0,1.0,805.0,1321.0,36.0,5.0,6.0,346.0,3515.0,33.0,5.0,6.0,top: Rumble / jng: Lee Sin / mid: Anivia / bot: Jhin / sup: Nautilus,2026-05-13,Oh My God,top: Ambessa / jng: Wukong / mid: Taliyah / bot: Ashe / sup: Seraphine,0,-1.0,-233.0,275.0,12.0,67.6773824168049,True,Within 500g
13270-13270_game_1,complete,LPL,Split 2,0,2026-05-13 12:27:16,1,16.09,200,Red,Team WE,oe:team:62c1cd9465dc63824593ee5046f5aa8,1971,1,1078.0,284.0,-21.0,0.0,0.0,2040.0,134.0,-44.0,1.0,0.0,1732.0,191.0,-39.0,1.0,1.0,top: Rumble / jng: Trundle / mid: Akali / bot: Sivir / sup: Bard,2026-05-13,Anyone's Legend,top: Galio / jng: Naafiri / mid: Annie / bot: Ezreal / sup: Seraphine,0,1.0,962.0,-150.0,-23.0,-190.04097942941712,True,Within 500g
13270-13270_game_2,complete,LPL,Split 2,0,2026-05-13 13:22:39,2,16.09,100,Blue,Anyone's Legend,oe:team:ed28f87f0cfdba0a2a8f183cebae73a,1560,1,2905.0,3518.0,20.0,9.0,5.0,6135.0,7058.0,29.0,15.0,6.0,9827.0,10782.0,41.0,17.0,6.0,top: Shen / jng: Vi / mid: Ryze / bot: Lucian / sup: Milio,2026-05-13,Team WE,top: Sion / jng: Xin Zhao / mid: Cassiopeia / bot: Miss Fortune / sup: Nautilus,1,9.0,3230.0,3540.0,9.0,190.04097942941712,True,Grew by >500g
13270-13270_game_3,complete,LPL,Split 2,0,2026-05-13 14:09:41,3,16.09,100,Blue,Anyone's Legend,oe:team:ed28f87f0cfdba0a2a8f183cebae73a,2738,1,1490.0,493.0,30.0,5.0,3.0,4730.0,3925.0,57.0,11.0,5.0,7347.0,9295.0,56.0,17.0,6.0,top: Vayne / jng: Pantheon / mid: Viktor / bot: Caitlyn / sup: Lux,2026-05-13,Team WE,top: Jayce / jng: Malphite / mid: Aurora / bot: Corki / sup: Nami,1,6.0,3240.0,3432.0,27.0,190.04097942941712,True,Grew by >500g
LOLTMNT01_387134,complete,LCK,Rounds 1-2,0,2026-05-14 08:07:03,1,16.09,200,Red,Gen.G,oe:team:50f58982d91a36557ec8aec52ab014f,1908,1,-730.0,-522.0,4.0,0.0,1.0,1030.0,2231.0,7.0,4.0,2.0,1379.0,4192.0,31.0,4.0,2.0,top: Sion / jng: Jarvan IV / mid: Cassiopeia / bot: Lucian / sup: Milio,2026-05-14,BNK FEARX,top: Renekton / jng: Vi / mid: Akali / bot: Ashe / sup: Seraphine,0,2.0,1760.0,2753.0,3.0,172.09489090384932,True,Within 500g
LOLTMNT01_388121,complete,LCK,Rounds 1-2,0,2026-05-14 09:00:54,2,16.09,200,Red,Gen.G,oe:team:50f58982d91a36557ec8aec52ab014f,1768,1,1277.0,822.0,13.0,2.0,1.0,480.0,517.0,-3.0,7.0,5.0,2278.0,4598.0,43.0,10.0,6.0,top: Vayne / jng: Wukong / mid: Ryze / bot: Jhin / sup: Neeko,2026-05-14,BNK FEARX,top: Gnar / jng: Nocturne / mid: Annie / bot: Yunara / sup: Lulu,0,2.0,-797.0,-305.0,-16.0,172.09489090384932,True,Grew by >500g
13271-13271_game_1,complete,LPL,Split 2,0,2026-05-14 09:10:34,1,16.09,200,Red,LGD Gaming,oe:team:5f401785b6b78326f9a46b3c6b206ed,1996,0,849.0,-424.0,-14.0,2.0,3.0,1272.0,725.0,14.0,4.0,5.0,1889.0,3132.0,12.0,5.0,5.0,top: Twisted Fate / jng: Skarner / mid: Ryze / bot: Miss Fortune / sup: Nautilus,2026-05-14,LNG Esports,top: Gnar / jng: Trundle / mid: Annie / bot: Ezreal / sup: Karma,0,-1.0,423.0,1149.0,28.0,-67.05239927854905,True,Grew by >500g
13271-13271_game_2,complete,LPL,Split 2,0,2026-05-14 10:13:30,2,16.09,100,Blue,LNG Esports,oe:team:a9145b7711873f53e610fbba0493484,2320,1,3642.0,1989.0,47.0,4.0,0.0,5700.0,3906.0,76.0,8.0,1.0,2236.0,585.0,78.0,10.0,7.0,top: Yorick / jng: Nocturne / mid: Cassiopeia / bot: Yunara / sup: Lulu,2026-05-14,LGD Gaming,top: Rumble / jng: Wukong / mid: Anivia / bot: Lucian / sup: Milio,1,7.0,2058.0,1917.0,29.0,67.05239927854905,True,Shrank by >500g
LOLTMNT01_387204,complete,LCK,Rounds 1-2,0,2026-05-14 10:15:56,1,16.09,200,Red,KT Rolster,oe:team:d723992568441c6bafa2658129eade7,1446,1,4799.0,3452.0,58.0,7.0,1.0,10679.0,8089.0,115.0,15.0,3.0,16321.0,15875.0,113.0,23.0,3.0,top: Jayce / jng: Pantheon / mid: Annie / bot: Sivir / sup: Karma,2026-05-14,Kiwoom DRX,top: Renekton / jng: Xin Zhao / mid: Aurora / bot: Ezreal / sup: Bard,0,12.0,5880.0,4637.0,57.0,100.81388864007272,True,Won before 25
LOLTMNT01_387218,complete,LCK,Rounds 1-2,0,2026-05-14 11:00:58,2,16.09,200,Red,Kiwoom DRX,oe:team:1d0389df0c5eea93b04122ba167c010,1879,1,2252.0,3286.0,44.0,5.0,2.0,3966.0,4490.0,42.0,10.0,4.0,4767.0,8143.0,68.0,13.0,6.0,top: Kennen / jng: Vi / mid: Orianna / bot: Yunara / sup: Lulu,2026-05-14,KT Rolster,top: Gnar / jng: Jarvan IV / mid: Ryze / bot: Corki / sup: Nami,0,6.0,1714.0,1204.0,-2.0,-100.81388864007272,True,Grew by >500g
13272-13272_game_1,complete,LPL,Split 2,0,2026-05-14 11:30:07,1,16.09,100,Blue,JD Gaming,oe:team:b42d0f31f2727621b963042276817c4,2548,0,2673.0,1378.0,16.0,6.0,4.0,3740.0,1264.0,26.0,6.0,4.0,3875.0,-3065.0,25.0,7.0,4.0,top: Rumble / jng: Naafiri / mid: Yone / bot: Jhin / sup: Karma,2026-05-14,Weibo Gaming,top: Sion / jng: Vi / mid: Cassiopeia / bot: Corki / sup: Nami,1,2.0,1067.0,-114.0,10.0,72.92507596858081,True,Within 500g
LOLTMNT01_388206,complete,LCK,Rounds 1-2,0,2026-05-14 11:54:30,3,16.09,200,Red,KT Rolster,oe:team:d723992568441c6bafa2658129eade7,2062,1,-246.0,405.0,-29.0,7.0,4.0,566.0,148.0,-28.0,7.0,4.0,1140.0,-403.0,-14.0,10.0,6.0,top: Zaahen / jng: Naafiri / mid: Hwei / bot: Jhin / sup: Neeko,2026-05-14,Kiwoom DRX,top: K'Sante / jng: Poppy / mid: Cassiopeia / bot: Caitlyn / sup: Lux,0,3.0,812.0,-257.0,1.0,100.81388864007272,True,Grew by >500g
13272-13272_game_2,complete,LPL,Split 2,0,2026-05-14 12:36:30,2,16.09,200,Red,JD Gaming,oe:team:b42d0f31f2727621b963042276817c4,1782,1,3399.0,1703.0,8.0,5.0,2.0,4289.0,1492.0,-18.0,6.0,2.0,6055.0,4888.0,14.0,7.0,2.0,top: Renekton / jng: Lee Sin / mid: Twisted Fate / bot: Lucian / sup: Milio,2026-05-14,Weibo Gaming,top: Gnar / jng: Pantheon / mid: Azir / bot: Ashe / sup: Seraphine,0,4.0,890.0,-211.0,-26.0,72.92507596858081,True,Grew by >500g
13272-13272_game_3,complete,LPL,Split 2,0,2026-05-14 13:30:03,3,16.09,200,Red,Weibo Gaming,oe:team:606c6ac695907af3823ee6405c58ff1,2190,1,172.0,-880.0,1.0,1.0,3.0,163.0,-903.0,15.0,1.0,4.0,903.0,1119.0,20.0,1.0,4.0,top: K'Sante / jng: Jayce / mid: Ryze / bot: Ezreal / sup: Neeko,2026-05-14,JD Gaming,top: Zaahen / jng: Skarner / mid: Taliyah / bot: Caitlyn / sup: Bard,0,-3.0,-9.0,-23.0,14.0,-72.92507596858081,True,Grew by >500g
LOLTMNT01_388455,complete,LCK,Rounds 1-2,0,2026-05-15 08:07:51,1,16.09,200,Red,Dplus Kia,oe:team:ef69efa6acebe94107f0cf1ba716806,2250,0,-397.0,-1011.0,-24.0,6.0,5.0,1748.0,-995.0,27.0,9.0,9.0,-3608.0,-5746.0,56.0,11.0,15.0,top: Irelia / jng: Jarvan IV / mid: Zyra / bot: Ashe / sup: Seraphine,2026-05-15,Hanwha Life Esports,top: Sion / jng: Lee Sin / mid: Orianna / bot: Caitlyn / sup: Karma,0,0.0,2145.0,16.0,51.0,-68.6867851566592,True,Lead lost by 25
LOLTMNT01_387607,complete,LCK,Rounds 1-2,0,2026-05-15 09:08:46,2,16.09,200,Red,Dplus Kia,oe:team:ef69efa6acebe94107f0cf1ba716806,1505,0,1548.0,462.0,-34.0,4.0,2.0,635.0,-2754.0,-45.0,7.0,6.0,-7636.0,-10490.0,-64.0,8.0,15.0,top: Jayce / jng: Nocturne / mid: Twisted Fate / bot: Yunara / sup: Lulu,2026-05-15,Hanwha Life Esports,top: Yorick / jng: Xin Zhao / mid: Cassiopeia / bot: Corki / sup: Nami,0,1.0,-913.0,-3216.0,-11.0,-68.6867851566592,True,Lead lost by 25
13273-13273_game_1,complete,LPL,Split 2,0,2026-05-15 09:09:24,1,16.09,100,Blue,Ultra Prime,oe:team:8d09428f093dfbf3c488bce350af0b1,2232,1,1686.0,2172.0,53.0,4.0,2.0,2417.0,1953.0,45.0,6.0,3.0,2886.0,3247.0,39.0,9.0,5.0,top: K'Sante / jng: Jarvan IV / mid: Ryze / bot: Corki / sup: Nami,2026-05-15,Oh My God,top: Rumble / jng: Vi / mid: Taliyah / bot: Yunara / sup: Lulu,1,3.0,731.0,-219.0,-8.0,2.7206619624173527,True,Within 500g
13273-13273_game_2,complete,LPL,Split 2,0,2026-05-15 10:06:44,2,16.09,100,Blue,Ultra Prime,oe:team:8d09428f093dfbf3c488bce350af0b1,1885,1,-1358.0,-57.0,-25.0,5.0,4.0,1864.0,2026.0,-19.0,8.0,4.0,3343.0,4119.0,-20.0,10.0,4.0,top: Yorick / jng: Pantheon / mid: Akali / bot: Caitlyn / sup: Bard,2026-05-15,Oh My God,top: Gnar / jng: Xin Zhao / mid: LeBlanc / bot: Lucian / sup: Milio,1,4.0,3222.0,2083.0,6.0,2.7206619624173527,True,Grew by >500g
LOLTMNT01_388537,complete,LCK,Rounds 1-2,0,2026-05-15 10:22:39,1,16.09,100,Blue,HANJIN BRION,oe:team:b77b3f6068e20a2b3edc0ecd3dc70d4,1626,1,4290.0,3058.0,32.0,7.0,1.0,5652.0,4011.0,30.0,12.0,3.0,11536.0,13723.0,71.0,20.0,5.0,top: Sion / jng: Lee Sin / mid: Ryze / bot: Jhin / sup: Karma,2026-05-15,DN SOOPers,top: Renekton / jng: Jarvan IV / mid: Taliyah / bot: Ashe / sup: Seraphine,1,9.0,1362.0,953.0,-2.0,142.77552291694997,True,Grew by >500g
LOLTMNT01_387661,complete,LCK,Rounds 1-2,0,2026-05-15 11:12:17,2,16.09,200,Red,HANJIN BRION,oe:team:b77b3f6068e20a2b3edc0ecd3dc70d4,1559,1,1708.0,960.0,-16.0,5.0,2.0,3857.0,2993.0,-7.0,8.0,2.0,10033.0,9671.0,46.0,14.0,3.0,top: Zaahen / jng: Xin Zhao / mid: Akali / bot: Ezreal / sup: Neeko,2026-05-15,DN SOOPers,top: Ambessa / jng: Vi / mid: Cassiopeia / bot: Corki / sup: Nami,0,6.0,2149.0,2033.0,9.0,142.77552291694997,True,Grew by >500g
13274-13274_game_1,complete,LPL,Split 2,0,2026-05-15 11:19:40,1,16.09,200,Red,Bilibili Gaming,oe:team:d356a144644879dabb5f34cd99c886d,1910,1,6398.0,3876.0,45.0,16.0,5.0,6457.0,3105.0,49.0,17.0,6.0,9761.0,8132.0,59.0,26.0,8.0,top: Jayce / jng: Jarvan IV / mid: LeBlanc / bot: Xayah / sup: Rakan,2026-05-15,Top Esports,top: K'Sante / jng: Vi / mid: Cassiopeia / bot: Jhin / sup: Neeko,0,11.0,59.0,-771.0,4.0,79.33192604275905,True,Grew by >500g
13274-13274_game_2,complete,LPL,Split 2,0,2026-05-15 12:14:12,2,16.09,100,Blue,Bilibili Gaming,oe:team:d356a144644879dabb5f34cd99c886d,2360,1,1870.0,2607.0,46.0,7.0,6.0,3709.0,4081.0,65.0,7.0,6.0,4934.0,6917.0,72.0,11.0,9.0,top: Gnar / jng: Pantheon / mid: Anivia / bot: Lucian / sup: Milio,2026-05-15,Top Esports,top: Ambessa / jng: Lee Sin / mid: Ryze / bot: Yunara / sup: Lulu,1,1.0,1839.0,1474.0,19.0,79.33192604275905,True,Grew by >500g
LOLTMNT01_387874,complete,LCK,Rounds 1-2,0,2026-05-16 08:05:55,1,16.09,100,Blue,Gen.G,oe:team:50f58982d91a36557ec8aec52ab014f,1629,1,1500.0,2559.0,41.0,9.0,6.0,3189.0,4810.0,48.0,15.0,9.0,6089.0,11461.0,45.0,21.0,9.0,top: Renekton / jng: Skarner / mid: Rumble / bot: Ezreal / sup: Seraphine,2026-05-16,T1,top: Yorick / jng: Xin Zhao / mid: Twisted Fate / bot: Ashe / sup: Lulu,1,6.0,1689.0,2251.0,7.0,51.75715443705917,True,Grew by >500g
LOLTMNT01_387878,complete,LCK,Rounds 1-2,0,2026-05-16 08:57:28,2,16.09,200,Red,Gen.G,oe:team:50f58982d91a36557ec8aec52ab014f,3013,0,-1113.0,-162.0,24.0,4.0,6.0,76.0,1453.0,28.0,9.0,8.0,4052.0,7318.0,24.0,14.0,8.0,top: Sion / jng: Wukong / mid: Annie / bot: Jhin / sup: Karma,2026-05-16,T1,top: Ornn / jng: Lee Sin / mid: Anivia / bot: Caitlyn / sup: Lux,0,1.0,1189.0,1615.0,4.0,51.75715443705917,True,Grew by >500g
13275-13275_game_1,complete,LPL,Split 2,0,2026-05-16 09:11:04,1,16.09,200,Red,EDward Gaming,oe:team:056c3140a119e44a03d462e2c832f27,1848,0,-608.0,-281.0,-24.0,3.0,4.0,1110.0,1395.0,-11.0,7.0,5.0,-1701.0,-1588.0,-30.0,7.0,8.0,top: Rumble / jng: Vi / mid: Cassiopeia / bot: Senna / sup: Alistar,2026-05-16,ThunderTalk Gaming,top: K'Sante / jng: Xin Zhao / mid: Annie / bot: Ashe / sup: Seraphine,0,2.0,1718.0,1676.0,13.0,85.28732340254737,True,Lead lost by 25
LOLTMNT02_402697,complete,LCP,Split 2,0,2026-05-16 09:16:45,1,16.1,200,Red,Deep Cross Gaming,oe:team:7e56e9367c023df96cc8257ff4e16c0,2098,0,1395.0,-668.0,-26.0,7.0,4.0,4433.0,3321.0,39.0,9.0,5.0,-1276.0,-5102.0,26.0,10.0,13.0,top: Gnar / jng: Jarvan IV / mid: Ryze / bot: Ezreal / sup: Bard,2026-05-16,Ground Zero Gaming,top: K'Sante / jng: Xin Zhao / mid: Aurora / bot: Ashe / sup: Seraphine,0,4.0,3038.0,3989.0,65.0,86.79589196120946,True,Lead lost by 25
13275-13275_game_2,complete,LPL,Split 2,0,2026-05-16 10:03:30,2,16.09,200,Red,EDward Gaming,oe:team:056c3140a119e44a03d462e2c832f27,2108,1,2409.0,632.0,28.0,6.0,3.0,3124.0,-1025.0,16.0,6.0,4.0,5924.0,3488.0,62.0,7.0,5.0,top: Twisted Fate / jng: Naafiri / mid: Ryze / bot: Corki / sup: Nami,2026-05-16,ThunderTalk Gaming,top: Gnar / jng: Jarvan IV / mid: Azir / bot: Jhin / sup: Anivia,0,2.0,715.0,-1657.0,-12.0,85.28732340254737,True,Grew by >500g
LOLTMNT01_387885,complete,LCK,Rounds 1-2,0,2026-05-16 10:10:31,3,16.09,100,Blue,T1,oe:team:ce499dea30cfce118f4fe85da0227e8,2003,1,3935.0,2659.0,43.0,7.0,2.0,9517.0,8387.0,69.0,17.0,3.0,5952.0,6209.0,91.0,22.0,10.0,top: Jayce / jng: Vi / mid: Cassiopeia / bot: Mel / sup: Camille,2026-05-16,Gen.G,top: K'Sante / jng: Pantheon / mid: Taliyah / bot: Corki / sup: Neeko,1,14.0,5582.0,5728.0,26.0,-51.75715443705917,True,Shrank by >500g
LOLTMNT02_402712,complete,LCP,Split 2,0,2026-05-16 10:10:33,2,16.1,100,Blue,Ground Zero Gaming,oe:team:788115a84f68bc65fa6d3a4e0f67a3e,1674,0,2035.0,1352.0,18.0,9.0,5.0,1702.0,114.0,18.0,10.0,8.0,-2601.0,-4042.0,-12.0,11.0,14.0,top: Ambessa / jng: Lee Sin / mid: LeBlanc / bot: Jhin / sup: Nautilus,2026-05-16,Deep Cross Gaming,top: Jayce / jng: Vi / mid: Ahri / bot: Varus / sup: Rell,1,2.0,-333.0,-1238.0,0.0,-86.79589196120946,True,Lead lost by 25
LOLTMNT02_401751,complete,LCP,Split 2,0,2026-05-16 10:58:46,3,16.1,100,Blue,Deep Cross Gaming,oe:team:7e56e9367c023df96cc8257ff4e16c0,1688,1,912.0,850.0,-19.0,3.0,3.0,4437.0,6377.0,27.0,7.0,3.0,5720.0,8003.0,33.0,16.0,9.0,top: Sion / jng: Pantheon / mid: Taliyah / bot: Yunara / sup: Lulu,2026-05-16,Ground Zero Gaming,top: Riven / jng: Wukong / mid: Annie / bot: Zeri / sup: Rakan,1,4.0,3525.0,5527.0,46.0,86.79589196120946,True,Grew by >500g
13275-13275_game_3,complete,LPL,Split 2,0,2026-05-16 11:01:15,3,16.09,100,Blue,EDward Gaming,oe:team:056c3140a119e44a03d462e2c832f27,2222,0,-539.0,514.0,21.0,3.0,4.0,38.0,-133.0,24.0,3.0,5.0,-3882.0,-3199.0,-5.0,5.0,11.0,top: Gragas / jng: Wukong / mid: Aurora / bot: Ezreal / sup: Neeko,2026-05-16,ThunderTalk Gaming,top: Jayce / jng: Nocturne / mid: Akali / bot: Zeri / sup: Yuumi,1,-2.0,577.0,-647.0,3.0,85.28732340254737,True,Lead lost by 25
LOLTMNT01_387927,complete,LCK,Rounds 1-2,0,2026-05-16 11:30:05,1,16.09,200,Red,Nongshim RedForce,oe:team:5cd2cd09ec94296f605dd13a2924d6c,1930,0,2690.0,1869.0,26.0,5.0,3.0,547.0,-3921.0,10.0,5.0,9.0,-810.0,-3459.0,6.0,8.0,15.0,top: Jayce / jng: Pantheon / mid: Ryze / bot: Caitlyn / sup: Karma,2026-05-16,BNK FEARX,top: Sion / jng: Jarvan IV / mid: Azir / bot: Ezreal / sup: Nami,0,-4.0,-2143.0,-5790.0,-16.0,-73.51119955827107,True,Lead lost by 25
LOLTMNT02_402752,complete,LCP,Split 2,0,2026-05-16 12:06:39,1,16.1,200,Red,MVK Esports,oe:team:bc3824b0bbb8139d16109178faa4822,1959,1,2058.0,2473.0,21.0,3.0,1.0,2939.0,3088.0,43.0,3.0,2.0,4421.0,7292.0,73.0,4.0,2.0,top: Ornn / jng: Maokai / mid: Cassiopeia / bot: Sivir / sup: Karma,2026-05-16,Fukuoka SoftBank HAWKS gaming,top: Rumble / jng: Sejuani / mid: Yone / bot: Ezreal / sup: Pyke,0,1.0,881.0,615.0,22.0,-27.57255356832684,True,Grew by >500g
LOLTMNT01_387933,complete,LCK,Rounds 1-2,0,2026-05-16 12:25:03,2,16.09,200,Red,Nongshim RedForce,oe:team:5cd2cd09ec94296f605dd13a2924d6c,2296,0,2337.0,1866.0,-13.0,6.0,1.0,1820.0,1256.0,-23.0,7.0,2.0,1517.0,-466.0,-34.0,9.0,3.0,top: Gnar / jng: Nocturne / mid: Galio / bot: Kog'Maw / sup: Lulu,2026-05-16,BNK FEARX,top: Olaf / jng: Naafiri / mid: Cassiopeia / bot: Yunara / sup: Milio,0,5.0,-517.0,-610.0,-10.0,-73.51119955827107,True,Within 500g
13276-13276_game_1,complete,LPL,Split 2,0,2026-05-16 12:49:14,1,16.09,200,Red,Ninjas in Pyjamas,oe:team:48d7941ccbd5b89aca46c57b0c2f8fb,2482,1,-45.0,1238.0,32.0,4.0,2.0,2805.0,996.0,36.0,8.0,3.0,464.0,-3069.0,26.0,10.0,8.0,top: Renekton / jng: Vi / mid: Azir / bot: Ezreal / sup: Seraphine,2026-05-16,Team WE,top: K'Sante / jng: Xin Zhao / mid: Orianna / bot: Sivir / sup: Karma,0,5.0,2850.0,-242.0,4.0,122.29662339127276,True,Shrank by >500g
LOLTMNT02_402773,complete,LCP,Split 2,0,2026-05-16 13:00:10,2,16.1,200,Red,MVK Esports,oe:team:bc3824b0bbb8139d16109178faa4822,1889,0,-478.0,-1123.0,-20.0,1.0,2.0,484.0,-1155.0,11.0,2.0,4.0,-2334.0,-1420.0,25.0,2.0,5.0,top: Gnar / jng: Wukong / mid: Akali / bot: Mel / sup: Seraphine,2026-05-16,Fukuoka SoftBank HAWKS gaming,top: Yorick / jng: Lee Sin / mid: Orianna / bot: Jhin / sup: Poppy,0,-2.0,962.0,-32.0,31.0,-27.57255356832684,True,Lead lost by 25
LOLTMNT02_401808,complete,LCP,Split 2,0,2026-05-16 13:51:46,3,16.1,200,Red,MVK Esports,oe:team:bc3824b0bbb8139d16109178faa4822,2334,1,974.0,723.0,35.0,3.0,3.0,1081.0,995.0,43.0,3.0,6.0,1832.0,-333.0,62.0,7.0,10.0,top: Ambessa / jng: Jayce / mid: Aurora / bot: Ziggs / sup: Alistar,2026-05-16,Fukuoka SoftBank HAWKS gaming,top: Sion / jng: Vi / mid: Ahri / bot: Caitlyn / sup: Camille,0,-3.0,107.0,272.0,8.0,-27.57255356832684,True,Grew by >500g
13276-13276_game_2,complete,LPL,Split 2,0,2026-05-16 13:54:07,2,16.09,200,Red,Ninjas in Pyjamas,oe:team:48d7941ccbd5b89aca46c57b0c2f8fb,1631,0,4534.0,4113.0,125.0,3.0,2.0,8519.0,6318.0,171.0,6.0,2.0,5904.0,7360.0,148.0,9.0,7.0,top: Jayce / jng: Qiyana / mid: Cassiopeia / bot: Caitlyn / sup: Bard,2026-05-16,Team WE,top: Gragas / jng: Trundle / mid: Annie / bot: Corki / sup: Nami,0,4.0,3985.0,2205.0,46.0,122.29662339127276,True,Shrank by >500g
13276-13276_game_3,complete,LPL,Split 2,0,2026-05-16 14:41:51,3,16.09,200,Red,Ninjas in Pyjamas,oe:team:48d7941ccbd5b89aca46c57b0c2f8fb,1427,1,3148.0,1986.0,50.0,5.0,1.0,4277.0,2909.0,46.0,10.0,5.0,,,,,,top: Sion / jng: Naafiri / mid: Ryze / bot: Kog'Maw / sup: Lulu,2026-05-16,Team WE,top: Shen / jng: Pantheon / mid: Twisted Fate / bot: Lucian / sup: Milio,0,5.0,1129.0,923.0,-4.0,122.29662339127276,True,Won before 25
LOLTMNT02_401866,complete,CBLOL,Split 1,1,2026-05-16 16:12:08,1,16.1,200,Red,RED Canids,oe:team:67169969ecc058b307edfa9c6b7a3c0,2659,0,1114.0,143.0,23.0,7.0,6.0,3197.0,2381.0,48.0,8.0,7.0,3541.0,604.0,49.0,9.0,8.0,top: Gnar / jng: Vi / mid: Zoe / bot: Caitlyn / sup: Bard,2026-05-16,Fluxo W7M,top: Yorick / jng: Jarvan IV / mid: Ryze / bot: Ezreal / sup: Neeko,0,1.0,2083.0,2238.0,25.0,83.03527261260592,True,Within 500g
LOLTMNT02_401884,complete,CBLOL,Split 1,1,2026-05-16 17:17:55,2,16.1,100,Blue,Fluxo W7M,oe:team:45c362a0cfc4b81f597b5ab89250df5,2276,0,1725.0,2650.0,1.0,6.0,4.0,3179.0,2599.0,11.0,6.0,4.0,-1292.0,-4300.0,42.0,6.0,9.0,top: Sion / jng: Skarner / mid: Tristana / bot: Ashe / sup: Lulu,2026-05-16,RED Canids,top: Gwen / jng: Pantheon / mid: Taliyah / bot: Senna / sup: Seraphine,1,2.0,1454.0,-51.0,10.0,-83.03527261260592,True,Lead lost by 25
LOLTMNT02_402882,complete,CBLOL,Split 1,1,2026-05-16 18:14:47,3,16.1,100,Blue,RED Canids,oe:team:67169969ecc058b307edfa9c6b7a3c0,1413,1,6835.0,3926.0,102.0,7.0,1.0,9098.0,4009.0,115.0,8.0,1.0,,,,,,top: Jayce / jng: Rek'Sai / mid: Sylas / bot: Jhin / sup: Rakan,2026-05-16,Fluxo W7M,top: Renekton / jng: Xin Zhao / mid: Ahri / bot: Smolder / sup: Karma,1,7.0,2263.0,83.0,13.0,83.03527261260592,True,Won before 25
LOLTMNT02_401923,complete,CBLOL,Split 1,1,2026-05-16 18:58:04,4,16.1,200,Red,Fluxo W7M,oe:team:45c362a0cfc4b81f597b5ab89250df5,2239,0,472.0,622.0,2.0,5.0,3.0,1375.0,635.0,-4.0,6.0,4.0,-1370.0,-2936.0,-25.0,6.0,6.0,top: Vayne / jng: Nocturne / mid: Orianna / bot: Sivir / sup: Milio,2026-05-16,RED Canids,top: Anivia / jng: Dr. Mundo / mid: Azir / bot: Zeri / sup: Alistar,0,2.0,903.0,13.0,-6.0,-83.03527261260592,True,Lead lost by 25
LOLTMNT02_402931,complete,LCS,Spring,0,2026-05-16 20:08:36,1,16.1,100,Blue,Cloud9,oe:team:fc8e90107dabb9a35c490b0d86adea0,2261,1,910.0,294.0,-16.0,4.0,2.0,2268.0,-304.0,-35.0,8.0,5.0,3455.0,2947.0,-22.0,9.0,5.0,top: Aurora / jng: Jarvan IV / mid: Twisted Fate / bot: Varus / sup: Nautilus,2026-05-16,Team Liquid,top: Rumble / jng: Pantheon / mid: Yone / bot: Ezreal / sup: Neeko,1,3.0,1358.0,-598.0,-19.0,58.4450186378192,True,Grew by >500g
LOLTMNT02_401971,complete,LCS,Spring,0,2026-05-16 21:09:15,2,16.1,200,Red,Team Liquid,oe:team:8eb884e168f28402ce685bedebb5250,2040,0,3061.0,1256.0,40.0,6.0,2.0,1864.0,1119.0,27.0,7.0,5.0,-2139.0,-6263.0,40.0,8.0,11.0,top: Renekton / jng: Xin Zhao / mid: Ryze / bot: Caitlyn / sup: Karma,2026-05-16,Cloud9,top: Sion / jng: Nocturne / mid: Annie / bot: Ashe / sup: Seraphine,0,2.0,-1197.0,-137.0,-13.0,-58.4450186378192,True,Lead lost by 25
LOLTMNT02_401990,complete,LCS,Spring,0,2026-05-16 22:00:20,1,16.1,200,Red,Disguised,oe:team:289284911fb6f41c0ccaecc3a0c2891,1798,0,-537.0,-1043.0,-19.0,5.0,4.0,164.0,272.0,14.0,9.0,9.0,-3653.0,-4602.0,-38.0,10.0,15.0,top: K'Sante / jng: Vi / mid: Cassiopeia / bot: Ashe / sup: Seraphine,2026-05-16,Shopify Rebellion,top: Rumble / jng: Olaf / mid: Annie / bot: Lucian / sup: Milio,0,0.0,701.0,1315.0,33.0,42.94648085410063,True,Lead lost by 25
LOLTMNT02_403001,complete,LCS,Spring,0,2026-05-16 22:51:58,2,16.1,100,Blue,Shopify Rebellion,oe:team:b360f1d729b0a8e0f29a5243c4200fa,2222,1,-1789.0,-1817.0,-5.0,4.0,4.0,79.0,-738.0,-4.0,7.0,6.0,-982.0,1316.0,-20.0,12.0,10.0,top: Sion / jng: Wukong / mid: Anivia / bot: Ezreal / sup: Neeko,2026-05-16,Disguised,top: Jayce / jng: Pantheon / mid: Twisted Fate / bot: Caitlyn / sup: Bard,1,1.0,1868.0,1079.0,1.0,-42.94648085410063,True,Lead lost by 25
LOLTMNT01_390036,complete,LCK,Rounds 1-2,0,2026-05-17 08:05:58,1,16.09,100,Blue,KT Rolster,oe:team:d723992568441c6bafa2658129eade7,1801,1,1521.0,122.0,5.0,7.0,6.0,411.0,-919.0,12.0,11.0,11.0,3038.0,5650.0,15.0,19.0,13.0,top: Zaahen / jng: Pantheon / mid: Cassiopeia / bot: Sivir / sup: Karma,2026-05-17,Hanwha Life Esports,top: Sion / jng: Jarvan IV / mid: Azir / bot: Miss Fortune / sup: Nautilus,1,0.0,-1110.0,-1041.0,7.0,-80.57677656941996,True,Grew by >500g
LOLTMNT01_390048,complete,LCK,Rounds 1-2,0,2026-05-17 08:58:43,2,16.09,200,Red,Hanwha Life Esports,oe:team:3a1d18f46bcb3716ebcfcf4ef068934,1584,1,3428.0,2839.0,72.0,7.0,4.0,9056.0,6432.0,112.0,10.0,4.0,13994.0,9787.0,113.0,18.0,6.0,top: Jayce / jng: Vi / mid: Taliyah / bot: Ziggs / sup: Pyke,2026-05-17,KT Rolster,top: K'Sante / jng: Lee Sin / mid: Ryze / bot: Ashe / sup: Seraphine,0,6.0,5628.0,3593.0,40.0,80.57677656941996,True,Grew by >500g
13277-13277_game_1,complete,LPL,Split 2,0,2026-05-17 09:15:24,1,16.09,100,Blue,Invictus Gaming,oe:team:53a258f289c26d94431c0496a54e151,2225,1,2489.0,1928.0,42.0,4.0,3.0,3640.0,1982.0,33.0,4.0,3.0,9193.0,11596.0,76.0,11.0,5.0,top: Rumble / jng: Naafiri / mid: Ryze / bot: Ashe / sup: Seraphine,2026-05-17,JD Gaming,top: Sion / jng: Vi / mid: Taliyah / bot: Lucian / sup: Milio,1,1.0,1151.0,54.0,-9.0,-92.83794166755183,True,Grew by >500g
LOLTMNT02_403066,complete,LCP,Split 2,0,2026-05-17 09:19:28,1,16.1,200,Red,Team Secret Whales,oe:team:740de582f50775c516c77ed7b923fd5,1933,1,2399.0,3562.0,54.0,4.0,2.0,5955.0,5824.0,94.0,10.0,5.0,5632.0,4694.0,118.0,12.0,7.0,top: Rumble / jng: Jarvan IV / mid: Akali / bot: Senna / sup: Seraphine,2026-05-17,DetonatioN FocusMe,top: K'Sante / jng: Wukong / mid: Orianna / bot: Lucian / sup: Milio,0,5.0,3556.0,2262.0,40.0,319.06132183935324,True,Within 500g
LOLTMNT01_390055,complete,LCK,Rounds 1-2,0,2026-05-17 09:48:07,3,16.09,100,Blue,KT Rolster,oe:team:d723992568441c6bafa2658129eade7,1774,1,4433.0,3430.0,36.0,10.0,3.0,6457.0,3583.0,41.0,12.0,4.0,2823.0,1117.0,18.0,13.0,7.0,top: Renekton / jng: Skarner / mid: Viktor / bot: Lucian / sup: Nami,2026-05-17,Hanwha Life Esports,top: Olaf / jng: Nocturne / mid: Aurora / bot: Draven / sup: Milio,1,8.0,2024.0,153.0,5.0,-80.57677656941996,True,Shrank by >500g
LOLTMNT02_403072,complete,LCP,Split 2,0,2026-05-17 10:19:01,2,16.1,100,Blue,Team Secret Whales,oe:team:740de582f50775c516c77ed7b923fd5,2256,0,1414.0,1485.0,21.0,5.0,4.0,886.0,-337.0,7.0,5.0,6.0,64.0,-2607.0,4.0,5.0,8.0,top: Renekton / jng: Xin Zhao / mid: Twisted Fate / bot: Jhin / sup: Karma,2026-05-17,DetonatioN FocusMe,top: Zaahen / jng: Lee Sin / mid: Ryze / bot: Miss Fortune / sup: Bard,1,-1.0,-528.0,-1822.0,-14.0,319.06132183935324,True,Shrank by >500g
13277-13277_game_2,complete,LPL,Split 2,0,2026-05-17 10:19:07,2,16.09,200,Red,JD Gaming,oe:team:b42d0f31f2727621b963042276817c4,1738,1,3901.0,2686.0,53.0,5.0,2.0,6846.0,6915.0,42.0,12.0,4.0,8693.0,9670.0,53.0,16.0,4.0,top: K'Sante / jng: Trundle / mid: Cassiopeia / bot: Jhin / sup: Karma,2026-05-17,Invictus Gaming,top: Renekton / jng: Pantheon / mid: Akali / bot: Corki / sup: Nami,0,8.0,2945.0,4229.0,-11.0,92.83794166755183,True,Grew by >500g
LOLTMNT01_389120,complete,LCK,Rounds 1-2,0,2026-05-17 11:06:33,1,16.09,200,Red,Kiwoom DRX,oe:team:1d0389df0c5eea93b04122ba167c010,2509,0,-1469.0,-649.0,0.0,3.0,7.0,2155.0,2965.0,7.0,9.0,8.0,3483.0,1189.0,10.0,10.0,8.0,top: K'Sante / jng: Lee Sin / mid: Annie / bot: Miss Fortune / sup: Karma,2026-05-17,HANJIN BRION,top: Renekton / jng: Xin Zhao / mid: Cassiopeia / bot: Ezreal / sup: Bard,0,1.0,3624.0,3614.0,7.0,-55.03930851545988,True,Grew by >500g
13277-13277_game_3,complete,LPL,Split 2,0,2026-05-17 11:15:37,3,16.09,100,Blue,JD Gaming,oe:team:b42d0f31f2727621b963042276817c4,1854,1,-560.0,447.0,25.0,6.0,7.0,715.0,1934.0,38.0,7.0,7.0,-678.0,-202.0,9.0,11.0,12.0,top: Tristana / jng: Skarner / mid: Viktor / bot: Caitlyn / sup: Bard,2026-05-17,Invictus Gaming,top: Gnar / jng: Xin Zhao / mid: Sylas / bot: Ezreal / sup: Neeko,1,0.0,1275.0,1487.0,13.0,92.83794166755183,True,Lead lost by 25
LOLTMNT02_404088,complete,LCP,Split 2,0,2026-05-17 11:17:09,3,16.1,200,Red,Team Secret Whales,oe:team:740de582f50775c516c77ed7b923fd5,1355,1,3859.0,2355.0,79.0,5.0,3.0,8172.0,6265.0,101.0,10.0,3.0,,,,,,top: Sett / jng: Vi / mid: Ahri / bot: Zeri / sup: Nautilus,2026-05-17,DetonatioN FocusMe,top: Sion / jng: Skarner / mid: Annie / bot: Yunara / sup: Lulu,0,7.0,4313.0,3910.0,22.0,319.06132183935324,True,Won before 25
LOLTMNT01_390098,complete,LCK,Rounds 1-2,0,2026-05-17 12:10:36,2,16.09,200,Red,Kiwoom DRX,oe:team:1d0389df0c5eea93b04122ba167c010,1809,1,-1.0,1688.0,31.0,0.0,1.0,4232.0,4708.0,28.0,6.0,2.0,5054.0,6271.0,64.0,7.0,3.0,top: Gnar / jng: Vi / mid: Ryze / bot: Yunara / sup: Nautilus,2026-05-17,HANJIN BRION,top: Sion / jng: Nocturne / mid: Anivia / bot: Lucian / sup: Milio,0,4.0,4233.0,3020.0,-3.0,-55.03930851545988,True,Grew by >500g
LOLTMNT02_403119,complete,LCP,Split 2,0,2026-05-17 12:17:50,1,16.1,100,Blue,CTBC Flying Oyster,oe:team:0916b3c324c8577b0c6344f3e067f62,1769,1,2086.0,1573.0,29.0,10.0,6.0,5052.0,4273.0,87.0,14.0,9.0,5046.0,7475.0,107.0,14.0,9.0,top: Rumble / jng: Naafiri / mid: Cassiopeia / bot: Ezreal / sup: Nautilus,2026-05-17,GAM Esports,top: Ambessa / jng: Lee Sin / mid: Akali / bot: Sivir / sup: Karma,1,5.0,2966.0,2700.0,58.0,-74.69832582261665,True,Within 500g
LOLTMNT01_389127,complete,LCK,Rounds 1-2,0,2026-05-17 13:04:35,3,16.09,200,Red,HANJIN BRION,oe:team:b77b3f6068e20a2b3edc0ecd3dc70d4,2188,0,835.0,-183.0,11.0,4.0,4.0,2647.0,1544.0,38.0,7.0,5.0,-1389.0,-3714.0,31.0,9.0,10.0,top: Jayce / jng: Poppy / mid: Viktor / bot: Caitlyn / sup: Elise,2026-05-17,Kiwoom DRX,top: Yorick / jng: Jarvan IV / mid: Taliyah / bot: Jhin / sup: Alistar,0,2.0,1812.0,1727.0,27.0,55.03930851545988,True,Lead lost by 25
LOLTMNT02_404155,complete,LCP,Split 2,0,2026-05-17 13:06:35,2,16.1,200,Red,GAM Esports,oe:team:9cae7677cd0dbcc1cd86653870b73c2,1758,1,-1571.0,-546.0,-32.0,3.0,5.0,616.0,2672.0,-27.0,8.0,5.0,5603.0,3041.0,-21.0,13.0,6.0,top: Yorick / jng: Nocturne / mid: Ahri / bot: Yunara / sup: Lulu,2026-05-17,CTBC Flying Oyster,top: Renekton / jng: Jayce / mid: Aurora / bot: Lucian / sup: Milio,0,3.0,2187.0,3218.0,5.0,74.69832582261665,True,Grew by >500g
LOLTMNT02_403156,complete,LCP,Split 2,0,2026-05-17 13:56:03,3,16.1,200,Red,GAM Esports,oe:team:9cae7677cd0dbcc1cd86653870b73c2,2055,1,3173.0,2303.0,-4.0,10.0,7.0,3376.0,2487.0,12.0,12.0,10.0,6246.0,4094.0,24.0,21.0,13.0,top: Gwen / jng: Pantheon / mid: Twisted Fate / bot: Jhin / sup: Pyke,2026-05-17,CTBC Flying Oyster,top: Sion / jng: Jarvan IV / mid: Mel / bot: Caitlyn / sup: Neeko,0,2.0,203.0,184.0,16.0,74.69832582261665,True,Grew by >500g
LOLTMNT02_403221,complete,CBLOL,Split 1,1,2026-05-17 16:11:48,1,16.1,200,Red,FURIA,oe:team:87e3e1e75839f75a10bbc66e894d806,1942,1,1934.0,1250.0,41.0,6.0,3.0,3114.0,1614.0,25.0,8.0,3.0,7111.0,10259.0,65.0,11.0,5.0,top: Ornn / jng: Olaf / mid: Orianna / bot: Ezreal / sup: Bard,2026-05-17,LOUD,top: Rumble / jng: Vi / mid: Aurora / bot: Ashe / sup: Seraphine,0,5.0,1180.0,364.0,-16.0,-1.4823561595680985,True,Grew by >500g
LOLTMNT02_403233,complete,CBLOL,Split 1,1,2026-05-17 17:02:15,2,16.1,200,Red,LOUD,oe:team:658a021a796aa5501503220adb38cf4,1929,0,1980.0,1153.0,-5.0,7.0,3.0,1804.0,505.0,16.0,7.0,5.0,-1547.0,-3477.0,-26.0,7.0,8.0,top: K'Sante / jng: Lee Sin / mid: Annie / bot: Caitlyn / sup: Karma,2026-05-17,FURIA,top: Ambessa / jng: Skarner / mid: Ryze / bot: Lucian / sup: Milio,0,2.0,-176.0,-648.0,21.0,1.4823561595680985,True,Lead lost by 25
LOLTMNT02_404258,complete,CBLOL,Split 1,1,2026-05-17 17:51:20,3,16.1,200,Red,LOUD,oe:team:658a021a796aa5501503220adb38cf4,2045,0,1211.0,523.0,16.0,3.0,2.0,2407.0,-60.0,2.0,3.0,2.0,-4202.0,-8290.0,-29.0,4.0,9.0,top: Gnar / jng: Qiyana / mid: Zoe / bot: Corki / sup: Nami,2026-05-17,FURIA,top: Sion / jng: Rek'Sai / mid: Cassiopeia / bot: Yunara / sup: Lulu,0,1.0,1196.0,-583.0,-14.0,1.4823561595680985,True,Lead lost by 25
LOLTMNT02_403298,complete,LCS,Spring,0,2026-05-17 20:07:18,1,16.1,200,Red,Sentinels,oe:team:f90422f1cbcb24bc2a855202582ec29,1552,1,4669.0,2992.0,76.0,2.0,0.0,7774.0,4093.0,88.0,4.0,0.0,8867.0,6893.0,51.0,7.0,1.0,top: Sion / jng: Jarvan IV / mid: Anivia / bot: Caitlyn / sup: Lux,2026-05-17,Dignitas,top: Shen / jng: Xin Zhao / mid: Ryze / bot: Lucian / sup: Milio,0,4.0,3105.0,1101.0,12.0,70.32688612692914,True,Grew by >500g
LOLTMNT02_403310,complete,LCS,Spring,0,2026-05-17 20:56:14,2,16.1,100,Blue,Sentinels,oe:team:f90422f1cbcb24bc2a855202582ec29,1895,1,2155.0,1260.0,39.0,2.0,2.0,6655.0,4772.0,31.0,9.0,3.0,8647.0,6737.0,30.0,10.0,4.0,top: Renekton / jng: Skarner / mid: Hwei / bot: Varus / sup: Bard,2026-05-17,Dignitas,top: Ornn / jng: Naafiri / mid: Annie / bot: Ashe / sup: Seraphine,1,6.0,4500.0,3512.0,-8.0,70.32688612692914,True,Grew by >500g
LOLTMNT02_403327,complete,LCS,Spring,0,2026-05-17 21:47:21,1,16.1,200,Red,FlyQuest,oe:team:2e66da41dc460dd378e3bcc57042d31,2293,1,646.0,789.0,37.0,2.0,3.0,1843.0,2357.0,55.0,6.0,7.0,1901.0,784.0,26.0,7.0,8.0,top: Jayce / jng: Ambessa / mid: Orianna / bot: Senna / sup: Nautilus,2026-05-17,LYON,top: Sion / jng: Nocturne / mid: Sylas / bot: Lucian / sup: Milio,0,-1.0,1197.0,1568.0,18.0,-124.89362955313118,True,Within 500g
LOLTMNT02_403334,complete,LCS,Spring,0,2026-05-17 22:50:22,2,16.1,200,Red,LYON,oe:team:da1143bf9a245b78a8dc86417de85b3,1756,1,742.0,815.0,14.0,2.0,1.0,1906.0,2106.0,32.0,4.0,2.0,3052.0,-791.0,63.0,5.0,3.0,top: Anivia / jng: Sejuani / mid: Yone / bot: Caitlyn / sup: Neeko,2026-05-17,FlyQuest,top: K'Sante / jng: Jarvan IV / mid: Viktor / bot: Corki / sup: Nami,0,2.0,1164.0,1291.0,18.0,124.89362955313118,True,Grew by >500g
LOLTMNT02_404341,complete,LCS,Spring,0,2026-05-17 23:43:46,3,16.1,200,Red,FlyQuest,oe:team:2e66da41dc460dd378e3bcc57042d31,1664,1,1519.0,1689.0,45.0,4.0,4.0,4801.0,5647.0,21.0,12.0,5.0,8062.0,10253.0,29.0,19.0,8.0,top: Rumble / jng: Nasus / mid: Annie / bot: Aphelios / sup: Lulu,2026-05-17,LYON,top: Yorick / jng: Vi / mid: Aurora / bot: Yunara / sup: Rakan,0,7.0,3282.0,3958.0,-24.0,-124.89362955313118,True,Grew by >500g
LOLTMNT02_406385,complete,LCK,Rounds 1-2,0,2026-05-20 08:05:29,1,16.1,100,Blue,T1,oe:team:ce499dea30cfce118f4fe85da0227e8,1696,1,2869.0,2186.0,47.0,3.0,1.0,5544.0,4173.0,52.0,8.0,3.0,5793.0,4222.0,49.0,14.0,7.0,top: K'Sante / jng: Wukong / mid: Anivia / bot: Lucian / sup: Milio,2026-05-20,Kiwoom DRX,top: Rumble / jng: Vi / mid: Ryze / bot: Yunara / sup: Nautilus,1,5.0,2675.0,1987.0,5.0,177.00055643865971,True,Within 500g
LOLTMNT02_406405,complete,LCK,Rounds 1-2,0,2026-05-20 08:54:42,2,16.1,200,Red,Kiwoom DRX,oe:team:1d0389df0c5eea93b04122ba167c010,1865,1,2815.0,4095.0,19.0,10.0,5.0,5676.0,6043.0,0.0,16.0,6.0,8716.0,10004.0,-3.0,21.0,7.0,top: Jax / jng: Lee Sin / mid: Annie / bot: Miss Fortune / sup: Karma,2026-05-20,T1,top: Varus / jng: Skarner / mid: Viktor / bot: Ezreal / sup: Tahm Kench,0,10.0,2861.0,1948.0,-19.0,-177.00055643865971,True,Grew by >500g
LOLTMNT02_405485,complete,LCK,Rounds 1-2,0,2026-05-20 09:47:16,3,16.1,200,Red,T1,oe:team:ce499dea30cfce118f4fe85da0227e8,1628,1,2690.0,147.0,33.0,4.0,3.0,5396.0,2655.0,38.0,8.0,4.0,11916.0,6980.0,72.0,19.0,6.0,top: Jayce / jng: Trundle / mid: Orianna / bot: Ziggs / sup: Pyke,2026-05-20,Kiwoom DRX,top: Yorick / jng: Xin Zhao / mid: Cassiopeia / bot: Kalista / sup: Leona,0,4.0,2706.0,2508.0,5.0,177.00055643865971,True,Grew by >500g
LOLTMNT02_406455,complete,LCK,Rounds 1-2,0,2026-05-20 11:01:11,1,16.1,100,Blue,Nongshim RedForce,oe:team:5cd2cd09ec94296f605dd13a2924d6c,1427,1,3476.0,3999.0,53.0,6.0,4.0,8654.0,8290.0,69.0,13.0,4.0,,,,,,top: K'Sante / jng: Lee Sin / mid: Ryze / bot: Ezreal / sup: Nami,2026-05-20,KT Rolster,top: Sion / jng: Naafiri / mid: Annie / bot: Lucian / sup: Milio,1,9.0,5178.0,4291.0,16.0,-174.77662600076428,True,Won before 25
LOLTMNT02_406485,complete,LCK,Rounds 1-2,0,2026-05-20 11:45:01,2,16.1,100,Blue,KT Rolster,oe:team:d723992568441c6bafa2658129eade7,1832,1,1622.0,104.0,10.0,5.0,2.0,1718.0,-1500.0,-24.0,8.0,5.0,1057.0,-2788.0,-8.0,9.0,8.0,top: Gnar / jng: Jarvan IV / mid: Aurora / bot: Miss Fortune / sup: Nautilus,2026-05-20,Nongshim RedForce,top: Renekton / jng: Xin Zhao / mid: Viktor / bot: Yunara / sup: Lulu,1,3.0,96.0,-1604.0,-34.0,174.77662600076428,True,Shrank by >500g
LOLTMNT02_406517,complete,LCK,Rounds 1-2,0,2026-05-20 12:36:35,3,16.1,100,Blue,KT Rolster,oe:team:d723992568441c6bafa2658129eade7,2026,1,3244.0,1187.0,-7.0,10.0,3.0,1889.0,2032.0,22.0,13.0,7.0,79.0,-787.0,17.0,13.0,8.0,top: Zaahen / jng: Pantheon / mid: Taliyah / bot: Sivir / sup: Karma,2026-05-20,Nongshim RedForce,top: Yorick / jng: Skarner / mid: Twisted Fate / bot: Caitlyn / sup: Bard,1,6.0,-1355.0,845.0,29.0,174.77662600076428,True,Shrank by >500g
LOLTMNT02_406958,complete,LCK,Rounds 1-2,0,2026-05-21 08:06:57,1,16.1,200,Red,Hanwha Life Esports,oe:team:3a1d18f46bcb3716ebcfcf4ef068934,2177,1,127.0,1114.0,23.0,2.0,3.0,5267.0,5452.0,51.0,7.0,4.0,3328.0,2746.0,57.0,10.0,11.0,top: Rumble / jng: Vi / mid: Yone / bot: Miss Fortune / sup: Nautilus,2026-05-21,BNK FEARX,top: Galio / jng: Xin Zhao / mid: Ryze / bot: Sivir / sup: Karma,0,3.0,5140.0,4338.0,28.0,116.51053287635114,True,Shrank by >500g
LOLTMNT02_407057,complete,LCK,Rounds 1-2,0,2026-05-21 09:05:50,2,16.1,100,Blue,Hanwha Life Esports,oe:team:3a1d18f46bcb3716ebcfcf4ef068934,1811,1,-924.0,87.0,34.0,0.0,5.0,186.0,1388.0,65.0,2.0,8.0,5812.0,4461.0,49.0,6.0,8.0,top: Ambessa / jng: Pantheon / mid: Mel / bot: Ashe / sup: Seraphine,2026-05-21,BNK FEARX,top: Sion / jng: Trundle / mid: Twisted Fate / bot: Lucian / sup: Milio,1,-6.0,1110.0,1301.0,31.0,116.51053287635114,True,Grew by >500g
LOLTMNT02_408013,complete,LCK,Rounds 1-2,0,2026-05-21 10:22:05,1,16.1,100,Blue,Dplus Kia,oe:team:ef69efa6acebe94107f0cf1ba716806,2466,1,891.0,1638.0,61.0,2.0,3.0,2469.0,3007.0,89.0,5.0,6.0,1080.0,-2042.0,105.0,6.0,9.0,top: K'Sante / jng: Jarvan IV / mid: Viktor / bot: Sivir / sup: Bard,2026-05-21,HANJIN BRION,top: Rumble / jng: Pantheon / mid: Orianna / bot: Ezreal / sup: Nautilus,1,-1.0,1578.0,1369.0,28.0,43.24686900973575,True,Shrank by >500g
LOLTMNT02_407136,complete,LCK,Rounds 1-2,0,2026-05-21 11:23:10,2,16.1,100,Blue,HANJIN BRION,oe:team:b77b3f6068e20a2b3edc0ecd3dc70d4,2157,1,3155.0,1965.0,45.0,2.0,0.0,4389.0,3773.0,94.0,5.0,3.0,2316.0,37.0,105.0,6.0,5.0,top: Jayce / jng: Vi / mid: Cassiopeia / bot: Caitlyn / sup: Lux,2026-05-21,Dplus Kia,top: Anivia / jng: Xin Zhao / mid: Kog'Maw / bot: Ashe / sup: Seraphine,1,2.0,1234.0,1808.0,49.0,-43.24686900973575,True,Shrank by >500g
LOLTMNT02_407167,complete,LCK,Rounds 1-2,0,2026-05-21 12:22:49,3,16.1,200,Red,Dplus Kia,oe:team:ef69efa6acebe94107f0cf1ba716806,1808,1,91.0,1041.0,21.0,0.0,1.0,2553.0,3464.0,94.0,4.0,4.0,4155.0,4140.0,86.0,4.0,5.0,top: Illaoi / jng: Wukong / mid: Taliyah / bot: Yunara / sup: Karma,2026-05-21,HANJIN BRION,top: Renekton / jng: Naafiri / mid: Annie / bot: Jhin / sup: Neeko,0,0.0,2462.0,2423.0,73.0,43.24686900973575,True,Grew by >500g
LOLTMNT02_408582,complete,LCK,Rounds 1-2,0,2026-05-22 08:06:39,1,16.1,200,Red,Kiwoom DRX,oe:team:1d0389df0c5eea93b04122ba167c010,2015,1,490.0,702.0,-8.0,3.0,1.0,2196.0,2533.0,24.0,5.0,2.0,5140.0,6901.0,67.0,7.0,2.0,top: K'Sante / jng: Xin Zhao / mid: Cassiopeia / bot: Miss Fortune / sup: Bard,2026-05-22,DN SOOPers,top: Rumble / jng: Skarner / mid: Yone / bot: Lucian / sup: Milio,0,3.0,1706.0,1831.0,32.0,130.96393797596488,True,Grew by >500g
LOLTMNT02_407674,complete,LCK,Rounds 1-2,0,2026-05-22 09:04:35,2,16.1,100,Blue,Kiwoom DRX,oe:team:1d0389df0c5eea93b04122ba167c010,1699,1,2232.0,1045.0,30.0,6.0,3.0,5415.0,4393.0,44.0,9.0,3.0,9078.0,9296.0,68.0,12.0,4.0,top: Gnar / jng: Pantheon / mid: Viktor / bot: Ezreal / sup: Karma,2026-05-22,DN SOOPers,top: Ambessa / jng: Lee Sin / mid: Ahri / bot: Sivir / sup: Nautilus,1,6.0,3183.0,3348.0,14.0,130.96393797596488,True,Grew by >500g
LOLTMNT02_407714,complete,LCK,Rounds 1-2,0,2026-05-22 10:20:35,1,16.1,200,Red,Gen.G,oe:team:50f58982d91a36557ec8aec52ab014f,1670,1,2994.0,2547.0,43.0,4.0,0.0,4394.0,3621.0,44.0,8.0,0.0,9882.0,11725.0,107.0,12.0,0.0,top: Sion / jng: Naafiri / mid: Ryze / bot: Jhin / sup: Karma,2026-05-22,KT Rolster,top: Ambessa / jng: Pantheon / mid: Anivia / bot: Ezreal / sup: Nami,0,8.0,1400.0,1074.0,1.0,97.82144028416155,True,Grew by >500g
LOLTMNT02_407744,complete,LCK,Rounds 1-2,0,2026-05-22 11:11:42,2,16.1,100,Blue,KT Rolster,oe:team:d723992568441c6bafa2658129eade7,1985,0,3828.0,2572.0,12.0,11.0,5.0,4182.0,2974.0,-2.0,12.0,7.0,3703.0,3898.0,-64.0,14.0,8.0,top: Jayce / jng: Trundle / mid: Cassiopeia / bot: Corki / sup: Nautilus,2026-05-22,Gen.G,top: Vayne / jng: Nocturne / mid: Galio / bot: Ashe / sup: Seraphine,1,5.0,354.0,402.0,-14.0,-97.82144028416155,True,Within 500g
13279-13279_game_1,complete,LPL,Split 2,1,2026-05-23 06:07:52,1,16.1,200,Red,Team WE,oe:team:62c1cd9465dc63824593ee5046f5aa8,1816,1,-159.0,370.0,27.0,0.0,1.0,1855.0,1262.0,38.0,1.0,1.0,5372.0,4387.0,44.0,4.0,2.0,top: Sion / jng: Vi / mid: Akali / bot: Ezreal / sup: Nami,2026-05-23,LNG Esports,top: Gnar / jng: Wukong / mid: Annie / bot: Lucian / sup: Milio,0,0.0,2014.0,892.0,11.0,-206.0627155647826,True,Grew by >500g
13279-13279_game_2,complete,LPL,Split 2,1,2026-05-23 07:00:14,2,16.1,200,Red,LNG Esports,oe:team:a9145b7711873f53e610fbba0493484,2144,1,1565.0,119.0,-29.0,4.0,1.0,2059.0,995.0,5.0,5.0,3.0,2245.0,218.0,32.0,7.0,5.0,top: Rumble / jng: Trundle / mid: Yone / bot: Yunara / sup: Nautilus,2026-05-23,Team WE,top: K'Sante / jng: Lee Sin / mid: Ryze / bot: Jhin / sup: Alistar,0,2.0,494.0,876.0,34.0,206.0627155647826,True,Within 500g
13279-13279_game_3,complete,LPL,Split 2,1,2026-05-23 07:58:42,3,16.1,200,Red,Team WE,oe:team:62c1cd9465dc63824593ee5046f5aa8,1985,0,-1379.0,71.0,40.0,0.0,3.0,852.0,2744.0,75.0,4.0,5.0,2732.0,2922.0,43.0,11.0,8.0,top: Renekton / jng: Jarvan IV / mid: Aurora / bot: Varus / sup: Neeko,2026-05-23,LNG Esports,top: Zaahen / jng: Xin Zhao / mid: Twisted Fate / bot: Sivir / sup: Bard,0,-1.0,2231.0,2673.0,35.0,-206.0627155647826,True,Grew by >500g
LOLTMNT02_409322,complete,LCK,Rounds 1-2,0,2026-05-23 08:06:07,1,16.1,100,Blue,Dplus Kia,oe:team:ef69efa6acebe94107f0cf1ba716806,1901,1,363.0,615.0,50.0,1.0,3.0,3173.0,3032.0,81.0,4.0,4.0,3944.0,4435.0,113.0,4.0,5.0,top: Gnar / jng: Jarvan IV / mid: Ryze / bot: Caitlyn / sup: Karma,2026-05-23,BNK FEARX,top: Sion / jng: Naafiri / mid: Orianna / bot: Lucian / sup: Milio,1,0.0,2810.0,2417.0,31.0,52.28425238198088,True,Grew by >500g
13279-13279_game_4,complete,LPL,Split 2,1,2026-05-23 08:54:27,4,16.1,200,Red,Team WE,oe:team:62c1cd9465dc63824593ee5046f5aa8,1665,1,2187.0,1049.0,-28.0,9.0,2.0,3073.0,906.0,1.0,9.0,2.0,8655.0,7921.0,1.0,15.0,2.0,top: Ornn / jng: Naafiri / mid: Ahri / bot: Caitlyn / sup: Lux,2026-05-23,LNG Esports,top: Yorick / jng: Maokai / mid: Tristana / bot: Miss Fortune / sup: Karma,0,7.0,886.0,-143.0,29.0,-206.0627155647826,True,Grew by >500g
LOLTMNT02_409387,complete,LCK,Rounds 1-2,0,2026-05-23 09:01:51,2,16.1,200,Red,Dplus Kia,oe:team:ef69efa6acebe94107f0cf1ba716806,1948,0,898.0,-1683.0,-32.0,8.0,5.0,270.0,-2319.0,-23.0,11.0,9.0,-3273.0,-4420.0,-25.0,12.0,11.0,top: Rumble / jng: Xin Zhao / mid: LeBlanc / bot: Ezreal / sup: Seraphine,2026-05-23,BNK FEARX,top: Ambessa / jng: Lee Sin / mid: Ahri / bot: Ashe / sup: Lulu,0,2.0,-628.0,-636.0,9.0,52.28425238198088,True,Lead lost by 25
LOLTMNT02_409399,complete,LCP,Split 2,1,2026-05-23 09:13:26,1,16.1,100,Blue,CTBC Flying Oyster,oe:team:0916b3c324c8577b0c6344f3e067f62,2072,1,854.0,777.0,12.0,5.0,7.0,1449.0,-256.0,-3.0,5.0,8.0,4917.0,7602.0,6.0,9.0,8.0,top: Rumble / jng: Jayce / mid: Cassiopeia / bot: Miss Fortune / sup: Nautilus,2026-05-23,MVK Esports,top: K'Sante / jng: Zyra / mid: Orianna / bot: Jhin / sup: Leona,1,-3.0,595.0,-1033.0,-15.0,-64.54199577332429,True,Grew by >500g
13279-13279_game_5,complete,LPL,Split 2,1,2026-05-23 09:45:05,5,16.1,100,Blue,LNG Esports,oe:team:a9145b7711873f53e610fbba0493484,2273,0,2902.0,1770.0,9.0,3.0,0.0,4137.0,1902.0,8.0,3.0,0.0,4893.0,2908.0,4.0,3.0,1.0,top: Ambessa / jng: Jayce / mid: Galio / bot: Jinx / sup: Lulu,2026-05-23,Team WE,top: Aatrox / jng: Poppy / mid: Smolder / bot: Ashe / sup: Seraphine,1,3.0,1235.0,132.0,-1.0,206.0627155647826,True,Grew by >500g
LOLTMNT02_409417,complete,LCK,Rounds 1-2,0,2026-05-23 09:58:25,3,16.1,100,Blue,Dplus Kia,oe:team:ef69efa6acebe94107f0cf1ba716806,1796,1,1497.0,1294.0,19.0,5.0,3.0,96.0,175.0,9.0,6.0,5.0,497.0,2021.0,36.0,9.0,7.0,top: Jayce / jng: Skarner / mid: Viktor / bot: Jhin / sup: Poppy,2026-05-23,BNK FEARX,top: Yorick / jng: Pantheon / mid: Taliyah / bot: Miss Fortune / sup: Alistar,1,1.0,-1401.0,-1119.0,-10.0,52.28425238198088,True,Within 500g
LOLTMNT02_409439,complete,LCP,Split 2,1,2026-05-23 10:10:44,2,16.1,200,Red,MVK Esports,oe:team:bc3824b0bbb8139d16109178faa4822,1705,1,2859.0,3275.0,74.0,6.0,5.0,5566.0,4434.0,112.0,6.0,5.0,10481.0,10260.0,177.0,10.0,7.0,top: Gnar / jng: Lee Sin / mid: Aurora / bot: Caitlyn / sup: Pyke,2026-05-23,CTBC Flying Oyster,top: Renekton / jng: Jarvan IV / mid: Viktor / bot: Senna / sup: Karma,0,1.0,2707.0,1159.0,38.0,64.54199577332429,True,Grew by >500g
13280-13280_game_1,complete,LPL,Split 2,1,2026-05-23 10:55:44,1,16.1,100,Blue,ThunderTalk Gaming,oe:team:df80f468a3f9a722df056fe9104f052,1728,1,318.0,-84.0,-2.0,3.0,4.0,600.0,1043.0,8.0,6.0,6.0,5045.0,7321.0,-4.0,10.0,7.0,top: Rumble / jng: Lee Sin / mid: Ryze / bot: Ezreal / sup: Nami,2026-05-23,Invictus Gaming,top: K'Sante / jng: Naafiri / mid: Orianna / bot: Corki / sup: Neeko,1,0.0,282.0,1127.0,10.0,-12.301289277564138,True,Grew by >500g
LOLTMNT02_410530,complete,LCP,Split 2,1,2026-05-23 10:58:59,3,16.1,100,Blue,CTBC Flying Oyster,oe:team:0916b3c324c8577b0c6344f3e067f62,2779,1,-105.0,91.0,-43.0,8.0,5.0,1148.0,840.0,-27.0,9.0,5.0,-714.0,-128.0,-67.0,13.0,8.0,top: Ambessa / jng: Sejuani / mid: Akali / bot: Ezreal / sup: Neeko,2026-05-23,MVK Esports,top: Varus / jng: Maokai / mid: Azir / bot: Corki / sup: Nami,1,4.0,1253.0,749.0,16.0,-64.54199577332429,True,Lead lost by 25
LOLTMNT02_409510,complete,LCK,Rounds 1-2,0,2026-05-23 11:15:14,1,16.1,200,Red,Nongshim RedForce,oe:team:5cd2cd09ec94296f605dd13a2924d6c,1825,1,898.0,252.0,12.0,7.0,7.0,1621.0,756.0,-23.0,13.0,9.0,3839.0,4821.0,-43.0,20.0,12.0,top: Rumble / jng: Wukong / mid: Annie / bot: Lucian / sup: Milio,2026-05-23,Hanwha Life Esports,top: Yorick / jng: Xin Zhao / mid: Akali / bot: Jhin / sup: Bard,0,4.0,723.0,504.0,-35.0,-231.28090508023615,True,Grew by >500g
13280-13280_game_2,complete,LPL,Split 2,1,2026-05-23 11:48:57,2,16.1,100,Blue,ThunderTalk Gaming,oe:team:df80f468a3f9a722df056fe9104f052,1571,1,1427.0,820.0,-20.0,7.0,3.0,1677.0,-109.0,4.0,8.0,5.0,7676.0,8604.0,13.0,19.0,8.0,top: Jayce / jng: Xin Zhao / mid: Akali / bot: Senna / sup: Nautilus,2026-05-23,Invictus Gaming,top: Sion / jng: Jarvan IV / mid: Cassiopeia / bot: Ashe / sup: Braum,1,3.0,250.0,-929.0,24.0,-12.301289277564138,True,Grew by >500g
LOLTMNT02_409541,complete,LCP,Split 2,1,2026-05-23 12:05:10,4,16.1,200,Red,MVK Esports,oe:team:bc3824b0bbb8139d16109178faa4822,2006,1,1311.0,1815.0,28.0,3.0,1.0,6190.0,6329.0,64.0,8.0,1.0,11527.0,11266.0,59.0,14.0,2.0,top: Vayne / jng: Xin Zhao / mid: Lissandra / bot: Ziggs / sup: Poppy,2026-05-23,CTBC Flying Oyster,top: Sion / jng: Vi / mid: Ahri / bot: Zeri / sup: Yuumi,0,7.0,4879.0,4514.0,36.0,64.54199577332429,True,Grew by >500g
LOLTMNT02_410580,complete,LCK,Rounds 1-2,0,2026-05-23 12:08:47,2,16.1,200,Red,Hanwha Life Esports,oe:team:3a1d18f46bcb3716ebcfcf4ef068934,1781,1,386.0,532.0,5.0,9.0,6.0,3341.0,5723.0,61.0,18.0,9.0,5866.0,8748.0,72.0,28.0,12.0,top: Sion / jng: Vi / mid: Aurora / bot: Ziggs / sup: Pyke,2026-05-23,Nongshim RedForce,top: Ambessa / jng: Pantheon / mid: Ahri / bot: Ashe / sup: Nautilus,0,9.0,2955.0,5191.0,56.0,231.28090508023615,True,Grew by >500g
13280-13280_game_3,complete,LPL,Split 2,1,2026-05-23 12:38:43,3,16.1,200,Red,ThunderTalk Gaming,oe:team:df80f468a3f9a722df056fe9104f052,1963,1,379.0,2133.0,-15.0,7.0,6.0,3432.0,3738.0,-11.0,10.0,6.0,5228.0,7958.0,-7.0,14.0,8.0,top: Ambessa / jng: Wukong / mid: Annie / bot: Jhin / sup: Seraphine,2026-05-23,Invictus Gaming,top: Varus / jng: Trundle / mid: Taliyah / bot: Yunara / sup: Lulu,0,4.0,3053.0,1605.0,4.0,-12.301289277564138,True,Grew by >500g
LOLTMNT02_410661,complete,LCP,Split 2,1,2026-05-23 12:58:21,5,16.1,200,Red,MVK Esports,oe:team:bc3824b0bbb8139d16109178faa4822,2027,1,308.0,-952.0,-7.0,6.0,5.0,1111.0,7.0,7.0,8.0,7.0,6192.0,9402.0,48.0,15.0,9.0,top: Zaahen / jng: Aatrox / mid: Taliyah / bot: Mel / sup: Seraphine,2026-05-23,CTBC Flying Oyster,top: Yorick / jng: Wukong / mid: Galio / bot: Ashe / sup: Lulu,0,1.0,803.0,959.0,14.0,64.54199577332429,True,Grew by >500g
LOLTMNT02_410667,complete,LCK,Rounds 1-2,0,2026-05-23 12:59:35,3,16.1,100,Blue,Hanwha Life Esports,oe:team:3a1d18f46bcb3716ebcfcf4ef068934,1632,1,2423.0,2553.0,80.0,10.0,6.0,3114.0,3634.0,135.0,14.0,11.0,5256.0,8407.0,134.0,19.0,13.0,top: Gnar / jng: Lee Sin / mid: Ryze / bot: Corki / sup: Nami,2026-05-23,Nongshim RedForce,top: Renekton / jng: Jarvan IV / mid: Twisted Fate / bot: Yunara / sup: Lulu,1,3.0,691.0,1081.0,55.0,231.28090508023615,True,Grew by >500g
LOLTMNT05_196094,complete,LEC,Spring,1,2026-05-23 15:11:03,1,16.1,100,Blue,G2 Esports,oe:team:7d6673d3a9d00363c6bebc1a630da6e,2655,0,2963.0,3460.0,55.0,6.0,1.0,4800.0,7413.0,79.0,10.0,3.0,5634.0,11476.0,49.0,12.0,3.0,top: Cassiopeia / jng: Xin Zhao / mid: Anivia / bot: Smolder / sup: Nautilus,2026-05-23,Karmine Corp,top: Yone / jng: Vi / mid: Taliyah / bot: Ashe / sup: Seraphine,1,7.0,1837.0,3953.0,24.0,51.60171751477401,True,Grew by >500g
LOLTMNT02_409730,complete,CBLOL,Split 1,1,2026-05-23 16:12:43,1,16.1,100,Blue,LØS,oe:team:ea65e6cc48a9be50fc5334369a5fca5,2292,1,3193.0,3641.0,40.0,5.0,1.0,4970.0,3025.0,7.0,8.0,2.0,5588.0,3280.0,7.0,11.0,5.0,top: Rumble / jng: Pantheon / mid: Cassiopeia / bot: Ezreal / sup: Rakan,2026-05-23,Vivo Keyd Stars,top: K'Sante / jng: Naafiri / mid: Orianna / bot: Kai'Sa / sup: Neeko,1,6.0,1777.0,-616.0,-33.0,17.182684013342396,True,Grew by >500g
LOLTMNT05_195065,complete,LEC,Spring,1,2026-05-23 16:16:33,2,16.1,100,Blue,G2 Esports,oe:team:7d6673d3a9d00363c6bebc1a630da6e,1648,1,3389.0,2215.0,42.0,2.0,0.0,4287.0,1198.0,41.0,2.0,0.0,11148.0,10049.0,59.0,8.0,0.0,top: Galio / jng: Skarner / mid: Ryze / bot: Ezreal / sup: Karma,2026-05-23,Karmine Corp,top: Rumble / jng: Wukong / mid: Annie / bot: Miss Fortune / sup: Neeko,1,2.0,898.0,-1017.0,-1.0,51.60171751477401,True,Grew by >500g
LOLTMNT05_196109,complete,LEC,Spring,1,2026-05-23 17:05:33,3,16.1,100,Blue,G2 Esports,oe:team:7d6673d3a9d00363c6bebc1a630da6e,1843,1,3286.0,3784.0,31.0,9.0,4.0,57.0,1432.0,52.0,10.0,10.0,-4790.0,-3655.0,62.0,11.0,15.0,top: Gnar / jng: Lee Sin / mid: LeBlanc / bot: Yunara / sup: Lulu,2026-05-23,Karmine Corp,top: Twisted Fate / jng: Naafiri / mid: Azir / bot: Corki / sup: Nami,1,0.0,-3229.0,-2352.0,21.0,51.60171751477401,True,Lead lost by 25
LOLTMNT02_410851,complete,CBLOL,Split 1,1,2026-05-23 17:09:04,2,16.1,100,Blue,LØS,oe:team:ea65e6cc48a9be50fc5334369a5fca5,2188,1,5488.0,4326.0,51.0,11.0,2.0,8248.0,6507.0,81.0,15.0,3.0,9865.0,8808.0,84.0,18.0,5.0,top: Aatrox / jng: Vi / mid: Taliyah / bot: Lucian / sup: Milio,2026-05-23,Vivo Keyd Stars,top: Sion / jng: Xin Zhao / mid: Viktor / bot: Zeri / sup: Lulu,1,12.0,2760.0,2181.0,30.0,17.182684013342396,True,Grew by >500g
LOLTMNT05_195074,complete,LEC,Spring,1,2026-05-23 17:59:01,4,16.1,100,Blue,G2 Esports,oe:team:7d6673d3a9d00363c6bebc1a630da6e,1566,1,7716.0,5837.0,78.0,12.0,2.0,7419.0,7077.0,123.0,14.0,5.0,10502.0,13233.0,130.0,22.0,7.0,top: Gragas / jng: Aatrox / mid: Ahri / bot: Varus / sup: Alistar,2026-05-23,Karmine Corp,top: Ambessa / jng: Trundle / mid: Brand / bot: Jhin / sup: Rakan,1,9.0,-297.0,1240.0,45.0,51.60171751477401,True,Grew by >500g
LOLTMNT02_410906,complete,CBLOL,Split 1,1,2026-05-23 18:04:34,3,16.1,100,Blue,LØS,oe:team:ea65e6cc48a9be50fc5334369a5fca5,1401,1,2796.0,658.0,25.0,8.0,4.0,7756.0,4683.0,67.0,13.0,5.0,,,,,,top: Sylas / jng: Rek'Sai / mid: Ryze / bot: Caitlyn / sup: Anivia,2026-05-23,Vivo Keyd Stars,top: Gnar / jng: Jarvan IV / mid: Syndra / bot: Jhin / sup: Karma,1,8.0,4960.0,4025.0,42.0,17.182684013342396,True,Won before 25
LOLTMNT02_411013,complete,LCS,Spring,1,2026-05-23 20:10:31,1,16.1,200,Red,Cloud9,oe:team:fc8e90107dabb9a35c490b0d86adea0,1506,1,1196.0,496.0,9.0,3.0,1.0,1798.0,2335.0,7.0,3.0,1.0,12281.0,13279.0,70.0,11.0,1.0,top: Sion / jng: Lee Sin / mid: Cassiopeia / bot: Corki / sup: Nami,2026-05-23,FlyQuest,top: Rumble / jng: Xin Zhao / mid: Viktor / bot: Lucian / sup: Milio,0,2.0,602.0,1839.0,-2.0,113.5824843393732,True,Grew by >500g
LOLTMNT02_411042,complete,LCS,Spring,1,2026-05-23 20:52:13,2,16.1,200,Red,FlyQuest,oe:team:2e66da41dc460dd378e3bcc57042d31,1912,0,473.0,1059.0,3.0,4.0,2.0,235.0,-814.0,-10.0,5.0,3.0,-1242.0,1074.0,-3.0,5.0,4.0,top: Jayce / jng: Jarvan IV / mid: Ryze / bot: Caitlyn / sup: Bard,2026-05-23,Cloud9,top: Yorick / jng: Naafiri / mid: Annie / bot: Ashe / sup: Seraphine,0,2.0,-238.0,-1873.0,-13.0,-113.5824843393732,True,Lead lost by 25
LOLTMNT02_409890,complete,LCS,Spring,1,2026-05-23 21:50:14,3,16.1,200,Red,FlyQuest,oe:team:2e66da41dc460dd378e3bcc57042d31,1819,1,1090.0,4912.0,48.0,5.0,2.0,2843.0,6641.0,51.0,8.0,2.0,4769.0,13624.0,78.0,11.0,2.0,top: K'Sante / jng: Shyvana / mid: Sylas / bot: Sivir / sup: Lulu,2026-05-23,Cloud9,top: Twisted Fate / jng: Ambessa / mid: Hwei / bot: Senna / sup: Nautilus,0,6.0,1753.0,1729.0,3.0,-113.5824843393732,True,Grew by >500g
LOLTMNT02_409902,complete,LCS,Spring,1,2026-05-23 22:39:13,4,16.1,100,Blue,FlyQuest,oe:team:2e66da41dc460dd378e3bcc57042d31,1844,1,3314.0,2885.0,44.0,8.0,3.0,3205.0,1244.0,21.0,9.0,4.0,8609.0,10875.0,81.0,15.0,6.0,top: Quinn / jng: Nocturne / mid: Taliyah / bot: Ezreal / sup: Neeko,2026-05-23,Cloud9,top: Renekton / jng: Wukong / mid: Aurora / bot: Yunara / sup: Karma,1,5.0,-109.0,-1641.0,-23.0,-113.5824843393732,True,Grew by >500g
LOLTMNT02_411078,complete,LCS,Spring,1,2026-05-23 23:28:19,5,16.1,200,Red,Cloud9,oe:team:fc8e90107dabb9a35c490b0d86adea0,2071,1,1251.0,2888.0,5.0,4.0,1.0,2603.0,4155.0,9.0,6.0,1.0,5561.0,6460.0,1.0,12.0,3.0,top: Gnar / jng: Sejuani / mid: Swain / bot: Jhin / sup: Alistar,2026-05-23,FlyQuest,top: Akali / jng: Dr. Mundo / mid: Azir / bot: Kalista / sup: Renata Glasc,0,5.0,1352.0,1267.0,4.0,113.5824843393732,True,Grew by >500g
13281-13281_game_1,complete,LPL,Split 2,1,2026-05-24 06:07:37,1,16.1,100,Blue,EDward Gaming,oe:team:056c3140a119e44a03d462e2c832f27,1791,1,2103.0,1433.0,5.0,5.0,1.0,1985.0,1499.0,3.0,7.0,3.0,2720.0,993.0,11.0,7.0,3.0,top: Sion / jng: Lee Sin / mid: Annie / bot: Ashe / sup: Seraphine,2026-05-24,Ninjas in Pyjamas,top: Jayce / jng: Skarner / mid: Cassiopeia / bot: Lucian / sup: Milio,1,4.0,-118.0,66.0,-2.0,-2.8600753267685377,True,Grew by >500g
13281-13281_game_2,complete,LPL,Split 2,1,2026-05-24 06:58:01,2,16.1,100,Blue,EDward Gaming,oe:team:056c3140a119e44a03d462e2c832f27,2663,0,2812.0,289.0,30.0,7.0,3.0,4039.0,-867.0,48.0,7.0,4.0,5254.0,3226.0,52.0,13.0,10.0,top: Tristana / jng: Jarvan IV / mid: Orianna / bot: Ezreal / sup: Bard,2026-05-24,Ninjas in Pyjamas,top: Gnar / jng: Vi / mid: Ryze / bot: Corki / sup: Nami,1,3.0,1227.0,-1156.0,18.0,-2.8600753267685377,True,Grew by >500g
13281-13281_game_3,complete,LPL,Split 2,1,2026-05-24 08:02:43,3,16.1,200,Red,EDward Gaming,oe:team:056c3140a119e44a03d462e2c832f27,2192,1,1906.0,420.0,-3.0,6.0,2.0,2622.0,113.0,-10.0,7.0,2.0,5337.0,2458.0,-22.0,9.0,2.0,top: Renekton / jng: Trundle / mid: Viktor / bot: Varus / sup: Karma,2026-05-24,Ninjas in Pyjamas,top: Zaahen / jng: Wukong / mid: Aurora / bot: Jhin / sup: Nautilus,0,5.0,716.0,-307.0,-7.0,-2.8600753267685377,True,Grew by >500g
LOLTMNT02_412046,complete,LCK,Rounds 1-2,0,2026-05-24 08:06:42,1,16.1,100,Blue,Gen.G,oe:team:50f58982d91a36557ec8aec52ab014f,1683,1,6352.0,5151.0,70.0,8.0,1.0,7080.0,4580.0,81.0,10.0,4.0,5559.0,6312.0,83.0,12.0,8.0,top: Ambessa / jng: Skarner / mid: Anivia / bot: Caitlyn / sup: Bard,2026-05-24,DN SOOPers,top: Rumble / jng: Lee Sin / mid: Ryze / bot: Ashe / sup: Seraphine,1,6.0,728.0,-571.0,11.0,354.0757266056239,True,Shrank by >500g
LOLTMNT02_412073,complete,LCK,Rounds 1-2,0,2026-05-24 08:56:11,2,16.1,100,Blue,Gen.G,oe:team:50f58982d91a36557ec8aec52ab014f,1693,1,2515.0,811.0,58.0,2.0,2.0,4087.0,1893.0,70.0,2.0,2.0,4787.0,1011.0,56.0,6.0,5.0,top: Vayne / jng: Maokai / mid: Annie / bot: Lucian / sup: Milio,2026-05-24,DN SOOPers,top: Sion / jng: Wukong / mid: Akali / bot: Corki / sup: Nami,1,0.0,1572.0,1082.0,12.0,354.0757266056239,True,Grew by >500g
13281-13281_game_4,complete,LPL,Split 2,1,2026-05-24 09:01:30,4,16.1,100,Blue,EDward Gaming,oe:team:056c3140a119e44a03d462e2c832f27,2413,0,804.0,196.0,13.0,2.0,1.0,1703.0,728.0,2.0,7.0,4.0,1630.0,368.0,-45.0,10.0,4.0,top: Vayne / jng: Pantheon / mid: Rumble / bot: Ziggs / sup: Leona,2026-05-24,Ninjas in Pyjamas,top: Ornn / jng: Naafiri / mid: Taliyah / bot: Caitlyn / sup: Lux,1,3.0,899.0,532.0,-11.0,-2.8600753267685377,True,Within 500g
LOLTMNT02_411260,complete,LCP,Split 2,1,2026-05-24 09:14:38,1,16.1,200,Red,Deep Cross Gaming,oe:team:7e56e9367c023df96cc8257ff4e16c0,1745,1,-2376.0,-441.0,11.0,5.0,8.0,1415.0,5786.0,46.0,11.0,9.0,4952.0,7865.0,65.0,16.0,10.0,top: K'Sante / jng: Jarvan IV / mid: Ryze / bot: Jhin / sup: Karma,2026-05-24,Fukuoka SoftBank HAWKS gaming,top: Rumble / jng: Naafiri / mid: Twisted Fate / bot: Ezreal / sup: Skarner,0,2.0,3791.0,6227.0,35.0,-18.76019472844905,True,Grew by >500g
LOLTMNT02_412115,complete,LCP,Split 2,1,2026-05-24 10:07:40,2,16.1,200,Red,Deep Cross Gaming,oe:team:7e56e9367c023df96cc8257ff4e16c0,1988,1,3348.0,3458.0,30.0,3.0,0.0,7758.0,7702.0,62.0,10.0,1.0,9993.0,12643.0,86.0,19.0,5.0,top: Sion / jng: Vi / mid: Cassiopeia / bot: Zeri / sup: Bard,2026-05-24,Fukuoka SoftBank HAWKS gaming,top: Zaahen / jng: Wukong / mid: Orianna / bot: Sivir / sup: Nautilus,0,9.0,4410.0,4244.0,32.0,-18.76019472844905,True,Grew by >500g
13281-13281_game_5,complete,LPL,Split 2,1,2026-05-24 10:09:19,5,16.1,100,Blue,Ninjas in Pyjamas,oe:team:48d7941ccbd5b89aca46c57b0c2f8fb,2244,0,-913.0,165.0,3.0,4.0,5.0,22.0,898.0,21.0,4.0,5.0,727.0,1295.0,52.0,4.0,5.0,top: Ambessa / jng: Shyvana / mid: Ahri / bot: Aphelios / sup: Thresh,2026-05-24,EDward Gaming,top: K'Sante / jng: Maokai / mid: Mel / bot: Zeri / sup: Yuumi,1,-1.0,935.0,733.0,18.0,2.8600753267685377,True,Grew by >500g
LOLTMNT02_411297,complete,LCK,Rounds 1-2,0,2026-05-24 10:10:10,1,16.1,100,Blue,T1,oe:team:ce499dea30cfce118f4fe85da0227e8,1986,1,1807.0,-426.0,-16.0,4.0,1.0,470.0,-983.0,10.0,4.0,3.0,2638.0,-1665.0,27.0,4.0,3.0,top: Sion / jng: Naafiri / mid: Twisted Fate / bot: Caitlyn / sup: Lux,2026-05-24,HANJIN BRION,top: Rumble / jng: Lee Sin / mid: Ryze / bot: Jhin / sup: Pyke,1,1.0,-1337.0,-557.0,26.0,153.5869486273732,True,Grew by >500g
LOLTMNT02_412154,complete,LCP,Split 2,1,2026-05-24 11:09:36,3,16.1,100,Blue,Deep Cross Gaming,oe:team:7e56e9367c023df96cc8257ff4e16c0,1824,1,-939.0,109.0,18.0,3.0,6.0,446.0,835.0,-1.0,5.0,6.0,1362.0,2954.0,11.0,6.0,6.0,top: Gnar / jng: Jax / mid: Annie / bot: Caitlyn / sup: Seraphine,2026-05-24,Fukuoka SoftBank HAWKS gaming,top: Renekton / jng: Trundle / mid: Ahri / bot: Ashe / sup: Lulu,1,-1.0,1385.0,726.0,-19.0,-18.76019472844905,True,Grew by >500g
LOLTMNT02_411342,complete,LCK,Rounds 1-2,0,2026-05-24 11:10:29,2,16.1,200,Red,HANJIN BRION,oe:team:b77b3f6068e20a2b3edc0ecd3dc70d4,1727,0,3000.0,1948.0,-6.0,14.0,7.0,4841.0,2664.0,-3.0,15.0,7.0,4002.0,-255.0,-16.0,15.0,7.0,top: Jayce / jng: Jarvan IV / mid: Aurora / bot: Lucian / sup: Milio,2026-05-24,T1,top: Yorick / jng: Xin Zhao / mid: Anivia / bot: Ashe / sup: Seraphine,0,8.0,1841.0,716.0,3.0,-153.5869486273732,True,Shrank by >500g
13282-13282_game_1,complete,LPL,Split 2,1,2026-05-24 11:16:52,1,16.1,100,Blue,LGD Gaming,oe:team:5f401785b6b78326f9a46b3c6b206ed,1696,1,-1457.0,-1350.0,-55.0,1.0,1.0,2366.0,980.0,-18.0,4.0,2.0,5318.0,7624.0,6.0,7.0,2.0,top: Gnar / jng: Naafiri / mid: Akali / bot: Ashe / sup: Seraphine,2026-05-24,Weibo Gaming,top: Renekton / jng: Jarvan IV / mid: Annie / bot: Lucian / sup: Milio,1,2.0,3823.0,2330.0,37.0,-28.459942883148415,True,Grew by >500g
13282-13282_game_2,complete,LPL,Split 2,1,2026-05-24 12:06:58,2,16.1,200,Red,LGD Gaming,oe:team:5f401785b6b78326f9a46b3c6b206ed,1557,1,1923.0,1939.0,45.0,3.0,1.0,1769.0,2234.0,34.0,3.0,2.0,9168.0,9220.0,65.0,9.0,3.0,top: Rumble / jng: Trundle / mid: Ryze / bot: Corki / sup: Nami,2026-05-24,Weibo Gaming,top: Sion / jng: Vi / mid: Ahri / bot: Yunara / sup: Lulu,0,1.0,-154.0,295.0,-11.0,-28.459942883148415,True,Grew by >500g
13282-13282_game_3,complete,LPL,Split 2,1,2026-05-24 12:54:04,3,16.1,100,Blue,LGD Gaming,oe:team:5f401785b6b78326f9a46b3c6b206ed,2006,0,1622.0,2204.0,16.0,3.0,1.0,3827.0,5064.0,59.0,6.0,2.0,-1100.0,-4834.0,44.0,6.0,8.0,top: Yorick / jng: Jayce / mid: Galio / bot: Miss Fortune / sup: Nautilus,2026-05-24,Weibo Gaming,top: K'Sante / jng: Xin Zhao / mid: Aurora / bot: Ezreal / sup: Bard,1,4.0,2205.0,2860.0,43.0,-28.459942883148415,True,Lead lost by 25
13282-13282_game_4,complete,LPL,Split 2,1,2026-05-24 13:58:12,4,16.1,100,Blue,Weibo Gaming,oe:team:606c6ac695907af3823ee6405c58ff1,2241,1,424.0,663.0,28.0,3.0,4.0,446.0,25.0,36.0,4.0,5.0,1717.0,1364.0,61.0,6.0,8.0,top: Jax / jng: Rek'Sai / mid: Twisted Fate / bot: Ziggs / sup: Camille,2026-05-24,LGD Gaming,top: Poppy / jng: Lee Sin / mid: Anivia / bot: Caitlyn / sup: Elise,1,-1.0,22.0,-638.0,8.0,28.459942883148415,True,Grew by >500g
13282-13282_game_5,complete,LPL,Split 2,1,2026-05-24 14:58:11,5,16.1,100,Blue,Weibo Gaming,oe:team:606c6ac695907af3823ee6405c58ff1,1882,0,-1774.0,360.0,45.0,2.0,5.0,912.0,2167.0,70.0,5.0,5.0,349.0,2881.0,97.0,5.0,7.0,top: Ambessa / jng: Sylas / mid: Malphite / bot: Kalista / sup: Renata Glasc,2026-05-24,LGD Gaming,top: Zaahen / jng: Maokai / mid: Vayne / bot: Draven / sup: Thresh,1,0.0,2686.0,1807.0,25.0,28.459942883148415,True,Shrank by >500g
LOLTMNT05_196170,complete,LEC,Spring,1,2026-05-24 15:08:04,1,16.1,100,Blue,Movistar KOI,oe:team:4acc40654379b4da680be1bd3129dfa,2221,1,1928.0,1544.0,61.0,3.0,2.0,284.0,979.0,40.0,4.0,4.0,2489.0,2265.0,72.0,7.0,5.0,top: Rumble / jng: Wukong / mid: Cassiopeia / bot: Ashe / sup: Seraphine,2026-05-24,Team Vitality,top: Anivia / jng: Vi / mid: Syndra / bot: Ezreal / sup: Nami,1,0.0,-1644.0,-565.0,-21.0,-12.334910970966348,True,Grew by >500g
LOLTMNT05_196183,complete,LEC,Spring,1,2026-05-24 16:05:28,2,16.1,100,Blue,Movistar KOI,oe:team:4acc40654379b4da680be1bd3129dfa,1853,1,4205.0,3523.0,36.0,8.0,2.0,9465.0,7377.0,47.0,14.0,2.0,11156.0,8680.0,92.0,17.0,4.0,top: Renekton / jng: Nocturne / mid: Akali / bot: Caitlyn / sup: Neeko,2026-05-24,Team Vitality,top: Gragas / jng: Xin Zhao / mid: Ryze / bot: Miss Fortune / sup: Bard,1,12.0,5260.0,3854.0,11.0,-12.334910970966348,True,Grew by >500g
LOLTMNT02_411470,complete,CBLOL,Split 1,1,2026-05-24 16:11:30,1,16.1,100,Blue,FURIA,oe:team:87e3e1e75839f75a10bbc66e894d806,1870,1,-123.0,-1188.0,-67.0,6.0,2.0,2460.0,2020.0,-26.0,8.0,2.0,6384.0,8761.0,43.0,11.0,2.0,top: Ornn / jng: Xin Zhao / mid: Galio / bot: Ezreal / sup: Bard,2026-05-24,RED Canids,top: Rumble / jng: Nocturne / mid: Orianna / bot: Varus / sup: Neeko,1,6.0,2583.0,3208.0,41.0,-6.510010937201514,True,Grew by >500g
LOLTMNT05_196187,complete,LEC,Spring,1,2026-05-24 16:55:24,3,16.1,100,Blue,Movistar KOI,oe:team:4acc40654379b4da680be1bd3129dfa,1558,1,1890.0,908.0,16.0,3.0,1.0,3414.0,1359.0,18.0,5.0,2.0,9980.0,8550.0,63.0,10.0,2.0,top: Varus / jng: Lee Sin / mid: Taliyah / bot: Xayah / sup: Rakan,2026-05-24,Team Vitality,top: Olaf / jng: Jayce / mid: Annie / bot: Lucian / sup: Milio,1,3.0,1524.0,451.0,2.0,-12.334910970966348,True,Grew by >500g
LOLTMNT02_411492,complete,CBLOL,Split 1,1,2026-05-24 17:02:08,2,16.1,100,Blue,FURIA,oe:team:87e3e1e75839f75a10bbc66e894d806,2082,1,-1699.0,-1983.0,-43.0,5.0,6.0,232.0,90.0,-62.0,9.0,6.0,3217.0,1166.0,-18.0,11.0,7.0,top: Sion / jng: Lee Sin / mid: Twisted Fate / bot: Ashe / sup: Lulu,2026-05-24,RED Canids,top: Renekton / jng: Aatrox / mid: Cassiopeia / bot: Senna / sup: Seraphine,1,3.0,1931.0,2073.0,-19.0,-6.510010937201514,True,Grew by >500g
LOLTMNT02_411525,complete,CBLOL,Split 1,1,2026-05-24 17:55:36,3,16.1,100,Blue,FURIA,oe:team:87e3e1e75839f75a10bbc66e894d806,2397,1,571.0,-404.0,-21.0,6.0,4.0,977.0,-808.0,-27.0,6.0,5.0,3204.0,2463.0,-40.0,8.0,5.0,top: Ambessa / jng: Trundle / mid: Annie / bot: Xayah / sup: Rakan,2026-05-24,RED Canids,top: Gnar / jng: Naafiri / mid: Akali / bot: Sivir / sup: Alistar,1,1.0,406.0,-404.0,-6.0,-6.510010937201514,True,Grew by >500g
LOLTMNT02_412354,complete,LCS,Spring,1,2026-05-24 20:12:10,1,16.1,100,Blue,Team Liquid,oe:team:8eb884e168f28402ce685bedebb5250,2038,1,1067.0,1436.0,18.0,2.0,0.0,5599.0,3566.0,54.0,5.0,0.0,8291.0,8168.0,73.0,6.0,0.0,top: Shen / jng: Lee Sin / mid: Ryze / bot: Ezreal / sup: Rell,2026-05-24,LYON,top: Sion / jng: Wukong / mid: Anivia / bot: Jhin / sup: Karma,1,5.0,4532.0,2130.0,36.0,-62.40521802883768,True,Grew by >500g
LOLTMNT02_411603,complete,LCS,Spring,1,2026-05-24 21:05:37,2,16.1,100,Blue,Team Liquid,oe:team:8eb884e168f28402ce685bedebb5250,2295,0,-15.0,-628.0,3.0,2.0,1.0,429.0,-765.0,-17.0,3.0,1.0,-1927.0,-6569.0,-28.0,3.0,4.0,top: Ambessa / jng: Vi / mid: Aurora / bot: Lucian / sup: Milio,2026-05-24,LYON,top: Rumble / jng: Sejuani / mid: Yone / bot: Senna / sup: Nautilus,1,2.0,444.0,-137.0,-20.0,-62.40521802883768,True,Lead lost by 25
LOLTMNT02_411607,complete,LCS,Spring,1,2026-05-24 22:03:57,3,16.1,200,Red,Team Liquid,oe:team:8eb884e168f28402ce685bedebb5250,1858,0,1205.0,-1676.0,51.0,9.0,12.0,1389.0,-1837.0,43.0,10.0,14.0,746.0,-4931.0,23.0,11.0,16.0,top: Jayce / jng: Jarvan IV / mid: Twisted Fate / bot: Mel / sup: Pantheon,2026-05-24,LYON,top: Malphite / jng: Xin Zhao / mid: Sylas / bot: Caitlyn / sup: Braum,0,-4.0,184.0,-161.0,-8.0,-62.40521802883768,True,Shrank by >500g
LOLTMNT02_411614,complete,LCS,Spring,1,2026-05-24 22:54:16,4,16.1,200,Red,Team Liquid,oe:team:8eb884e168f28402ce685bedebb5250,1793,1,3771.0,3431.0,75.0,2.0,0.0,3795.0,1717.0,53.0,2.0,0.0,5235.0,314.0,54.0,6.0,2.0,top: Renekton / jng: Naafiri / mid: Orianna / bot: Corki / sup: Rakan,2026-05-24,LYON,top: Gnar / jng: Ornn / mid: Cassiopeia / bot: Smolder / sup: Nami,0,2.0,24.0,-1714.0,-22.0,-62.40521802883768,True,Grew by >500g
LOLTMNT02_411619,complete,LCS,Spring,1,2026-05-24 23:44:08,5,16.1,100,Blue,Team Liquid,oe:team:8eb884e168f28402ce685bedebb5250,2166,0,1403.0,-670.0,27.0,1.0,1.0,1693.0,-551.0,35.0,1.0,1.0,1335.0,-2624.0,27.0,1.0,2.0,top: Jax / jng: Rek'Sai / mid: Annie / bot: Aphelios / sup: Sona,2026-05-24,LYON,top: Poppy / jng: Trundle / mid: Taliyah / bot: Jinx / sup: Bard,1,0.0,290.0,119.0,8.0,-62.40521802883768,True,Within 500g
LOLTMNT05_195244,complete,LEC,Spring,1,2026-05-25 15:08:04,1,16.1,100,Blue,Movistar KOI,oe:team:4acc40654379b4da680be1bd3129dfa,1897,1,1517.0,1579.0,-6.0,4.0,3.0,1909.0,-479.0,1.0,6.0,7.0,5150.0,2950.0,-22.0,9.0,8.0,top: Anivia / jng: Nocturne / mid: Galio / bot: Kai'Sa / sup: Nautilus,2026-05-25,G2 Esports,top: Yone / jng: Jarvan IV / mid: Cassiopeia / bot: Ezreal / sup: Leona,1,-1.0,392.0,-2058.0,7.0,-35.45094738431271,True,Grew by >500g
LOLTMNT05_195254,complete,LEC,Spring,1,2026-05-25 15:59:31,2,16.1,200,Red,G2 Esports,oe:team:7d6673d3a9d00363c6bebc1a630da6e,1964,0,1744.0,2907.0,31.0,5.0,4.0,5688.0,4616.0,38.0,11.0,5.0,3542.0,1670.0,48.0,13.0,9.0,top: Yasuo / jng: Skarner / mid: Taliyah / bot: Yunara / sup: Lulu,2026-05-25,Movistar KOI,top: Varus / jng: Trundle / mid: Ryze / bot: Caitlyn / sup: Nami,0,6.0,3944.0,1709.0,7.0,35.45094738431271,True,Shrank by >500g
LOLTMNT05_196267,complete,LEC,Spring,1,2026-05-25 16:50:56,3,16.1,200,Red,G2 Esports,oe:team:7d6673d3a9d00363c6bebc1a630da6e,1498,1,3954.0,3055.0,42.0,8.0,2.0,6663.0,5393.0,72.0,11.0,3.0,13737.0,15935.0,106.0,21.0,5.0,top: Kled / jng: Xin Zhao / mid: Viktor / bot: Xayah / sup: Rakan,2026-05-25,Movistar KOI,top: Sion / jng: Vi / mid: Ahri / bot: Zeri / sup: Neeko,0,8.0,2709.0,2338.0,30.0,35.45094738431271,True,Won before 25
LOLTMNT05_196274,complete,LEC,Spring,1,2026-05-25 17:36:27,4,16.1,100,Blue,G2 Esports,oe:team:7d6673d3a9d00363c6bebc1a630da6e,1938,1,3606.0,3789.0,30.0,9.0,5.0,5297.0,5963.0,73.0,18.0,10.0,7381.0,5319.0,73.0,19.0,11.0,top: Twisted Fate / jng: Naafiri / mid: Aurora / bot: Ashe / sup: Bard,2026-05-25,Movistar KOI,top: Rumble / jng: Lee Sin / mid: Akali / bot: Miss Fortune / sup: Seraphine,1,8.0,1691.0,2174.0,43.0,35.45094738431271,True,Grew by >500g
LOLTMNT05_196283,complete,LEC,Spring,1,2026-05-25 18:29:48,5,16.1,200,Red,Movistar KOI,oe:team:4acc40654379b4da680be1bd3129dfa,2277,0,-1226.0,-402.0,4.0,3.0,3.0,1022.0,789.0,12.0,5.0,4.0,6388.0,7433.0,13.0,10.0,4.0,top: Gnar / jng: Zaahen / mid: Azir / bot: Senna / sup: Alistar,2026-05-25,G2 Esports,top: Malphite / jng: Pantheon / mid: Sylas / bot: Jinx / sup: Soraka,0,1.0,2248.0,1191.0,8.0,-35.45094738431271,True,Grew by >500g
LOLTMNT02_411934,complete,CBLOL,Split 1,1,2026-05-25 21:11:23,1,16.1,100,Blue,LØS,oe:team:ea65e6cc48a9be50fc5334369a5fca5,2235,1,-97.0,380.0,46.0,2.0,3.0,1361.0,1327.0,23.0,5.0,3.0,1855.0,4493.0,51.0,9.0,6.0,top: Twisted Fate / jng: Trundle / mid: Cassiopeia / bot: Lucian / sup: Milio,2026-05-25,LOUD,top: Sion / jng: Qiyana / mid: Akali / bot: Caitlyn / sup: Bard,1,2.0,1458.0,947.0,-23.0,-9.183015724112693,True,Within 500g
LOLTMNT02_412716,complete,CBLOL,Split 1,1,2026-05-25 22:05:21,2,16.1,100,Blue,LØS,oe:team:ea65e6cc48a9be50fc5334369a5fca5,1870,1,938.0,1967.0,17.0,6.0,5.0,3082.0,1932.0,14.0,7.0,5.0,3821.0,4030.0,33.0,7.0,5.0,top: K'Sante / jng: Jarvan IV / mid: Ryze / bot: Ezreal / sup: Anivia,2026-05-25,LOUD,top: Rumble / jng: Aatrox / mid: Orianna / bot: Jhin / sup: Neeko,1,2.0,2144.0,-35.0,-3.0,-9.183015724112693,True,Grew by >500g
LOLTMNT02_412727,complete,CBLOL,Split 1,1,2026-05-25 22:55:25,3,16.1,100,Blue,LØS,oe:team:ea65e6cc48a9be50fc5334369a5fca5,1684,0,1548.0,1085.0,10.0,7.0,4.0,3228.0,2588.0,28.0,13.0,8.0,1853.0,-647.0,38.0,16.0,13.0,top: Jayce / jng: Vi / mid: Taliyah / bot: Mel / sup: Camille,2026-05-25,LOUD,top: Yorick / jng: Sejuani / mid: Viktor / bot: Ashe / sup: Seraphine,1,5.0,1680.0,1503.0,18.0,-9.183015724112693,True,Shrank by >500g
LOLTMNT02_412732,complete,CBLOL,Split 1,1,2026-05-25 23:42:01,4,16.1,100,Blue,LOUD,oe:team:658a021a796aa5501503220adb38cf4,2198,1,2060.0,1853.0,11.0,4.0,2.0,3065.0,3764.0,33.0,9.0,7.0,5587.0,6223.0,27.0,11.0,8.0,top: Renekton / jng: Sylas / mid: Ahri / bot: Corki / sup: Nami,2026-05-25,LØS,top: Gnar / jng: Xin Zhao / mid: Zoe / bot: Zeri / sup: Lulu,1,2.0,1005.0,1911.0,22.0,9.183015724112693,True,Grew by >500g
LOLTMNT02_412737,complete,CBLOL,Split 1,1,2026-05-26 00:35:59,5,16.1,200,Red,LØS,oe:team:ea65e6cc48a9be50fc5334369a5fca5,1671,1,3195.0,3243.0,68.0,5.0,1.0,6221.0,3285.0,58.0,9.0,2.0,10449.0,7467.0,101.0,12.0,3.0,top: Ambessa / jng: Naafiri / mid: Annie / bot: Ziggs / sup: Leona,2026-05-26,LOUD,top: Skarner / jng: Maokai / mid: Hwei / bot: Kalista / sup: Renata Glasc,0,7.0,3026.0,42.0,-10.0,-7.069040456662378,True,Grew by >500g
LOLTMNT02_413377,complete,LCK,Rounds 1-2,0,2026-05-27 08:06:37,1,16.1,100,Blue,Gen.G,oe:team:50f58982d91a36557ec8aec52ab014f,2587,0,1883.0,170.0,35.0,1.0,1.0,2563.0,225.0,9.0,2.0,1.0,3626.0,1158.0,19.0,4.0,2.0,top: Gnar / jng: Naafiri / mid: Annie / bot: Jhin / sup: Karma,2026-05-27,Hanwha Life Esports,top: Sion / jng: Jarvan IV / mid: Aurora / bot: Caitlyn / sup: Bard,1,1.0,680.0,55.0,-26.0,60.033536582935994,True,Grew by >500g
LOLTMNT02_414180,complete,LCK,Rounds 1-2,0,2026-05-27 09:12:52,2,16.1,200,Red,Hanwha Life Esports,oe:team:3a1d18f46bcb3716ebcfcf4ef068934,1888,0,-239.0,-502.0,7.0,5.0,6.0,763.0,-346.0,-16.0,11.0,10.0,21.0,950.0,9.0,13.0,14.0,top: Rumble / jng: Trundle / mid: Ryze / bot: Senna / sup: Alistar,2026-05-27,Gen.G,top: Yorick / jng: Vi / mid: Ahri / bot: Lucian / sup: Milio,0,1.0,1002.0,156.0,-23.0,-60.033536582935994,True,Shrank by >500g
LOLTMNT02_413403,complete,LCK,Rounds 1-2,0,2026-05-27 10:06:53,3,16.1,100,Blue,Gen.G,oe:team:50f58982d91a36557ec8aec52ab014f,1579,1,5604.0,4412.0,20.0,10.0,2.0,4172.0,5998.0,29.0,12.0,3.0,10873.0,12244.0,95.0,17.0,3.0,top: Vayne / jng: Lee Sin / mid: Galio / bot: Sivir / sup: Rakan,2026-05-27,Hanwha Life Esports,top: Renekton / jng: Pantheon / mid: Orianna / bot: Xayah / sup: Nautilus,1,9.0,-1432.0,1586.0,9.0,60.033536582935994,True,Grew by >500g
LOLTMNT02_413460,complete,LCK,Rounds 1-2,0,2026-05-27 11:17:26,1,16.1,200,Red,Kiwoom DRX,oe:team:1d0389df0c5eea93b04122ba167c010,2084,0,92.0,-609.0,-36.0,6.0,3.0,1762.0,225.0,-40.0,9.0,4.0,3106.0,-461.0,-40.0,12.0,7.0,top: K'Sante / jng: Jarvan IV / mid: Annie / bot: Miss Fortune / sup: Rell,2026-05-27,BNK FEARX,top: Rumble / jng: Lee Sin / mid: Ryze / bot: Caitlyn / sup: Lux,0,5.0,1670.0,834.0,-4.0,-0.45699569865041667,True,Grew by >500g
LOLTMNT02_414278,complete,LCK,Rounds 1-2,0,2026-05-27 12:13:29,2,16.1,200,Red,Kiwoom DRX,oe:team:1d0389df0c5eea93b04122ba167c010,1930,1,504.0,588.0,-14.0,5.0,3.0,3901.0,5352.0,-18.0,10.0,4.0,4557.0,8633.0,-32.0,14.0,5.0,top: Gnar / jng: Pantheon / mid: Viktor / bot: Ezreal / sup: Bard,2026-05-27,BNK FEARX,top: Aurora / jng: Naafiri / mid: Sylas / bot: Jhin / sup: Karma,0,6.0,3397.0,4764.0,-4.0,-0.45699569865041667,True,Grew by >500g
LOLTMNT02_413504,complete,LCK,Rounds 1-2,0,2026-05-27 13:07:31,3,16.1,200,Red,BNK FEARX,oe:team:5c2e7e9ea8dfcba0150d9a5619baecf,2566,1,489.0,-1664.0,-29.0,5.0,3.0,809.0,-1826.0,-17.0,6.0,5.0,576.0,-3084.0,-33.0,7.0,6.0,top: Shen / jng: Xin Zhao / mid: Ahri / bot: Lucian / sup: Milio,2026-05-27,Kiwoom DRX,top: Renekton / jng: Jax / mid: Mel / bot: Yunara / sup: Lulu,0,1.0,320.0,-162.0,12.0,0.45699569865041667,True,Within 500g
LOLTMNT02_414553,complete,LCK,Rounds 1-2,0,2026-05-28 08:03:36,1,16.1,100,Blue,DN SOOPers,oe:team:b3c72a20aa56f5d28022ac04a7dc294,2143,1,1602.0,1243.0,10.0,3.0,1.0,2889.0,1759.0,19.0,7.0,4.0,2663.0,-3093.0,51.0,9.0,7.0,top: Zaahen / jng: Lee Sin / mid: LeBlanc / bot: Caitlyn / sup: Bard,2026-05-28,Nongshim RedForce,top: Sion / jng: Pantheon / mid: Cassiopeia / bot: Ezreal / sup: Neeko,1,3.0,1287.0,516.0,9.0,-86.9089620591235,True,Within 500g
LOLTMNT02_414569,complete,LCK,Rounds 1-2,0,2026-05-28 08:59:44,2,16.1,200,Red,Nongshim RedForce,oe:team:5cd2cd09ec94296f605dd13a2924d6c,1488,1,2029.0,1852.0,31.0,5.0,2.0,5911.0,5177.0,70.0,10.0,4.0,13418.0,16321.0,118.0,19.0,5.0,top: Galio / jng: Xin Zhao / mid: Ryze / bot: Yunara / sup: Lulu,2026-05-28,DN SOOPers,top: Rumble / jng: Wukong / mid: Annie / bot: Zeri / sup: Yuumi,0,6.0,3882.0,3325.0,39.0,86.9089620591235,True,Won before 25
LOLTMNT02_414581,complete,LCK,Rounds 1-2,0,2026-05-28 09:44:44,3,16.1,200,Red,Nongshim RedForce,oe:team:5cd2cd09ec94296f605dd13a2924d6c,1887,1,1149.0,2497.0,63.0,2.0,3.0,3570.0,3115.0,85.0,4.0,4.0,784.0,3001.0,67.0,6.0,9.0,top: Renekton / jng: Nocturne / mid: Taliyah / bot: Miss Fortune / sup: Nautilus,2026-05-28,DN SOOPers,top: Gnar / jng: Naafiri / mid: Aurora / bot: Sivir / sup: Karma,0,0.0,2421.0,618.0,22.0,86.9089620591235,True,Shrank by >500g
LOLTMNT02_414612,complete,LCK,Rounds 1-2,0,2026-05-28 11:03:41,1,16.1,100,Blue,T1,oe:team:ce499dea30cfce118f4fe85da0227e8,1727,1,-792.0,16.0,14.0,3.0,4.0,421.0,905.0,66.0,4.0,5.0,1574.0,3080.0,78.0,5.0,5.0,top: Rumble / jng: Vi / mid: Anivia / bot: Xayah / sup: Rakan,2026-05-28,KT Rolster,top: Yorick / jng: Wukong / mid: Ryze / bot: Lucian / sup: Milio,1,-1.0,1213.0,889.0,52.0,97.05760953443996,True,Grew by >500g
LOLTMNT02_413783,complete,LCK,Rounds 1-2,0,2026-05-28 11:55:14,2,16.1,200,Red,KT Rolster,oe:team:d723992568441c6bafa2658129eade7,2127,0,4759.0,2293.0,65.0,5.0,1.0,4547.0,1795.0,49.0,7.0,3.0,3361.0,949.0,23.0,11.0,7.0,top: Jayce / jng: Lee Sin / mid: Annie / bot: Mel / sup: Nautilus,2026-05-28,T1,top: Olaf / jng: Xin Zhao / mid: Akali / bot: Ashe / sup: Seraphine,0,4.0,-212.0,-498.0,-16.0,-97.05760953443996,True,Shrank by >500g
13283-13283_game_1,complete,LPL,Split 2,1,2026-05-29 06:13:18,1,16.1,200,Red,ThunderTalk Gaming,oe:team:df80f468a3f9a722df056fe9104f052,1548,1,2537.0,1898.0,16.0,7.0,3.0,6275.0,3961.0,16.0,12.0,3.0,9515.0,9358.0,26.0,14.0,3.0,top: Rumble / jng: Vi / mid: Ryze / bot: Caitlyn / sup: Lux,2026-05-29,JD Gaming,top: Ambessa / jng: Lee Sin / mid: Twisted Fate / bot: Lucian / sup: Milio,0,9.0,3738.0,2063.0,0.0,-78.415937691193,True,Grew by >500g
13283-13283_game_2,complete,LPL,Split 2,1,2026-05-29 07:02:56,2,16.1,100,Blue,ThunderTalk Gaming,oe:team:df80f468a3f9a722df056fe9104f052,2137,0,1366.0,983.0,15.0,8.0,5.0,3256.0,2565.0,31.0,11.0,6.0,1822.0,170.0,5.0,11.0,7.0,top: Gnar / jng: Xin Zhao / mid: Ahri / bot: Ezreal / sup: Bard,2026-05-29,JD Gaming,top: Renekton / jng: Naafiri / mid: Orianna / bot: Kai'Sa / sup: Pyke,1,5.0,1890.0,1582.0,16.0,-78.415937691193,True,Shrank by >500g
LOLTMNT02_415033,complete,LCK,Rounds 1-2,0,2026-05-29 08:09:08,1,16.1,200,Red,Kiwoom DRX,oe:team:1d0389df0c5eea93b04122ba167c010,1694,0,-1615.0,-1387.0,-32.0,2.0,3.0,134.0,-471.0,-20.0,4.0,4.0,-5019.0,-3684.0,-65.0,5.0,8.0,top: Gnar / jng: Vi / mid: Orianna / bot: Ezreal / sup: Nautilus,2026-05-29,Dplus Kia,top: Vayne / jng: Wukong / mid: Viktor / bot: Lucian / sup: Braum,0,0.0,1749.0,916.0,12.0,-73.74016407765816,True,Lead lost by 25
LOLTMNT02_415073,complete,LCK,Rounds 1-2,0,2026-05-29 09:00:16,2,16.1,200,Red,Kiwoom DRX,oe:team:1d0389df0c5eea93b04122ba167c010,1684,1,2418.0,2888.0,18.0,4.0,0.0,5438.0,4676.0,37.0,6.0,0.0,8207.0,10608.0,56.0,8.0,0.0,top: K'Sante / jng: Lee Sin / mid: Ryze / bot: Yunara / sup: Lulu,2026-05-29,Dplus Kia,top: Zaahen / jng: Xin Zhao / mid: Taliyah / bot: Ashe / sup: Seraphine,0,6.0,3020.0,1788.0,19.0,-73.74016407765816,True,Grew by >500g
13283-13283_game_4,complete,LPL,Split 2,1,2026-05-29 09:00:19,4,16.1,200,Red,JD Gaming,oe:team:b42d0f31f2727621b963042276817c4,1878,1,2737.0,4088.0,55.0,8.0,3.0,2075.0,3220.0,45.0,10.0,5.0,5150.0,6983.0,56.0,17.0,7.0,top: K'Sante / jng: Maokai / mid: Aurora / bot: Varus / sup: Nautilus,2026-05-29,ThunderTalk Gaming,top: Fiora / jng: Jayce / mid: Annie / bot: Jhin / sup: Rell,0,5.0,-662.0,-868.0,-10.0,78.415937691193,True,Grew by >500g
LOLTMNT02_415076,complete,LCP,Split 2,1,2026-05-29 09:12:57,1,16.1,100,Blue,MVK Esports,oe:team:bc3824b0bbb8139d16109178faa4822,1988,0,355.0,362.0,-12.0,2.0,1.0,747.0,48.0,-3.0,2.0,2.0,-2112.0,-7398.0,-63.0,2.0,2.0,top: Sion / jng: Jayce / mid: Azir / bot: Ezreal / sup: Braum,2026-05-29,Team Secret Whales,top: Shen / jng: Lee Sin / mid: Ryze / bot: Kai'Sa / sup: Nautilus,1,0.0,392.0,-314.0,9.0,-136.62413513376532,True,Lead lost by 25
LOLTMNT02_415083,complete,LCK,Rounds 1-2,0,2026-05-29 09:49:54,3,16.1,200,Red,Dplus Kia,oe:team:ef69efa6acebe94107f0cf1ba716806,1855,1,1471.0,1518.0,18.0,5.0,2.0,4424.0,3085.0,27.0,10.0,3.0,7378.0,5615.0,75.0,12.0,4.0,top: Galio / jng: Jarvan IV / mid: Aurora / bot: Miss Fortune / sup: Bard,2026-05-29,Kiwoom DRX,top: Rumble / jng: Pantheon / mid: Ahri / bot: Jhin / sup: Karma,0,7.0,2953.0,1567.0,9.0,73.74016407765816,True,Grew by >500g
LOLTMNT02_415117,complete,LCP,Split 2,1,2026-05-29 10:23:33,2,16.1,200,Red,MVK Esports,oe:team:bc3824b0bbb8139d16109178faa4822,2227,0,962.0,2091.0,-35.0,5.0,2.0,3271.0,5547.0,-10.0,7.0,2.0,5049.0,4085.0,19.0,7.0,2.0,top: Rek'Sai / jng: Wukong / mid: Akali / bot: Jhin / sup: Camille,2026-05-29,Team Secret Whales,top: Jax / jng: Jarvan IV / mid: Cassiopeia / bot: Miss Fortune / sup: Rell,0,5.0,2309.0,3456.0,25.0,-136.62413513376532,True,Grew by >500g
13284-13284_game_1,complete,LPL,Split 2,1,2026-05-29 10:25:48,1,16.1,100,Blue,Top Esports,oe:team:fcec508e780bbd1ad493852640f5b36,1664,1,2721.0,2317.0,69.0,5.0,2.0,3733.0,3906.0,81.0,9.0,3.0,6087.0,6347.0,103.0,13.0,3.0,top: Rumble / jng: Trundle / mid: Orianna / bot: Miss Fortune / sup: Nautilus,2026-05-29,LGD Gaming,top: Ambessa / jng: Nocturne / mid: Ryze / bot: Corki / sup: Rell,1,6.0,1012.0,1589.0,12.0,44.17628751149414,True,Grew by >500g
LOLTMNT02_415144,complete,LCK,Rounds 1-2,0,2026-05-29 11:07:01,1,16.1,100,Blue,Gen.G,oe:team:50f58982d91a36557ec8aec52ab014f,1758,1,3810.0,578.0,26.0,3.0,0.0,5812.0,4418.0,42.0,8.0,1.0,9726.0,9283.0,57.0,13.0,1.0,top: Rumble / jng: Vi / mid: Ryze / bot: Xayah / sup: Rakan,2026-05-29,HANJIN BRION,top: Yorick / jng: Xin Zhao / mid: Taliyah / bot: Lucian / sup: Milio,1,7.0,2002.0,3840.0,16.0,216.24031405182382,True,Grew by >500g
13284-13284_game_2,complete,LPL,Split 2,1,2026-05-29 11:17:37,2,16.1,100,Blue,Top Esports,oe:team:fcec508e780bbd1ad493852640f5b36,1847,1,960.0,1823.0,3.0,4.0,2.0,956.0,2064.0,20.0,5.0,3.0,1974.0,2660.0,24.0,8.0,6.0,top: Zaahen / jng: Wukong / mid: Annie / bot: Ezreal / sup: Neeko,2026-05-29,LGD Gaming,top: Vayne / jng: Naafiri / mid: Sion / bot: Caitlyn / sup: Elise,1,2.0,-4.0,241.0,17.0,44.17628751149414,True,Grew by >500g
LOLTMNT02_414911,complete,LCP,Split 2,1,2026-05-29 11:19:39,3,16.1,100,Blue,Team Secret Whales,oe:team:740de582f50775c516c77ed7b923fd5,1980,1,13.0,311.0,-15.0,5.0,6.0,1188.0,725.0,-54.0,8.0,6.0,5535.0,7573.0,-10.0,11.0,6.0,top: Rumble / jng: Vi / mid: Ahri / bot: Varus / sup: Skarner,2026-05-29,MVK Esports,top: K'Sante / jng: Zyra / mid: Aurora / bot: Sivir / sup: Pantheon,1,2.0,1175.0,414.0,-39.0,136.62413513376532,True,Grew by >500g
LOLTMNT02_414922,complete,LCK,Rounds 1-2,0,2026-05-29 12:01:10,2,16.1,100,Blue,Gen.G,oe:team:50f58982d91a36557ec8aec52ab014f,1775,1,809.0,980.0,53.0,2.0,3.0,6354.0,6546.0,84.0,10.0,5.0,9007.0,6641.0,123.0,13.0,7.0,top: Ambessa / jng: Jarvan IV / mid: Mel / bot: Ziggs / sup: Nautilus,2026-05-29,HANJIN BRION,top: Sion / jng: Pantheon / mid: Aurora / bot: Caitlyn / sup: Tahm Kench,1,5.0,5545.0,5566.0,31.0,216.24031405182382,True,Grew by >500g
13284-13284_game_3,complete,LPL,Split 2,1,2026-05-29 12:15:22,3,16.1,200,Red,Top Esports,oe:team:fcec508e780bbd1ad493852640f5b36,1932,1,893.0,-275.0,39.0,7.0,4.0,719.0,801.0,41.0,8.0,4.0,718.0,2021.0,34.0,10.0,5.0,top: Olaf / jng: Xin Zhao / mid: Aurora / bot: Ashe / sup: Seraphine,2026-05-29,LGD Gaming,top: Yorick / jng: Jayce / mid: Akali / bot: Ziggs / sup: Skarner,0,4.0,-174.0,1076.0,2.0,44.17628751149414,True,Within 500g
13285-13285_game_1,complete,LPL,Split 2,1,2026-05-30 06:17:26,1,16.1,100,Blue,Anyone's Legend,oe:team:ed28f87f0cfdba0a2a8f183cebae73a,2221,1,1730.0,1992.0,51.0,4.0,3.0,551.0,-980.0,14.0,5.0,5.0,470.0,1870.0,-11.0,7.0,8.0,top: Shen / jng: Nocturne / mid: Ryze / bot: Varus / sup: Neeko,2026-05-30,EDward Gaming,top: Renekton / jng: Trundle / mid: Orianna / bot: Jhin / sup: Bard,1,0.0,-1179.0,-2972.0,-37.0,35.79167489948145,True,Within 500g
13285-13285_game_2,complete,LPL,Split 2,1,2026-05-30 07:19:44,2,16.1,100,Blue,Anyone's Legend,oe:team:ed28f87f0cfdba0a2a8f183cebae73a,1660,1,3021.0,2731.0,34.0,7.0,4.0,7298.0,6831.0,44.0,14.0,5.0,4525.0,6651.0,22.0,14.0,7.0,top: Twisted Fate / jng: Lee Sin / mid: Lissandra / bot: Ashe / sup: Lulu,2026-05-30,EDward Gaming,top: Ambessa / jng: Xin Zhao / mid: Fizz / bot: Ezreal / sup: Seraphine,1,9.0,4277.0,4100.0,10.0,35.79167489948145,True,Shrank by >500g
LOLTMNT02_415309,complete,LCK,Rounds 1-2,0,2026-05-30 08:05:58,1,16.1,100,Blue,KT Rolster,oe:team:d723992568441c6bafa2658129eade7,1831,1,-1449.0,-487.0,26.0,2.0,6.0,1128.0,-547.0,21.0,6.0,8.0,3105.0,195.0,42.0,11.0,10.0,top: Gnar / jng: Xin Zhao / mid: Taliyah / bot: Lucian / sup: Braum,2026-05-30,DN SOOPers,top: Sion / jng: Wukong / mid: Ryze / bot: Miss Fortune / sup: Nautilus,1,-2.0,2577.0,-60.0,-5.0,219.93238107610773,True,Grew by >500g
13285-13285_game_3,complete,LPL,Split 2,1,2026-05-30 08:11:31,3,16.1,100,Blue,Anyone's Legend,oe:team:ed28f87f0cfdba0a2a8f183cebae73a,2213,1,2102.0,884.0,4.0,7.0,4.0,3249.0,2505.0,2.0,13.0,6.0,4979.0,3071.0,13.0,18.0,7.0,top: Olaf / jng: Jarvan IV / mid: Galio / bot: Corki / sup: Nami,2026-05-30,EDward Gaming,top: Jayce / jng: Skarner / mid: Cassiopeia / bot: Miss Fortune / sup: Nautilus,1,7.0,1147.0,1621.0,-2.0,35.79167489948145,True,Grew by >500g
LOLTMNT02_415338,complete,LCK,Rounds 1-2,0,2026-05-30 08:58:01,2,16.1,100,Blue,KT Rolster,oe:team:d723992568441c6bafa2658129eade7,2042,1,1888.0,1215.0,-1.0,3.0,0.0,5297.0,3420.0,11.0,8.0,1.0,4531.0,1162.0,-24.0,9.0,2.0,top: Rumble / jng: Trundle / mid: Annie / bot: Jhin / sup: Karma,2026-05-30,DN SOOPers,top: Ambessa / jng: Lee Sin / mid: Galio / bot: Caitlyn / sup: Bard,1,7.0,3409.0,2205.0,12.0,219.93238107610773,True,Shrank by >500g
LOLTMNT02_415344,complete,LCP,Split 2,1,2026-05-30 09:28:52,1,16.1,100,Blue,Deep Cross Gaming,oe:team:7e56e9367c023df96cc8257ff4e16c0,1663,1,477.0,735.0,-1.0,2.0,1.0,707.0,-513.0,-32.0,3.0,2.0,458.0,1713.0,-55.0,4.0,2.0,top: Cassiopeia / jng: Xin Zhao / mid: Rumble / bot: Xayah / sup: Rakan,2026-05-30,GAM Esports,top: Ambessa / jng: Jarvan IV / mid: Ryze / bot: Lucian / sup: Milio,1,1.0,230.0,-1248.0,-31.0,-1.77251182058626,True,Within 500g
13286-13286_game_1,complete,LPL,Split 2,1,2026-05-30 09:50:49,1,16.1,200,Red,Team WE,oe:team:62c1cd9465dc63824593ee5046f5aa8,2001,1,160.0,-174.0,-9.0,5.0,4.0,5134.0,4907.0,41.0,11.0,5.0,5412.0,4619.0,43.0,12.0,6.0,top: Rumble / jng: Naafiri / mid: Ahri / bot: Ezreal / sup: Bard,2026-05-30,Bilibili Gaming,top: Sion / jng: Vi / mid: LeBlanc / bot: Sivir / sup: Karma,0,6.0,4974.0,5081.0,50.0,-253.29675858002224,True,Within 500g
LOLTMNT02_415356,complete,LCP,Split 2,1,2026-05-30 10:15:26,2,16.1,200,Red,GAM Esports,oe:team:9cae7677cd0dbcc1cd86653870b73c2,1614,1,2307.0,1886.0,46.0,7.0,6.0,6385.0,5579.0,65.0,12.0,6.0,12216.0,11355.0,70.0,17.0,6.0,top: Jayce / jng: Vi / mid: Ahri / bot: Ezreal / sup: Bard,2026-05-30,Deep Cross Gaming,top: K'Sante / jng: Pantheon / mid: Aurora / bot: Jhin / sup: Karma,0,6.0,4078.0,3693.0,19.0,1.77251182058626,True,Grew by >500g
LOLTMNT02_416145,complete,LCK,Rounds 1-2,0,2026-05-30 10:20:58,1,16.1,100,Blue,BNK FEARX,oe:team:5c2e7e9ea8dfcba0150d9a5619baecf,2275,0,-508.0,580.0,41.0,4.0,5.0,227.0,2320.0,47.0,7.0,7.0,-1405.0,509.0,34.0,8.0,9.0,top: K'Sante / jng: Wukong / mid: Ryze / bot: Ezreal / sup: Neeko,2026-05-30,T1,top: Rumble / jng: Nocturne / mid: Anivia / bot: Jhin / sup: Bard,1,0.0,735.0,1740.0,6.0,-171.85997906786815,True,Lead lost by 25
13286-13286_game_2,complete,LPL,Split 2,1,2026-05-30 10:54:15,2,16.1,200,Red,Bilibili Gaming,oe:team:d356a144644879dabb5f34cd99c886d,2279,1,3181.0,2308.0,69.0,10.0,5.0,9097.0,5735.0,96.0,22.0,10.0,5164.0,-2022.0,112.0,27.0,18.0,top: Jayce / jng: Lee Sin / mid: Annie / bot: Miss Fortune / sup: Seraphine,2026-05-30,Team WE,top: Ornn / jng: Xin Zhao / mid: Ryze / bot: Ashe / sup: Lulu,0,12.0,5916.0,3427.0,27.0,253.29675858002224,True,Shrank by >500g
LOLTMNT02_415369,complete,LCP,Split 2,1,2026-05-30 11:01:37,3,16.1,100,Blue,Deep Cross Gaming,oe:team:7e56e9367c023df96cc8257ff4e16c0,1638,1,1106.0,1731.0,1.0,3.0,1.0,2938.0,2053.0,6.0,4.0,1.0,7494.0,8947.0,33.0,9.0,2.0,top: Gnar / jng: Lee Sin / mid: Annie / bot: Corki / sup: Rell,2026-05-30,GAM Esports,top: Tristana / jng: Wukong / mid: Mel / bot: Miss Fortune / sup: Nautilus,1,3.0,1832.0,322.0,5.0,-1.77251182058626,True,Grew by >500g
LOLTMNT02_415381,complete,LCK,Rounds 1-2,0,2026-05-30 11:23:27,2,16.1,200,Red,T1,oe:team:ce499dea30cfce118f4fe85da0227e8,1787,1,1619.0,2145.0,22.0,8.0,6.0,3507.0,4881.0,39.0,13.0,8.0,6933.0,10171.0,42.0,21.0,12.0,top: Sion / jng: Vi / mid: Azir / bot: Mel / sup: Nautilus,2026-05-30,BNK FEARX,top: Gwen / jng: Pantheon / mid: Viktor / bot: Caitlyn / sup: Karma,0,5.0,1888.0,2736.0,17.0,171.85997906786815,True,Grew by >500g
LOLTMNT02_415395,complete,LCP,Split 2,1,2026-05-30 11:49:14,4,16.1,100,Blue,Deep Cross Gaming,oe:team:7e56e9367c023df96cc8257ff4e16c0,2174,1,1174.0,336.0,23.0,5.0,6.0,374.0,1007.0,27.0,6.0,8.0,-1381.0,-593.0,29.0,10.0,15.0,top: Olaf / jng: Naafiri / mid: Twisted Fate / bot: Kai'Sa / sup: Shen,2026-05-30,GAM Esports,top: Jax / jng: Maokai / mid: Galio / bot: Varus / sup: Pyke,1,-2.0,-800.0,671.0,4.0,-1.77251182058626,True,Lead lost by 25
13286-13286_game_3,complete,LPL,Split 2,1,2026-05-30 11:55:53,3,16.1,100,Blue,Bilibili Gaming,oe:team:d356a144644879dabb5f34cd99c886d,2708,0,-1101.0,-1500.0,31.0,4.0,7.0,609.0,724.0,40.0,6.0,7.0,1726.0,1336.0,48.0,8.0,9.0,top: K'Sante / jng: Jarvan IV / mid: Mel / bot: Caitlyn / sup: Lux,2026-05-30,Team WE,top: Renekton / jng: Nidalee / mid: Aurora / bot: Corki / sup: Nami,1,-1.0,1710.0,2224.0,9.0,253.29675858002224,True,Grew by >500g
13286-13286_game_4,complete,LPL,Split 2,1,2026-05-30 13:04:25,4,16.1,200,Red,Team WE,oe:team:62c1cd9465dc63824593ee5046f5aa8,2183,1,862.0,1349.0,-35.0,7.0,4.0,1276.0,2525.0,-30.0,10.0,4.0,2728.0,1156.0,-39.0,13.0,5.0,top: Shen / jng: Olaf / mid: Akali / bot: Jhin / sup: Neeko,2026-05-30,Bilibili Gaming,top: Ambessa / jng: Trundle / mid: Cassiopeia / bot: Ziggs / sup: Alistar,0,6.0,414.0,1176.0,5.0,-253.29675858002224,True,Grew by >500g
LOLTMNT05_195504,complete,LEC,Spring,1,2026-05-30 15:15:19,1,16.1,200,Red,Karmine Corp,oe:team:f3aa9bbd924ce3af42ac53f8326bc7c,1760,1,5314.0,3522.0,40.0,5.0,0.0,6736.0,3553.0,49.0,6.0,1.0,7457.0,4078.0,72.0,6.0,3.0,top: Twisted Fate / jng: Jarvan IV / mid: Ryze / bot: Ezreal / sup: Seraphine,2026-05-30,Natus Vincere,top: K'Sante / jng: Xin Zhao / mid: Azir / bot: Ashe / sup: Lulu,0,5.0,1422.0,31.0,9.0,53.38223547826124,True,Grew by >500g
LOLTMNT05_195507,complete,LEC,Spring,1,2026-05-30 16:03:01,2,16.1,100,Blue,Karmine Corp,oe:team:f3aa9bbd924ce3af42ac53f8326bc7c,1873,1,4877.0,2229.0,67.0,5.0,2.0,7863.0,3890.0,92.0,7.0,3.0,9084.0,6594.0,123.0,7.0,4.0,top: Yone / jng: Vi / mid: Anivia / bot: Caitlyn / sup: Neeko,2026-05-30,Natus Vincere,top: Sion / jng: Trundle / mid: Cassiopeia / bot: Lucian / sup: Milio,1,4.0,2986.0,1661.0,25.0,53.38223547826124,True,Grew by >500g
LOLTMNT01_394272,complete,CBLOL,Split 1,1,2026-05-30 16:11:23,1,16.11,100,Blue,LØS,oe:team:ea65e6cc48a9be50fc5334369a5fca5,2276,1,558.0,97.0,34.0,6.0,7.0,272.0,-1709.0,-5.0,7.0,8.0,633.0,-1833.0,-19.0,9.0,9.0,top: Gnar / jng: Jarvan IV / mid: Viktor / bot: Ezreal / sup: Bard,2026-05-30,Fluxo W7M,top: Sion / jng: Vi / mid: Cassiopeia / bot: Caitlyn / sup: Karma,1,-1.0,-286.0,-1806.0,-39.0,41.06535257586688,True,Within 500g
LOLTMNT05_195509,complete,LEC,Spring,1,2026-05-30 16:54:45,3,16.1,100,Blue,Karmine Corp,oe:team:f3aa9bbd924ce3af42ac53f8326bc7c,2304,0,1091.0,3069.0,56.0,7.0,5.0,3593.0,2720.0,58.0,11.0,7.0,2893.0,1203.0,38.0,13.0,8.0,top: Varus / jng: Rek'Sai / mid: Aurora / bot: Corki / sup: Nautilus,2026-05-30,Natus Vincere,top: Naafiri / jng: Lee Sin / mid: Annie / bot: Sivir / sup: Bard,1,4.0,2502.0,-349.0,2.0,53.38223547826124,True,Shrank by >500g
LOLTMNT01_395389,complete,CBLOL,Split 1,1,2026-05-30 17:07:11,2,16.11,200,Red,Fluxo W7M,oe:team:45c362a0cfc4b81f597b5ab89250df5,1848,1,627.0,441.0,9.0,6.0,2.0,292.0,2071.0,49.0,7.0,4.0,665.0,3765.0,49.0,8.0,5.0,top: Renekton / jng: Xin Zhao / mid: Ryze / bot: Miss Fortune / sup: Nautilus,2026-05-30,LØS,top: Jayce / jng: Nocturne / mid: Annie / bot: Ornn / sup: Senna,0,3.0,-335.0,1630.0,40.0,-41.06535257586688,True,Within 500g
LOLTMNT05_195513,complete,LEC,Spring,1,2026-05-30 17:54:23,4,16.1,200,Red,Karmine Corp,oe:team:f3aa9bbd924ce3af42ac53f8326bc7c,1594,1,1787.0,548.0,11.0,3.0,1.0,2527.0,-965.0,3.0,4.0,2.0,6547.0,5409.0,11.0,10.0,4.0,top: Renekton / jng: Olaf / mid: Ahri / bot: Xayah / sup: Rakan,2026-05-30,Natus Vincere,top: Kennen / jng: Pantheon / mid: Taliyah / bot: Miss Fortune / sup: Alistar,0,2.0,740.0,-1513.0,-8.0,53.38223547826124,True,Grew by >500g
LOLTMNT01_394281,complete,CBLOL,Split 1,1,2026-05-30 17:55:41,3,16.11,100,Blue,Fluxo W7M,oe:team:45c362a0cfc4b81f597b5ab89250df5,1856,1,-451.0,-586.0,12.0,2.0,3.0,1194.0,1860.0,4.0,4.0,3.0,4836.0,7973.0,20.0,8.0,4.0,top: Rumble / jng: Naafiri / mid: Zoe / bot: Xayah / sup: Rakan,2026-05-30,LØS,top: K'Sante / jng: Rek'Sai / mid: Ahri / bot: Lucian / sup: Milio,1,1.0,1645.0,2446.0,-8.0,-41.06535257586688,True,Grew by >500g
LOLTMNT01_394285,complete,CBLOL,Split 1,1,2026-05-30 18:44:42,4,16.11,200,Red,LØS,oe:team:ea65e6cc48a9be50fc5334369a5fca5,1842,1,4168.0,2371.0,39.0,4.0,0.0,5590.0,2252.0,46.0,9.0,3.0,5310.0,3615.0,51.0,13.0,4.0,top: Kennen / jng: Skarner / mid: Aurora / bot: Tristana / sup: Alistar,2026-05-30,Fluxo W7M,top: Ambessa / jng: Pantheon / mid: Taliyah / bot: Jhin / sup: Rell,0,6.0,1422.0,-119.0,7.0,41.06535257586688,True,Within 500g
LOLTMNT01_394289,complete,CBLOL,Split 1,1,2026-05-30 19:31:22,5,16.11,100,Blue,LØS,oe:team:ea65e6cc48a9be50fc5334369a5fca5,1550,1,3456.0,2319.0,69.0,5.0,3.0,4032.0,1329.0,55.0,8.0,5.0,5675.0,3611.0,52.0,12.0,8.0,top: Yone / jng: Sejuani / mid: Galio / bot: Corki / sup: Neeko,2026-05-30,Fluxo W7M,top: Anivia / jng: Zaahen / mid: Sylas / bot: Yunara / sup: Lulu,1,3.0,576.0,-990.0,-14.0,41.06535257586688,True,Grew by >500g
LOLTMNT01_394298,complete,LCS,Spring,1,2026-05-30 20:10:37,1,16.11,200,Red,Sentinels,oe:team:f90422f1cbcb24bc2a855202582ec29,2103,0,-515.0,848.0,3.0,5.0,4.0,186.0,4017.0,22.0,6.0,4.0,723.0,2958.0,29.0,7.0,4.0,top: Ornn / jng: Lee Sin / mid: Ryze / bot: Jhin / sup: Nautilus,2026-05-30,FlyQuest,top: Rumble / jng: Skarner / mid: Twisted Fate / bot: Ezreal / sup: Karma,0,2.0,701.0,3169.0,19.0,-18.24648625904001,True,Grew by >500g
LOLTMNT01_394302,complete,LCS,Spring,1,2026-05-30 21:04:55,2,16.11,100,Blue,FlyQuest,oe:team:2e66da41dc460dd378e3bcc57042d31,1866,1,1766.0,428.0,17.0,5.0,2.0,1856.0,-766.0,-15.0,5.0,2.0,3440.0,2698.0,29.0,8.0,4.0,top: Jayce / jng: Shen / mid: Cassiopeia / bot: Lucian / sup: Milio,2026-05-30,Sentinels,top: Sion / jng: Naafiri / mid: Orianna / bot: Ashe / sup: Seraphine,1,3.0,90.0,-1194.0,-32.0,18.24648625904001,True,Grew by >500g
LOLTMNT01_395422,complete,LCS,Spring,1,2026-05-30 21:55:42,3,16.11,100,Blue,FlyQuest,oe:team:2e66da41dc460dd378e3bcc57042d31,2261,1,1085.0,1552.0,-5.0,2.0,0.0,1351.0,2979.0,27.0,4.0,2.0,1662.0,3695.0,13.0,7.0,5.0,top: K'Sante / jng: Shyvana / mid: Aurora / bot: Yunara / sup: Lulu,2026-05-30,Sentinels,top: Renekton / jng: Jarvan IV / mid: Viktor / bot: Miss Fortune / sup: Bard,1,2.0,266.0,1427.0,32.0,18.24648625904001,True,Within 500g
LOLTMNT02_416394,complete,LCK,Rounds 1-2,0,2026-05-31 08:06:48,1,16.1,100,Blue,Hanwha Life Esports,oe:team:3a1d18f46bcb3716ebcfcf4ef068934,1997,1,1021.0,2324.0,24.0,3.0,2.0,4282.0,6563.0,41.0,10.0,5.0,5665.0,8589.0,55.0,13.0,7.0,top: K'Sante / jng: Vi / mid: Viktor / bot: Caitlyn / sup: Bard,2026-05-31,HANJIN BRION,top: Jayce / jng: Lee Sin / mid: Orianna / bot: Ziggs / sup: Nautilus,1,5.0,3261.0,4239.0,17.0,155.41644797640856,True,Grew by >500g
LOLTMNT02_416414,complete,LCK,Rounds 1-2,0,2026-05-31 09:03:34,2,16.1,200,Red,HANJIN BRION,oe:team:b77b3f6068e20a2b3edc0ecd3dc70d4,1688,0,-157.0,-1073.0,-24.0,3.0,3.0,169.0,-1262.0,-27.0,3.0,3.0,-1564.0,-5454.0,-21.0,4.0,7.0,top: Twisted Fate / jng: Jarvan IV / mid: Taliyah / bot: Ezreal / sup: Neeko,2026-05-31,Hanwha Life Esports,top: Gnar / jng: Pantheon / mid: Ryze / bot: Ashe / sup: Seraphine,0,0.0,326.0,-189.0,-3.0,-155.41644797640856,True,Lead lost by 25
LOLTMNT02_416423,complete,LCP,Split 2,1,2026-05-31 09:13:32,1,16.1,200,Red,Team Secret Whales,oe:team:740de582f50775c516c77ed7b923fd5,1626,1,3120.0,986.0,66.0,8.0,4.0,3685.0,4155.0,88.0,12.0,6.0,6269.0,9581.0,104.0,18.0,10.0,top: Ornn / jng: Xin Zhao / mid: Ryze / bot: Jhin / sup: Skarner,2026-05-31,Deep Cross Gaming,top: Rumble / jng: Jarvan IV / mid: Anivia / bot: Yunara / sup: Karma,0,6.0,565.0,3169.0,22.0,120.33369302468418,True,Grew by >500g
LOLTMNT02_416461,complete,LCP,Split 2,1,2026-05-31 10:00:19,2,16.1,200,Red,Deep Cross Gaming,oe:team:7e56e9367c023df96cc8257ff4e16c0,2020,1,3857.0,3003.0,29.0,7.0,3.0,2543.0,1891.0,46.0,13.0,10.0,3935.0,6428.0,46.0,16.0,13.0,top: Zaahen / jng: Vi / mid: Ahri / bot: Kai'Sa / sup: Camille,2026-05-31,Team Secret Whales,top: Sion / jng: Naafiri / mid: Lissandra / bot: Ezreal / sup: Neeko,0,3.0,-1314.0,-1112.0,17.0,-120.33369302468418,True,Grew by >500g
LOLTMNT02_416470,complete,LCK,Rounds 1-2,0,2026-05-31 10:17:32,1,16.1,200,Red,Dplus Kia,oe:team:ef69efa6acebe94107f0cf1ba716806,1793,1,1880.0,1206.0,30.0,6.0,4.0,6502.0,4430.0,38.0,11.0,4.0,12260.0,11711.0,81.0,21.0,7.0,top: K'Sante / jng: Jarvan IV / mid: Viktor / bot: Jhin / sup: Karma,2026-05-31,Nongshim RedForce,top: Rumble / jng: Naafiri / mid: Ryze / bot: Ezreal / sup: Bard,0,7.0,4622.0,3224.0,8.0,139.12076954507893,True,Grew by >500g
LOLTMNT02_416504,complete,LCP,Split 2,1,2026-05-31 10:54:01,3,16.1,100,Blue,Team Secret Whales,oe:team:740de582f50775c516c77ed7b923fd5,1837,0,-2800.0,-757.0,-23.0,5.0,6.0,2002.0,2877.0,-15.0,13.0,8.0,907.0,1592.0,2.0,13.0,10.0,top: Gnar / jng: Lee Sin / mid: Annie / bot: Senna / sup: Nautilus,2026-05-31,Deep Cross Gaming,top: Jayce / jng: Rek'Sai / mid: Orianna / bot: Miss Fortune / sup: Rell,1,5.0,4802.0,3634.0,8.0,120.33369302468418,True,Shrank by >500g
LOLTMNT02_416511,complete,LCK,Rounds 1-2,0,2026-05-31 11:10:18,2,16.1,100,Blue,Dplus Kia,oe:team:ef69efa6acebe94107f0cf1ba716806,1733,1,2782.0,2007.0,10.0,6.0,0.0,1728.0,-272.0,7.0,7.0,3.0,2047.0,123.0,7.0,10.0,5.0,top: Sion / jng: Skarner / mid: Anivia / bot: Lucian / sup: Milio,2026-05-31,Nongshim RedForce,top: Jayce / jng: Pantheon / mid: Cassiopeia / bot: Corki / sup: Nami,1,4.0,-1054.0,-2279.0,-3.0,139.12076954507893,True,Within 500g
LOLTMNT02_416529,complete,LCP,Split 2,1,2026-05-31 11:44:22,4,16.1,100,Blue,Team Secret Whales,oe:team:740de582f50775c516c77ed7b923fd5,1535,1,4040.0,2774.0,19.0,9.0,2.0,6164.0,4883.0,35.0,12.0,4.0,12323.0,11028.0,37.0,21.0,6.0,top: Volibear / jng: Olaf / mid: Aurora / bot: Caitlyn / sup: Elise,2026-05-31,Deep Cross Gaming,top: Renekton / jng: Pantheon / mid: Mel / bot: Jinx / sup: Bard,1,8.0,2124.0,2109.0,16.0,120.33369302468418,True,Grew by >500g
LOLTMNT02_416548,complete,LCP,Split 2,1,2026-05-31 12:32:12,5,16.1,100,Blue,Team Secret Whales,oe:team:740de582f50775c516c77ed7b923fd5,1935,1,-170.0,1784.0,22.0,4.0,4.0,1276.0,3049.0,25.0,7.0,5.0,3470.0,4488.0,23.0,8.0,5.0,top: Gragas / jng: Qiyana / mid: Vex / bot: Xayah / sup: Rakan,2026-05-31,Deep Cross Gaming,top: Jax / jng: Trundle / mid: Twisted Fate / bot: Tristana / sup: Lulu,1,2.0,1446.0,1265.0,3.0,120.33369302468418,True,Grew by >500g
LOLTMNT05_195554,complete,LEC,Spring,1,2026-05-31 15:07:39,1,16.1,200,Red,GiantX,oe:team:6cd05f0ac20bfb965a59dc8bcc4f184,2404,1,-335.0,193.0,-17.0,3.0,0.0,1891.0,2858.0,9.0,9.0,2.0,699.0,959.0,-28.0,13.0,8.0,top: K'Sante / jng: Xin Zhao / mid: Viktor / bot: Ashe / sup: Seraphine,2026-05-31,Team Vitality,top: Rumble / jng: Aatrox / mid: Cassiopeia / bot: Caitlyn / sup: Bard,0,7.0,2226.0,2665.0,26.0,-60.77450522800018,True,Shrank by >500g
LOLTMNT05_195560,complete,LEC,Spring,1,2026-05-31 16:08:56,2,16.1,100,Blue,Team Vitality,oe:team:e8d8ae992fe72acb7adc7bfcee31dbb,2515,0,4712.0,3848.0,86.0,9.0,4.0,5712.0,5704.0,86.0,13.0,6.0,6327.0,6053.0,84.0,14.0,7.0,top: Renekton / jng: Jarvan IV / mid: Annie / bot: Varus / sup: Nautilus,2026-05-31,GiantX,top: Jax / jng: Vi / mid: Taliyah / bot: Ezreal / sup: Karma,1,7.0,1000.0,1856.0,0.0,60.77450522800018,True,Grew by >500g
LOLTMNT01_395471,complete,CBLOL,Split 1,1,2026-05-31 16:11:02,1,16.11,100,Blue,LØS,oe:team:ea65e6cc48a9be50fc5334369a5fca5,2010,1,1203.0,908.0,36.0,1.0,1.0,259.0,-2719.0,6.0,3.0,5.0,-544.0,-1581.0,2.0,5.0,8.0,top: Aatrox / jng: Nocturne / mid: Ryze / bot: Sivir / sup: Rakan,2026-05-31,RED Canids,top: Sion / jng: Vi / mid: Ahri / bot: Ezreal / sup: Bard,1,-2.0,-944.0,-3627.0,-30.0,-28.526598084769603,True,Lead lost by 25
LOLTMNT01_394378,complete,CBLOL,Split 1,1,2026-05-31 17:02:46,2,16.11,200,Red,RED Canids,oe:team:67169969ecc058b307edfa9c6b7a3c0,2091,0,1309.0,853.0,0.0,5.0,6.0,1729.0,120.0,-32.0,6.0,6.0,197.0,-2756.0,-29.0,7.0,10.0,top: Yorick / jng: Lee Sin / mid: Annie / bot: Lucian / sup: Milio,2026-05-31,LØS,top: Rumble / jng: Pantheon / mid: Aurora / bot: Senna / sup: Alistar,0,0.0,420.0,-733.0,-32.0,28.526598084769603,True,Shrank by >500g
LOLTMNT05_195566,complete,LEC,Spring,1,2026-05-31 17:09:50,3,16.1,100,Blue,Team Vitality,oe:team:e8d8ae992fe72acb7adc7bfcee31dbb,2849,0,3026.0,-602.0,-13.0,2.0,0.0,4598.0,257.0,7.0,3.0,1.0,5980.0,5464.0,-1.0,7.0,3.0,top: Akali / jng: Wukong / mid: Twisted Fate / bot: Xayah / sup: Rakan,2026-05-31,GiantX,top: Olaf / jng: Skarner / mid: Anivia / bot: Lucian / sup: Nami,1,2.0,1572.0,859.0,20.0,60.77450522800018,True,Grew by >500g
LOLTMNT01_395481,complete,CBLOL,Split 1,1,2026-05-31 17:56:13,3,16.11,100,Blue,LØS,oe:team:ea65e6cc48a9be50fc5334369a5fca5,1562,1,2925.0,2713.0,47.0,2.0,1.0,5607.0,4362.0,34.0,7.0,3.0,4076.0,1334.0,21.0,10.0,6.0,top: Renekton / jng: Naafiri / mid: Viktor / bot: Corki / sup: Neeko,2026-05-31,RED Canids,top: Gnar / jng: Trundle / mid: Twisted Fate / bot: Mel / sup: Rell,1,4.0,2682.0,1649.0,-13.0,-28.526598084769603,True,Shrank by >500g
LOLTMNT01_394399,complete,LCS,Spring,1,2026-05-31 20:08:32,1,16.11,200,Red,Team Liquid,oe:team:8eb884e168f28402ce685bedebb5250,2002,1,1951.0,2329.0,31.0,2.0,0.0,1010.0,1380.0,17.0,2.0,0.0,1604.0,2301.0,16.0,3.0,0.0,top: Ornn / jng: Naafiri / mid: Orianna / bot: Xayah / sup: Rakan,2026-05-31,Shopify Rebellion,top: Rumble / jng: Wukong / mid: Galio / bot: Lucian / sup: Milio,0,2.0,-941.0,-949.0,-14.0,109.44967075047089,True,Grew by >500g
LOLTMNT01_394402,complete,LCS,Spring,1,2026-05-31 21:01:59,2,16.11,200,Red,Shopify Rebellion,oe:team:b360f1d729b0a8e0f29a5243c4200fa,2171,0,2725.0,434.0,12.0,2.0,1.0,3151.0,-118.0,17.0,4.0,4.0,3725.0,1733.0,26.0,5.0,5.0,top: Renekton / jng: Kha'Zix / mid: Anivia / bot: Ezreal / sup: Neeko,2026-05-31,Team Liquid,top: Shen / jng: Nocturne / mid: Ryze / bot: Caitlyn / sup: Bard,0,0.0,426.0,-552.0,5.0,-109.44967075047089,True,Grew by >500g
LOLTMNT01_394404,complete,LCS,Spring,1,2026-05-31 21:55:09,3,16.11,100,Blue,Team Liquid,oe:team:8eb884e168f28402ce685bedebb5250,1514,1,-147.0,1719.0,-13.0,4.0,5.0,2726.0,4442.0,-30.0,13.0,7.0,10122.0,11985.0,-8.0,21.0,8.0,top: Zaahen / jng: Pantheon / mid: Akali / bot: Ashe / sup: Seraphine,2026-05-31,Shopify Rebellion,top: Sion / jng: Sejuani / mid: Xin Zhao / bot: Mel / sup: Pyke,1,6.0,2873.0,2723.0,-17.0,109.44967075047089,True,Grew by >500g
13288-13288_game_1,complete,LPL,Split 2,1,2026-06-01 09:15:09,1,16.1,200,Red,Team WE,oe:team:62c1cd9465dc63824593ee5046f5aa8,1775,1,907.0,1304.0,46.0,2.0,4.0,2106.0,1542.0,43.0,7.0,8.0,3858.0,1595.0,47.0,12.0,10.0,top: Jayce / jng: Wukong / mid: Orianna / bot: Lucian / sup: Milio,2026-06-01,Anyone's Legend,top: Vayne / jng: Vi / mid: Ryze / bot: Ashe / sup: Seraphine,0,-1.0,1199.0,238.0,-3.0,-110.76621227648207,True,Grew by >500g
13288-13288_game_2,complete,LPL,Split 2,1,2026-06-01 10:11:56,2,16.1,100,Blue,Team WE,oe:team:62c1cd9465dc63824593ee5046f5aa8,1913,1,2852.0,2374.0,13.0,5.0,1.0,3092.0,924.0,10.0,10.0,6.0,3006.0,-2065.0,-10.0,10.0,6.0,top: Sion / jng: Naafiri / mid: Ahri / bot: Ezreal / sup: Neeko,2026-06-01,Anyone's Legend,top: Rek'Sai / jng: Trundle / mid: Cassiopeia / bot: Corki / sup: Nami,1,4.0,240.0,-1450.0,-3.0,-110.76621227648207,True,Within 500g
13288-13288_game_3,complete,LPL,Split 2,1,2026-06-01 11:08:11,3,16.1,100,Blue,Anyone's Legend,oe:team:ed28f87f0cfdba0a2a8f183cebae73a,1653,0,1141.0,260.0,17.0,4.0,5.0,441.0,-234.0,25.0,6.0,10.0,-3618.0,-3783.0,28.0,7.0,14.0,top: Twisted Fate / jng: Lee Sin / mid: Galio / bot: Kai'Sa / sup: Rumble,2026-06-01,Team WE,top: K'Sante / jng: Xin Zhao / mid: Annie / bot: Sivir / sup: Bard,1,-4.0,-700.0,-494.0,8.0,110.76621227648207,True,Lead lost by 25
LOLTMNT05_196548,complete,LEC,Spring,1,2026-06-01 15:08:25,1,16.1,200,Red,GiantX,oe:team:6cd05f0ac20bfb965a59dc8bcc4f184,2036,0,2843.0,884.0,30.0,7.0,3.0,1807.0,72.0,24.0,9.0,6.0,860.0,-2007.0,6.0,10.0,7.0,top: Olaf / jng: Jarvan IV / mid: Azir / bot: Mel / sup: Shen,2026-06-01,Karmine Corp,top: Gnar / jng: Vi / mid: Ryze / bot: Ashe / sup: Seraphine,0,3.0,-1036.0,-812.0,-6.0,-44.920462982854815,True,Shrank by >500g
LOLTMNT05_196552,complete,LEC,Spring,1,2026-06-01 16:06:32,2,16.1,100,Blue,Karmine Corp,oe:team:f3aa9bbd924ce3af42ac53f8326bc7c,1784,1,1248.0,-716.0,-1.0,3.0,3.0,3025.0,-356.0,-3.0,4.0,4.0,8703.0,5574.0,4.0,9.0,4.0,top: Rumble / jng: Pantheon / mid: Taliyah / bot: Sivir / sup: Lulu,2026-06-01,GiantX,top: K'Sante / jng: Xin Zhao / mid: Ahri / bot: Ezreal / sup: Karma,1,0.0,1777.0,360.0,-2.0,44.920462982854815,True,Grew by >500g
LOLTMNT05_196556,complete,LEC,Spring,1,2026-06-01 16:56:41,3,16.1,100,Blue,Karmine Corp,oe:team:f3aa9bbd924ce3af42ac53f8326bc7c,1674,1,3705.0,5170.0,37.0,6.0,0.0,3867.0,4132.0,43.0,7.0,2.0,9948.0,10377.0,30.0,12.0,2.0,top: Sion / jng: Lee Sin / mid: Anivia / bot: Lucian / sup: Nami,2026-06-01,GiantX,top: Kled / jng: Sejuani / mid: Cassiopeia / bot: Aphelios / sup: Milio,1,5.0,162.0,-1038.0,6.0,44.920462982854815,True,Grew by >500g
13289-13289_game_1,complete,LPL,Split 2,1,2026-06-02 09:15:06,1,16.1,200,Red,LGD Gaming,oe:team:5f401785b6b78326f9a46b3c6b206ed,1645,1,672.0,1616.0,14.0,3.0,3.0,1363.0,2965.0,28.0,5.0,3.0,4703.0,8338.0,-16.0,10.0,4.0,top: Sion / jng: Vi / mid: Anivia / bot: Corki / sup: Nami,2026-06-02,ThunderTalk Gaming,top: Rumble / jng: Trundle / mid: Ryze / bot: Xayah / sup: Rakan,0,2.0,691.0,1349.0,14.0,6.276579800263789,True,Grew by >500g
13289-13289_game_2,complete,LPL,Split 2,1,2026-06-02 10:04:48,2,16.1,200,Red,LGD Gaming,oe:team:5f401785b6b78326f9a46b3c6b206ed,1651,1,2153.0,1981.0,14.0,8.0,4.0,7719.0,6198.0,41.0,16.0,5.0,8778.0,4490.0,20.0,18.0,8.0,top: Yorick / jng: Skarner / mid: LeBlanc / bot: Varus / sup: Neeko,2026-06-02,ThunderTalk Gaming,top: Jayce / jng: Wukong / mid: Cassiopeia / bot: Ziggs / sup: Alistar,0,11.0,5566.0,4217.0,27.0,6.276579800263789,True,Grew by >500g
13289-13289_game_3,complete,LPL,Split 2,1,2026-06-02 11:01:22,3,16.1,100,Blue,ThunderTalk Gaming,oe:team:df80f468a3f9a722df056fe9104f052,1746,1,-901.0,-1043.0,19.0,1.0,2.0,1832.0,1693.0,41.0,5.0,2.0,7011.0,7505.0,57.0,12.0,3.0,top: Gnar / jng: Lee Sin / mid: Annie / bot: Senna / sup: Nautilus,2026-06-02,LGD Gaming,top: Olaf / jng: Xin Zhao / mid: Viktor / bot: Lucian / sup: Milio,1,3.0,2733.0,2736.0,22.0,-6.276579800263789,True,Grew by >500g
13289-13289_game_4,complete,LPL,Split 2,1,2026-06-02 11:55:18,4,16.1,100,Blue,ThunderTalk Gaming,oe:team:df80f468a3f9a722df056fe9104f052,2475,1,1889.0,1759.0,10.0,2.0,0.0,2360.0,706.0,6.0,3.0,2.0,1909.0,1637.0,7.0,3.0,2.0,top: Jax / jng: Naafiri / mid: Galio / bot: Ezreal / sup: Bard,2026-06-02,LGD Gaming,top: Akali / jng: Maokai / mid: Renekton / bot: Yunara / sup: Lulu,1,1.0,471.0,-1053.0,-4.0,-6.276579800263789,True,Within 500g
13289-13289_game_5,complete,LPL,Split 2,1,2026-06-02 13:00:07,5,16.1,200,Red,LGD Gaming,oe:team:5f401785b6b78326f9a46b3c6b206ed,1939,1,-435.0,-350.0,-24.0,5.0,4.0,1089.0,2074.0,-20.0,7.0,4.0,973.0,2533.0,-25.0,9.0,5.0,top: Ambessa / jng: Poppy / mid: Ahri / bot: Jhin / sup: Blitzcrank,2026-06-02,ThunderTalk Gaming,top: K'Sante / jng: Jarvan IV / mid: Aurora / bot: Caitlyn / sup: Lux,0,3.0,1524.0,2424.0,4.0,6.276579800263789,True,Within 500g
13290-13290_game_1,complete,LPL,Split 2,1,2026-06-03 09:17:11,1,16.1,100,Blue,Bilibili Gaming,oe:team:d356a144644879dabb5f34cd99c886d,1770,1,2711.0,2599.0,67.0,4.0,2.0,7194.0,6799.0,92.0,10.0,3.0,8423.0,8890.0,100.0,14.0,4.0,top: Rumble / jng: Poppy / mid: Viktor / bot: Ezreal / sup: Bard,2026-06-03,EDward Gaming,top: Ambessa / jng: Lee Sin / mid: Aurora / bot: Ashe / sup: Seraphine,1,7.0,4483.0,4200.0,25.0,142.3644491568607,True,Grew by >500g
13290-13290_game_2,complete,LPL,Split 2,1,2026-06-03 10:10:37,2,16.1,100,Blue,Bilibili Gaming,oe:team:d356a144644879dabb5f34cd99c886d,1691,1,172.0,2072.0,44.0,5.0,5.0,2108.0,4109.0,72.0,8.0,6.0,4644.0,5792.0,75.0,11.0,6.0,top: Yorick / jng: Pantheon / mid: Orianna / bot: Xayah / sup: Rakan,2026-06-03,EDward Gaming,top: Jayce / jng: Trundle / mid: Zyra / bot: Lucian / sup: Milio,1,2.0,1936.0,2037.0,28.0,142.3644491568607,True,Grew by >500g
13290-13290_game_3,complete,LPL,Split 2,1,2026-06-03 11:02:45,3,16.1,100,Blue,Bilibili Gaming,oe:team:d356a144644879dabb5f34cd99c886d,2197,1,937.0,167.0,-10.0,6.0,5.0,3062.0,2284.0,10.0,7.0,5.0,3429.0,3268.0,15.0,7.0,5.0,top: Sion / jng: Wukong / mid: Akali / bot: Caitlyn / sup: Neeko,2026-06-03,EDward Gaming,top: Renekton / jng: Xin Zhao / mid: Annie / bot: Yunara / sup: Lulu,1,2.0,2125.0,2117.0,20.0,142.3644491568607,True,Within 500g
13291-13291_game_1,complete,LPL,Split 2,1,2026-06-05 09:14:04,1,16.1,200,Red,Anyone's Legend,oe:team:ed28f87f0cfdba0a2a8f183cebae73a,2124,1,1790.0,1929.0,37.0,10.0,4.0,2291.0,1528.0,43.0,12.0,4.0,1713.0,-357.0,42.0,18.0,10.0,top: Sion / jng: Naafiri / mid: Ryze / bot: Varus / sup: Bard,2026-06-05,LGD Gaming,top: Rumble / jng: Trundle / mid: Anivia / bot: Jhin / sup: Nautilus,0,8.0,501.0,-401.0,6.0,49.40544287607645,True,Shrank by >500g
LOLTMNT02_418305,complete,LCP,Split 2,1,2026-06-05 09:16:09,1,16.1,100,Blue,GAM Esports,oe:team:9cae7677cd0dbcc1cd86653870b73c2,1769,1,-675.0,-1593.0,-39.0,4.0,5.0,2864.0,3688.0,-14.0,11.0,7.0,3123.0,6922.0,-41.0,12.0,8.0,top: Sion / jng: Jarvan IV / mid: Cassiopeia / bot: Jhin / sup: Bard,2026-06-05,MVK Esports,top: Zaahen / jng: Lee Sin / mid: Orianna / bot: Varus / sup: Pyke,1,4.0,3539.0,5281.0,25.0,15.20603230698589,True,Within 500g
LOLTMNT02_418307,complete,LCP,Split 2,1,2026-06-05 10:04:54,2,16.1,100,Blue,MVK Esports,oe:team:bc3824b0bbb8139d16109178faa4822,1934,0,2678.0,2248.0,26.0,5.0,2.0,2218.0,1259.0,-5.0,5.0,2.0,-2611.0,-5009.0,-20.0,6.0,6.0,top: Tristana / jng: Naafiri / mid: Lissandra / bot: Caitlyn / sup: Karma,2026-06-05,GAM Esports,top: Gnar / jng: Vi / mid: Ahri / bot: Miss Fortune / sup: Nautilus,1,3.0,-460.0,-989.0,-31.0,-15.20603230698589,True,Lead lost by 25
LOLTMNT02_417341,complete,LCP,Split 2,1,2026-06-05 10:56:08,3,16.1,200,Red,GAM Esports,oe:team:9cae7677cd0dbcc1cd86653870b73c2,2029,1,-775.0,-698.0,-20.0,3.0,3.0,922.0,-328.0,-36.0,5.0,3.0,2625.0,2028.0,-29.0,9.0,4.0,top: Gwen / jng: Xin Zhao / mid: Akali / bot: Lucian / sup: Milio,2026-06-05,MVK Esports,top: K'Sante / jng: Kindred / mid: Annie / bot: Ezreal / sup: Nami,0,2.0,1697.0,370.0,-16.0,15.20603230698589,True,Grew by >500g
LOLTMNT01_397879,complete,LCK,Rounds 1-2,1,2026-06-06 08:12:31,1,16.11,100,Blue,Dplus Kia,oe:team:ef69efa6acebe94107f0cf1ba716806,2063,1,1365.0,1016.0,28.0,2.0,2.0,1696.0,-466.0,41.0,5.0,7.0,2199.0,35.0,46.0,5.0,7.0,top: K'Sante / jng: Jarvan IV / mid: Viktor / bot: Yunara / sup: Milio,2026-06-06,HANJIN BRION,top: Rumble / jng: Naafiri / mid: Orianna / bot: Xayah / sup: Rakan,1,-2.0,331.0,-1482.0,13.0,109.69967539137133,True,Grew by >500g
LOLTMNT01_397898,complete,LCK,Rounds 1-2,1,2026-06-06 09:11:59,2,16.11,100,Blue,Dplus Kia,oe:team:ef69efa6acebe94107f0cf1ba716806,1322,1,6829.0,5515.0,119.0,8.0,2.0,7141.0,6087.0,143.0,8.0,4.0,,,,,,top: Tristana / jng: Lee Sin / mid: Ryze / bot: Ziggs / sup: Camille,2026-06-06,HANJIN BRION,top: Gnar / jng: Pantheon / mid: Anivia / bot: Caitlyn / sup: Bard,1,4.0,312.0,572.0,24.0,109.69967539137133,True,Won before 25
LOLTMNT02_417420,complete,LCP,Split 2,1,2026-06-06 09:13:28,1,16.1,200,Red,Deep Cross Gaming,oe:team:7e56e9367c023df96cc8257ff4e16c0,2012,1,-1318.0,-1130.0,-37.0,6.0,9.0,1721.0,3726.0,-9.0,10.0,9.0,2928.0,2482.0,-2.0,12.0,10.0,top: Rumble / jng: Vi / mid: Taliyah / bot: Ashe / sup: Lulu,2026-06-06,GAM Esports,top: K'Sante / jng: Xin Zhao / mid: Ryze / bot: Miss Fortune / sup: Seraphine,0,1.0,3039.0,4856.0,28.0,16.604426233884624,True,Grew by >500g
13292-13292_game_1,complete,LPL,Split 2,1,2026-06-06 09:16:17,1,16.1,200,Red,Bilibili Gaming,oe:team:d356a144644879dabb5f34cd99c886d,2224,1,-778.0,-276.0,-8.0,2.0,3.0,271.0,1356.0,-7.0,4.0,3.0,209.0,2105.0,-17.0,6.0,3.0,top: Sion / jng: Jarvan IV / mid: Viktor / bot: Caitlyn / sup: Bard,2026-06-06,JD Gaming,top: Shen / jng: Naafiri / mid: Annie / bot: Ezreal / sup: Nautilus,0,1.0,1049.0,1632.0,1.0,94.20153617910091,True,Within 500g
LOLTMNT01_397929,complete,LCK,Rounds 1-2,1,2026-06-06 09:57:23,3,16.11,100,Blue,Dplus Kia,oe:team:ef69efa6acebe94107f0cf1ba716806,1447,1,4047.0,2923.0,63.0,6.0,2.0,7890.0,6389.0,91.0,10.0,3.0,14302.0,14949.0,132.0,16.0,3.0,top: Sion / jng: Wukong / mid: Annie / bot: Mel / sup: Shen,2026-06-06,HANJIN BRION,top: Jayce / jng: Xin Zhao / mid: Taliyah / bot: Ezreal / sup: Neeko,1,7.0,3843.0,3466.0,28.0,109.69967539137133,True,Won before 25
LOLTMNT02_417428,complete,LCP,Split 2,1,2026-06-06 10:06:17,2,16.1,100,Blue,Deep Cross Gaming,oe:team:7e56e9367c023df96cc8257ff4e16c0,1652,1,2414.0,3204.0,51.0,5.0,3.0,8948.0,6882.0,97.0,8.0,3.0,11793.0,11163.0,103.0,14.0,5.0,top: Gnar / jng: Wukong / mid: Akali / bot: Ezreal / sup: Karma,2026-06-06,GAM Esports,top: Sion / jng: Naafiri / mid: Orianna / bot: Lucian / sup: Milio,1,5.0,6534.0,3678.0,46.0,16.604426233884624,True,Grew by >500g
13292-13292_game_2,complete,LPL,Split 2,1,2026-06-06 10:19:38,2,16.1,100,Blue,JD Gaming,oe:team:b42d0f31f2727621b963042276817c4,1948,1,-530.0,-696.0,-5.0,5.0,5.0,3091.0,1448.0,8.0,10.0,6.0,7405.0,5690.0,-4.0,18.0,8.0,top: K'Sante / jng: Vi / mid: Ahri / bot: Sivir / sup: Karma,2026-06-06,Bilibili Gaming,top: Renekton / jng: Xin Zhao / mid: Cassiopeia / bot: Miss Fortune / sup: Rakan,1,4.0,3621.0,2144.0,13.0,-94.20153617910091,True,Grew by >500g
LOLTMNT02_418380,complete,LCP,Split 2,1,2026-06-06 10:54:29,3,16.1,200,Red,GAM Esports,oe:team:9cae7677cd0dbcc1cd86653870b73c2,1611,1,242.0,-536.0,-4.0,3.0,3.0,631.0,-690.0,16.0,6.0,7.0,4398.0,6427.0,9.0,16.0,11.0,top: Yorick / jng: Trundle / mid: Ahri / bot: Jhin / sup: Alistar,2026-06-06,Deep Cross Gaming,top: Jayce / jng: Pantheon / mid: Annie / bot: Kai'Sa / sup: Rell,0,-1.0,389.0,-154.0,20.0,-16.604426233884624,True,Grew by >500g
13292-13292_game_3,complete,LPL,Split 2,1,2026-06-06 11:14:30,3,16.1,200,Red,Bilibili Gaming,oe:team:d356a144644879dabb5f34cd99c886d,2130,1,927.0,597.0,23.0,1.0,0.0,3151.0,3416.0,82.0,1.0,0.0,2542.0,3824.0,76.0,1.0,1.0,top: Vayne / jng: Lee Sin / mid: Ryze / bot: Kog'Maw / sup: Lulu,2026-06-06,JD Gaming,top: Jax / jng: Ambessa / mid: Anivia / bot: Lucian / sup: Milio,0,1.0,2224.0,2819.0,59.0,94.20153617910091,True,Shrank by >500g
LOLTMNT02_417443,complete,LCP,Split 2,1,2026-06-06 11:41:26,4,16.1,200,Red,GAM Esports,oe:team:9cae7677cd0dbcc1cd86653870b73c2,1856,1,994.0,84.0,8.0,7.0,5.0,379.0,-1531.0,12.0,8.0,7.0,2686.0,4592.0,-5.0,13.0,9.0,top: Gwen / jng: Jarvan IV / mid: Aurora / bot: Sivir / sup: Rakan,2026-06-06,Deep Cross Gaming,top: Ambessa / jng: Nocturne / mid: Sylas / bot: Corki / sup: Nautilus,0,1.0,-615.0,-1615.0,4.0,-16.604426233884624,True,Grew by >500g
13292-13292_game_4,complete,LPL,Split 2,1,2026-06-06 12:14:41,4,16.1,100,Blue,Bilibili Gaming,oe:team:d356a144644879dabb5f34cd99c886d,2061,1,499.0,1213.0,45.0,2.0,5.0,3059.0,2982.0,54.0,6.0,7.0,6489.0,6772.0,66.0,10.0,9.0,top: Zaahen / jng: Nidalee / mid: Jayce / bot: Ashe / sup: Skarner,2026-06-06,JD Gaming,top: Olaf / jng: Sejuani / mid: Yone / bot: Jhin / sup: Seraphine,1,-1.0,2560.0,1769.0,9.0,94.20153617910091,True,Grew by >500g
LOLTMNT02_418385,complete,LCP,Split 2,1,2026-06-06 12:33:42,5,16.1,100,Blue,Deep Cross Gaming,oe:team:7e56e9367c023df96cc8257ff4e16c0,1754,1,2136.0,1202.0,25.0,3.0,2.0,2383.0,897.0,9.0,4.0,2.0,4821.0,6103.0,57.0,7.0,5.0,top: Jax / jng: Sejuani / mid: Azir / bot: Varus / sup: Braum,2026-06-06,GAM Esports,top: Aatrox / jng: Maokai / mid: Tristana / bot: Ziggs / sup: Shen,1,2.0,247.0,-305.0,-16.0,16.604426233884624,True,Grew by >500g
LOLTMNT05_196602,complete,LEC,Spring,1,2026-06-06 15:13:17,1,16.1,100,Blue,Karmine Corp,oe:team:f3aa9bbd924ce3af42ac53f8326bc7c,2525,1,-923.0,-614.0,38.0,1.0,4.0,1367.0,1970.0,34.0,5.0,6.0,1314.0,2010.0,21.0,6.0,6.0,top: Rumble / jng: Skarner / mid: Orianna / bot: Ezreal / sup: Neeko,2026-06-06,Movistar KOI,top: Ornn / jng: Pantheon / mid: Akali / bot: Caitlyn / sup: Karma,1,-1.0,2290.0,2584.0,-4.0,0.6049714813163973,True,Within 500g
LOLTMNT05_196604,complete,LEC,Spring,1,2026-06-06 16:15:27,2,16.1,100,Blue,Karmine Corp,oe:team:f3aa9bbd924ce3af42ac53f8326bc7c,2141,1,1874.0,2402.0,13.0,4.0,0.0,829.0,850.0,17.0,6.0,4.0,4422.0,8892.0,22.0,11.0,6.0,top: Jayce / jng: Vi / mid: Cassiopeia / bot: Lucian / sup: Milio,2026-06-06,Movistar KOI,top: Sion / jng: Trundle / mid: Anivia / bot: Ashe / sup: Seraphine,1,2.0,-1045.0,-1552.0,4.0,0.6049714813163973,True,Grew by >500g
LOLTMNT01_398122,complete,CBLOL,Split 1,1,2026-06-06 16:16:10,1,16.11,200,Red,FURIA,oe:team:87e3e1e75839f75a10bbc66e894d806,1678,1,2462.0,2585.0,-33.0,7.0,2.0,5707.0,7010.0,14.0,10.0,2.0,8939.0,10532.0,5.0,12.0,2.0,top: Sion / jng: Pantheon / mid: Ahri / bot: Sivir / sup: Bard,2026-06-06,LØS,top: Yone / jng: Jarvan IV / mid: Ryze / bot: Ezreal / sup: Alistar,0,8.0,3245.0,4425.0,47.0,50.68303041146305,True,Grew by >500g
LOLTMNT01_399052,complete,CBLOL,Split 1,1,2026-06-06 17:01:21,2,16.11,100,Blue,FURIA,oe:team:87e3e1e75839f75a10bbc66e894d806,2410,0,1931.0,204.0,33.0,2.0,1.0,898.0,-376.0,13.0,3.0,3.0,-1399.0,-4293.0,14.0,4.0,8.0,top: K'Sante / jng: Trundle / mid: Galio / bot: Caitlyn / sup: Karma,2026-06-06,LØS,top: Jayce / jng: Rek'Sai / mid: Cassiopeia / bot: Lucian / sup: Milio,1,0.0,-1033.0,-580.0,-20.0,50.68303041146305,True,Lead lost by 25
LOLTMNT05_195649,complete,LEC,Spring,1,2026-06-06 17:10:38,3,16.1,100,Blue,Karmine Corp,oe:team:f3aa9bbd924ce3af42ac53f8326bc7c,2223,1,258.0,-1673.0,-37.0,4.0,5.0,2966.0,328.0,-8.0,7.0,6.0,5136.0,4486.0,14.0,10.0,7.0,top: Kennen / jng: Xin Zhao / mid: Twisted Fate / bot: Yunara / sup: Lulu,2026-06-06,Movistar KOI,top: Annie / jng: Wukong / mid: Yasuo / bot: Corki / sup: Nami,1,1.0,2708.0,2001.0,29.0,0.6049714813163973,True,Grew by >500g
LOLTMNT01_398143,complete,CBLOL,Split 1,1,2026-06-06 17:58:51,3,16.11,200,Red,FURIA,oe:team:87e3e1e75839f75a10bbc66e894d806,1815,1,403.0,-618.0,13.0,2.0,2.0,3375.0,3304.0,18.0,7.0,2.0,7617.0,10397.0,61.0,12.0,3.0,top: Ornn / jng: Olaf / mid: Annie / bot: Xayah / sup: Rakan,2026-06-06,LØS,top: Rumble / jng: Skarner / mid: Orianna / bot: Varus / sup: Rell,0,5.0,2972.0,3922.0,5.0,50.68303041146305,True,Grew by >500g
LOLTMNT01_398154,complete,CBLOL,Split 1,1,2026-06-06 18:50:05,4,16.11,200,Red,LØS,oe:team:ea65e6cc48a9be50fc5334369a5fca5,2223,0,1899.0,1597.0,76.0,6.0,3.0,2181.0,1320.0,67.0,7.0,3.0,3864.0,3357.0,48.0,9.0,3.0,top: Kennen / jng: Xin Zhao / mid: Mel / bot: Senna / sup: Nautilus,2026-06-06,FURIA,top: Renekton / jng: Nasus / mid: Twisted Fate / bot: Ashe / sup: Renata Glasc,0,4.0,282.0,-277.0,-9.0,-50.68303041146305,True,Grew by >500g
LOLTMNT01_398189,complete,LCS,Spring,1,2026-06-06 20:09:49,1,16.11,200,Red,Team Liquid,oe:team:8eb884e168f28402ce685bedebb5250,2474,1,-866.0,-268.0,-23.0,1.0,1.0,913.0,3030.0,9.0,5.0,2.0,2844.0,2572.0,9.0,10.0,5.0,top: Sion / jng: Jarvan IV / mid: Orianna / bot: Xayah / sup: Rakan,2026-06-06,FlyQuest,top: Jayce / jng: Nocturne / mid: Cassiopeia / bot: Ezreal / sup: Neeko,0,3.0,1779.0,3298.0,32.0,7.325673379285718,True,Grew by >500g
LOLTMNT01_399107,complete,LCS,Spring,1,2026-06-06 21:09:46,2,16.11,200,Red,FlyQuest,oe:team:2e66da41dc460dd378e3bcc57042d31,1562,1,4516.0,4226.0,56.0,6.0,2.0,8169.0,6887.0,74.0,10.0,3.0,12040.0,12348.0,69.0,13.0,3.0,top: Gnar / jng: Shyvana / mid: Ryze / bot: Senna / sup: Nautilus,2026-06-06,Team Liquid,top: Sylas / jng: Vi / mid: Ahri / bot: Jhin / sup: Rell,0,7.0,3653.0,2661.0,18.0,-7.325673379285718,True,Grew by >500g
LOLTMNT01_398205,complete,LCS,Spring,1,2026-06-06 21:55:59,3,16.11,100,Blue,FlyQuest,oe:team:2e66da41dc460dd378e3bcc57042d31,1690,0,-86.0,368.0,0.0,1.0,0.0,250.0,1698.0,6.0,4.0,2.0,-3421.0,-3575.0,-8.0,6.0,7.0,top: Vayne / jng: Rumble / mid: Annie / bot: Sivir / sup: Karma,2026-06-06,Team Liquid,top: K'Sante / jng: Wukong / mid: Akali / bot: Caitlyn / sup: Bard,1,2.0,336.0,1330.0,6.0,-7.325673379285718,True,Lead lost by 25
LOLTMNT01_398213,complete,LCS,Spring,1,2026-06-06 22:42:06,4,16.11,100,Blue,Team Liquid,oe:team:8eb884e168f28402ce685bedebb5250,1983,1,-106.0,-607.0,-20.0,2.0,2.0,2239.0,1466.0,1.0,3.0,2.0,-240.0,-4715.0,-44.0,5.0,4.0,top: Ornn / jng: Naafiri / mid: Viktor / bot: Lucian / sup: Milio,2026-06-06,FlyQuest,top: Renekton / jng: Xin Zhao / mid: Twisted Fate / bot: Kog'Maw / sup: Lulu,1,1.0,2345.0,2073.0,21.0,7.325673379285718,True,Lead lost by 25
LOLTMNT01_399193,complete,LCK,Rounds 1-2,1,2026-06-07 08:09:33,1,16.11,200,Red,Dplus Kia,oe:team:ef69efa6acebe94107f0cf1ba716806,1423,1,2936.0,2026.0,44.0,2.0,1.0,9434.0,7515.0,89.0,11.0,3.0,,,,,,top: Ornn / jng: Wukong / mid: Orianna / bot: Ashe / sup: Seraphine,2026-06-07,KT Rolster,top: Rumble / jng: Xin Zhao / mid: Viktor / bot: Jhin / sup: Nautilus,0,8.0,6498.0,5489.0,45.0,35.82089448740953,True,Won before 25
LOLTMNT01_399200,complete,LCK,Rounds 1-2,1,2026-06-07 08:58:06,2,16.11,200,Red,Dplus Kia,oe:team:ef69efa6acebe94107f0cf1ba716806,2070,1,4123.0,2120.0,30.0,7.0,1.0,11314.0,9714.0,102.0,16.0,3.0,6901.0,5530.0,87.0,17.0,7.0,top: Jayce / jng: Jarvan IV / mid: Ryze / bot: Mel / sup: Shen,2026-06-07,KT Rolster,top: K'Sante / jng: Vi / mid: Taliyah / bot: Caitlyn / sup: Alistar,0,13.0,7191.0,7594.0,72.0,35.82089448740953,True,Shrank by >500g
LOLTMNT02_417498,complete,LCP,Split 2,1,2026-06-07 09:13:28,1,16.1,100,Blue,Team Secret Whales,oe:team:740de582f50775c516c77ed7b923fd5,2092,1,1631.0,1855.0,25.0,3.0,1.0,2812.0,1185.0,45.0,4.0,2.0,4724.0,3698.0,25.0,11.0,5.0,top: Gwen / jng: Vi / mid: Ahri / bot: Ezreal / sup: Skarner,2026-06-07,Deep Cross Gaming,top: Sion / jng: Trundle / mid: Ryze / bot: Caitlyn / sup: Bard,1,2.0,1181.0,-670.0,20.0,99.40814643684098,True,Grew by >500g
13293-13293_game_1,complete,LPL,Split 2,1,2026-06-07 09:15:35,1,16.1,100,Blue,Top Esports,oe:team:fcec508e780bbd1ad493852640f5b36,2013,1,1634.0,3869.0,100.0,4.0,5.0,2669.0,4304.0,85.0,7.0,7.0,3463.0,6702.0,94.0,13.0,13.0,top: Rumble / jng: Lee Sin / mid: Cassiopeia / bot: Ezreal / sup: Nautilus,2026-06-07,Team WE,top: Galio / jng: Trundle / mid: Ryze / bot: Varus / sup: Karma,1,0.0,1035.0,435.0,-15.0,90.09245838166976,True,Grew by >500g
LOLTMNT01_398297,complete,LCK,Rounds 1-2,1,2026-06-07 09:56:03,3,16.11,200,Red,KT Rolster,oe:team:d723992568441c6bafa2658129eade7,2348,1,472.0,-793.0,-33.0,4.0,2.0,1305.0,351.0,-38.0,6.0,2.0,1565.0,1122.0,-51.0,7.0,2.0,top: Renekton / jng: Nocturne / mid: Zoe / bot: Yunara / sup: Lulu,2026-06-07,Dplus Kia,top: Gnar / jng: Skarner / mid: LeBlanc / bot: Lucian / sup: Milio,0,4.0,833.0,1144.0,-5.0,-35.82089448740953,True,Within 500g
LOLTMNT02_417503,complete,LCP,Split 2,1,2026-06-07 10:10:27,2,16.1,200,Red,Deep Cross Gaming,oe:team:7e56e9367c023df96cc8257ff4e16c0,1592,1,5573.0,2599.0,41.0,14.0,6.0,6026.0,3632.0,52.0,14.0,6.0,11644.0,9557.0,53.0,22.0,6.0,top: K'Sante / jng: Lee Sin / mid: Cassiopeia / bot: Corki / sup: Nautilus,2026-06-07,Team Secret Whales,top: Rumble / jng: Jarvan IV / mid: Anivia / bot: Yunara / sup: Braum,0,8.0,453.0,1033.0,11.0,-99.40814643684098,True,Grew by >500g
13293-13293_game_2,complete,LPL,Split 2,1,2026-06-07 10:11:53,2,16.1,100,Blue,Top Esports,oe:team:fcec508e780bbd1ad493852640f5b36,1789,1,3711.0,4573.0,64.0,5.0,0.0,4587.0,6519.0,86.0,7.0,1.0,8089.0,14318.0,127.0,10.0,1.0,top: Sion / jng: Vi / mid: Viktor / bot: Yunara / sup: Lulu,2026-06-07,Team WE,top: Aatrox / jng: Olaf / mid: Annie / bot: Corki / sup: Nami,1,6.0,876.0,1946.0,22.0,90.09245838166976,True,Grew by >500g
LOLTMNT02_417505,complete,LCP,Split 2,1,2026-06-07 10:57:51,3,16.1,200,Red,Team Secret Whales,oe:team:740de582f50775c516c77ed7b923fd5,1817,1,2627.0,3328.0,59.0,11.0,3.0,2066.0,3003.0,57.0,12.0,4.0,10873.0,14488.0,84.0,26.0,6.0,top: Malphite / jng: Xin Zhao / mid: Orianna / bot: Jhin / sup: Karma,2026-06-07,Deep Cross Gaming,top: Gnar / jng: Wukong / mid: Viktor / bot: Zeri / sup: Rakan,0,8.0,-561.0,-325.0,-2.0,99.40814643684098,True,Grew by >500g
LOLTMNT01_398312,complete,LCK,Rounds 1-2,1,2026-06-07 10:58:16,4,16.11,200,Red,Dplus Kia,oe:team:ef69efa6acebe94107f0cf1ba716806,2753,0,2036.0,1912.0,10.0,4.0,2.0,2429.0,703.0,-10.0,6.0,4.0,6207.0,3703.0,22.0,9.0,4.0,top: Jax / jng: Pantheon / mid: Aurora / bot: Miss Fortune / sup: Bard,2026-06-07,KT Rolster,top: Sion / jng: Naafiri / mid: Ahri / bot: Sivir / sup: Karma,0,2.0,393.0,-1209.0,-20.0,35.82089448740953,True,Grew by >500g
13293-13293_game_3,complete,LPL,Split 2,1,2026-06-07 11:05:11,3,16.1,100,Blue,Top Esports,oe:team:fcec508e780bbd1ad493852640f5b36,1769,1,5208.0,2933.0,62.0,7.0,2.0,7565.0,3673.0,86.0,7.0,2.0,11384.0,11390.0,108.0,11.0,3.0,top: Jayce / jng: Wukong / mid: Twisted Fate / bot: Ashe / sup: Seraphine,2026-06-07,Team WE,top: Yorick / jng: Xin Zhao / mid: Aurora / bot: Lucian / sup: Milio,1,5.0,2357.0,740.0,24.0,90.09245838166976,True,Grew by >500g
LOLTMNT02_417511,complete,LCP,Split 2,1,2026-06-07 11:47:24,4,16.1,100,Blue,Team Secret Whales,oe:team:740de582f50775c516c77ed7b923fd5,1886,1,4343.0,991.0,10.0,13.0,5.0,6007.0,2628.0,4.0,17.0,6.0,4234.0,3202.0,-40.0,20.0,9.0,top: Olaf / jng: Sejuani / mid: Sylas / bot: Senna / sup: Seraphine,2026-06-07,Deep Cross Gaming,top: Jax / jng: Kha'Zix / mid: Annie / bot: Ashe / sup: Lulu,1,11.0,1664.0,1637.0,-6.0,99.40814643684098,True,Shrank by >500g
LOLTMNT01_399251,complete,LCK,Rounds 1-2,1,2026-06-07 12:08:41,5,16.11,100,Blue,KT Rolster,oe:team:d723992568441c6bafa2658129eade7,1982,1,-357.0,-1166.0,-39.0,6.0,4.0,610.0,-512.0,-36.0,7.0,4.0,563.0,257.0,-37.0,8.0,4.0,top: Zaahen / jng: Poppy / mid: Azir / bot: Corki / sup: Blitzcrank,2026-06-07,Dplus Kia,top: Ambessa / jng: Maokai / mid: Yone / bot: Xayah / sup: Rakan,1,3.0,967.0,654.0,3.0,-35.82089448740953,True,Within 500g
LOLTMNT05_195683,complete,LEC,Spring,1,2026-06-07 15:35:12,1,16.1,200,Red,Karmine Corp,oe:team:f3aa9bbd924ce3af42ac53f8326bc7c,1941,1,1936.0,422.0,6.0,2.0,0.0,1604.0,-2304.0,-5.0,3.0,3.0,2111.0,-646.0,-30.0,5.0,5.0,top: Rumble / jng: Trundle / mid: Cassiopeia / bot: Ashe / sup: Seraphine,2026-06-07,G2 Esports,top: Galio / jng: Naafiri / mid: Ryze / bot: Caitlyn / sup: Bard,0,0.0,-332.0,-2726.0,-11.0,-14.729874659971983,True,Grew by >500g
LOLTMNT05_196635,complete,LEC,Spring,1,2026-06-07 16:26:14,2,16.1,200,Red,G2 Esports,oe:team:7d6673d3a9d00363c6bebc1a630da6e,1368,1,5754.0,5845.0,66.0,7.0,2.0,8250.0,8329.0,72.0,9.0,2.0,,,,,,top: Gnar / jng: Xin Zhao / mid: Ahri / bot: Yunara / sup: Lulu,2026-06-07,Karmine Corp,top: Renekton / jng: Jarvan IV / mid: Taliyah / bot: Corki / sup: Nami,0,7.0,2496.0,2484.0,6.0,14.729874659971983,True,Won before 25
LOLTMNT05_196637,complete,LEC,Spring,1,2026-06-07 17:09:58,3,16.1,200,Red,Karmine Corp,oe:team:f3aa9bbd924ce3af42ac53f8326bc7c,2133,1,207.0,-154.0,2.0,1.0,1.0,1693.0,1778.0,43.0,4.0,2.0,1556.0,-715.0,17.0,5.0,3.0,top: Zaahen / jng: Vi / mid: Viktor / bot: Zeri / sup: Rakan,2026-06-07,G2 Esports,top: K'Sante / jng: Nocturne / mid: Aurora / bot: Xayah / sup: Neeko,0,2.0,1486.0,1932.0,41.0,-14.729874659971983,True,Within 500g
LOLTMNT05_195687,complete,LEC,Spring,1,2026-06-07 18:07:19,4,16.1,200,Red,G2 Esports,oe:team:7d6673d3a9d00363c6bebc1a630da6e,1788,1,1434.0,2966.0,15.0,7.0,6.0,3960.0,7101.0,30.0,12.0,8.0,7681.0,11589.0,11.0,20.0,11.0,top: Sion / jng: Pantheon / mid: Annie / bot: Sivir / sup: Rell,2026-06-07,Karmine Corp,top: Jayce / jng: Skarner / mid: Azir / bot: Jhin / sup: Nautilus,0,4.0,2526.0,4135.0,15.0,14.729874659971983,True,Grew by >500g
LOLTMNT05_196638,complete,LEC,Spring,1,2026-06-07 18:59:23,5,16.1,100,Blue,G2 Esports,oe:team:7d6673d3a9d00363c6bebc1a630da6e,1578,1,-2454.0,-2115.0,-65.0,3.0,3.0,1175.0,3356.0,-66.0,8.0,3.0,4615.0,8651.0,-57.0,14.0,6.0,top: Kled / jng: Nasus / mid: Anivia / bot: Senna / sup: Alistar,2026-06-07,Karmine Corp,top: Nidalee / jng: Aatrox / mid: Akali / bot: Varus / sup: Poppy,1,5.0,3629.0,5471.0,-1.0,14.729874659971983,True,Grew by >500g
LOLTMNT01_399373,complete,LCS,Spring,1,2026-06-07 20:10:55,1,16.11,200,Red,Cloud9,oe:team:fc8e90107dabb9a35c490b0d86adea0,2583,0,-1798.0,-2473.0,-20.0,1.0,3.0,530.0,-248.0,13.0,3.0,4.0,626.0,-54.0,15.0,5.0,5.0,top: Sion / jng: Nocturne / mid: Ziggs / bot: Senna / sup: Nautilus,2026-06-07,LYON,top: Renekton / jng: Wukong / mid: Ryze / bot: Lucian / sup: Milio,0,-1.0,2328.0,2225.0,33.0,22.471932611407965,True,Within 500g
LOLTMNT01_399392,complete,LCS,Spring,1,2026-06-07 21:13:09,2,16.11,100,Blue,LYON,oe:team:da1143bf9a245b78a8dc86417de85b3,2123,1,968.0,913.0,-37.0,5.0,3.0,3259.0,3474.0,-18.0,7.0,4.0,6183.0,7955.0,27.0,10.0,4.0,top: Rumble / jng: Naafiri / mid: Viktor / bot: Varus / sup: Bard,2026-06-07,Cloud9,top: Aurora / jng: Jarvan IV / mid: Annie / bot: Jhin / sup: Karma,1,3.0,2291.0,2561.0,19.0,-22.471932611407965,True,Grew by >500g
LOLTMNT01_399397,complete,LCS,Spring,1,2026-06-07 22:08:31,3,16.11,100,Blue,LYON,oe:team:da1143bf9a245b78a8dc86417de85b3,1795,1,1600.0,-333.0,-11.0,2.0,2.0,4818.0,2707.0,14.0,6.0,3.0,7049.0,3944.0,15.0,13.0,8.0,top: Sejuani / jng: Jayce / mid: Orianna / bot: Miss Fortune / sup: Rell,2026-06-07,Cloud9,top: Malphite / jng: Xin Zhao / mid: Cassiopeia / bot: Ezreal / sup: Rakan,1,3.0,3218.0,3040.0,25.0,-22.471932611407965,True,Grew by >500g
13294-13294_game_1,complete,LPL,Split 2,1,2026-06-08 09:25:23,1,16.1,200,Red,Bilibili Gaming,oe:team:d356a144644879dabb5f34cd99c886d,2468,1,147.0,236.0,7.0,0.0,2.0,3832.0,3315.0,35.0,5.0,3.0,4426.0,2104.0,48.0,5.0,3.0,top: Sion / jng: Wukong / mid: Ahri / bot: Caitlyn / sup: Seraphine,2026-06-08,Anyone's Legend,top: Shen / jng: Pantheon / mid: Cassiopeia / bot: Ashe / sup: Lulu,0,2.0,3685.0,3079.0,28.0,93.98723463076317,True,Grew by >500g
13294-13294_game_2,complete,LPL,Split 2,1,2026-06-08 10:30:28,2,16.1,200,Red,Anyone's Legend,oe:team:ed28f87f0cfdba0a2a8f183cebae73a,1972,0,374.0,-1020.0,-31.0,6.0,2.0,1385.0,-589.0,-29.0,10.0,2.0,-1901.0,-6469.0,-47.0,11.0,6.0,top: K'Sante / jng: Naafiri / mid: Aurora / bot: Lucian / sup: Milio,2026-06-08,Bilibili Gaming,top: Jayce / jng: Lee Sin / mid: Ryze / bot: Senna / sup: Alistar,0,8.0,1011.0,431.0,2.0,-93.98723463076317,True,Lead lost by 25
13294-13294_game_3,complete,LPL,Split 2,1,2026-06-08 11:29:50,3,16.1,100,Blue,Bilibili Gaming,oe:team:d356a144644879dabb5f34cd99c886d,1785,1,4135.0,2396.0,67.0,11.0,6.0,6453.0,3869.0,83.0,13.0,6.0,7422.0,4635.0,91.0,16.0,7.0,top: Renekton / jng: Jarvan IV / mid: Mel / bot: Sivir / sup: Karma,2026-06-08,Anyone's Legend,top: Rek'Sai / jng: Nidalee / mid: Twisted Fate / bot: Ezreal / sup: Bard,1,7.0,2318.0,1473.0,16.0,93.98723463076317,True,Grew by >500g
LOLTMNT01_405344,complete,LCK,Rounds 1-2,1,2026-06-12 08:25:00,1,16.11,100,Blue,Hanwha Life Esports,oe:team:3a1d18f46bcb3716ebcfcf4ef068934,2274,1,1622.0,590.0,20.0,4.0,3.0,4167.0,1550.0,38.0,6.0,4.0,6277.0,5547.0,23.0,8.0,4.0,top: Jayce / jng: Trundle / mid: Ryze / bot: Ziggs / sup: Camille,2026-06-12,T1,top: Sion / jng: Jarvan IV / mid: Anivia / bot: Ezreal / sup: Karma,1,2.0,2545.0,960.0,18.0,-44.2904967369559,True,Grew by >500g
LOLTMNT01_404412,complete,LCK,Rounds 1-2,1,2026-06-12 09:28:28,2,16.11,200,Red,Hanwha Life Esports,oe:team:3a1d18f46bcb3716ebcfcf4ef068934,2069,0,1568.0,946.0,-5.0,5.0,2.0,1146.0,828.0,-29.0,7.0,4.0,3309.0,3531.0,0.0,9.0,4.0,top: Rek'Sai / jng: Vi / mid: Ahri / bot: Xayah / sup: Renata Glasc,2026-06-12,T1,top: Ambessa / jng: Nocturne / mid: Lissandra / bot: Sivir / sup: Rakan,0,3.0,-422.0,-118.0,-24.0,-44.2904967369559,True,Grew by >500g
LOLTMNT01_405363,complete,LCK,Rounds 1-2,1,2026-06-12 10:26:31,3,16.11,200,Red,Hanwha Life Esports,oe:team:3a1d18f46bcb3716ebcfcf4ef068934,1909,1,2429.0,1021.0,17.0,3.0,0.0,2053.0,823.0,1.0,3.0,0.0,501.0,1574.0,-5.0,8.0,6.0,top: Shen / jng: Lee Sin / mid: Cassiopeia / bot: Kog'Maw / sup: Lulu,2026-06-12,T1,top: Renekton / jng: Naafiri / mid: Galio / bot: Lucian / sup: Milio,0,3.0,-376.0,-198.0,-16.0,-44.2904967369559,True,Shrank by >500g
LOLTMNT01_405366,complete,LCK,Rounds 1-2,1,2026-06-12 11:22:17,4,16.11,100,Blue,Hanwha Life Esports,oe:team:3a1d18f46bcb3716ebcfcf4ef068934,1937,1,887.0,462.0,23.0,5.0,5.0,5446.0,3914.0,46.0,9.0,5.0,6732.0,5529.0,37.0,11.0,6.0,top: K'Sante / jng: Maokai / mid: Yone / bot: Senna / sup: Blitzcrank,2026-06-12,T1,top: Rumble / jng: Poppy / mid: Azir / bot: Aphelios / sup: Thresh,1,4.0,4559.0,3452.0,23.0,-44.2904967369559,True,Grew by >500g
LOLTMNT01_404540,complete,LCK,Rounds 1-2,1,2026-06-13 06:22:36,1,16.11,200,Red,KT Rolster,oe:team:d723992568441c6bafa2658129eade7,2299,0,1870.0,2011.0,45.0,3.0,3.0,6933.0,5057.0,31.0,10.0,4.0,5876.0,5451.0,-9.0,14.0,6.0,top: Jayce / jng: Lee Sin / mid: Ryze / bot: Ziggs / sup: Camille,2026-06-13,Gen.G,top: Sion / jng: Xin Zhao / mid: Mel / bot: Ezreal / sup: Karma,0,6.0,5063.0,3046.0,-14.0,-135.8886758854867,True,Shrank by >500g
LOLTMNT01_405501,complete,LCK,Rounds 1-2,1,2026-06-13 07:26:26,2,16.11,200,Red,Gen.G,oe:team:50f58982d91a36557ec8aec52ab014f,2163,1,-697.0,-1559.0,3.0,2.0,4.0,839.0,1050.0,24.0,5.0,5.0,2611.0,3060.0,60.0,9.0,8.0,top: Ambessa / jng: Wukong / mid: Annie / bot: Senna / sup: Nautilus,2026-06-13,KT Rolster,top: Rumble / jng: Vi / mid: Taliyah / bot: Jhin / sup: Rell,0,0.0,1536.0,2609.0,21.0,135.8886758854867,True,Grew by >500g
LOLTMNT01_404562,complete,LCK,Rounds 1-2,1,2026-06-13 08:24:58,3,16.11,100,Blue,Gen.G,oe:team:50f58982d91a36557ec8aec52ab014f,2737,1,-367.0,-917.0,-37.0,0.0,0.0,677.0,2648.0,22.0,2.0,1.0,1456.0,1478.0,57.0,4.0,4.0,top: Gnar / jng: Naafiri / mid: Lissandra / bot: Xayah / sup: Rakan,2026-06-13,KT Rolster,top: Renekton / jng: Jarvan IV / mid: Viktor / bot: Yunara / sup: Lulu,1,1.0,1044.0,3565.0,59.0,135.8886758854867,True,Grew by >500g
13295-13295_game_1,complete,LPL,Split 2,1,2026-06-13 08:30:26,1,16.1,200,Red,Bilibili Gaming,oe:team:d356a144644879dabb5f34cd99c886d,1608,1,2152.0,584.0,27.0,4.0,1.0,5194.0,3076.0,52.0,9.0,3.0,12414.0,10142.0,68.0,18.0,4.0,top: Sion / jng: Lee Sin / mid: Ahri / bot: Ashe / sup: Seraphine,2026-06-13,Team WE,top: Shen / jng: Jarvan IV / mid: Ryze / bot: Jhin / sup: Karma,0,6.0,3042.0,2492.0,25.0,196.47749698895245,True,Grew by >500g
13295-13295_game_2,complete,LPL,Split 2,1,2026-06-13 09:24:14,2,16.1,200,Red,Team WE,oe:team:62c1cd9465dc63824593ee5046f5aa8,1951,1,-618.0,-1679.0,-9.0,4.0,4.0,732.0,-1172.0,-6.0,5.0,4.0,2272.0,1334.0,-22.0,10.0,4.0,top: K'Sante / jng: Pantheon / mid: Orianna / bot: Ezreal / sup: Neeko,2026-06-13,Bilibili Gaming,top: Jayce / jng: Xin Zhao / mid: Annie / bot: Sivir / sup: Bard,0,1.0,1350.0,507.0,3.0,-196.47749698895245,True,Grew by >500g
13295-13295_game_3,complete,LPL,Split 2,1,2026-06-13 10:21:41,3,16.1,100,Blue,Bilibili Gaming,oe:team:d356a144644879dabb5f34cd99c886d,1932,0,-51.0,394.0,10.0,2.0,1.0,260.0,134.0,11.0,3.0,2.0,40.0,-2635.0,-4.0,6.0,3.0,top: Rumble / jng: Wukong / mid: Aurora / bot: Yunara / sup: Rakan,2026-06-13,Team WE,top: Ornn / jng: Trundle / mid: Viktor / bot: Jinx / sup: Lulu,1,1.0,311.0,-260.0,1.0,196.47749698895245,True,Within 500g
13295-13295_game_4,complete,LPL,Split 2,1,2026-06-13 11:20:51,4,16.1,100,Blue,Bilibili Gaming,oe:team:d356a144644879dabb5f34cd99c886d,2180,1,-871.0,1261.0,30.0,3.0,4.0,1194.0,3146.0,42.0,6.0,6.0,198.0,143.0,44.0,12.0,9.0,top: Zaahen / jng: Naafiri / mid: Mel / bot: Caitlyn / sup: Elise,2026-06-13,Team WE,top: Renekton / jng: Poppy / mid: Twisted Fate / bot: Aphelios / sup: Nautilus,1,0.0,2065.0,1885.0,12.0,196.47749698895245,True,Shrank by >500g
13295-13295_game_5,complete,LPL,Split 2,1,2026-06-13 12:26:09,5,16.1,100,Blue,Bilibili Gaming,oe:team:d356a144644879dabb5f34cd99c886d,2018,1,851.0,-420.0,6.0,1.0,0.0,6543.0,3631.0,13.0,10.0,2.0,8466.0,8994.0,15.0,16.0,4.0,top: Jax / jng: Maokai / mid: Akali / bot: Corki / sup: Nami,2026-06-13,Team WE,top: Udyr / jng: Vi / mid: Ambessa / bot: Zeri / sup: Yuumi,1,8.0,5692.0,4051.0,7.0,196.47749698895245,True,Grew by >500g
LOLTMNT01_405648,complete,LCS,Spring,1,2026-06-13 20:14:55,1,16.11,100,Blue,Team Liquid,oe:team:8eb884e168f28402ce685bedebb5250,1925,1,2363.0,1688.0,7.0,5.0,0.0,1224.0,179.0,15.0,5.0,2.0,7362.0,7259.0,49.0,10.0,2.0,top: Zaahen / jng: Lee Sin / mid: Ryze / bot: Xayah / sup: Rakan,2026-06-13,Cloud9,top: Sion / jng: Nocturne / mid: Anivia / bot: Ashe / sup: Seraphine,1,3.0,-1139.0,-1509.0,8.0,-15.161730150347012,True,Grew by >500g
LOLTMNT01_405652,complete,LCS,Spring,1,2026-06-13 21:09:46,2,16.11,100,Blue,Team Liquid,oe:team:8eb884e168f28402ce685bedebb5250,1460,1,3361.0,4346.0,-10.0,8.0,1.0,9984.0,11441.0,35.0,17.0,2.0,14294.0,17677.0,68.0,24.0,4.0,top: Ornn / jng: Trundle / mid: Yone / bot: Caitlyn / sup: Bard,2026-06-13,Cloud9,top: Rumble / jng: Jarvan IV / mid: Ziggs / bot: Jhin / sup: Nautilus,1,15.0,6623.0,7095.0,45.0,-15.161730150347012,True,Won before 25
LOLTMNT01_405654,complete,LCS,Spring,1,2026-06-13 21:59:47,3,16.11,100,Blue,Team Liquid,oe:team:8eb884e168f28402ce685bedebb5250,1740,1,-11.0,693.0,-15.0,2.0,1.0,712.0,1435.0,2.0,2.0,1.0,1399.0,2065.0,25.0,3.0,1.0,top: Shen / jng: Naafiri / mid: Viktor / bot: Ezreal / sup: Neeko,2026-06-13,Cloud9,top: Ambessa / jng: Sejuani / mid: Twisted Fate / bot: Yunara / sup: Lulu,1,1.0,723.0,742.0,17.0,-15.161730150347012,True,Grew by >500g
LOLTMNT01_404715,complete,LCK,Rounds 1-2,1,2026-06-14 06:27:21,1,16.11,200,Red,Gen.G,oe:team:50f58982d91a36557ec8aec52ab014f,1875,1,2164.0,1901.0,12.0,8.0,5.0,4243.0,6291.0,30.0,12.0,5.0,7885.0,7825.0,36.0,22.0,8.0,top: Ambessa / jng: Lee Sin / mid: Galio / bot: Jhin / sup: Camille,2026-06-14,T1,top: Vayne / jng: Trundle / mid: Cassiopeia / bot: Ziggs / sup: Shen,0,7.0,2079.0,4390.0,18.0,66.7176806132893,True,Grew by >500g
LOLTMNT01_405668,complete,LCK,Rounds 1-2,1,2026-06-14 07:24:01,2,16.11,100,Blue,T1,oe:team:ce499dea30cfce118f4fe85da0227e8,2352,1,760.0,1163.0,-11.0,1.0,0.0,925.0,1629.0,-14.0,6.0,5.0,774.0,409.0,-19.0,6.0,5.0,top: Rumble / jng: Vi / mid: Akali / bot: Kalista / sup: Renata Glasc,2026-06-14,Gen.G,top: Yorick / jng: Maokai / mid: Anivia / bot: Xayah / sup: Rakan,1,1.0,165.0,466.0,-3.0,-66.7176806132893,True,Within 500g
13296-13296_game_1,complete,LPL,Split 2,1,2026-06-14 08:19:52,1,16.1,200,Red,Bilibili Gaming,oe:team:d356a144644879dabb5f34cd99c886d,1501,1,4413.0,3158.0,49.0,11.0,6.0,9319.0,9766.0,50.0,21.0,7.0,10715.0,12795.0,51.0,28.0,13.0,top: Yorick / jng: Jarvan IV / mid: Cassiopeia / bot: Varus / sup: Camille,2026-06-14,Top Esports,top: Rumble / jng: Vi / mid: Ryze / bot: Sivir / sup: Alistar,0,14.0,4906.0,6608.0,1.0,46.00124545628705,True,Grew by >500g
LOLTMNT01_405675,complete,LCK,Rounds 1-2,1,2026-06-14 08:27:04,3,16.11,200,Red,Gen.G,oe:team:50f58982d91a36557ec8aec52ab014f,2696,0,633.0,524.0,35.0,2.0,3.0,614.0,-223.0,24.0,2.0,3.0,1881.0,1409.0,49.0,6.0,6.0,top: Zaahen / jng: Jayce / mid: Annie / bot: Mel / sup: Poppy,2026-06-14,T1,top: Olaf / jng: Wukong / mid: Sion / bot: Senna / sup: Alistar,0,-1.0,-19.0,-747.0,-11.0,66.7176806132893,True,Grew by >500g
13296-13296_game_2,complete,LPL,Split 2,1,2026-06-14 09:14:27,2,16.1,100,Blue,Bilibili Gaming,oe:team:d356a144644879dabb5f34cd99c886d,2418,1,-452.0,-124.0,-4.0,6.0,6.0,3983.0,4139.0,4.0,11.0,6.0,5910.0,5791.0,25.0,15.0,8.0,top: K'Sante / jng: Lee Sin / mid: Annie / bot: Ziggs / sup: Shen,2026-06-14,Top Esports,top: Jayce / jng: Trundle / mid: Aurora / bot: Jhin / sup: Nautilus,1,5.0,4435.0,4263.0,8.0,46.00124545628705,True,Grew by >500g
LOLTMNT01_405694,complete,LCK,Rounds 1-2,1,2026-06-14 09:36:12,4,16.11,100,Blue,T1,oe:team:ce499dea30cfce118f4fe85da0227e8,1963,0,270.0,-1406.0,0.0,3.0,3.0,274.0,-923.0,18.0,9.0,9.0,-928.0,-4835.0,35.0,11.0,12.0,top: Gnar / jng: Nocturne / mid: Lissandra / bot: Yunara / sup: Lulu,2026-06-14,Gen.G,top: Gangplank / jng: Xin Zhao / mid: Ahri / bot: Ezreal / sup: Karma,1,0.0,4.0,483.0,18.0,-66.7176806132893,True,Lead lost by 25
13296-13296_game_3,complete,LPL,Split 2,1,2026-06-14 10:20:00,3,16.1,100,Blue,Bilibili Gaming,oe:team:d356a144644879dabb5f34cd99c886d,1722,1,-529.0,299.0,-27.0,5.0,7.0,109.0,954.0,-9.0,5.0,8.0,4032.0,5464.0,18.0,11.0,10.0,top: Sion / jng: Pantheon / mid: Viktor / bot: Senna / sup: Seraphine,2026-06-14,Top Esports,top: Olaf / jng: Wukong / mid: Hwei / bot: Ashe / sup: Lulu,1,-3.0,638.0,655.0,18.0,46.00124545628705,True,Grew by >500g
LOLTMNT01_404739,complete,LCK,Rounds 1-2,1,2026-06-14 10:35:36,5,16.11,100,Blue,Gen.G,oe:team:50f58982d91a36557ec8aec52ab014f,1704,0,1650.0,1564.0,22.0,2.0,1.0,3435.0,4500.0,37.0,6.0,4.0,1805.0,-713.0,17.0,9.0,9.0,top: Renekton / jng: Nidalee / mid: Twisted Fate / bot: Miss Fortune / sup: Rell,2026-06-14,T1,top: Gragas / jng: Naafiri / mid: Ryze / bot: Sivir / sup: Neeko,1,2.0,1785.0,2936.0,15.0,66.7176806132893,True,Shrank by >500g
LOLTMNT01_405807,complete,LCS,Spring,1,2026-06-14 20:16:15,1,16.11,100,Blue,Team Liquid,oe:team:8eb884e168f28402ce685bedebb5250,2510,0,3099.0,1001.0,21.0,2.0,0.0,3055.0,-472.0,-27.0,3.0,1.0,2936.0,2769.0,-29.0,4.0,1.0,top: Sion / jng: Trundle / mid: Orianna / bot: Varus / sup: Neeko,2026-06-14,LYON,top: Shen / jng: Xin Zhao / mid: Akali / bot: Ezreal / sup: Alistar,1,2.0,-44.0,-1473.0,-48.0,-25.256821615682384,True,Within 500g
LOLTMNT01_405808,complete,LCS,Spring,1,2026-06-14 21:23:00,2,16.11,100,Blue,LYON,oe:team:da1143bf9a245b78a8dc86417de85b3,2244,1,2280.0,961.0,46.0,3.0,0.0,5385.0,3562.0,83.0,5.0,0.0,4226.0,645.0,99.0,7.0,3.0,top: K'Sante / jng: Wukong / mid: LeBlanc / bot: Senna / sup: Nautilus,2026-06-14,Team Liquid,top: Gragas / jng: Jarvan IV / mid: Cassiopeia / bot: Corki / sup: Rell,1,5.0,3105.0,2601.0,37.0,25.256821615682384,True,Shrank by >500g
LOLTMNT01_405809,complete,LCS,Spring,1,2026-06-14 22:24:48,3,16.11,100,Blue,LYON,oe:team:da1143bf9a245b78a8dc86417de85b3,2108,1,1692.0,1341.0,12.0,3.0,0.0,3122.0,2626.0,-5.0,7.0,0.0,4869.0,5517.0,40.0,8.0,0.0,top: Rumble / jng: Nocturne / mid: Galio / bot: Yunara / sup: Lulu,2026-06-14,Team Liquid,top: Yorick / jng: Shyvana / mid: Viktor / bot: Xayah / sup: Rakan,1,7.0,1430.0,1285.0,-17.0,25.256821615682384,True,Grew by >500g
13366-13366_game_1,complete,LPL,Split 3,0,2026-07-22 09:13:58,1,16.14,100,Blue,EDward Gaming,oe:team:056c3140a119e44a03d462e2c832f27,2509,0,942.0,69.0,35.0,2.0,5.0,1543.0,2736.0,42.0,5.0,6.0,-4750.0,-3557.0,34.0,6.0,12.0,top: Gnar / jng: Lee Sin / mid: Cassiopeia / bot: Ziggs / sup: Camille,2026-07-22,LGD Gaming,top: Ambessa / jng: Skarner / mid: Syndra / bot: Kai'Sa / sup: Rell,1,-1.0,601.0,2667.0,7.0,6.436461063359957,True,Lead lost by 25
13366-13366_game_2,complete,LPL,Split 3,0,2026-07-22 10:20:17,2,16.14,200,Red,EDward Gaming,oe:team:056c3140a119e44a03d462e2c832f27,2256,0,4353.0,2887.0,24.0,4.0,0.0,2716.0,686.0,0.0,4.0,1.0,-5596.0,-9476.0,-31.0,5.0,10.0,top: K'Sante / jng: Jarvan IV / mid: Twisted Fate / bot: Lucian / sup: Milio,2026-07-22,LGD Gaming,top: Rumble / jng: Qiyana / mid: Ryze / bot: Yunara / sup: Lulu,0,3.0,-1637.0,-2201.0,-24.0,6.436461063359957,True,Lead lost by 25
13367-13367_game_1,complete,LPL,Split 3,0,2026-07-22 11:54:52,1,16.14,200,Red,Team WE,oe:team:62c1cd9465dc63824593ee5046f5aa8,1877,0,1431.0,-868.0,-13.0,5.0,3.0,947.0,-1155.0,16.0,5.0,6.0,1325.0,-935.0,-3.0,6.0,7.0,top: Gnar / jng: Jayce / mid: Aurora / bot: Lucian / sup: Milio,2026-07-22,Top Esports,top: K'Sante / jng: Jarvan IV / mid: Ahri / bot: Ezreal / sup: Karma,0,-1.0,-484.0,-287.0,29.0,-93.22002201662212,True,Within 500g
13367-13367_game_2,complete,LPL,Split 3,0,2026-07-22 12:50:51,2,16.14,100,Blue,Top Esports,oe:team:fcec508e780bbd1ad493852640f5b36,1749,1,3504.0,3232.0,38.0,12.0,7.0,6356.0,6921.0,46.0,23.0,12.0,11745.0,13781.0,83.0,35.0,14.0,top: Ambessa / jng: Lee Sin / mid: Sylas / bot: Xerath / sup: Camille,2026-07-22,Team WE,top: Rumble / jng: Graves / mid: Ryze / bot: Syndra / sup: Leona,1,11.0,2852.0,3689.0,8.0,93.22002201662212,True,Grew by >500g
13368-13368_game_1,complete,LPL,Split 3,0,2026-07-23 09:14:40,1,16.14,200,Red,Anyone's Legend,oe:team:ed28f87f0cfdba0a2a8f183cebae73a,1785,0,854.0,-789.0,-20.0,5.0,2.0,1485.0,-773.0,-15.0,5.0,2.0,-371.0,478.0,1.0,5.0,4.0,top: Ambessa / jng: Naafiri / mid: Cassiopeia / bot: Ziggs / sup: Camille,2026-07-23,JD Gaming,top: Gnar / jng: Lee Sin / mid: Syndra / bot: Jhin / sup: Shen,0,3.0,631.0,16.0,5.0,-3.0368861165015915,True,Lead lost by 25
13368-13368_game_2,complete,LPL,Split 3,0,2026-07-23 10:07:40,2,16.14,200,Red,Anyone's Legend,oe:team:ed28f87f0cfdba0a2a8f183cebae73a,2169,1,2372.0,1359.0,-38.0,8.0,0.0,1199.0,26.0,-64.0,9.0,1.0,2040.0,3417.0,-36.0,12.0,3.0,top: Ornn / jng: Vi / mid: Sylas / bot: Lucian / sup: Milio,2026-07-23,JD Gaming,top: Rumble / jng: Jarvan IV / mid: Viktor / bot: Caitlyn / sup: Lux,0,8.0,-1173.0,-1333.0,-26.0,-3.0368861165015915,True,Grew by >500g
13368-13368_game_3,complete,LPL,Split 3,0,2026-07-23 11:07:36,3,16.14,200,Red,Anyone's Legend,oe:team:ed28f87f0cfdba0a2a8f183cebae73a,3384,1,732.0,917.0,-2.0,3.0,1.0,1978.0,2073.0,-6.0,7.0,2.0,2366.0,2038.0,-14.0,7.0,2.0,top: K'Sante / jng: Qiyana / mid: Annie / bot: Varus / sup: Neeko,2026-07-23,JD Gaming,top: Jayce / jng: Poppy / mid: Mel / bot: Sivir / sup: Alistar,0,5.0,1246.0,1156.0,-4.0,-3.0368861165015915,True,Within 500g
13369-13369_game_1,complete,LPL,Split 3,0,2026-07-23 12:51:10,1,16.14,200,Red,Bilibili Gaming,oe:team:d356a144644879dabb5f34cd99c886d,1826,1,1268.0,597.0,35.0,6.0,2.0,910.0,1242.0,47.0,8.0,5.0,4420.0,8287.0,76.0,14.0,7.0,top: Yorick / jng: Jarvan IV / mid: Ryze / bot: Cassiopeia / sup: Shen,2026-07-23,ThunderTalk Gaming,top: Jayce / jng: Xin Zhao / mid: Akali / bot: Ziggs / sup: Nautilus,0,3.0,-358.0,645.0,12.0,226.15060667022522,True,Grew by >500g
13369-13369_game_2,complete,LPL,Split 3,0,2026-07-23 13:45:34,2,16.14,200,Red,ThunderTalk Gaming,oe:team:df80f468a3f9a722df056fe9104f052,1714,1,2719.0,764.0,15.0,8.0,3.0,6518.0,3248.0,13.0,12.0,4.0,4389.0,2260.0,24.0,17.0,11.0,top: Ambessa / jng: Lee Sin / mid: Annie / bot: Sivir / sup: Bard,2026-07-23,Bilibili Gaming,top: Rumble / jng: Vi / mid: Locke / bot: Jhin / sup: Alistar,0,8.0,3799.0,2484.0,-2.0,-226.15060667022522,True,Shrank by >500g
13369-13369_game_3,complete,LPL,Split 3,0,2026-07-23 14:38:24,3,16.14,200,Red,Bilibili Gaming,oe:team:d356a144644879dabb5f34cd99c886d,1781,1,2302.0,2449.0,1.0,10.0,5.0,3583.0,3118.0,-16.0,16.0,9.0,4460.0,5086.0,-4.0,19.0,11.0,top: K'Sante / jng: Naafiri / mid: Ahri / bot: Xerath / sup: Camille,2026-07-23,ThunderTalk Gaming,top: Twisted Fate / jng: Qiyana / mid: Syndra / bot: Varus / sup: Leona,0,7.0,1281.0,669.0,-17.0,226.15060667022522,True,Grew by >500g
13370-13370_game_1,complete,LPL,Split 3,0,2026-07-24 07:13:27,1,16.14,200,Red,Anyone's Legend,oe:team:ed28f87f0cfdba0a2a8f183cebae73a,1791,1,1201.0,2405.0,41.0,8.0,6.0,1712.0,2526.0,56.0,9.0,7.0,2122.0,3225.0,57.0,12.0,9.0,top: Gnar / jng: Naafiri / mid: Orianna / bot: Ziggs / sup: Camille,2026-07-24,LGD Gaming,top: Ambessa / jng: Qiyana / mid: Syndra / bot: Jhin / sup: Shen,0,2.0,511.0,121.0,15.0,68.74539662509483,True,Within 500g
13370-13370_game_2,complete,LPL,Split 3,0,2026-07-24 08:08:47,2,16.14,100,Blue,Anyone's Legend,oe:team:ed28f87f0cfdba0a2a8f183cebae73a,1874,1,-405.0,466.0,-13.0,4.0,1.0,4710.0,5394.0,33.0,9.0,2.0,8394.0,12409.0,5.0,16.0,2.0,top: Rumble / jng: Jarvan IV / mid: Cassiopeia / bot: Varus / sup: Rell,2026-07-24,LGD Gaming,top: Jayce / jng: Skarner / mid: Taliyah / bot: Ezreal / sup: Karma,1,7.0,5115.0,4928.0,46.0,68.74539662509483,True,Grew by >500g
13371-13371_game_1,complete,LPL,Split 3,0,2026-07-24 09:20:09,1,16.14,200,Red,JD Gaming,oe:team:b42d0f31f2727621b963042276817c4,1920,0,304.0,1491.0,37.0,1.0,4.0,1880.0,1991.0,57.0,3.0,6.0,-2598.0,-3304.0,38.0,8.0,12.0,top: K'Sante / jng: Vi / mid: Anivia / bot: Ziggs / sup: Camille,2026-07-24,Team WE,top: Rumble / jng: Trundle / mid: Ryze / bot: Varus / sup: Alistar,0,-3.0,1576.0,500.0,20.0,50.2676471344746,True,Lead lost by 25
13371-13371_game_2,complete,LPL,Split 3,0,2026-07-24 10:19:54,2,16.14,100,Blue,JD Gaming,oe:team:b42d0f31f2727621b963042276817c4,1802,1,2294.0,1715.0,23.0,6.0,3.0,6302.0,4206.0,81.0,8.0,3.0,7299.0,9197.0,87.0,15.0,7.0,top: Ambessa / jng: Nocturne / mid: Akali / bot: Ezreal / sup: Seraphine,2026-07-24,Team WE,top: Aatrox / jng: Lee Sin / mid: Viktor / bot: Sivir / sup: Karma,1,5.0,4008.0,2491.0,58.0,50.2676471344746,True,Grew by >500g
13371-13371_game_3,complete,LPL,Split 3,0,2026-07-24 11:13:17,3,16.14,200,Red,Team WE,oe:team:62c1cd9465dc63824593ee5046f5aa8,1824,1,139.0,-483.0,12.0,1.0,3.0,461.0,1190.0,29.0,3.0,4.0,3176.0,3850.0,25.0,8.0,5.0,top: Jayce / jng: Poppy / mid: Syndra / bot: Miss Fortune / sup: Nautilus,2026-07-24,JD Gaming,top: Olaf / jng: Qiyana / mid: Ahri / bot: Jhin / sup: Leona,0,-1.0,322.0,1673.0,17.0,-50.2676471344746,True,Grew by >500g
13372-13372_game_1,complete,LPL,Split 3,0,2026-07-24 12:22:10,1,16.14,200,Red,EDward Gaming,oe:team:056c3140a119e44a03d462e2c832f27,2242,1,136.0,484.0,12.0,2.0,3.0,174.0,-20.0,-18.0,7.0,6.0,-309.0,-1257.0,-8.0,8.0,8.0,top: Vayne / jng: Lee Sin / mid: Syndra / bot: Ziggs / sup: Rell,2026-07-24,Bilibili Gaming,top: Ambessa / jng: Jarvan IV / mid: Cassiopeia / bot: Lucian / sup: Milio,0,1.0,38.0,-504.0,-30.0,-234.2083553037287,True,Lead lost by 25
13372-13372_game_2,complete,LPL,Split 3,0,2026-07-24 13:23:22,2,16.14,200,Red,Bilibili Gaming,oe:team:d356a144644879dabb5f34cd99c886d,2073,1,190.0,1313.0,38.0,3.0,4.0,3076.0,4816.0,100.0,8.0,7.0,6316.0,9226.0,105.0,17.0,12.0,top: Yorick / jng: Nocturne / mid: Ryze / bot: Ezreal / sup: Bard,2026-07-24,EDward Gaming,top: Rumble / jng: Wukong / mid: Taliyah / bot: Varus / sup: Nautilus,0,1.0,2886.0,3503.0,62.0,234.2083553037287,True,Grew by >500g
13372-13372_game_3,complete,LPL,Split 3,0,2026-07-24 14:21:21,3,16.14,100,Blue,Bilibili Gaming,oe:team:d356a144644879dabb5f34cd99c886d,1935,1,2578.0,2195.0,43.0,8.0,4.0,2381.0,642.0,19.0,9.0,6.0,5432.0,4324.0,8.0,15.0,8.0,top: Renekton / jng: Trundle / mid: Akali / bot: Xerath / sup: Seraphine,2026-07-24,EDward Gaming,top: Olaf / jng: Vi / mid: Locke / bot: Mel / sup: Alistar,1,3.0,-197.0,-1553.0,-24.0,234.2083553037287,True,Grew by >500g
LOLTMNT05_214176,complete,LEC,Summer,0,2026-07-24 14:46:02,1,16.14,100,Blue,Movistar KOI,oe:team:4acc40654379b4da680be1bd3129dfa,1793,1,5638.0,5132.0,43.0,8.0,2.0,7399.0,7699.0,48.0,11.0,3.0,7557.0,11192.0,22.0,15.0,3.0,top: Jayce / jng: Lee Sin / mid: Galio / bot: Akali / sup: Camille,2026-07-24,G2 Esports,top: Yorick / jng: Trundle / mid: Locke / bot: Viktor / sup: Rell,1,8.0,1761.0,2567.0,5.0,-83.1118411538639,True,Within 500g
LOLTMNT05_214188,complete,LEC,Summer,0,2026-07-24 15:53:14,2,16.14,200,Red,G2 Esports,oe:team:7d6673d3a9d00363c6bebc1a630da6e,2014,1,3401.0,2525.0,-13.0,7.0,3.0,4330.0,4689.0,21.0,9.0,5.0,7416.0,9004.0,60.0,12.0,6.0,top: Rumble / jng: Vi / mid: Yone / bot: Lucian / sup: Leona,2026-07-24,Movistar KOI,top: Gnar / jng: Xin Zhao / mid: Orianna / bot: Syndra / sup: Tahm Kench,0,4.0,929.0,2164.0,34.0,83.1118411538639,True,Grew by >500g
LOLTMNT05_214199,complete,LEC,Summer,0,2026-07-24 16:49:52,3,16.14,200,Red,Movistar KOI,oe:team:4acc40654379b4da680be1bd3129dfa,2779,0,2900.0,1280.0,24.0,6.0,1.0,2626.0,303.0,7.0,7.0,2.0,64.0,-126.0,15.0,7.0,6.0,top: Mordekaiser / jng: Naafiri / mid: Ryze / bot: Ezreal / sup: Karma,2026-07-24,G2 Esports,top: Ambessa / jng: Wukong / mid: Annie / bot: Ziggs / sup: Shen,0,5.0,-274.0,-977.0,-17.0,-83.1118411538639,True,Shrank by >500g
LOLTMNT05_213152,complete,LEC,Summer,0,2026-07-24 18:04:53,1,16.14,100,Blue,Karmine Corp,oe:team:f3aa9bbd924ce3af42ac53f8326bc7c,2253,1,5010.0,3546.0,54.0,9.0,4.0,6966.0,5022.0,75.0,12.0,5.0,8909.0,6307.0,79.0,13.0,5.0,top: Twisted Fate / jng: Nocturne / mid: Syndra / bot: Viktor / sup: Camille,2026-07-24,Team Vitality,top: Gnar / jng: Jarvan IV / mid: Cassiopeia / bot: Ziggs / sup: Rell,1,7.0,1956.0,1476.0,21.0,102.74460835312516,True,Grew by >500g
LOLTMNT05_213156,complete,LEC,Summer,0,2026-07-24 19:05:00,2,16.14,100,Blue,Karmine Corp,oe:team:f3aa9bbd924ce3af42ac53f8326bc7c,2308,1,2041.0,106.0,1.0,5.0,4.0,579.0,-756.0,-10.0,6.0,6.0,-1262.0,-6094.0,-20.0,8.0,10.0,top: Rumble / jng: Vi / mid: Ryze / bot: Caitlyn / sup: Neeko,2026-07-24,Team Vitality,top: K'Sante / jng: Naafiri / mid: Anivia / bot: Lucian / sup: Elise,1,0.0,-1462.0,-862.0,-11.0,102.74460835312516,True,Lead lost by 25
13373-13373_game_1,complete,LPL,Split 3,0,2026-07-25 07:14:06,1,16.14,100,Blue,Team WE,oe:team:62c1cd9465dc63824593ee5046f5aa8,1690,1,2032.0,519.0,25.0,3.0,2.0,4281.0,3490.0,43.0,5.0,2.0,6673.0,5075.0,53.0,7.0,2.0,top: Rumble / jng: Qiyana / mid: Ryze / bot: Ezreal / sup: Nautilus,2026-07-25,LGD Gaming,top: Yorick / jng: Xin Zhao / mid: Anivia / bot: Lucian / sup: Milio,1,3.0,2249.0,2971.0,18.0,31.394164621351592,True,Grew by >500g
13373-13373_game_2,complete,LPL,Split 3,0,2026-07-25 08:05:40,2,16.14,100,Blue,Team WE,oe:team:62c1cd9465dc63824593ee5046f5aa8,2018,1,251.0,199.0,-23.0,9.0,7.0,1959.0,669.0,-46.0,14.0,8.0,6109.0,5685.0,-48.0,19.0,9.0,top: Vayne / jng: Nocturne / mid: Sylas / bot: Varus / sup: Poppy,2026-07-25,LGD Gaming,top: Aurora / jng: Naafiri / mid: Gnar / bot: Jhin / sup: Leona,1,6.0,1708.0,470.0,-23.0,31.394164621351592,True,Grew by >500g
LOLTMNT02_439022,complete,LCP,Split 3,0,2026-07-25 09:18:53,1,16.14,100,Blue,MVK Esports,oe:team:bc3824b0bbb8139d16109178faa4822,1905,1,746.0,-1161.0,10.0,2.0,2.0,3247.0,551.0,27.0,5.0,3.0,7947.0,5062.0,54.0,11.0,4.0,top: Jayce / jng: Aatrox / mid: Locke / bot: Ezreal / sup: Shen,2026-07-25,Ground Zero Gaming,top: K'Sante / jng: Naafiri / mid: Galio / bot: Ziggs / sup: Camille,1,2.0,2501.0,1712.0,17.0,61.403883423280604,True,Grew by >500g
13374-13374_game_1,complete,LPL,Split 3,0,2026-07-25 09:20:27,1,16.14,100,Blue,Weibo Gaming,oe:team:606c6ac695907af3823ee6405c58ff1,1942,1,1966.0,871.0,-22.0,6.0,3.0,3515.0,2913.0,-41.0,9.0,4.0,6812.0,7287.0,-51.0,15.0,6.0,top: Jax / jng: Jarvan IV / mid: Cassiopeia / bot: Sivir / sup: Shen,2026-07-25,Invictus Gaming,top: Ambessa / jng: Lee Sin / mid: Locke / bot: Ziggs / sup: Camille,1,5.0,1549.0,2042.0,-19.0,71.46921639784136,True,Grew by >500g
LOLTMNT02_440021,complete,LCP,Split 3,0,2026-07-25 10:11:53,2,16.14,100,Blue,MVK Esports,oe:team:bc3824b0bbb8139d16109178faa4822,1772,1,1123.0,603.0,-14.0,3.0,1.0,3618.0,3454.0,4.0,5.0,1.0,4539.0,2638.0,-5.0,7.0,2.0,top: Gnar / jng: Lee Sin / mid: Ryze / bot: Taliyah / sup: Alistar,2026-07-25,Ground Zero Gaming,top: Ambessa / jng: Xin Zhao / mid: Cassiopeia / bot: Jhin / sup: Rell,1,4.0,2495.0,2851.0,18.0,61.403883423280604,True,Grew by >500g
13374-13374_game_2,complete,LPL,Split 3,0,2026-07-25 10:18:54,2,16.14,100,Blue,Weibo Gaming,oe:team:606c6ac695907af3823ee6405c58ff1,1745,0,343.0,343.0,22.0,2.0,3.0,1173.0,1076.0,22.0,5.0,6.0,-1668.0,-3366.0,-14.0,8.0,13.0,top: Renekton / jng: Jayce / mid: Anivia / bot: Syndra / sup: Nautilus,2026-07-25,Invictus Gaming,top: Olaf / jng: Naafiri / mid: Ryze / bot: Seraphine / sup: Rell,1,-1.0,830.0,733.0,0.0,71.46921639784136,True,Lead lost by 25
13374-13374_game_3,complete,LPL,Split 3,0,2026-07-25 11:13:24,3,16.14,100,Blue,Invictus Gaming,oe:team:53a258f289c26d94431c0496a54e151,1460,1,2591.0,1779.0,50.0,4.0,2.0,4567.0,1977.0,71.0,4.0,3.0,11101.0,9925.0,71.0,14.0,5.0,top: Yorick / jng: Trundle / mid: Viktor / bot: Ezreal / sup: Leona,2026-07-25,Weibo Gaming,top: Rumble / jng: Wukong / mid: Sylas / bot: Varus / sup: Bard,1,1.0,1976.0,198.0,21.0,-71.46921639784136,True,Won before 25
LOLTMNT02_439087,complete,LCP,Split 3,0,2026-07-25 11:20:35,1,16.14,100,Blue,Team Secret Whales,oe:team:740de582f50775c516c77ed7b923fd5,1812,1,1143.0,-22.0,13.0,3.0,1.0,5000.0,2538.0,23.0,6.0,1.0,7368.0,7936.0,66.0,10.0,2.0,top: Ambessa / jng: Jarvan IV / mid: Cassiopeia / bot: Syndra / sup: Nautilus,2026-07-25,Fukuoka SoftBank HAWKS gaming,top: Sion / jng: Xin Zhao / mid: Orianna / bot: Ezreal / sup: Karma,1,5.0,3857.0,2560.0,10.0,187.2151638843916,True,Grew by >500g
LOLTMNT02_440098,complete,LCP,Split 3,0,2026-07-25 12:11:30,2,16.14,100,Blue,Team Secret Whales,oe:team:740de582f50775c516c77ed7b923fd5,1825,1,172.0,883.0,31.0,5.0,7.0,4310.0,3243.0,26.0,9.0,8.0,10534.0,13922.0,83.0,15.0,9.0,top: Olaf / jng: Qiyana / mid: Anivia / bot: Taliyah / sup: Camille,2026-07-25,Fukuoka SoftBank HAWKS gaming,top: Renekton / jng: Naafiri / mid: Ryze / bot: Jhin / sup: Shen,1,1.0,4138.0,2360.0,-5.0,187.2151638843916,True,Grew by >500g
13375-13375_game_1,complete,LPL,Split 3,0,2026-07-25 12:16:56,1,16.14,100,Blue,ThunderTalk Gaming,oe:team:df80f468a3f9a722df056fe9104f052,2288,0,1723.0,-623.0,6.0,4.0,1.0,4076.0,1091.0,15.0,9.0,4.0,5394.0,6267.0,21.0,17.0,10.0,top: Ambessa / jng: Jarvan IV / mid: Ryze / bot: Kai'Sa / sup: Nautilus,2026-07-25,Top Esports,top: Rumble / jng: Vi / mid: Ahri / bot: Sivir / sup: Alistar,1,5.0,2353.0,1714.0,9.0,-135.63784404247394,True,Grew by >500g
13375-13375_game_2,complete,LPL,Split 3,0,2026-07-25 13:18:43,2,16.14,200,Red,ThunderTalk Gaming,oe:team:df80f468a3f9a722df056fe9104f052,1612,1,1340.0,2823.0,57.0,9.0,8.0,4543.0,6299.0,55.0,17.0,9.0,8951.0,16715.0,81.0,27.0,12.0,top: Tristana / jng: Naafiri / mid: Annie / bot: Cassiopeia / sup: Shen,2026-07-25,Top Esports,top: Gnar / jng: Pantheon / mid: Akali / bot: Viktor / sup: Camille,0,8.0,3203.0,3476.0,-2.0,-135.63784404247394,True,Grew by >500g
13375-13375_game_3,complete,LPL,Split 3,0,2026-07-25 14:09:13,3,16.14,100,Blue,ThunderTalk Gaming,oe:team:df80f468a3f9a722df056fe9104f052,2173,0,1528.0,2027.0,44.0,4.0,4.0,2263.0,1027.0,20.0,5.0,5.0,1673.0,-1695.0,-19.0,5.0,7.0,top: Jayce / jng: Nidalee / mid: Aurora / bot: Jhin / sup: Bard,2026-07-25,Top Esports,top: K'Sante / jng: Wukong / mid: Locke / bot: Ezreal / sup: Karma,1,0.0,735.0,-1000.0,-24.0,-135.63784404247394,True,Shrank by >500g
LOLTMNT05_214276,complete,LEC,Summer,0,2026-07-25 14:52:49,1,16.14,100,Blue,G2 Esports,oe:team:7d6673d3a9d00363c6bebc1a630da6e,1661,1,-353.0,372.0,-6.0,2.0,2.0,4389.0,4575.0,-10.0,10.0,4.0,6222.0,10808.0,8.0,19.0,7.0,top: Kled / jng: Jarvan IV / mid: Orianna / bot: Viktor / sup: Shen,2026-07-25,Team Vitality,top: Renekton / jng: Nocturne / mid: Sylas / bot: Cassiopeia / sup: Camille,1,6.0,4742.0,4203.0,-4.0,150.44692533824173,True,Grew by >500g
LOLTMNT05_213189,complete,LEC,Summer,0,2026-07-25 15:40:51,2,16.14,100,Blue,G2 Esports,oe:team:7d6673d3a9d00363c6bebc1a630da6e,1772,1,5851.0,6075.0,76.0,8.0,2.0,6553.0,5896.0,71.0,10.0,3.0,8041.0,3071.0,50.0,15.0,4.0,top: K'Sante / jng: Lee Sin / mid: Ahri / bot: Syndra / sup: Leona,2026-07-25,Team Vitality,top: Jayce / jng: Wukong / mid: LeBlanc / bot: Ziggs / sup: Rakan,1,7.0,702.0,-179.0,-5.0,150.44692533824173,True,Grew by >500g
LOLTMNT05_214296,complete,LEC,Summer,0,2026-07-25 16:38:52,1,16.14,100,Blue,Movistar KOI,oe:team:4acc40654379b4da680be1bd3129dfa,1881,0,547.0,-2152.0,8.0,7.0,7.0,4542.0,1689.0,33.0,11.0,8.0,859.0,-4912.0,54.0,12.0,12.0,top: Rumble / jng: Nocturne / mid: Akali / bot: Caitlyn / sup: Camille,2026-07-25,Karmine Corp,top: Galio / jng: Jarvan IV / mid: Cassiopeia / bot: Ezreal / sup: Leona,1,3.0,3995.0,3841.0,25.0,-69.8285296967133,True,Shrank by >500g
LOLTMNT05_214298,complete,LEC,Summer,0,2026-07-25 17:35:44,2,16.14,100,Blue,Karmine Corp,oe:team:f3aa9bbd924ce3af42ac53f8326bc7c,1634,1,838.0,55.0,7.0,5.0,3.0,3018.0,2572.0,18.0,8.0,5.0,7102.0,9441.0,22.0,12.0,6.0,top: Gnar / jng: Qiyana / mid: Viktor / bot: Kai'Sa / sup: Shen,2026-07-25,Movistar KOI,top: Ambessa / jng: Naafiri / mid: Orianna / bot: Tristana / sup: Bard,1,3.0,2180.0,2517.0,11.0,69.8285296967133,True,Grew by >500g
LOLTMNT02_439253,complete,CBLOL,Split 2,0,2026-07-25 17:38:54,1,16.14,200,Red,LØS,oe:team:ea65e6cc48a9be50fc5334369a5fca5,1840,1,1545.0,2481.0,48.0,8.0,6.0,3944.0,2028.0,62.0,9.0,6.0,6307.0,4758.0,89.0,15.0,8.0,top: Dr. Mundo / jng: Jarvan IV / mid: Orianna / bot: Syndra / sup: Shen,2026-07-25,FURIA,top: Sion / jng: Vi / mid: Akali / bot: Cassiopeia / sup: Camille,0,3.0,2399.0,-453.0,14.0,-79.09491430620187,True,Grew by >500g
LOLTMNT02_440218,complete,CBLOL,Split 2,0,2026-07-25 18:27:50,2,16.14,100,Blue,LØS,oe:team:ea65e6cc48a9be50fc5334369a5fca5,2069,1,6499.0,5336.0,89.0,15.0,6.0,9668.0,7483.0,96.0,21.0,7.0,11342.0,8318.0,88.0,22.0,7.0,top: Jayce / jng: Trundle / mid: Taliyah / bot: Locke / sup: Leona,2026-07-25,FURIA,top: Vayne / jng: Graves / mid: Ryze / bot: Ezreal / sup: Alistar,1,14.0,3169.0,2147.0,7.0,-79.09491430620187,True,Grew by >500g
LOLTMNT02_439292,complete,CBLOL,Split 2,0,2026-07-25 19:31:37,1,16.14,100,Blue,paiN Gaming,oe:team:61450737f7b683db4da7b3e0bf0dced,1611,1,602.0,1772.0,28.0,2.0,2.0,2176.0,1789.0,10.0,4.0,2.0,6348.0,9920.0,23.0,9.0,2.0,top: Gnar / jng: Vi / mid: Viktor / bot: Ezreal / sup: Rell,2026-07-25,LOUD,top: Tristana / jng: Lee Sin / mid: Syndra / bot: Kai'Sa / sup: Shen,1,2.0,1574.0,17.0,-18.0,-108.88758220670957,True,Grew by >500g
LOLTMNT02_440260,complete,LCS,Summer,0,2026-07-25 20:13:30,1,16.14,200,Red,LYON,oe:team:da1143bf9a245b78a8dc86417de85b3,1672,1,5217.0,3962.0,87.0,9.0,3.0,6741.0,4087.0,97.0,9.0,4.0,11823.0,12080.0,135.0,14.0,4.0,top: Gnar / jng: Jarvan IV / mid: LeBlanc / bot: Cassiopeia / sup: Camille,2026-07-25,FlyQuest,top: Ambessa / jng: Lee Sin / mid: Akali / bot: Ziggs / sup: Leona,0,5.0,1524.0,125.0,10.0,130.02726911783566,True,Grew by >500g
LOLTMNT02_440262,complete,CBLOL,Split 2,0,2026-07-25 20:18:42,2,16.14,200,Red,LOUD,oe:team:658a021a796aa5501503220adb38cf4,2199,1,2900.0,1616.0,40.0,8.0,2.0,4657.0,5102.0,60.0,10.0,2.0,4161.0,2559.0,56.0,11.0,3.0,top: K'Sante / jng: Qiyana / mid: Cassiopeia / bot: Jhin / sup: Nautilus,2026-07-25,paiN Gaming,top: Ambessa / jng: Jarvan IV / mid: Anivia / bot: Ziggs / sup: Leona,0,8.0,1757.0,3486.0,20.0,108.88758220670957,True,Within 500g
LOLTMNT02_439318,complete,LCS,Summer,0,2026-07-25 21:01:06,2,16.14,200,Red,FlyQuest,oe:team:2e66da41dc460dd378e3bcc57042d31,1950,0,1858.0,665.0,-46.0,11.0,5.0,3709.0,4185.0,-56.0,15.0,5.0,-3702.0,-4076.0,-63.0,16.0,12.0,top: Olaf / jng: Vi / mid: Syndra / bot: Sylas / sup: Rell,2026-07-25,LYON,top: Volibear / jng: Xin Zhao / mid: Viktor / bot: Jayce / sup: Shen,0,10.0,1851.0,3520.0,-10.0,-130.02726911783566,True,Lead lost by 25
LOLTMNT02_439321,complete,CBLOL,Split 2,0,2026-07-25 21:16:20,3,16.14,100,Blue,LOUD,oe:team:658a021a796aa5501503220adb38cf4,1699,1,2715.0,2321.0,20.0,5.0,1.0,4215.0,3018.0,2.0,6.0,1.0,5688.0,5169.0,29.0,7.0,1.0,top: Ornn / jng: Wukong / mid: Sylas / bot: Caitlyn / sup: Karma,2026-07-25,paiN Gaming,top: Rumble / jng: Naafiri / mid: Orianna / bot: Lucian / sup: Milio,1,5.0,1500.0,697.0,-18.0,108.88758220670957,True,Grew by >500g
LOLTMNT02_440292,complete,LCS,Summer,0,2026-07-25 22:03:50,1,16.14,100,Blue,Sentinels,oe:team:f90422f1cbcb24bc2a855202582ec29,2195,0,2140.0,1203.0,5.0,8.0,3.0,2970.0,1008.0,22.0,8.0,4.0,3018.0,19.0,28.0,11.0,8.0,top: K'Sante / jng: Naafiri / mid: Sylas / bot: Ezreal / sup: Nautilus,2026-07-25,Dignitas,top: Jayce / jng: Jarvan IV / mid: Orianna / bot: Caitlyn / sup: Karma,1,4.0,830.0,-195.0,17.0,73.91308364507336,True,Within 500g
LOLTMNT02_440296,complete,LCS,Summer,0,2026-07-25 22:59:18,2,16.14,200,Red,Sentinels,oe:team:f90422f1cbcb24bc2a855202582ec29,1592,1,3883.0,3663.0,25.0,6.0,2.0,4870.0,5159.0,40.0,7.0,2.0,9419.0,11241.0,56.0,13.0,4.0,top: Malphite / jng: Qiyana / mid: Viktor / bot: Jhin / sup: Bard,2026-07-25,Dignitas,top: Gnar / jng: Pantheon / mid: Syndra / bot: Lucian / sup: Milio,0,5.0,987.0,1496.0,15.0,73.91308364507336,True,Grew by >500g
LOLTMNT02_440309,complete,LCS,Summer,0,2026-07-25 23:45:03,3,16.14,100,Blue,Sentinels,oe:team:f90422f1cbcb24bc2a855202582ec29,1784,1,5777.0,4817.0,23.0,8.0,1.0,4486.0,4099.0,23.0,16.0,6.0,6659.0,7444.0,13.0,23.0,10.0,top: Shen / jng: Vi / mid: Taliyah / bot: Zeri / sup: Leona,2026-07-25,Dignitas,top: Ambessa / jng: Trundle / mid: Ryze / bot: Ziggs / sup: Camille,1,10.0,-1291.0,-718.0,0.0,73.91308364507336,True,Grew by >500g
13376-13376_game_1,complete,LPL,Split 3,0,2026-07-26 07:12:20,1,16.14,100,Blue,Ninjas in Pyjamas,oe:team:48d7941ccbd5b89aca46c57b0c2f8fb,1596,1,2050.0,1122.0,18.0,4.0,1.0,3860.0,4108.0,50.0,5.0,1.0,8710.0,10562.0,54.0,10.0,2.0,top: Yorick / jng: Naafiri / mid: Cassiopeia / bot: Xayah / sup: Rakan,2026-07-26,LNG Esports,top: Jayce / jng: Pantheon / mid: Syndra / bot: Lucian / sup: Milio,1,4.0,1810.0,2986.0,32.0,-57.8605188531526,True,Grew by >500g
13376-13376_game_2,complete,LPL,Split 3,0,2026-07-26 08:03:26,2,16.14,100,Blue,Ninjas in Pyjamas,oe:team:48d7941ccbd5b89aca46c57b0c2f8fb,1689,1,2583.0,2203.0,31.0,7.0,3.0,3580.0,4569.0,37.0,10.0,5.0,5893.0,3127.0,54.0,10.0,5.0,top: Gnar / jng: Lee Sin / mid: Twisted Fate / bot: Ezreal / sup: Alistar,2026-07-26,LNG Esports,top: Rumble / jng: Skarner / mid: Ryze / bot: Miss Fortune / sup: Nautilus,1,5.0,997.0,2366.0,6.0,-57.8605188531526,True,Grew by >500g
LOLTMNT02_439428,complete,LCP,Split 3,0,2026-07-26 09:18:42,1,16.14,200,Red,GAM Esports,oe:team:9cae7677cd0dbcc1cd86653870b73c2,1900,1,3143.0,2219.0,55.0,4.0,2.0,3859.0,1985.0,83.0,5.0,4.0,2632.0,-1677.0,103.0,7.0,7.0,top: Gnar / jng: Lee Sin / mid: Ryze / bot: Syndra / sup: Camille,2026-07-26,DetonatioN FocusMe,top: Ambessa / jng: Qiyana / mid: Locke / bot: Cassiopeia / sup: Shen,0,1.0,716.0,-234.0,28.0,176.43675731442477,True,Shrank by >500g
13377-13377_game_1,complete,LPL,Split 3,0,2026-07-26 09:21:19,1,16.14,200,Red,ThunderTalk Gaming,oe:team:df80f468a3f9a722df056fe9104f052,1732,1,1025.0,1862.0,12.0,4.0,2.0,3792.0,3871.0,44.0,7.0,3.0,9251.0,13143.0,80.0,15.0,4.0,top: Olaf / jng: Jarvan IV / mid: Syndra / bot: Sivir / sup: Shen,2026-07-26,EDward Gaming,top: Jayce / jng: Trundle / mid: Ryze / bot: Ziggs / sup: Nautilus,0,4.0,2767.0,2009.0,32.0,15.915685036732157,True,Grew by >500g
LOLTMNT02_439440,complete,LCP,Split 3,0,2026-07-26 10:09:56,2,16.14,100,Blue,GAM Esports,oe:team:9cae7677cd0dbcc1cd86653870b73c2,1670,1,3478.0,1425.0,68.0,6.0,3.0,3825.0,1771.0,54.0,9.0,4.0,7959.0,7260.0,64.0,14.0,4.0,top: Jax / jng: Wukong / mid: Orianna / bot: Seraphine / sup: Nautilus,2026-07-26,DetonatioN FocusMe,top: Zaahen / jng: Naafiri / mid: Sylas / bot: Ziggs / sup: Rell,1,5.0,347.0,346.0,-14.0,176.43675731442477,True,Grew by >500g
13377-13377_game_2,complete,LPL,Split 3,0,2026-07-26 10:16:24,2,16.14,200,Red,EDward Gaming,oe:team:056c3140a119e44a03d462e2c832f27,2187,0,700.0,365.0,-12.0,3.0,1.0,2132.0,1905.0,-9.0,4.0,1.0,607.0,-3009.0,-48.0,5.0,3.0,top: Gnar / jng: Vi / mid: Ahri / bot: Ezreal / sup: Karma,2026-07-26,ThunderTalk Gaming,top: Ambessa / jng: Naafiri / mid: Cassiopeia / bot: Jhin / sup: Seraphine,0,3.0,1432.0,1540.0,3.0,-15.915685036732157,True,Shrank by >500g
LOLTMNT02_440450,complete,LCP,Split 3,0,2026-07-26 11:17:50,1,16.14,200,Red,CTBC Flying Oyster,oe:team:0916b3c324c8577b0c6344f3e067f62,2150,1,97.0,-77.0,22.0,5.0,5.0,518.0,1368.0,13.0,13.0,11.0,3007.0,2920.0,31.0,18.0,13.0,top: Rumble / jng: Jarvan IV / mid: Syndra / bot: Ezreal / sup: Camille,2026-07-26,Deep Cross Gaming,top: Jayce / jng: Xin Zhao / mid: Sylas / bot: Cassiopeia / sup: Shen,0,2.0,421.0,1445.0,-9.0,-106.65341904990214,True,Grew by >500g
13378-13378_game_1,complete,LPL,Split 3,0,2026-07-26 11:33:37,1,16.14,100,Blue,Bilibili Gaming,oe:team:d356a144644879dabb5f34cd99c886d,2286,1,571.0,452.0,20.0,3.0,6.0,2381.0,1452.0,15.0,5.0,7.0,2447.0,1462.0,27.0,5.0,7.0,top: Ambessa / jng: Naafiri / mid: Anivia / bot: Ezreal / sup: Karma,2026-07-26,Anyone's Legend,top: Gnar / jng: Vi / mid: Ryze / bot: Lucian / sup: Milio,1,-2.0,1810.0,1000.0,-5.0,107.43470893741096,True,Within 500g
LOLTMNT02_439528,complete,LCP,Split 3,0,2026-07-26 12:17:58,2,16.14,100,Blue,CTBC Flying Oyster,oe:team:0916b3c324c8577b0c6344f3e067f62,1834,1,1606.0,2402.0,12.0,6.0,2.0,2862.0,3580.0,25.0,11.0,5.0,4824.0,5292.0,21.0,14.0,6.0,top: Gnar / jng: Naafiri / mid: Akali / bot: Vladimir / sup: Nautilus,2026-07-26,Deep Cross Gaming,top: Tristana / jng: Wukong / mid: Orianna / bot: Ziggs / sup: Rell,1,6.0,1256.0,1178.0,13.0,-106.65341904990214,True,Grew by >500g
13378-13378_game_2,complete,LPL,Split 3,0,2026-07-26 12:35:54,2,16.14,200,Red,Anyone's Legend,oe:team:ed28f87f0cfdba0a2a8f183cebae73a,2050,1,425.0,-57.0,-32.0,4.0,2.0,253.0,-699.0,-50.0,5.0,3.0,2510.0,1657.0,-49.0,8.0,3.0,top: Yorick / jng: Skarner / mid: Galio / bot: Viktor / sup: Shen,2026-07-26,Bilibili Gaming,top: Gwen / jng: Lee Sin / mid: Jayce / bot: Akali / sup: Nautilus,0,2.0,-172.0,-642.0,-18.0,-107.43470893741096,True,Grew by >500g
13378-13378_game_3,complete,LPL,Split 3,0,2026-07-26 13:35:31,3,16.14,200,Red,Bilibili Gaming,oe:team:d356a144644879dabb5f34cd99c886d,2004,1,3635.0,2772.0,55.0,5.0,2.0,1566.0,-143.0,43.0,6.0,5.0,6499.0,8686.0,84.0,11.0,7.0,top: K'Sante / jng: Trundle / mid: Cassiopeia / bot: Ashe / sup: Seraphine,2026-07-26,Anyone's Legend,top: Olaf / jng: Nasus / mid: Syndra / bot: Caitlyn / sup: Bard,0,1.0,-2069.0,-2915.0,-12.0,107.43470893741096,True,Grew by >500g
LOLTMNT05_214340,complete,LEC,Summer,0,2026-07-26 14:44:51,1,16.14,200,Red,Movistar KOI,oe:team:4acc40654379b4da680be1bd3129dfa,1649,1,1495.0,2205.0,13.0,3.0,0.0,2335.0,3355.0,52.0,5.0,3.0,5857.0,13007.0,56.0,14.0,4.0,top: Galio / jng: Vi / mid: Cassiopeia / bot: Ezreal / sup: Leona,2026-07-26,Team Vitality,top: Rumble / jng: Wukong / mid: Syndra / bot: Jhin / sup: Camille,0,2.0,840.0,1150.0,39.0,57.229870406483315,True,Grew by >500g
LOLTMNT05_213254,complete,LEC,Summer,0,2026-07-26 15:32:40,2,16.14,100,Blue,Movistar KOI,oe:team:4acc40654379b4da680be1bd3129dfa,1990,0,662.0,1180.0,14.0,7.0,4.0,422.0,2898.0,33.0,9.0,9.0,-5760.0,-4181.0,-2.0,9.0,13.0,top: Ambessa / jng: Lee Sin / mid: Viktor / bot: Xayah / sup: Rakan,2026-07-26,Team Vitality,top: Renekton / jng: Pantheon / mid: Orianna / bot: Lucian / sup: Milio,1,0.0,-240.0,1718.0,19.0,57.229870406483315,True,Lead lost by 25
LOLTMNT02_439648,complete,CBLOL,Split 2,0,2026-07-26 16:09:53,1,16.14,200,Red,Fluxo W7M,oe:team:45c362a0cfc4b81f597b5ab89250df5,1949,1,1173.0,1444.0,59.0,2.0,2.0,3488.0,4328.0,97.0,4.0,3.0,3111.0,2914.0,89.0,7.0,5.0,top: Jayce / jng: Jarvan IV / mid: Galio / bot: Syndra / sup: Shen,2026-07-26,Leviatan,top: Vayne / jng: Lee Sin / mid: Orianna / bot: Ziggs / sup: Camille,0,1.0,2315.0,2884.0,38.0,88.72177066721883,True,Within 500g
LOLTMNT05_214347,complete,LEC,Summer,0,2026-07-26 16:27:13,3,16.14,200,Red,Team Vitality,oe:team:e8d8ae992fe72acb7adc7bfcee31dbb,2029,1,2414.0,1826.0,45.0,4.0,3.0,1928.0,-505.0,19.0,9.0,9.0,5031.0,3527.0,15.0,17.0,10.0,top: K'Sante / jng: Naafiri / mid: Hwei / bot: Ziggs / sup: Rell,2026-07-26,Movistar KOI,top: Shen / jng: Jarvan IV / mid: Anivia / bot: Kai'Sa / sup: Alistar,0,0.0,-486.0,-2331.0,-26.0,-57.229870406483315,True,Grew by >500g
LOLTMNT02_439666,complete,CBLOL,Split 2,0,2026-07-26 16:59:36,2,16.14,100,Blue,Fluxo W7M,oe:team:45c362a0cfc4b81f597b5ab89250df5,1871,1,969.0,-1300.0,18.0,2.0,2.0,5644.0,3363.0,51.0,8.0,4.0,7949.0,7588.0,80.0,8.0,4.0,top: K'Sante / jng: Aatrox / mid: Cassiopeia / bot: Ezreal / sup: Bard,2026-07-26,Leviatan,top: Ambessa / jng: Wukong / mid: Anivia / bot: Xerath / sup: Leona,1,4.0,4675.0,4663.0,33.0,88.72177066721883,True,Grew by >500g
LOLTMNT05_214361,complete,LEC,Summer,0,2026-07-26 17:38:42,1,16.14,200,Red,Karmine Corp,oe:team:f3aa9bbd924ce3af42ac53f8326bc7c,1872,1,-1121.0,25.0,-14.0,2.0,2.0,850.0,1944.0,-15.0,5.0,2.0,4629.0,8268.0,0.0,13.0,6.0,top: Jayce / jng: Lee Sin / mid: Sylas / bot: Viktor / sup: Rell,2026-07-26,G2 Esports,top: K'Sante / jng: Jarvan IV / mid: Ahri / bot: Syndra / sup: Leona,0,3.0,1971.0,1919.0,-1.0,-15.007587742025862,True,Grew by >500g
LOLTMNT02_440629,complete,CBLOL,Split 2,0,2026-07-26 18:11:19,1,16.14,100,Blue,Vivo Keyd Stars,oe:team:b9e44c69c1a70fb35df9be96f9eafea,2147,1,434.0,-65.0,-22.0,1.0,0.0,1243.0,431.0,-34.0,1.0,0.0,3069.0,4116.0,-21.0,2.0,1.0,top: Rumble / jng: Lee Sin / mid: Cassiopeia / bot: Ezreal / sup: Leona,2026-07-26,RED Canids,top: Jayce / jng: Naafiri / mid: Syndra / bot: Lucian / sup: Rell,1,1.0,809.0,496.0,-12.0,-85.66470127676598,True,Grew by >500g
LOLTMNT05_214365,complete,LEC,Summer,0,2026-07-26 18:38:08,2,16.14,200,Red,G2 Esports,oe:team:7d6673d3a9d00363c6bebc1a630da6e,2101,1,2641.0,2585.0,25.0,8.0,2.0,2284.0,1175.0,22.0,10.0,4.0,3082.0,4168.0,32.0,13.0,7.0,top: Kled / jng: Naafiri / mid: Akali / bot: Ziggs / sup: Shen,2026-07-26,Karmine Corp,top: Renekton / jng: Qiyana / mid: Orianna / bot: Kai'Sa / sup: Nautilus,0,6.0,-357.0,-1410.0,-3.0,15.007587742025862,True,Grew by >500g
LOLTMNT02_440641,complete,CBLOL,Split 2,0,2026-07-26 19:06:53,2,16.14,200,Red,RED Canids,oe:team:67169969ecc058b307edfa9c6b7a3c0,1546,1,1813.0,933.0,46.0,2.0,1.0,4549.0,5349.0,76.0,6.0,1.0,10525.0,14675.0,106.0,16.0,3.0,top: Ambessa / jng: Wukong / mid: Orianna / bot: Vel'Koz / sup: Alistar,2026-07-26,Vivo Keyd Stars,top: Yorick / jng: Xin Zhao / mid: Sylas / bot: Viktor / sup: Shen,0,5.0,2736.0,4416.0,30.0,85.66470127676598,True,Grew by >500g
LOLTMNT05_214367,complete,LEC,Summer,0,2026-07-26 19:35:10,3,16.14,100,Blue,G2 Esports,oe:team:7d6673d3a9d00363c6bebc1a630da6e,2631,0,-450.0,20.0,-5.0,7.0,6.0,91.0,1696.0,-22.0,8.0,6.0,2136.0,3194.0,-50.0,13.0,9.0,top: Anivia / jng: Olaf / mid: Galio / bot: Lucian / sup: Taric,2026-07-26,Karmine Corp,top: Yone / jng: Wukong / mid: Cassiopeia / bot: Caitlyn / sup: Camille,1,2.0,541.0,1676.0,-17.0,15.007587742025862,True,Grew by >500g
LOLTMNT02_440656,complete,CBLOL,Split 2,0,2026-07-26 19:52:51,3,16.14,200,Red,Vivo Keyd Stars,oe:team:b9e44c69c1a70fb35df9be96f9eafea,1912,1,-1801.0,-441.0,-12.0,3.0,5.0,1492.0,3287.0,27.0,6.0,5.0,2765.0,4039.0,37.0,9.0,6.0,top: Gnar / jng: Trundle / mid: Akali / bot: Ziggs / sup: Maokai,2026-07-26,RED Canids,top: Olaf / jng: Qiyana / mid: Ryze / bot: Mel / sup: Nautilus,0,1.0,3293.0,3728.0,39.0,-85.66470127676598,True,Grew by >500g
LOLTMNT02_439759,complete,LCS,Summer,0,2026-07-26 20:24:27,1,16.14,100,Blue,Team Liquid,oe:team:8eb884e168f28402ce685bedebb5250,2253,1,2437.0,1157.0,-5.0,5.0,2.0,2114.0,-190.0,-23.0,5.0,3.0,1114.0,-2288.0,-25.0,5.0,6.0,top: Renekton / jng: Wukong / mid: Locke / bot: Kai'Sa / sup: Nautilus,2026-07-26,Cloud9,top: Rumble / jng: Skarner / mid: Akali / bot: Ezreal / sup: Leona,1,2.0,-323.0,-1347.0,-18.0,19.63196284567948,True,Shrank by >500g
LOLTMNT02_439771,complete,LCS,Summer,0,2026-07-26 21:25:07,2,16.14,100,Blue,Team Liquid,oe:team:8eb884e168f28402ce685bedebb5250,1761,1,2203.0,2039.0,33.0,5.0,4.0,4758.0,3042.0,33.0,7.0,4.0,8928.0,5315.0,25.0,11.0,5.0,top: Gnar / jng: Naafiri / mid: Syndra / bot: Corki / sup: Rell,2026-07-26,Cloud9,top: Ambessa / jng: Lee Sin / mid: Ryze / bot: Viktor / sup: Bard,1,3.0,2555.0,1003.0,0.0,19.63196284567948,True,Grew by >500g
LOLTMNT02_439792,complete,LCS,Summer,0,2026-07-26 22:15:36,1,16.14,200,Red,Disguised,oe:team:289284911fb6f41c0ccaecc3a0c2891,2385,0,-251.0,-1028.0,19.0,1.0,2.0,1216.0,-289.0,53.0,2.0,3.0,4957.0,6659.0,62.0,7.0,4.0,top: Ambessa / jng: Jarvan IV / mid: Cassiopeia / bot: Ziggs / sup: Shen,2026-07-26,Shopify Rebellion,top: Gnar / jng: Vi / mid: Galio / bot: Ezreal / sup: Camille,0,-1.0,1467.0,739.0,34.0,18.877161980455867,True,Grew by >500g
LOLTMNT02_440700,complete,LCS,Summer,0,2026-07-26 23:12:26,2,16.14,100,Blue,Shopify Rebellion,oe:team:b360f1d729b0a8e0f29a5243c4200fa,1732,1,2054.0,736.0,-10.0,4.0,1.0,1780.0,228.0,-40.0,6.0,2.0,3166.0,3449.0,-43.0,9.0,2.0,top: Jayce / jng: Xin Zhao / mid: Anivia / bot: Viktor / sup: Nautilus,2026-07-26,Disguised,top: Rumble / jng: Pantheon / mid: Ryze / bot: Lucian / sup: Milio,1,4.0,-274.0,-508.0,-30.0,-18.877161980455867,True,Grew by >500g
LOLTMNT02_442746,complete,LCK,Rounds 3-4,0,2026-07-29 08:05:41,1,16.14,200,Red,Nongshim RedForce,oe:team:5cd2cd09ec94296f605dd13a2924d6c,1643,1,4701.0,3382.0,79.0,14.0,8.0,4259.0,4122.0,95.0,16.0,9.0,8476.0,8402.0,122.0,21.0,10.0,top: Varus / jng: Jarvan IV / mid: Locke / bot: Ezreal / sup: Shen,2026-07-29,Kiwoom DRX,top: Gnar / jng: Xin Zhao / mid: Orianna / bot: Yunara / sup: Bard,0,7.0,-442.0,740.0,16.0,-70.32105486963997,True,Grew by >500g
LOLTMNT02_441911,complete,LCK,Rounds 3-4,0,2026-07-29 08:53:53,2,16.14,100,Blue,Kiwoom DRX,oe:team:1d0389df0c5eea93b04122ba167c010,2030,0,1901.0,2435.0,-10.0,9.0,2.0,267.0,3814.0,4.0,13.0,5.0,-5650.0,-4552.0,-43.0,13.0,11.0,top: Ambessa / jng: Skarner / mid: Cassiopeia / bot: Sivir / sup: Nautilus,2026-07-29,Nongshim RedForce,top: Zaahen / jng: Lee Sin / mid: Syndra / bot: Jhin / sup: Leona,1,8.0,-1634.0,1379.0,14.0,70.32105486963997,True,Lead lost by 25
13379-13379_game_1,complete,LPL,Split 3,0,2026-07-29 09:12:39,1,16.14,200,Red,Top Esports,oe:team:fcec508e780bbd1ad493852640f5b36,2131,0,1011.0,-136.0,32.0,0.0,0.0,113.0,-2354.0,7.0,2.0,2.0,-2755.0,-2299.0,-18.0,3.0,5.0,top: Jayce / jng: Lee Sin / mid: Ryze / bot: Cassiopeia / sup: Alistar,2026-07-29,Anyone's Legend,top: Yorick / jng: Jarvan IV / mid: Galio / bot: Viktor / sup: Shen,0,0.0,-898.0,-2218.0,-25.0,38.746311232300286,True,Lead lost by 25
LOLTMNT02_441926,complete,LCK,Rounds 3-4,0,2026-07-29 10:14:12,1,16.14,100,Blue,T1,oe:team:ce499dea30cfce118f4fe85da0227e8,2142,0,1847.0,2648.0,36.0,5.0,5.0,1107.0,-298.0,42.0,8.0,9.0,2782.0,2024.0,56.0,11.0,10.0,top: Ambessa / jng: Vi / mid: Akali / bot: Viktor / sup: Leona,2026-07-29,KT Rolster,top: Zaahen / jng: Pantheon / mid: Cassiopeia / bot: Ezreal / sup: Nautilus,1,-1.0,-740.0,-2946.0,6.0,126.31666540066021,True,Grew by >500g
13379-13379_game_2,complete,LPL,Split 3,0,2026-07-29 10:15:01,2,16.14,100,Blue,Anyone's Legend,oe:team:ed28f87f0cfdba0a2a8f183cebae73a,1883,1,4023.0,2950.0,-5.0,9.0,3.0,8699.0,8931.0,24.0,18.0,4.0,5738.0,7467.0,19.0,24.0,12.0,top: Gnar / jng: Naafiri / mid: Sylas / bot: Ziggs / sup: Rell,2026-07-29,Top Esports,top: Olaf / jng: Nocturne / mid: Syndra / bot: Lucian / sup: Milio,1,14.0,4676.0,5981.0,29.0,-38.746311232300286,True,Shrank by >500g
LOLTMNT02_441944,complete,LCK,Rounds 3-4,0,2026-07-29 11:12:05,2,16.14,200,Red,T1,oe:team:ce499dea30cfce118f4fe85da0227e8,2155,0,1226.0,1957.0,69.0,2.0,4.0,2086.0,389.0,80.0,4.0,6.0,3232.0,2933.0,102.0,6.0,7.0,top: Jayce / jng: Lee Sin / mid: Ryze / bot: Jhin / sup: Shen,2026-07-29,KT Rolster,top: Rumble / jng: Jarvan IV / mid: Yone / bot: Miss Fortune / sup: Rell,0,-2.0,860.0,-1568.0,11.0,126.31666540066021,True,Grew by >500g
13380-13380_game_1,complete,LPL,Split 3,0,2026-07-29 11:30:22,1,16.14,200,Red,Bilibili Gaming,oe:team:d356a144644879dabb5f34cd99c886d,2249,1,1375.0,1254.0,-7.0,7.0,5.0,1444.0,2465.0,-15.0,11.0,9.0,834.0,1715.0,-47.0,12.0,11.0,top: Yorick / jng: Naafiri / mid: Cassiopeia / bot: Vladimir / sup: Camille,2026-07-29,LGD Gaming,top: Jayce / jng: Nocturne / mid: Syndra / bot: Locke / sup: Shen,0,2.0,69.0,1211.0,-8.0,227.57303007709356,True,Shrank by >500g
13380-13380_game_2,complete,LPL,Split 3,0,2026-07-29 12:34:08,2,16.14,100,Blue,Bilibili Gaming,oe:team:d356a144644879dabb5f34cd99c886d,1763,0,-741.0,-426.0,21.0,5.0,7.0,697.0,-1272.0,29.0,7.0,8.0,-3581.0,-9515.0,1.0,8.0,12.0,top: K'Sante / jng: Skarner / mid: Orianna / bot: Yunara / sup: Lulu,2026-07-29,LGD Gaming,top: Ambessa / jng: Lee Sin / mid: Ryze / bot: Varus / sup: Bard,1,-1.0,1438.0,-846.0,8.0,227.57303007709356,True,Lead lost by 25
13380-13380_game_3,complete,LPL,Split 3,0,2026-07-29 13:31:12,3,16.14,200,Red,Bilibili Gaming,oe:team:d356a144644879dabb5f34cd99c886d,1883,1,3374.0,1089.0,89.0,3.0,3.0,3376.0,1774.0,97.0,7.0,6.0,7062.0,8211.0,124.0,12.0,7.0,top: Aurora / jng: Poppy / mid: Akali / bot: Caitlyn / sup: Lux,2026-07-29,LGD Gaming,top: Rumble / jng: Vi / mid: Annie / bot: Jhin / sup: Seraphine,0,1.0,2.0,685.0,8.0,227.57303007709356,True,Grew by >500g
13381-13381_game_1,complete,LPL,Split 3,0,2026-07-30 07:12:45,1,16.14,100,Blue,Weibo Gaming,oe:team:606c6ac695907af3823ee6405c58ff1,1788,0,3577.0,2257.0,38.0,5.0,0.0,3051.0,-188.0,40.0,5.0,3.0,-1651.0,-6373.0,12.0,6.0,8.0,top: Ambessa / jng: Nocturne / mid: Syndra / bot: Kai'Sa / sup: Shen,2026-07-30,Ninjas in Pyjamas,top: Gnar / jng: Trundle / mid: Cassiopeia / bot: Ezreal / sup: Alistar,1,2.0,-526.0,-2445.0,2.0,-29.973140952036147,True,Lead lost by 25
13381-13381_game_2,complete,LPL,Split 3,0,2026-07-30 08:06:11,2,16.14,100,Blue,Ninjas in Pyjamas,oe:team:48d7941ccbd5b89aca46c57b0c2f8fb,1787,1,5184.0,2066.0,40.0,10.0,3.0,5616.0,1229.0,44.0,11.0,5.0,5432.0,116.0,45.0,11.0,6.0,top: Yorick / jng: Naafiri / mid: Locke / bot: Sivir / sup: Rakan,2026-07-30,Weibo Gaming,top: Rumble / jng: Vi / mid: Taliyah / bot: Varus / sup: Rell,1,6.0,432.0,-837.0,4.0,29.973140952036147,True,Within 500g
LOLTMNT02_444167,complete,LCK,Rounds 3-4,0,2026-07-30 08:07:12,1,16.14,100,Blue,BNK FEARX,oe:team:5c2e7e9ea8dfcba0150d9a5619baecf,1871,1,2678.0,1844.0,32.0,2.0,0.0,2346.0,1191.0,27.0,3.0,1.0,5880.0,5069.0,55.0,9.0,3.0,top: Rumble / jng: Lee Sin / mid: Cassiopeia / bot: Corki / sup: Shen,2026-07-30,DN SOOPers,top: Jayce / jng: Jarvan IV / mid: Syndra / bot: Viktor / sup: Rell,1,2.0,-332.0,-653.0,-5.0,172.19323480597836,True,Grew by >500g
LOLTMNT02_444200,complete,LCK,Rounds 3-4,0,2026-07-30 09:02:26,2,16.14,100,Blue,BNK FEARX,oe:team:5c2e7e9ea8dfcba0150d9a5619baecf,1667,1,2526.0,832.0,20.0,7.0,4.0,3406.0,421.0,-4.0,8.0,5.0,4024.0,-1379.0,-3.0,9.0,5.0,top: Tristana / jng: Pantheon / mid: Taliyah / bot: Sivir / sup: Alistar,2026-07-30,DN SOOPers,top: Gnar / jng: Naafiri / mid: Ryze / bot: Kai'Sa / sup: Nautilus,1,3.0,880.0,-411.0,-24.0,172.19323480597836,True,Grew by >500g
LOLTMNT02_443318,complete,LCP,Split 3,0,2026-07-30 09:18:14,1,16.14,100,Blue,DetonatioN FocusMe,oe:team:e435aa3ecb82a89e60544f5f5857a81,2162,1,874.0,1986.0,20.0,1.0,0.0,1141.0,246.0,12.0,1.0,0.0,2882.0,3903.0,-1.0,6.0,1.0,top: Gnar / jng: Naafiri / mid: Viktor / bot: Cassiopeia / sup: Shen,2026-07-30,Fukuoka SoftBank HAWKS gaming,top: K'Sante / jng: Jarvan IV / mid: Syndra / bot: Vladimir / sup: Camille,1,1.0,267.0,-1740.0,-8.0,-129.79361431536972,True,Grew by >500g
13382-13382_game_1,complete,LPL,Split 3,0,2026-07-30 09:20:01,1,16.14,100,Blue,Team WE,oe:team:62c1cd9465dc63824593ee5046f5aa8,1849,1,3769.0,3002.0,19.0,10.0,4.0,6513.0,4047.0,10.0,12.0,4.0,7030.0,1489.0,31.0,17.0,7.0,top: Ornn / jng: Wukong / mid: Ahri / bot: Varus / sup: Rakan,2026-07-30,EDward Gaming,top: Rumble / jng: Naafiri / mid: Ryze / bot: Jhin / sup: Rell,1,8.0,2744.0,1045.0,-9.0,79.25704210557342,True,Grew by >500g
13382-13382_game_2,complete,LPL,Split 3,0,2026-07-30 10:13:34,2,16.14,100,Blue,Team WE,oe:team:62c1cd9465dc63824593ee5046f5aa8,2271,1,-241.0,-31.0,-18.0,5.0,5.0,2990.0,4599.0,-3.0,12.0,8.0,6974.0,4707.0,53.0,21.0,13.0,top: Ambessa / jng: Jayce / mid: Akali / bot: Corki / sup: Nautilus,2026-07-30,EDward Gaming,top: K'Sante / jng: Jarvan IV / mid: Cassiopeia / bot: Sivir / sup: Shen,1,4.0,3231.0,4630.0,15.0,79.25704210557342,True,Grew by >500g
LOLTMNT02_443344,complete,LCK,Rounds 3-4,0,2026-07-30 10:17:39,1,16.14,100,Blue,Hanwha Life Esports,oe:team:3a1d18f46bcb3716ebcfcf4ef068934,1854,0,-299.0,1172.0,-14.0,3.0,3.0,185.0,1838.0,-30.0,5.0,4.0,-4586.0,-2515.0,-49.0,7.0,10.0,top: Ambessa / jng: Vi / mid: Aurora / bot: Cassiopeia / sup: Camille,2026-07-30,Dplus Kia,top: Olaf / jng: Xin Zhao / mid: Orianna / bot: Ezreal / sup: Shen,1,1.0,484.0,666.0,-16.0,88.30695060182461,True,Lead lost by 25
LOLTMNT02_443343,complete,LCP,Split 3,0,2026-07-30 10:18:33,2,16.14,200,Red,DetonatioN FocusMe,oe:team:e435aa3ecb82a89e60544f5f5857a81,2005,0,2715.0,2272.0,65.0,3.0,0.0,2671.0,730.0,65.0,3.0,1.0,3546.0,4785.0,17.0,4.0,2.0,top: Ambessa / jng: Trundle / mid: Ryze / bot: Kai'Sa / sup: Rell,2026-07-30,Fukuoka SoftBank HAWKS gaming,top: Rumble / jng: Sejuani / mid: Yone / bot: Sivir / sup: Bard,0,2.0,-44.0,-1542.0,0.0,-129.79361431536972,True,Grew by >500g
LOLTMNT02_444234,complete,LCK,Rounds 3-4,0,2026-07-30 11:12:36,2,16.14,200,Red,Hanwha Life Esports,oe:team:3a1d18f46bcb3716ebcfcf4ef068934,1915,1,158.0,-1171.0,-53.0,8.0,3.0,1952.0,1223.0,-45.0,13.0,6.0,3078.0,930.0,-33.0,15.0,7.0,top: Aatrox / jng: Lee Sin / mid: Annie / bot: Jhin / sup: Bard,2026-07-30,Dplus Kia,top: Renekton / jng: Skarner / mid: Ryze / bot: Viktor / sup: Pyke,0,7.0,1794.0,2394.0,8.0,88.30695060182461,True,Grew by >500g
LOLTMNT02_444235,complete,LCP,Split 3,0,2026-07-30 11:15:35,3,16.14,200,Red,DetonatioN FocusMe,oe:team:e435aa3ecb82a89e60544f5f5857a81,1843,1,-372.0,-1929.0,-44.0,3.0,3.0,2069.0,953.0,-10.0,5.0,3.0,3441.0,1890.0,20.0,7.0,4.0,top: Jayce / jng: Nasus / mid: Akali / bot: Ziggs / sup: Leona,2026-07-30,Fukuoka SoftBank HAWKS gaming,top: Yorick / jng: Vi / mid: Twisted Fate / bot: Taliyah / sup: Alistar,0,2.0,2441.0,2882.0,34.0,-129.79361431536972,True,Grew by >500g
13383-13383_game_1,complete,LPL,Split 3,0,2026-07-30 11:32:58,1,16.14,200,Red,ThunderTalk Gaming,oe:team:df80f468a3f9a722df056fe9104f052,1981,1,-6.0,-1138.0,-17.0,5.0,8.0,129.0,-351.0,-32.0,8.0,9.0,2707.0,3746.0,-14.0,13.0,11.0,top: Rumble / jng: Pantheon / mid: Orianna / bot: Draven / sup: Nautilus,2026-07-30,JD Gaming,top: Ambessa / jng: Jarvan IV / mid: Locke / bot: Sivir / sup: Camille,0,-1.0,135.0,787.0,-15.0,-28.621529496008407,True,Grew by >500g
LOLTMNT02_443370,complete,LCK,Rounds 3-4,0,2026-07-30 12:07:20,3,16.14,100,Blue,Hanwha Life Esports,oe:team:3a1d18f46bcb3716ebcfcf4ef068934,2181,0,1488.0,481.0,26.0,3.0,2.0,1388.0,1889.0,44.0,6.0,6.0,4803.0,6309.0,57.0,8.0,7.0,top: Gnar / jng: Qiyana / mid: Galio / bot: Lucian / sup: Milio,2026-07-30,Dplus Kia,top: Jax / jng: Jarvan IV / mid: Syndra / bot: Yunara / sup: Lulu,1,0.0,-100.0,1408.0,18.0,88.30695060182461,True,Grew by >500g
LOLTMNT02_444279,complete,LCP,Split 3,0,2026-07-30 12:29:55,1,16.14,100,Blue,Ground Zero Gaming,oe:team:788115a84f68bc65fa6d3a4e0f67a3e,1719,1,3278.0,3575.0,38.0,5.0,1.0,8431.0,7983.0,71.0,12.0,2.0,13537.0,12476.0,89.0,18.0,3.0,top: Rumble / jng: Jarvan IV / mid: Viktor / bot: Ezreal / sup: Alistar,2026-07-30,Deep Cross Gaming,top: Ambessa / jng: Vi / mid: Sylas / bot: Cassiopeia / sup: Rell,1,10.0,5153.0,4408.0,33.0,-139.89269076426262,True,Grew by >500g
13383-13383_game_2,complete,LPL,Split 3,0,2026-07-30 12:30:48,2,16.14,200,Red,JD Gaming,oe:team:b42d0f31f2727621b963042276817c4,1644,1,2732.0,2096.0,38.0,6.0,3.0,4700.0,4076.0,62.0,7.0,3.0,5513.0,7529.0,26.0,12.0,6.0,top: Tristana / jng: Naafiri / mid: Anivia / bot: Varus / sup: Alistar,2026-07-30,ThunderTalk Gaming,top: Gnar / jng: Vi / mid: Ryze / bot: Jhin / sup: Shen,0,4.0,1968.0,1980.0,24.0,28.621529496008407,True,Grew by >500g
13383-13383_game_3,complete,LPL,Split 3,0,2026-07-30 13:22:34,3,16.14,100,Blue,JD Gaming,oe:team:b42d0f31f2727621b963042276817c4,1961,1,6889.0,5599.0,89.0,6.0,0.0,7595.0,5472.0,87.0,8.0,2.0,6209.0,1325.0,73.0,14.0,5.0,top: Malphite / jng: Trundle / mid: Galio / bot: Ezreal / sup: Seraphine,2026-07-30,ThunderTalk Gaming,top: Vayne / jng: Kha'Zix / mid: Cassiopeia / bot: Kai'Sa / sup: Neeko,1,6.0,706.0,-127.0,-2.0,28.621529496008407,True,Shrank by >500g
LOLTMNT02_444303,complete,LCP,Split 3,0,2026-07-30 13:30:51,2,16.14,100,Blue,Ground Zero Gaming,oe:team:788115a84f68bc65fa6d3a4e0f67a3e,2514,0,3004.0,2420.0,10.0,6.0,2.0,3365.0,3152.0,-10.0,11.0,5.0,3974.0,3795.0,-34.0,14.0,5.0,top: Jayce / jng: Pantheon / mid: Galio / bot: Mel / sup: Shen,2026-07-30,Deep Cross Gaming,top: Yorick / jng: Naafiri / mid: Locke / bot: Jhin / sup: Leona,1,6.0,361.0,732.0,-20.0,-139.89269076426262,True,Grew by >500g
LOLTMNT02_443414,complete,LCP,Split 3,0,2026-07-30 14:34:20,3,16.14,100,Blue,Deep Cross Gaming,oe:team:7e56e9367c023df96cc8257ff4e16c0,1836,1,3889.0,2630.0,48.0,6.0,1.0,3921.0,134.0,31.0,10.0,5.0,6531.0,5980.0,52.0,14.0,6.0,top: Gnar / jng: Wukong / mid: Orianna / bot: Corki / sup: Braum,2026-07-30,Ground Zero Gaming,top: Renekton / jng: Xin Zhao / mid: Taliyah / bot: Xerath / sup: Nautilus,1,5.0,32.0,-2496.0,-17.0,139.89269076426262,True,Grew by >500g
13384-13384_game_1,complete,LPL,Split 3,0,2026-07-31 07:12:16,1,16.14,100,Blue,Anyone's Legend,oe:team:ed28f87f0cfdba0a2a8f183cebae73a,1505,1,4346.0,2238.0,22.0,6.0,1.0,11527.0,8915.0,60.0,15.0,2.0,12801.0,14226.0,101.0,22.0,6.0,top: Gnar / jng: Naafiri / mid: Twisted Fate / bot: Ezreal / sup: Shen,2026-07-31,EDward Gaming,top: Tristana / jng: Jarvan IV / mid: Ryze / bot: Syndra / sup: Rell,1,13.0,7181.0,6677.0,38.0,167.32586839736518,True,Grew by >500g
13384-13384_game_2,complete,LPL,Split 3,0,2026-07-31 08:02:06,2,16.14,100,Blue,Anyone's Legend,oe:team:ed28f87f0cfdba0a2a8f183cebae73a,1663,1,2594.0,3297.0,20.0,9.0,3.0,4587.0,5737.0,14.0,12.0,3.0,3693.0,7090.0,3.0,21.0,8.0,top: K'Sante / jng: Pantheon / mid: Cassiopeia / bot: Ziggs / sup: Camille,2026-07-31,EDward Gaming,top: Renekton / jng: Qiyana / mid: Viktor / bot: Varus / sup: Nautilus,1,9.0,1993.0,2440.0,-6.0,167.32586839736518,True,Shrank by >500g
LOLTMNT02_444480,complete,LCK,Rounds 3-4,0,2026-07-31 08:15:35,1,16.14,200,Red,T1,oe:team:ce499dea30cfce118f4fe85da0227e8,1755,1,879.0,748.0,-4.0,4.0,2.0,1007.0,2548.0,14.0,7.0,3.0,2778.0,3532.0,21.0,9.0,4.0,top: Gnar / jng: Jarvan IV / mid: Orianna / bot: Lucian / sup: Milio,2026-07-31,Gen.G,top: Ambessa / jng: Lee Sin / mid: Galio / bot: Xayah / sup: Rakan,0,4.0,128.0,1800.0,18.0,-54.714463661625814,True,Grew by >500g
LOLTMNT02_444494,complete,LCK,Rounds 3-4,0,2026-07-31 09:08:44,2,16.14,200,Red,Gen.G,oe:team:50f58982d91a36557ec8aec52ab014f,1986,0,1642.0,2777.0,36.0,10.0,4.0,3592.0,3971.0,50.0,12.0,5.0,4701.0,6805.0,66.0,14.0,7.0,top: Varus / jng: Vi / mid: Anivia / bot: Ziggs / sup: Shen,2026-07-31,T1,top: Jax / jng: Xin Zhao / mid: Ryze / bot: Ezreal / sup: Seraphine,0,7.0,1950.0,1194.0,14.0,54.714463661625814,True,Grew by >500g
13385-13385_game_1,complete,LPL,Split 3,0,2026-07-31 09:09:46,1,16.14,200,Red,Bilibili Gaming,oe:team:d356a144644879dabb5f34cd99c886d,1846,1,2833.0,4315.0,85.0,3.0,2.0,5282.0,5525.0,107.0,5.0,4.0,7204.0,10217.0,118.0,10.0,6.0,top: Yorick / jng: Naafiri / mid: Ryze / bot: Xerath / sup: Camille,2026-07-31,Team WE,top: Rumble / jng: Poppy / mid: Syndra / bot: Sivir / sup: Alistar,0,1.0,2449.0,1210.0,22.0,137.0173754501643,True,Grew by >500g
LOLTMNT02_444499,complete,LCP,Split 3,0,2026-07-31 09:22:46,1,16.14,100,Blue,Team Secret Whales,oe:team:740de582f50775c516c77ed7b923fd5,1333,1,5377.0,4574.0,76.0,8.0,2.0,9937.0,6885.0,99.0,13.0,3.0,,,,,,top: Urgot / jng: Lee Sin / mid: Ryze / bot: Kai'Sa / sup: Shen,2026-07-31,MVK Esports,top: Gnar / jng: Xin Zhao / mid: Syndra / bot: Ezreal / sup: Camille,1,10.0,4560.0,2311.0,23.0,198.72018883731835,True,Won before 25
13385-13385_game_2,complete,LPL,Split 3,0,2026-07-31 10:06:56,2,16.14,100,Blue,Bilibili Gaming,oe:team:d356a144644879dabb5f34cd99c886d,1713,1,684.0,1973.0,50.0,4.0,6.0,3884.0,3552.0,62.0,14.0,12.0,7515.0,10889.0,91.0,19.0,13.0,top: Jayce / jng: Lee Sin / mid: Vex / bot: Mel / sup: Pyke,2026-07-31,Team WE,top: Malphite / jng: Trundle / mid: Akali / bot: Caitlyn / sup: Nautilus,1,2.0,3200.0,1579.0,12.0,137.0173754501643,True,Grew by >500g
LOLTMNT02_443568,complete,LCP,Split 3,0,2026-07-31 10:10:27,2,16.14,100,Blue,Team Secret Whales,oe:team:740de582f50775c516c77ed7b923fd5,1594,1,4695.0,3252.0,41.0,10.0,3.0,6049.0,4362.0,63.0,11.0,3.0,12136.0,8094.0,97.0,19.0,5.0,top: Jax / jng: Qiyana / mid: Viktor / bot: Akali / sup: Alistar,2026-07-31,MVK Esports,top: Varus / jng: Pantheon / mid: Cassiopeia / bot: Galio / sup: Pyke,1,8.0,1354.0,1110.0,22.0,198.72018883731835,True,Grew by >500g
LOLTMNT02_444519,complete,LCK,Rounds 3-4,0,2026-07-31 10:28:31,1,16.14,200,Red,HANJIN BRION,oe:team:b77b3f6068e20a2b3edc0ecd3dc70d4,2425,1,2523.0,2362.0,46.0,4.0,3.0,3505.0,2538.0,42.0,5.0,3.0,5119.0,2053.0,52.0,9.0,4.0,top: Rumble / jng: Jarvan IV / mid: Syndra / bot: Corki / sup: Camille,2026-07-31,Kiwoom DRX,top: Ambessa / jng: Naafiri / mid: Cassiopeia / bot: Jhin / sup: Nautilus,0,2.0,982.0,176.0,-4.0,-12.949205528412449,True,Grew by >500g
LOLTMNT02_443601,complete,LCK,Rounds 3-4,0,2026-07-31 11:31:11,2,16.14,100,Blue,Kiwoom DRX,oe:team:1d0389df0c5eea93b04122ba167c010,2178,1,1065.0,1959.0,37.0,3.0,3.0,1353.0,-2233.0,-9.0,5.0,4.0,1016.0,-1011.0,-19.0,6.0,5.0,top: Yorick / jng: Pantheon / mid: Annie / bot: Ezreal / sup: Karma,2026-07-31,HANJIN BRION,top: Anivia / jng: Lee Sin / mid: Aurora / bot: Lucian / sup: Milio,1,1.0,288.0,-4192.0,-46.0,12.949205528412449,True,Within 500g
LOLTMNT05_214781,complete,LCP,Split 3,0,2026-07-31 11:33:17,1,16.14,200,Red,GAM Esports,oe:team:9cae7677cd0dbcc1cd86653870b73c2,2277,1,-665.0,-634.0,-20.0,7.0,9.0,2963.0,106.0,-24.0,15.0,13.0,4007.0,1626.0,-22.0,16.0,13.0,top: Rumble / jng: Naafiri / mid: Cassiopeia / bot: Sivir / sup: Camille,2026-07-31,CTBC Flying Oyster,top: Yorick / jng: Jarvan IV / mid: Akali / bot: Syndra / sup: Nautilus,0,2.0,3628.0,740.0,-4.0,68.36350881580711,True,Grew by >500g
LOLTMNT02_443609,complete,LCK,Rounds 3-4,0,2026-07-31 12:30:32,3,16.14,100,Blue,Kiwoom DRX,oe:team:1d0389df0c5eea93b04122ba167c010,1931,1,2657.0,1332.0,35.0,2.0,0.0,3107.0,-33.0,27.0,3.0,1.0,2918.0,-131.0,5.0,4.0,3.0,top: Gnar / jng: Nocturne / mid: Ryze / bot: Sivir / sup: Shen,2026-07-31,HANJIN BRION,top: Renekton / jng: Vi / mid: Taliyah / bot: Viktor / sup: Alistar,1,2.0,450.0,-1365.0,-8.0,12.949205528412449,True,Within 500g
LOLTMNT05_213677,complete,LCP,Split 3,0,2026-07-31 12:36:14,2,16.14,100,Blue,GAM Esports,oe:team:9cae7677cd0dbcc1cd86653870b73c2,2121,0,3101.0,2427.0,34.0,5.0,4.0,4850.0,2410.0,47.0,5.0,4.0,6731.0,6045.0,56.0,7.0,6.0,top: Ambessa / jng: Wukong / mid: Anivia / bot: Caitlyn / sup: Bard,2026-07-31,CTBC Flying Oyster,top: Gnar / jng: Skarner / mid: Ryze / bot: Lucian / sup: Milio,1,1.0,1749.0,-17.0,13.0,68.36350881580711,True,Grew by >500g
LOLTMNT05_214790,complete,LCP,Split 3,0,2026-07-31 13:30:49,3,16.14,100,Blue,CTBC Flying Oyster,oe:team:0916b3c324c8577b0c6344f3e067f62,1806,1,2406.0,3122.0,25.0,7.0,3.0,2826.0,2497.0,-2.0,9.0,5.0,2531.0,502.0,-1.0,13.0,7.0,top: K'Sante / jng: Pantheon / mid: Orianna / bot: Miss Fortune / sup: Alistar,2026-07-31,GAM Esports,top: Varus / jng: Qiyana / mid: Galio / bot: Corki / sup: Poppy,1,4.0,420.0,-625.0,-27.0,-68.36350881580711,True,Within 500g
LOLTMNT04_182038,complete,LEC,Summer,0,2026-07-31 15:08:55,1,16.15,100,Blue,Team Heretics,oe:team:1285e1c04d54de96502f12da4d49458,2150,0,-378.0,-504.0,-19.0,1.0,1.0,3670.0,3773.0,16.0,8.0,4.0,763.0,-111.0,-38.0,8.0,5.0,top: K'Sante / jng: Xin Zhao / mid: Jayce / bot: Ziggs / sup: Leona,2026-07-31,Team Vitality,top: Yorick / jng: Pantheon / mid: Syndra / bot: Sivir / sup: Rell,1,4.0,4048.0,4277.0,35.0,-135.21970620535376,True,Shrank by >500g
LOLTMNT04_182039,complete,LEC,Summer,0,2026-07-31 16:07:38,2,16.15,100,Blue,Team Vitality,oe:team:e8d8ae992fe72acb7adc7bfcee31dbb,1620,1,2472.0,3547.0,73.0,3.0,4.0,5300.0,4174.0,50.0,8.0,5.0,13376.0,14735.0,84.0,16.0,6.0,top: Akali / jng: Lee Sin / mid: Aatrox / bot: Cassiopeia / sup: Nautilus,2026-07-31,Team Heretics,top: Gnar / jng: Jarvan IV / mid: Galio / bot: Orianna / sup: Shen,1,3.0,2828.0,627.0,-23.0,135.21970620535376,True,Grew by >500g
LOLTMNT04_182048,complete,LEC,Summer,0,2026-07-31 16:58:35,1,16.15,100,Blue,Movistar KOI,oe:team:4acc40654379b4da680be1bd3129dfa,2542,0,-164.0,-1888.0,1.0,2.0,4.0,1419.0,220.0,18.0,6.0,6.0,2128.0,916.0,30.0,7.0,6.0,top: Ambessa / jng: Vi / mid: Viktor / bot: Ziggs / sup: Shen,2026-07-31,Shifters,top: Gnar / jng: Olaf / mid: Cassiopeia / bot: Vladimir / sup: Rell,1,0.0,1583.0,2108.0,17.0,97.97505839943278,True,Grew by >500g
LOLTMNT04_182052,complete,LEC,Summer,0,2026-07-31 18:01:36,2,16.15,200,Red,Movistar KOI,oe:team:4acc40654379b4da680be1bd3129dfa,1706,1,1673.0,574.0,14.0,5.0,3.0,2354.0,254.0,5.0,6.0,3.0,7275.0,8421.0,59.0,13.0,3.0,top: Jayce / jng: Lee Sin / mid: Galio / bot: Lucian / sup: Leona,2026-07-31,Shifters,top: K'Sante / jng: Naafiri / mid: Orianna / bot: Ezreal / sup: Alistar,0,3.0,681.0,-320.0,-9.0,97.97505839943278,True,Grew by >500g
LOLTMNT04_182054,complete,LEC,Summer,0,2026-07-31 18:51:57,3,16.15,100,Blue,Movistar KOI,oe:team:4acc40654379b4da680be1bd3129dfa,1738,1,4997.0,4401.0,49.0,9.0,2.0,6812.0,5559.0,55.0,16.0,5.0,10432.0,11575.0,79.0,20.0,5.0,top: Rumble / jng: Trundle / mid: Taliyah / bot: Sivir / sup: Nautilus,2026-07-31,Shifters,top: Varus / jng: Wukong / mid: Ryze / bot: Kalista / sup: Thresh,1,11.0,1815.0,1158.0,6.0,97.97505839943278,True,Grew by >500g
13386-13386_game_1,complete,LPL,Split 3,0,2026-08-01 07:13:04,1,16.14,200,Red,Anyone's Legend,oe:team:ed28f87f0cfdba0a2a8f183cebae73a,1315,1,3004.0,3518.0,5.0,6.0,1.0,6313.0,5839.0,16.0,10.0,3.0,,,,,,top: Ambessa / jng: Naafiri / mid: Ryze / bot: Ziggs / sup: Shen,2026-08-01,ThunderTalk Gaming,top: Rumble / jng: Jarvan IV / mid: Viktor / bot: Corki / sup: Alistar,0,7.0,3309.0,2321.0,11.0,116.30980981090624,True,Won before 25
13386-13386_game_2,complete,LPL,Split 3,0,2026-08-01 08:02:32,2,16.14,100,Blue,Anyone's Legend,oe:team:ed28f87f0cfdba0a2a8f183cebae73a,1449,1,-1370.0,-1675.0,-32.0,5.0,4.0,4363.0,5085.0,-21.0,14.0,5.0,7507.0,9196.0,0.0,20.0,8.0,top: Gnar / jng: Skarner / mid: Sylas / bot: Ezreal / sup: Rell,2026-08-01,ThunderTalk Gaming,top: Jayce / jng: Pantheon / mid: Syndra / bot: Varus / sup: Nautilus,1,9.0,5733.0,6760.0,11.0,116.30980981090624,True,Won before 25
LOLTMNT02_444700,complete,LCK,Rounds 3-4,0,2026-08-01 08:05:28,1,16.14,100,Blue,Nongshim RedForce,oe:team:5cd2cd09ec94296f605dd13a2924d6c,1996,1,2594.0,3457.0,24.0,4.0,3.0,4464.0,3016.0,4.0,5.0,3.0,5967.0,6556.0,38.0,9.0,6.0,top: Rumble / jng: Vi / mid: Ryze / bot: Jhin / sup: Shen,2026-08-01,BNK FEARX,top: K'Sante / jng: Jarvan IV / mid: Viktor / bot: Ezreal / sup: Bard,1,2.0,1870.0,-441.0,-20.0,-70.41703334637668,True,Grew by >500g
LOLTMNT02_443744,complete,LCK,Rounds 3-4,0,2026-08-01 08:59:42,2,16.14,200,Red,BNK FEARX,oe:team:5c2e7e9ea8dfcba0150d9a5619baecf,1853,1,436.0,1120.0,3.0,10.0,7.0,2282.0,3118.0,13.0,13.0,8.0,7283.0,13578.0,13.0,24.0,9.0,top: Olaf / jng: Lee Sin / mid: Cassiopeia / bot: Varus / sup: Rell,2026-08-01,Nongshim RedForce,top: Jayce / jng: Xin Zhao / mid: Syndra / bot: Kai'Sa / sup: Nautilus,0,5.0,1846.0,1998.0,10.0,70.41703334637668,True,Grew by >500g
LOLTMNT05_213713,complete,LCP,Split 3,0,2026-08-01 09:25:30,1,16.14,100,Blue,DetonatioN FocusMe,oe:team:e435aa3ecb82a89e60544f5f5857a81,2131,0,1000.0,-894.0,-11.0,6.0,4.0,1551.0,-1410.0,-42.0,9.0,6.0,-564.0,-6795.0,-44.0,10.0,10.0,top: Ambessa / jng: Lee Sin / mid: LeBlanc / bot: Syndra / sup: Shen,2026-08-01,Deep Cross Gaming,top: Rumble / jng: Jarvan IV / mid: Orianna / bot: Jhin / sup: Bard,1,3.0,551.0,-516.0,-31.0,-161.90972068098176,True,Lead lost by 25
LOLTMNT02_444714,complete,LCK,Rounds 3-4,0,2026-08-01 09:52:11,3,16.14,100,Blue,BNK FEARX,oe:team:5c2e7e9ea8dfcba0150d9a5619baecf,1958,0,3427.0,913.0,1.0,7.0,1.0,470.0,-3029.0,-18.0,9.0,6.0,-3114.0,-9868.0,-35.0,10.0,12.0,top: Mordekaiser / jng: Naafiri / mid: Galio / bot: Ziggs / sup: Camille,2026-08-01,Nongshim RedForce,top: Renekton / jng: Pantheon / mid: Locke / bot: Aatrox / sup: Leona,1,3.0,-2957.0,-3942.0,-19.0,70.41703334637668,True,Lead lost by 25
13387-13387_game_2,complete,LPL,Split 3,0,2026-08-01 10:00:18,2,16.14,200,Red,Top Esports,oe:team:fcec508e780bbd1ad493852640f5b36,1586,1,1608.0,2360.0,42.0,7.0,7.0,3459.0,4129.0,96.0,7.0,7.0,5572.0,6674.0,115.0,8.0,7.0,top: Olaf / jng: Skarner / mid: Syndra / bot: Lucian / sup: Milio,2026-08-01,LGD Gaming,top: Ambessa / jng: Dr. Mundo / mid: Ryze / bot: Kog'Maw / sup: Lulu,0,0.0,1851.0,1769.0,54.0,127.3962160605397,True,Grew by >500g
LOLTMNT05_214845,complete,LCP,Split 3,0,2026-08-01 10:21:50,2,16.14,100,Blue,Deep Cross Gaming,oe:team:7e56e9367c023df96cc8257ff4e16c0,1651,1,1948.0,1501.0,-2.0,3.0,0.0,3413.0,4176.0,20.0,8.0,2.0,8006.0,12245.0,49.0,15.0,2.0,top: Gnar / jng: Pantheon / mid: Anivia / bot: Viktor / sup: Rell,2026-08-01,DetonatioN FocusMe,top: Yorick / jng: Qiyana / mid: Ryze / bot: Cassiopeia / sup: Alistar,1,6.0,1465.0,2675.0,22.0,161.90972068098176,True,Grew by >500g
13387-13387_game_3,complete,LPL,Split 3,0,2026-08-01 10:53:47,3,16.14,100,Blue,Top Esports,oe:team:fcec508e780bbd1ad493852640f5b36,1919,1,1150.0,550.0,18.0,4.0,3.0,2227.0,693.0,14.0,8.0,6.0,5071.0,4674.0,29.0,11.0,6.0,top: K'Sante / jng: Pantheon / mid: Cassiopeia / bot: Ashe / sup: Seraphine,2026-08-01,LGD Gaming,top: Jayce / jng: Trundle / mid: Galio / bot: Mel / sup: Rell,1,2.0,1077.0,143.0,-4.0,127.3962160605397,True,Grew by >500g
LOLTMNT05_213731,complete,LCP,Split 3,0,2026-08-01 11:28:23,1,16.14,200,Red,GAM Esports,oe:team:9cae7677cd0dbcc1cd86653870b73c2,2427,0,2243.0,1199.0,46.0,2.0,1.0,2757.0,-29.0,38.0,3.0,2.0,3720.0,-2923.0,31.0,6.0,3.0,top: Rumble / jng: Lee Sin / mid: Syndra / bot: Sivir / sup: Camille,2026-08-01,MVK Esports,top: Ambessa / jng: Vi / mid: Ryze / bot: Cassiopeia / sup: Poppy,0,1.0,514.0,-1228.0,-8.0,52.93888076472285,True,Grew by >500g
13388-13388_game_1,complete,LPL,Split 3,0,2026-08-01 12:04:15,1,16.14,100,Blue,Bilibili Gaming,oe:team:d356a144644879dabb5f34cd99c886d,2030,1,2064.0,1873.0,20.0,5.0,3.0,2869.0,3202.0,57.0,5.0,4.0,1647.0,228.0,15.0,10.0,6.0,top: Ambessa / jng: Lee Sin / mid: Akali / bot: Orianna / sup: Shen,2026-08-01,JD Gaming,top: Olaf / jng: Nocturne / mid: Locke / bot: Ziggs / sup: Alistar,1,1.0,805.0,1329.0,37.0,154.04682516846765,True,Shrank by >500g
LOLTMNT02_444730,complete,LCK,Rounds 3-4,0,2026-08-01 12:05:06,2,16.14,100,Blue,Dplus Kia,oe:team:ef69efa6acebe94107f0cf1ba716806,1721,1,1649.0,2126.0,61.0,1.0,2.0,3458.0,3823.0,61.0,3.0,2.0,4266.0,4857.0,66.0,4.0,2.0,top: K'Sante / jng: Xin Zhao / mid: Viktor / bot: Caitlyn / sup: Bard,2026-08-01,Gen.G,top: Rumble / jng: Jarvan IV / mid: Yone / bot: Lucian / sup: Milio,1,1.0,1809.0,1697.0,0.0,-89.0977968730781,True,Grew by >500g
LOLTMNT05_214872,complete,LCP,Split 3,0,2026-08-01 12:28:13,2,16.14,100,Blue,MVK Esports,oe:team:bc3824b0bbb8139d16109178faa4822,2230,1,1914.0,2244.0,-16.0,5.0,2.0,2343.0,2567.0,8.0,10.0,7.0,1818.0,3179.0,28.0,10.0,8.0,top: Olaf / jng: Xin Zhao / mid: Sylas / bot: Corki / sup: Bard,2026-08-01,GAM Esports,top: Jayce / jng: Nocturne / mid: Ahri / bot: Kai'Sa / sup: Nautilus,1,3.0,429.0,323.0,24.0,-52.93888076472285,True,Shrank by >500g
13388-13388_game_2,complete,LPL,Split 3,0,2026-08-01 13:05:20,2,16.14,100,Blue,Bilibili Gaming,oe:team:d356a144644879dabb5f34cd99c886d,1876,1,1870.0,975.0,13.0,6.0,3.0,3448.0,3585.0,44.0,7.0,4.0,4643.0,5137.0,33.0,7.0,4.0,top: K'Sante / jng: Jarvan IV / mid: Cassiopeia / bot: Xayah / sup: Rakan,2026-08-01,JD Gaming,top: Rumble / jng: Naafiri / mid: Galio / bot: Lucian / sup: Milio,1,3.0,1578.0,2610.0,31.0,154.04682516846765,True,Grew by >500g
LOLTMNT04_182081,complete,LEC,Summer,0,2026-08-01 15:08:25,1,16.15,200,Red,SK Gaming,oe:team:75760dca486d4682426196b76bd1a54,2524,1,2398.0,1263.0,42.0,3.0,1.0,1997.0,-1402.0,16.0,3.0,3.0,1047.0,237.0,8.0,4.0,4.0,top: Gnar / jng: Jarvan IV / mid: Cassiopeia / bot: Corki / sup: Shen,2026-08-01,GiantX,top: Rumble / jng: Vi / mid: Syndra / bot: Lucian / sup: Rell,0,0.0,-401.0,-2665.0,-26.0,-73.07894809880895,True,Shrank by >500g
LOLTMNT04_182084,complete,LEC,Summer,0,2026-08-01 16:09:56,2,16.15,100,Blue,GiantX,oe:team:6cd05f0ac20bfb965a59dc8bcc4f184,2948,1,3934.0,2230.0,33.0,8.0,4.0,7023.0,5169.0,44.0,12.0,4.0,4564.0,4596.0,31.0,17.0,9.0,top: Renekton / jng: Xin Zhao / mid: Ryze / bot: Viktor / sup: Leona,2026-08-01,SK Gaming,top: Dr. Mundo / jng: Nocturne / mid: Sylas / bot: Varus / sup: Alistar,1,8.0,3089.0,2939.0,11.0,73.07894809880895,True,Shrank by >500g
LOLTMNT01_434560,complete,CBLOL,Split 2,0,2026-08-01 16:11:48,1,16.15,100,Blue,Vivo Keyd Stars,oe:team:b9e44c69c1a70fb35df9be96f9eafea,1587,1,1403.0,215.0,5.0,4.0,2.0,4419.0,3033.0,12.0,7.0,2.0,6760.0,3279.0,16.0,10.0,2.0,top: Tristana / jng: Nocturne / mid: Orianna / bot: Corki / sup: Alistar,2026-08-01,FURIA,top: Gnar / jng: Trundle / mid: Locke / bot: Sylas / sup: Shen,1,5.0,3016.0,2818.0,7.0,-145.21584477943566,True,Grew by >500g
LOLTMNT01_434574,complete,CBLOL,Split 2,0,2026-08-01 16:57:33,2,16.15,100,Blue,Vivo Keyd Stars,oe:team:b9e44c69c1a70fb35df9be96f9eafea,1853,1,2384.0,3460.0,22.0,6.0,2.0,6808.0,7596.0,40.0,15.0,3.0,8501.0,9939.0,20.0,19.0,6.0,top: Rumble / jng: Vi / mid: Taliyah / bot: Ezreal / sup: Nautilus,2026-08-01,FURIA,top: Galio / jng: Wukong / mid: Syndra / bot: Kai'Sa / sup: Leona,1,12.0,4424.0,4136.0,18.0,-145.21584477943566,True,Grew by >500g
LOLTMNT01_434599,complete,CBLOL,Split 2,0,2026-08-01 17:53:31,1,16.15,100,Blue,paiN Gaming,oe:team:61450737f7b683db4da7b3e0bf0dced,2183,1,3235.0,555.0,28.0,5.0,3.0,1853.0,-1613.0,12.0,5.0,6.0,3160.0,191.0,10.0,7.0,6.0,top: Twisted Fate / jng: Lee Sin / mid: Cassiopeia / bot: Corki / sup: Leona,2026-08-01,Leviatan,top: Gnar / jng: Jarvan IV / mid: Syndra / bot: Viktor / sup: Nautilus,1,-1.0,-1382.0,-2168.0,-16.0,25.786166434628512,True,Grew by >500g
LOLTMNT04_181079,complete,LEC,Summer,0,2026-08-01 18:36:35,1,16.15,200,Red,Natus Vincere,oe:team:d2ba9f92d85cff67d60aaad88e61048,2408,0,735.0,-490.0,-19.0,2.0,1.0,1683.0,3891.0,-2.0,5.0,2.0,2888.0,6290.0,-39.0,8.0,3.0,top: Rumble / jng: Jarvan IV / mid: Cassiopeia / bot: Ezreal / sup: Bard,2026-08-01,Karmine Corp,top: Gnar / jng: Vi / mid: Syndra / bot: Viktor / sup: Shen,0,3.0,948.0,4381.0,17.0,-170.97615247702402,True,Grew by >500g
LOLTMNT01_433582,complete,CBLOL,Split 2,0,2026-08-01 18:50:51,2,16.15,100,Blue,paiN Gaming,oe:team:61450737f7b683db4da7b3e0bf0dced,1985,1,3428.0,1350.0,39.0,4.0,1.0,5051.0,2218.0,46.0,4.0,1.0,6471.0,6729.0,47.0,10.0,3.0,top: Jayce / jng: Maokai / mid: Galio / bot: Caitlyn / sup: Bard,2026-08-01,Leviatan,top: K'Sante / jng: Wukong / mid: Ryze / bot: Ezreal / sup: Karma,1,3.0,1623.0,868.0,7.0,25.786166434628512,True,Grew by >500g
LOLTMNT04_181081,complete,LEC,Summer,0,2026-08-01 19:41:26,2,16.15,200,Red,Natus Vincere,oe:team:d2ba9f92d85cff67d60aaad88e61048,1991,0,1927.0,1849.0,9.0,7.0,6.0,3455.0,2655.0,22.0,11.0,9.0,3829.0,2212.0,58.0,12.0,10.0,top: Zaahen / jng: Lee Sin / mid: Taliyah / bot: Ziggs / sup: Camille,2026-08-01,Karmine Corp,top: Ambessa / jng: Skarner / mid: Anivia / bot: Jhin / sup: Leona,0,2.0,1528.0,806.0,13.0,-170.97615247702402,True,Within 500g
LOLTMNT01_433615,complete,LCS,Summer,0,2026-08-01 20:11:18,1,16.15,200,Red,Cloud9,oe:team:fc8e90107dabb9a35c490b0d86adea0,2248,0,1873.0,2943.0,29.0,6.0,5.0,3277.0,3825.0,41.0,7.0,5.0,3100.0,3618.0,46.0,8.0,6.0,top: Corki / jng: Lee Sin / mid: Ryze / bot: Ezreal / sup: Camille,2026-08-01,Dignitas,top: Gnar / jng: Jarvan IV / mid: Twisted Fate / bot: Lucian / sup: Milio,0,2.0,1404.0,882.0,12.0,144.18850391285787,True,Within 500g
LOLTMNT01_434641,complete,LCS,Summer,0,2026-08-01 21:11:08,2,16.15,200,Red,Cloud9,oe:team:fc8e90107dabb9a35c490b0d86adea0,1813,1,2926.0,1390.0,14.0,8.0,5.0,1966.0,731.0,45.0,12.0,11.0,3585.0,3413.0,79.0,15.0,12.0,top: Ambessa / jng: Trundle / mid: Sylas / bot: Ziggs / sup: Nautilus,2026-08-01,Dignitas,top: Aatrox / jng: Xin Zhao / mid: Akali / bot: Viktor / sup: Leona,0,1.0,-960.0,-659.0,31.0,144.18850391285787,True,Grew by >500g
LOLTMNT01_433643,complete,LCS,Summer,0,2026-08-01 22:15:00,3,16.15,100,Blue,Cloud9,oe:team:fc8e90107dabb9a35c490b0d86adea0,1934,1,4219.0,2891.0,45.0,11.0,6.0,6409.0,4566.0,55.0,13.0,6.0,11161.0,11822.0,95.0,22.0,9.0,top: Rumble / jng: Vi / mid: Cassiopeia / bot: Kalista / sup: Renata Glasc,2026-08-01,Dignitas,top: Jayce / jng: Skarner / mid: Anivia / bot: Jhin / sup: Rell,1,7.0,2190.0,1675.0,10.0,144.18850391285787,True,Grew by >500g
LOLTMNT01_433652,complete,LCS,Summer,0,2026-08-01 23:13:11,1,16.15,200,Red,FlyQuest,oe:team:2e66da41dc460dd378e3bcc57042d31,2514,1,2372.0,2396.0,49.0,6.0,3.0,3459.0,2846.0,84.0,9.0,8.0,3005.0,3849.0,42.0,15.0,12.0,top: Aatrox / jng: Shyvana / mid: Orianna / bot: Ziggs / sup: Camille,2026-08-01,Disguised,top: Ambessa / jng: Vi / mid: Galio / bot: Kai'Sa / sup: Shen,0,1.0,1087.0,450.0,35.0,114.0298400957588,True,Within 500g
LOLTMNT01_434666,complete,LCS,Summer,0,2026-08-02 00:18:22,2,16.15,100,Blue,FlyQuest,oe:team:2e66da41dc460dd378e3bcc57042d31,1745,1,5183.0,4549.0,34.0,9.0,0.0,8265.0,5380.0,30.0,12.0,1.0,11738.0,12576.0,44.0,21.0,2.0,top: Rumble / jng: Pantheon / mid: Cassiopeia / bot: Ezreal / sup: Bard,2026-08-02,Disguised,top: Gnar / jng: Lee Sin / mid: Syndra / bot: Corki / sup: Leona,1,11.0,3082.0,831.0,-4.0,127.69171399438369,True,Grew by >500g
13389-13389_game_1,complete,LPL,Split 3,0,2026-08-02 07:14:14,1,16.14,200,Red,ThunderTalk Gaming,oe:team:df80f468a3f9a722df056fe9104f052,1726,1,-1132.0,-1498.0,-9.0,4.0,6.0,614.0,282.0,-15.0,7.0,7.0,5240.0,6049.0,6.0,18.0,12.0,top: K'Sante / jng: Jarvan IV / mid: Ryze / bot: Ziggs / sup: Shen,2026-08-02,Team WE,top: Rumble / jng: Naafiri / mid: Ahri / bot: Varus / sup: Rakan,0,0.0,1746.0,1780.0,-6.0,-49.268201805130275,True,Grew by >500g
LOLTMNT02_444825,complete,LCK,Rounds 3-4,0,2026-08-02 08:07:10,1,16.14,200,Red,DN SOOPers,oe:team:b3c72a20aa56f5d28022ac04a7dc294,1931,1,3365.0,2437.0,53.0,6.0,2.0,5505.0,3610.0,52.0,8.0,2.0,9551.0,7869.0,79.0,11.0,3.0,top: Yorick / jng: Lee Sin / mid: Cassiopeia / bot: Taliyah / sup: Shen,2026-08-02,HANJIN BRION,top: Rumble / jng: Xin Zhao / mid: Anivia / bot: Ezreal / sup: Camille,0,6.0,2140.0,1173.0,-1.0,-123.93204992245091,True,Grew by >500g
13389-13389_game_2,complete,LPL,Split 3,0,2026-08-02 08:07:20,2,16.14,200,Red,Team WE,oe:team:62c1cd9465dc63824593ee5046f5aa8,1711,1,2098.0,2359.0,9.0,7.0,6.0,3406.0,4284.0,27.0,13.0,11.0,6112.0,5673.0,28.0,17.0,12.0,top: Renekton / jng: Vi / mid: Twisted Fate / bot: Lucian / sup: Milio,2026-08-02,ThunderTalk Gaming,top: Vayne / jng: Xin Zhao / mid: Annie / bot: Ezreal / sup: Seraphine,0,2.0,1308.0,1925.0,18.0,49.268201805130275,True,Grew by >500g
13389-13389_game_3,complete,LPL,Split 3,0,2026-08-02 09:00:50,3,16.14,200,Red,ThunderTalk Gaming,oe:team:df80f468a3f9a722df056fe9104f052,1980,0,-844.0,-262.0,15.0,2.0,7.0,994.0,1301.0,8.0,5.0,8.0,-1160.0,-4037.0,-31.0,7.0,12.0,top: Gnar / jng: Wukong / mid: Galio / bot: Syndra / sup: Nautilus,2026-08-02,Team WE,top: Yorick / jng: Pantheon / mid: Sylas / bot: Cassiopeia / sup: Leona,0,-3.0,1838.0,1563.0,-7.0,-49.268201805130275,True,Lead lost by 25
LOLTMNT02_443839,complete,LCK,Rounds 3-4,0,2026-08-02 09:02:39,2,16.14,100,Blue,DN SOOPers,oe:team:b3c72a20aa56f5d28022ac04a7dc294,2233,0,199.0,469.0,18.0,2.0,2.0,1088.0,1706.0,43.0,4.0,3.0,2059.0,3332.0,49.0,6.0,3.0,top: Ambessa / jng: Jarvan IV / mid: Akali / bot: Sivir / sup: Lulu,2026-08-02,HANJIN BRION,top: Gnar / jng: Naafiri / mid: Annie / bot: Yunara / sup: Nautilus,1,1.0,889.0,1237.0,25.0,-123.93204992245091,True,Grew by >500g
LOLTMNT05_213757,complete,LCP,Split 3,0,2026-08-02 09:24:58,1,16.14,100,Blue,Team Secret Whales,oe:team:740de582f50775c516c77ed7b923fd5,1737,1,523.0,1764.0,19.0,7.0,5.0,2871.0,3553.0,29.0,9.0,7.0,5394.0,6571.0,47.0,13.0,8.0,top: Yorick / jng: Naafiri / mid: Cassiopeia / bot: Viktor / sup: Shen,2026-08-02,CTBC Flying Oyster,top: Jayce / jng: Wukong / mid: Syndra / bot: Xerath / sup: Camille,1,2.0,2348.0,1789.0,10.0,201.81692830919064,True,Grew by >500g
LOLTMNT02_443840,complete,LCK,Rounds 3-4,0,2026-08-02 10:02:27,3,16.14,100,Blue,HANJIN BRION,oe:team:b77b3f6068e20a2b3edc0ecd3dc70d4,2322,0,876.0,846.0,-1.0,4.0,3.0,959.0,-324.0,-4.0,6.0,6.0,-3837.0,-6577.0,-19.0,8.0,12.0,top: Zaahen / jng: Pantheon / mid: Ahri / bot: Jhin / sup: Karma,2026-08-02,DN SOOPers,top: Olaf / jng: Skarner / mid: Mel / bot: Caitlyn / sup: Bard,1,0.0,83.0,-1170.0,-3.0,123.93204992245091,True,Lead lost by 25
LOLTMNT05_213759,complete,LCP,Split 3,0,2026-08-02 10:14:23,2,16.14,100,Blue,Team Secret Whales,oe:team:740de582f50775c516c77ed7b923fd5,1847,1,3321.0,2563.0,40.0,6.0,2.0,6988.0,5304.0,85.0,8.0,2.0,8470.0,6042.0,107.0,8.0,4.0,top: Gnar / jng: Qiyana / mid: Locke / bot: Kai'Sa / sup: Nautilus,2026-08-02,CTBC Flying Oyster,top: Malphite / jng: Jarvan IV / mid: Orianna / bot: Sivir / sup: Leona,1,6.0,3667.0,2741.0,45.0,201.81692830919064,True,Grew by >500g
13390-13390_game_1,complete,LPL,Split 3,0,2026-08-02 10:15:31,1,16.14,200,Red,Invictus Gaming,oe:team:53a258f289c26d94431c0496a54e151,1761,1,-800.0,-438.0,34.0,3.0,6.0,2639.0,4201.0,71.0,7.0,7.0,3133.0,4209.0,55.0,12.0,10.0,top: Jayce / jng: Trundle / mid: Cassiopeia / bot: Sivir / sup: Bard,2026-08-02,LNG Esports,top: Rumble / jng: Naafiri / mid: Galio / bot: Zeri / sup: Nautilus,0,0.0,3439.0,4639.0,37.0,-80.53123824380077,True,Within 500g
LOLTMNT05_213767,complete,LCP,Split 3,0,2026-08-02 11:04:38,3,16.14,100,Blue,Team Secret Whales,oe:team:740de582f50775c516c77ed7b923fd5,1660,1,1750.0,707.0,21.0,4.0,2.0,9488.0,7701.0,60.0,12.0,2.0,14576.0,14558.0,118.0,19.0,4.0,top: K'Sante / jng: Olaf / mid: Sylas / bot: Jhin / sup: Bard,2026-08-02,CTBC Flying Oyster,top: Rumble / jng: Poppy / mid: Aurora / bot: Caitlyn / sup: Karma,1,10.0,7738.0,6994.0,39.0,201.81692830919064,True,Grew by >500g
13390-13390_game_2,complete,LPL,Split 3,0,2026-08-02 11:10:23,2,16.14,100,Blue,Invictus Gaming,oe:team:53a258f289c26d94431c0496a54e151,1502,1,3992.0,3197.0,55.0,6.0,3.0,4375.0,3545.0,86.0,7.0,6.0,15266.0,16368.0,128.0,20.0,8.0,top: Gnar / jng: Vi / mid: Orianna / bot: Ezreal / sup: Karma,2026-08-02,LNG Esports,top: Ambessa / jng: Jarvan IV / mid: Akali / bot: Yunara / sup: Lulu,1,1.0,383.0,348.0,31.0,-80.53123824380077,True,Grew by >500g
LOLTMNT02_443862,complete,LCK,Rounds 3-4,0,2026-08-02 11:27:57,1,16.14,200,Red,KT Rolster,oe:team:d723992568441c6bafa2658129eade7,2091,1,2648.0,2068.0,-10.0,7.0,0.0,2938.0,4831.0,26.0,13.0,4.0,5330.0,11147.0,-2.0,20.0,4.0,top: Rumble / jng: Skarner / mid: Cassiopeia / bot: Miss Fortune / sup: Nautilus,2026-08-02,Hanwha Life Esports,top: Ambessa / jng: Jarvan IV / mid: Locke / bot: Lucian / sup: Milio,0,9.0,290.0,2763.0,36.0,-68.25235961954331,True,Grew by >500g
13391-13391_game_1,complete,LPL,Split 3,0,2026-08-02 12:13:49,1,16.14,200,Red,Top Esports,oe:team:fcec508e780bbd1ad493852640f5b36,1969,1,2851.0,4808.0,32.0,6.0,2.0,4788.0,7494.0,50.0,10.0,3.0,6345.0,11063.0,52.0,15.0,4.0,top: Rumble / jng: Vi / mid: Cassiopeia / bot: Varus / sup: Nautilus,2026-08-02,JD Gaming,top: Yorick / jng: Jarvan IV / mid: Viktor / bot: Ezreal / sup: Shen,0,7.0,1937.0,2686.0,18.0,67.01299097888273,True,Grew by >500g
LOLTMNT02_444842,complete,LCK,Rounds 3-4,0,2026-08-02 12:26:34,2,16.14,200,Red,Hanwha Life Esports,oe:team:3a1d18f46bcb3716ebcfcf4ef068934,1717,1,4353.0,2232.0,77.0,5.0,1.0,5123.0,4094.0,107.0,5.0,2.0,9167.0,11370.0,92.0,12.0,4.0,top: Anivia / jng: Nocturne / mid: Ryze / bot: Jhin / sup: Shen,2026-08-02,KT Rolster,top: Gragas / jng: Pantheon / mid: Syndra / bot: Corki / sup: Alistar,0,3.0,770.0,1862.0,30.0,68.25235961954331,True,Grew by >500g
13391-13391_game_2,complete,LPL,Split 3,0,2026-08-02 13:10:17,2,16.14,100,Blue,Top Esports,oe:team:fcec508e780bbd1ad493852640f5b36,1997,1,2232.0,1730.0,20.0,4.0,3.0,3339.0,1751.0,16.0,4.0,3.0,4292.0,957.0,16.0,5.0,3.0,top: Olaf / jng: Lee Sin / mid: Syndra / bot: Ziggs / sup: Alistar,2026-08-02,JD Gaming,top: Gnar / jng: Nocturne / mid: Ryze / bot: Ashe / sup: Seraphine,1,1.0,1107.0,21.0,-4.0,67.01299097888273,True,Grew by >500g
LOLTMNT02_443868,complete,LCK,Rounds 3-4,0,2026-08-02 13:18:02,3,16.14,100,Blue,KT Rolster,oe:team:d723992568441c6bafa2658129eade7,1971,1,1197.0,500.0,-24.0,9.0,6.0,2135.0,1873.0,-18.0,10.0,6.0,3766.0,4862.0,-21.0,16.0,11.0,top: Gnar / jng: Naafiri / mid: Annie / bot: Yunara / sup: Lulu,2026-08-02,Hanwha Life Esports,top: Varus / jng: Shyvana / mid: Viktor / bot: Ashe / sup: Seraphine,1,4.0,938.0,1373.0,6.0,-68.25235961954331,True,Grew by >500g
LOLTMNT04_182126,complete,LEC,Summer,0,2026-08-02 15:08:27,1,16.15,100,Blue,G2 Esports,oe:team:7d6673d3a9d00363c6bebc1a630da6e,2492,1,1364.0,1482.0,31.0,5.0,3.0,873.0,620.0,60.0,5.0,5.0,2163.0,299.0,74.0,6.0,5.0,top: Olaf / jng: Skarner / mid: Viktor / bot: Sivir / sup: Shen,2026-08-02,SK Gaming,top: Jayce / jng: Lee Sin / mid: Anivia / bot: Ziggs / sup: Nautilus,1,0.0,-491.0,-862.0,29.0,210.13072340444091,True,Grew by >500g
LOLTMNT04_182130,complete,LEC,Summer,0,2026-08-02 16:10:08,2,16.15,100,Blue,G2 Esports,oe:team:7d6673d3a9d00363c6bebc1a630da6e,2604,1,-699.0,-987.0,18.0,5.0,6.0,384.0,-9.0,35.0,6.0,7.0,337.0,558.0,20.0,11.0,11.0,top: Vayne / jng: Naafiri / mid: Cassiopeia / bot: Corki / sup: Leona,2026-08-02,SK Gaming,top: Gnar / jng: Wukong / mid: Locke / bot: Syndra / sup: Rell,1,-1.0,1083.0,978.0,17.0,210.13072340444091,True,Within 500g
LOLTMNT01_434903,complete,CBLOL,Split 2,0,2026-08-02 16:10:42,1,16.15,100,Blue,Fluxo W7M,oe:team:45c362a0cfc4b81f597b5ab89250df5,1816,0,225.0,199.0,-8.0,7.0,7.0,1094.0,-1337.0,-43.0,12.0,10.0,-327.0,-3389.0,-39.0,12.0,12.0,top: Jayce / jng: Wukong / mid: Ahri / bot: Syndra / sup: Nautilus,2026-08-02,LOUD,top: Olaf / jng: Vi / mid: Taliyah / bot: Viktor / sup: Leona,1,2.0,869.0,-1536.0,-35.0,-17.7382431104063,True,Lead lost by 25
LOLTMNT01_434912,complete,CBLOL,Split 2,0,2026-08-02 16:59:56,2,16.15,100,Blue,LOUD,oe:team:658a021a796aa5501503220adb38cf4,1527,1,1198.0,-1461.0,-32.0,6.0,5.0,809.0,-2607.0,-8.0,9.0,11.0,4622.0,246.0,9.0,15.0,15.0,top: Ambessa / jng: Nocturne / mid: Akali / bot: Ziggs / sup: Camille,2026-08-02,Fluxo W7M,top: K'Sante / jng: Aatrox / mid: Lissandra / bot: Ezreal / sup: Shen,1,-2.0,-389.0,-1146.0,24.0,17.7382431104063,True,Grew by >500g
LOLTMNT04_182141,complete,LEC,Summer,0,2026-08-02 17:19:20,1,16.15,100,Blue,Movistar KOI,oe:team:4acc40654379b4da680be1bd3129dfa,1930,1,2606.0,2261.0,56.0,8.0,6.0,7131.0,7281.0,110.0,15.0,8.0,2946.0,2731.0,145.0,15.0,12.0,top: Ambessa / jng: Pantheon / mid: Cassiopeia / bot: Kai'Sa / sup: Neeko,2026-08-02,Fnatic,top: Zaahen / jng: Vi / mid: Syndra / bot: Ezreal / sup: Alistar,1,7.0,4525.0,5020.0,54.0,69.84451483177327,True,Shrank by >500g
LOLTMNT01_433904,complete,CBLOL,Split 2,0,2026-08-02 17:48:18,1,16.15,100,Blue,LØS,oe:team:ea65e6cc48a9be50fc5334369a5fca5,2299,1,1671.0,992.0,49.0,2.0,2.0,4399.0,3102.0,72.0,6.0,3.0,7668.0,9065.0,95.0,12.0,5.0,top: Jayce / jng: Naafiri / mid: Orianna / bot: Viktor / sup: Shen,2026-08-02,RED Canids,top: Sion / jng: Lee Sin / mid: Syndra / bot: Corki / sup: Leona,1,3.0,2728.0,2110.0,23.0,63.909347724937334,True,Grew by >500g
LOLTMNT04_182144,complete,LEC,Summer,0,2026-08-02 18:09:23,2,16.15,100,Blue,Movistar KOI,oe:team:4acc40654379b4da680be1bd3129dfa,1865,0,426.0,1959.0,18.0,6.0,8.0,546.0,1358.0,33.0,6.0,9.0,4073.0,6384.0,34.0,9.0,9.0,top: Gnar / jng: Nocturne / mid: Yone / bot: Viktor / sup: Galio,2026-08-02,Fnatic,top: Rumble / jng: Trundle / mid: Orianna / bot: Xayah / sup: Rakan,1,-3.0,120.0,-601.0,15.0,69.84451483177327,True,Grew by >500g
LOLTMNT01_433927,complete,CBLOL,Split 2,0,2026-08-02 18:46:12,2,16.15,100,Blue,LØS,oe:team:ea65e6cc48a9be50fc5334369a5fca5,2346,1,-598.0,2018.0,22.0,5.0,7.0,1703.0,4386.0,37.0,12.0,9.0,2878.0,7252.0,64.0,16.0,10.0,top: Varus / jng: Vi / mid: Taliyah / bot: Akali / sup: Alistar,2026-08-02,RED Canids,top: Renekton / jng: Aatrox / mid: Ryze / bot: Ziggs / sup: Nautilus,1,3.0,2301.0,2368.0,15.0,63.909347724937334,True,Grew by >500g
LOLTMNT04_182145,complete,LEC,Summer,0,2026-08-02 19:00:39,3,16.15,100,Blue,Movistar KOI,oe:team:4acc40654379b4da680be1bd3129dfa,1844,1,3020.0,1673.0,6.0,6.0,2.0,394.0,-525.0,17.0,10.0,8.0,3265.0,4855.0,41.0,14.0,9.0,top: Gragas / jng: Xin Zhao / mid: Akali / bot: Ashe / sup: Seraphine,2026-08-02,Fnatic,top: Jax / jng: Jarvan IV / mid: Annie / bot: Yunara / sup: Lulu,1,2.0,-2626.0,-2198.0,11.0,69.84451483177327,True,Grew by >500g
LOLTMNT01_433972,complete,LCS,Summer,0,2026-08-02 20:08:21,1,16.15,200,Red,LYON,oe:team:da1143bf9a245b78a8dc86417de85b3,2563,1,-721.0,-596.0,-15.0,3.0,4.0,246.0,1121.0,6.0,4.0,4.0,-1983.0,-996.0,-3.0,6.0,8.0,top: K'Sante / jng: Jarvan IV / mid: Ahri / bot: Ezreal / sup: Shen,2026-08-02,Shopify Rebellion,top: Vayne / jng: Jayce / mid: Galio / bot: Ziggs / sup: Camille,0,0.0,967.0,1717.0,21.0,246.45500223012277,True,Lead lost by 25
LOLTMNT01_433992,complete,LCS,Summer,0,2026-08-02 21:12:35,2,16.15,200,Red,LYON,oe:team:da1143bf9a245b78a8dc86417de85b3,1477,1,3445.0,3317.0,56.0,9.0,5.0,6652.0,6744.0,106.0,13.0,6.0,13965.0,15606.0,152.0,24.0,8.0,top: Olaf / jng: Nocturne / mid: Annie / bot: Lucian / sup: Milio,2026-08-02,Shopify Rebellion,top: Jax / jng: Xin Zhao / mid: Ryze / bot: Miss Fortune / sup: Nautilus,0,7.0,3207.0,3427.0,50.0,246.45500223012277,True,Won before 25
LOLTMNT01_436004,complete,LCS,Summer,0,2026-08-02 21:57:11,1,16.15,100,Blue,Team Liquid,oe:team:8eb884e168f28402ce685bedebb5250,1415,1,125.0,1280.0,7.0,1.0,1.0,7025.0,5078.0,46.0,8.0,2.0,,,,,,top: Ambessa / jng: Xin Zhao / mid: Sylas / bot: Ezreal / sup: Leona,2026-08-02,Sentinels,top: Gnar / jng: Jarvan IV / mid: Ryze / bot: Kai'Sa / sup: Rakan,1,6.0,6900.0,3798.0,39.0,120.22477070982836,True,Won before 25
LOLTMNT01_436012,complete,LCS,Summer,0,2026-08-02 22:39:56,2,16.15,200,Red,Sentinels,oe:team:f90422f1cbcb24bc2a855202582ec29,1946,0,1571.0,973.0,9.0,6.0,3.0,2212.0,794.0,8.0,7.0,3.0,2511.0,272.0,-14.0,12.0,7.0,top: Rumble / jng: Lee Sin / mid: Galio / bot: Jhin / sup: Alistar,2026-08-02,Team Liquid,top: Ornn / jng: Naafiri / mid: Orianna / bot: Kalista / sup: Renata Glasc,0,4.0,641.0,-179.0,-1.0,-120.22477070982836,True,Within 500g
LOLTMNT04_181154,complete,LEC,Summer,0,2026-08-03 15:09:03,1,16.15,100,Blue,Natus Vincere,oe:team:d2ba9f92d85cff67d60aaad88e61048,2382,1,-1189.0,-2324.0,-28.0,2.0,3.0,785.0,-775.0,6.0,4.0,5.0,-429.0,-2060.0,-9.0,5.0,7.0,top: Jax / jng: Zaahen / mid: Syndra / bot: Corki / sup: Leona,2026-08-03,Shifters,top: Olaf / jng: Nocturne / mid: Viktor / bot: Ziggs / sup: Shen,1,-1.0,1974.0,1549.0,34.0,45.96238073966265,True,Lead lost by 25
LOLTMNT04_181168,complete,LEC,Summer,0,2026-08-03 16:10:05,2,16.15,100,Blue,Natus Vincere,oe:team:d2ba9f92d85cff67d60aaad88e61048,2073,1,2029.0,106.0,16.0,4.0,4.0,1291.0,-524.0,4.0,4.0,5.0,2956.0,570.0,2.0,9.0,8.0,top: Rumble / jng: Vi / mid: Annie / bot: Varus / sup: Camille,2026-08-03,Shifters,top: K'Sante / jng: Naafiri / mid: Anivia / bot: Ezreal / sup: Rell,1,-1.0,-738.0,-630.0,-12.0,45.96238073966265,True,Grew by >500g
LOLTMNT04_182188,complete,LEC,Summer,0,2026-08-03 17:12:09,1,16.15,100,Blue,Karmine Corp,oe:team:f3aa9bbd924ce3af42ac53f8326bc7c,2396,1,2581.0,3096.0,15.0,5.0,1.0,3496.0,1136.0,-27.0,6.0,1.0,4004.0,3495.0,17.0,8.0,2.0,top: Ambessa / jng: Lee Sin / mid: Syndra / bot: Viktor / sup: Shen,2026-08-03,Team Heretics,top: Renekton / jng: Jarvan IV / mid: Cassiopeia / bot: Ezreal / sup: Nautilus,1,5.0,915.0,-1960.0,-42.0,314.21189934257245,True,Grew by >500g
LOLTMNT04_182197,complete,LEC,Summer,0,2026-08-03 18:12:18,2,16.15,100,Blue,Karmine Corp,oe:team:f3aa9bbd924ce3af42ac53f8326bc7c,2073,1,2017.0,63.0,12.0,6.0,3.0,4910.0,1595.0,38.0,8.0,3.0,5350.0,2785.0,32.0,8.0,3.0,top: Rumble / jng: Poppy / mid: Anivia / bot: Ashe / sup: Seraphine,2026-08-03,Team Heretics,top: Jayce / jng: Maokai / mid: Azir / bot: Lucian / sup: Milio,1,5.0,2893.0,1532.0,26.0,314.21189934257245,True,Within 500g
LOLTMNT01_437088,complete,LCK,Rounds 3-4,0,2026-08-05 08:04:53,1,16.15,100,Blue,Nongshim RedForce,oe:team:5cd2cd09ec94296f605dd13a2924d6c,2424,0,-823.0,-841.0,-14.0,2.0,4.0,1480.0,408.0,0.0,4.0,4.0,1044.0,3818.0,12.0,8.0,8.0,top: Olaf / jng: Lee Sin / mid: Anivia / bot: Jhin / sup: Camille,2026-08-05,HANJIN BRION,top: Ambessa / jng: Skarner / mid: Cassiopeia / bot: Corki / sup: Shen,1,0.0,2303.0,1249.0,14.0,35.76542454906462,True,Within 500g
LOLTMNT01_438084,complete,LCK,Rounds 3-4,0,2026-08-05 09:07:17,2,16.15,200,Red,Nongshim RedForce,oe:team:5cd2cd09ec94296f605dd13a2924d6c,1826,1,305.0,-65.0,16.0,2.0,4.0,29.0,-2963.0,-21.0,5.0,7.0,1931.0,3068.0,-13.0,8.0,9.0,top: Rumble / jng: Jarvan IV / mid: Syndra / bot: Sivir / sup: Alistar,2026-08-05,HANJIN BRION,top: K'Sante / jng: Naafiri / mid: Ryze / bot: Ezreal / sup: Nautilus,0,-2.0,-276.0,-2898.0,-37.0,35.76542454906462,True,Grew by >500g
13392-13392_game_1,complete,LPL,Split 3,0,2026-08-05 09:12:56,1,16.15,200,Red,LGD Gaming,oe:team:5f401785b6b78326f9a46b3c6b206ed,1982,0,251.0,146.0,-38.0,4.0,2.0,7.0,-1452.0,-50.0,6.0,5.0,1203.0,-1120.0,-36.0,7.0,5.0,top: Yorick / jng: Naafiri / mid: Akali / bot: Lucian / sup: Shen,2026-08-05,JD Gaming,top: Rumble / jng: Jarvan IV / mid: Cassiopeia / bot: Corki / sup: Alistar,0,1.0,-244.0,-1598.0,-12.0,-43.12882892245784,True,Grew by >500g
LOLTMNT01_438094,complete,LCK,Rounds 3-4,0,2026-08-05 09:59:25,3,16.15,100,Blue,Nongshim RedForce,oe:team:5cd2cd09ec94296f605dd13a2924d6c,1879,0,1623.0,-739.0,20.0,1.0,3.0,19.0,-2793.0,27.0,1.0,7.0,-3912.0,-9680.0,8.0,2.0,12.0,top: Jayce / jng: Trundle / mid: Viktor / bot: Xayah / sup: Milio,2026-08-05,HANJIN BRION,top: Yorick / jng: Xin Zhao / mid: Annie / bot: Lucian / sup: Yuumi,1,-6.0,-1604.0,-2054.0,7.0,35.76542454906462,True,Lead lost by 25
13392-13392_game_2,complete,LPL,Split 3,0,2026-08-05 10:15:14,2,16.15,200,Red,LGD Gaming,oe:team:5f401785b6b78326f9a46b3c6b206ed,1725,1,114.0,-463.0,-28.0,2.0,3.0,1383.0,1303.0,0.0,5.0,6.0,5083.0,5364.0,-10.0,8.0,7.0,top: Dr. Mundo / jng: Trundle / mid: Sylas / bot: Draven / sup: Nautilus,2026-08-05,JD Gaming,top: Renekton / jng: Qiyana / mid: Viktor / bot: Xerath / sup: Rell,0,-1.0,1269.0,1766.0,28.0,-43.12882892245784,True,Grew by >500g
13392-13392_game_3,complete,LPL,Split 3,0,2026-08-05 11:17:06,3,16.15,100,Blue,JD Gaming,oe:team:b42d0f31f2727621b963042276817c4,1880,1,1046.0,14.0,4.0,5.0,5.0,1680.0,1625.0,51.0,9.0,9.0,4479.0,6418.0,52.0,14.0,13.0,top: Jax / jng: Lee Sin / mid: Orianna / bot: Kai'Sa / sup: Camille,2026-08-05,LGD Gaming,top: Ambessa / jng: Nocturne / mid: Syndra / bot: Xayah / sup: Leona,1,0.0,634.0,1611.0,47.0,43.12882892245784,True,Grew by >500g
LOLTMNT01_438137,complete,LCK,Rounds 3-4,0,2026-08-05 11:19:04,1,16.15,200,Red,Hanwha Life Esports,oe:team:3a1d18f46bcb3716ebcfcf4ef068934,2266,0,84.0,-2398.0,14.0,2.0,4.0,2057.0,-366.0,33.0,6.0,6.0,530.0,-1704.0,16.0,6.0,7.0,top: Rumble / jng: Jarvan IV / mid: Cassiopeia / bot: Miss Fortune / sup: Shen,2026-08-05,Gen.G,top: Ornn / jng: Lee Sin / mid: Anivia / bot: Jhin / sup: Poppy,0,0.0,1973.0,2032.0,19.0,-39.02985305922357,True,Shrank by >500g
LOLTMNT01_437185,complete,LCK,Rounds 3-4,0,2026-08-05 12:23:01,2,16.15,200,Red,Hanwha Life Esports,oe:team:3a1d18f46bcb3716ebcfcf4ef068934,1642,1,-105.0,1232.0,22.0,4.0,3.0,417.0,1834.0,29.0,5.0,3.0,1535.0,568.0,9.0,7.0,4.0,top: Olaf / jng: Vi / mid: Akali / bot: Corki / sup: Alistar,2026-08-05,Gen.G,top: Zaahen / jng: Pantheon / mid: Ryze / bot: Ezreal / sup: Braum,0,2.0,522.0,602.0,7.0,-39.02985305922357,True,Grew by >500g
LOLTMNT01_438177,complete,LCK,Rounds 3-4,0,2026-08-05 13:15:25,3,16.15,200,Red,Gen.G,oe:team:50f58982d91a36557ec8aec52ab014f,2163,1,1124.0,1393.0,27.0,4.0,4.0,3410.0,3085.0,20.0,10.0,6.0,2426.0,-1326.0,-25.0,14.0,9.0,top: Varus / jng: Nocturne / mid: Syndra / bot: Kalista / sup: Renata Glasc,2026-08-05,Hanwha Life Esports,top: Dr. Mundo / jng: Shyvana / mid: Viktor / bot: Yunara / sup: Leona,0,4.0,2286.0,1692.0,-7.0,39.02985305922357,True,Shrank by >500g
13394-13394_game_1,complete,LPL,Split 3,0,2026-08-06 07:13:37,1,16.15,200,Red,LGD Gaming,oe:team:5f401785b6b78326f9a46b3c6b206ed,2095,1,1155.0,1791.0,-21.0,5.0,2.0,550.0,1276.0,-31.0,7.0,3.0,6330.0,12395.0,10.0,14.0,4.0,top: Rumble / jng: Naafiri / mid: Cassiopeia / bot: Corki / sup: Rell,2026-08-06,ThunderTalk Gaming,top: Jayce / jng: Lee Sin / mid: Orianna / bot: Ziggs / sup: Nautilus,0,4.0,-605.0,-515.0,-10.0,-14.27636934283646,True,Grew by >500g
LOLTMNT01_437554,complete,LCK,Rounds 3-4,0,2026-08-06 08:07:39,1,16.15,100,Blue,Kiwoom DRX,oe:team:1d0389df0c5eea93b04122ba167c010,1704,1,-73.0,449.0,-13.0,4.0,1.0,2352.0,5027.0,15.0,11.0,3.0,7387.0,14359.0,40.0,21.0,5.0,top: K'Sante / jng: Jarvan IV / mid: Ryze / bot: Xayah / sup: Shen,2026-08-06,DN SOOPers,top: Rumble / jng: Qiyana / mid: Yone / bot: Corki / sup: Camille,1,8.0,2425.0,4578.0,28.0,134.3767863583314,True,Grew by >500g
13394-13394_game_2,complete,LPL,Split 3,0,2026-08-06 08:11:45,2,16.15,100,Blue,LGD Gaming,oe:team:5f401785b6b78326f9a46b3c6b206ed,1849,0,104.0,-383.0,-68.0,6.0,2.0,1808.0,-846.0,-78.0,9.0,5.0,-2378.0,-7179.0,-121.0,10.0,10.0,top: Aatrox / jng: Vi / mid: Ahri / bot: Varus / sup: Leona,2026-08-06,ThunderTalk Gaming,top: Ambessa / jng: Pantheon / mid: Ryze / bot: Sivir / sup: Shen,1,4.0,1704.0,-463.0,-10.0,-14.27636934283646,True,Lead lost by 25
LOLTMNT01_437576,complete,LCK,Rounds 3-4,0,2026-08-06 08:57:28,2,16.15,200,Red,Kiwoom DRX,oe:team:1d0389df0c5eea93b04122ba167c010,1859,1,2831.0,2913.0,52.0,2.0,1.0,6046.0,5857.0,48.0,12.0,5.0,6593.0,7271.0,43.0,15.0,7.0,top: Jayce / jng: Lee Sin / mid: Aurora / bot: Miss Fortune / sup: Nautilus,2026-08-06,DN SOOPers,top: Yorick / jng: Skarner / mid: Viktor / bot: Sivir / sup: Karma,0,7.0,3215.0,2944.0,-4.0,134.3767863583314,True,Grew by >500g
13394-13394_game_3,complete,LPL,Split 3,0,2026-08-06 09:06:55,3,16.15,200,Red,LGD Gaming,oe:team:5f401785b6b78326f9a46b3c6b206ed,1932,0,211.0,132.0,22.0,9.0,9.0,275.0,-514.0,40.0,10.0,11.0,416.0,710.0,53.0,11.0,12.0,top: Gnar / jng: Qiyana / mid: Syndra / bot: Draven / sup: Camille,2026-08-06,ThunderTalk Gaming,top: Jax / jng: Skarner / mid: Locke / bot: Lucian / sup: Milio,0,-1.0,64.0,-646.0,18.0,-14.27636934283646,True,Within 500g
LOLTMNT01_438574,complete,LCP,Split 3,0,2026-08-06 09:18:15,1,16.15,200,Red,Fukuoka SoftBank HAWKS gaming,oe:team:d8ca3fc1f0827ec76369af7b70d43e3,3162,0,-325.0,-687.0,-52.0,1.0,0.0,68.0,1269.0,-29.0,3.0,1.0,1424.0,1645.0,-6.0,5.0,3.0,top: Galio / jng: Jarvan IV / mid: Cassiopeia / bot: Corki / sup: Vi,2026-08-06,Ground Zero Gaming,top: Rumble / jng: Naafiri / mid: Viktor / bot: Jhin / sup: Alistar,0,2.0,393.0,1956.0,23.0,63.41712786984158,True,Grew by >500g
LOLTMNT01_438592,complete,LCK,Rounds 3-4,0,2026-08-06 10:15:34,1,16.15,100,Blue,T1,oe:team:ce499dea30cfce118f4fe85da0227e8,1700,1,4589.0,2653.0,37.0,9.0,1.0,5451.0,3296.0,29.0,11.0,1.0,6303.0,7736.0,43.0,15.0,4.0,top: Ambessa / jng: Vi / mid: Cassiopeia / bot: Jhin / sup: Shen,2026-08-06,Dplus Kia,top: Aatrox / jng: Xin Zhao / mid: Anivia / bot: Ezreal / sup: Bard,1,10.0,862.0,643.0,-8.0,68.12134033350094,True,Grew by >500g
13395-13395_game_1,complete,LPL,Split 3,0,2026-08-06 10:22:31,1,16.15,100,Blue,Ninjas in Pyjamas,oe:team:48d7941ccbd5b89aca46c57b0c2f8fb,2070,0,-173.0,-1583.0,-18.0,5.0,4.0,2916.0,539.0,-7.0,9.0,5.0,4186.0,3089.0,-23.0,12.0,7.0,top: Varus / jng: Vi / mid: Locke / bot: Kai'Sa / sup: Shen,2026-08-06,Invictus Gaming,top: Rumble / jng: Naafiri / mid: Orianna / bot: Corki / sup: Bard,1,4.0,3089.0,2122.0,11.0,62.99564754779044,True,Grew by >500g
LOLTMNT01_438594,complete,LCP,Split 3,0,2026-08-06 10:31:20,2,16.15,200,Red,Ground Zero Gaming,oe:team:788115a84f68bc65fa6d3a4e0f67a3e,1848,1,301.0,1640.0,12.0,2.0,1.0,1490.0,2787.0,17.0,3.0,1.0,3732.0,3247.0,58.0,5.0,1.0,top: Gnar / jng: Lee Sin / mid: Syndra / bot: Sivir / sup: Shen,2026-08-06,Fukuoka SoftBank HAWKS gaming,top: Ambessa / jng: Skarner / mid: Anivia / bot: Miss Fortune / sup: Camille,0,2.0,1189.0,1147.0,5.0,-63.41712786984158,True,Grew by >500g
LOLTMNT01_438604,complete,LCK,Rounds 3-4,0,2026-08-06 11:06:48,2,16.15,100,Blue,T1,oe:team:ce499dea30cfce118f4fe85da0227e8,2213,1,490.0,-532.0,-23.0,5.0,3.0,1136.0,-729.0,-23.0,5.0,3.0,3506.0,3828.0,5.0,5.0,3.0,top: Jayce / jng: Sejuani / mid: Ryze / bot: Lucian / sup: Milio,2026-08-06,Dplus Kia,top: Olaf / jng: Jarvan IV / mid: Syndra / bot: Caitlyn / sup: Lux,1,2.0,646.0,-197.0,0.0,68.12134033350094,True,Grew by >500g
13395-13395_game_2,complete,LPL,Split 3,0,2026-08-06 11:21:38,2,16.15,100,Blue,Invictus Gaming,oe:team:53a258f289c26d94431c0496a54e151,1868,0,2890.0,1967.0,53.0,6.0,5.0,4957.0,3460.0,72.0,11.0,8.0,-1867.0,-7655.0,38.0,12.0,18.0,top: Zaahen / jng: Nocturne / mid: Ryze / bot: Lucian / sup: Milio,2026-08-06,Ninjas in Pyjamas,top: Olaf / jng: Trundle / mid: Cassiopeia / bot: Xayah / sup: Rakan,1,3.0,2067.0,1493.0,19.0,-62.99564754779044,True,Lead lost by 25
LOLTMNT01_437626,complete,LCP,Split 3,0,2026-08-06 11:21:55,3,16.15,100,Blue,Ground Zero Gaming,oe:team:788115a84f68bc65fa6d3a4e0f67a3e,1697,1,3089.0,2687.0,56.0,7.0,3.0,5829.0,4071.0,50.0,9.0,3.0,5594.0,3098.0,57.0,11.0,6.0,top: K'Sante / jng: Pantheon / mid: Ahri / bot: Ashe / sup: Seraphine,2026-08-06,Fukuoka SoftBank HAWKS gaming,top: Sion / jng: Nocturne / mid: Ryze / bot: Lucian / sup: Milio,1,6.0,2740.0,1384.0,-6.0,-63.41712786984158,True,Within 500g
13395-13395_game_3,complete,LPL,Split 3,0,2026-08-06 12:20:03,3,16.15,200,Red,Invictus Gaming,oe:team:53a258f289c26d94431c0496a54e151,2812,0,944.0,994.0,6.0,5.0,4.0,2473.0,2667.0,23.0,7.0,4.0,4670.0,6424.0,42.0,11.0,5.0,top: Jax / jng: Wukong / mid: Viktor / bot: Ezreal / sup: Seraphine,2026-08-06,Ninjas in Pyjamas,top: Poppy / jng: Skarner / mid: Sylas / bot: Sivir / sup: Karma,0,3.0,1529.0,1673.0,17.0,-62.99564754779044,True,Grew by >500g
13397-13397_game_1,complete,LPL,Split 3,0,2026-08-07 07:20:16,1,16.15,200,Red,JD Gaming,oe:team:b42d0f31f2727621b963042276817c4,1845,1,1350.0,1205.0,22.0,1.0,2.0,1713.0,1930.0,67.0,3.0,4.0,5824.0,6610.0,56.0,10.0,6.0,top: Gnar / jng: Vi / mid: Akali / bot: Xayah / sup: Rakan,2026-08-07,EDward Gaming,top: Ambessa / jng: Jarvan IV / mid: Ryze / bot: Lucian / sup: Milio,0,-1.0,363.0,725.0,45.0,105.34807481459757,True,Grew by >500g
LOLTMNT01_437976,complete,LCK,Rounds 3-4,0,2026-08-07 08:07:40,1,16.15,100,Blue,Gen.G,oe:team:50f58982d91a36557ec8aec52ab014f,1763,1,3083.0,319.0,37.0,2.0,0.0,4145.0,1263.0,33.0,3.0,0.0,5954.0,4138.0,69.0,3.0,0.0,top: Shen / jng: Nocturne / mid: Ryze / bot: Kog'Maw / sup: Lulu,2026-08-07,KT Rolster,top: Rumble / jng: Vi / mid: Yone / bot: Lucian / sup: Milio,1,3.0,1062.0,944.0,-4.0,82.28876135775408,True,Grew by >500g
13397-13397_game_2,complete,LPL,Split 3,0,2026-08-07 08:33:14,2,16.15,100,Blue,JD Gaming,oe:team:b42d0f31f2727621b963042276817c4,1772,1,2833.0,2210.0,62.0,4.0,2.0,4520.0,364.0,58.0,7.0,6.0,3173.0,-3160.0,72.0,8.0,8.0,top: Rumble / jng: Trundle / mid: Viktor / bot: Corki / sup: Nautilus,2026-08-07,EDward Gaming,top: K'Sante / jng: Naafiri / mid: Sylas / bot: Ezreal / sup: Rell,1,1.0,1687.0,-1846.0,-4.0,105.34807481459757,True,Shrank by >500g
LOLTMNT01_439046,complete,LCK,Rounds 3-4,0,2026-08-07 08:59:42,2,16.15,100,Blue,Gen.G,oe:team:50f58982d91a36557ec8aec52ab014f,1509,1,2982.0,3464.0,85.0,3.0,2.0,7931.0,4598.0,102.0,6.0,2.0,14351.0,12330.0,137.0,12.0,2.0,top: Olaf / jng: Lee Sin / mid: Galio / bot: Ezreal / sup: Leona,2026-08-07,KT Rolster,top: Zaahen / jng: Skarner / mid: Orianna / bot: Kai'Sa / sup: Nautilus,1,4.0,4949.0,1134.0,17.0,82.28876135775408,True,Grew by >500g
LOLTMNT01_439053,complete,LCP,Split 3,0,2026-08-07 09:16:22,1,16.15,100,Blue,DetonatioN FocusMe,oe:team:e435aa3ecb82a89e60544f5f5857a81,2141,0,-1322.0,-717.0,-26.0,1.0,2.0,204.0,447.0,-13.0,3.0,3.0,-835.0,-2335.0,3.0,3.0,5.0,top: Rumble / jng: Lee Sin / mid: Yone / bot: Viktor / sup: Leona,2026-08-07,GAM Esports,top: Ambessa / jng: Naafiri / mid: Ryze / bot: Ezreal / sup: Alistar,1,0.0,1526.0,1164.0,13.0,-149.44185315698633,True,Lead lost by 25
13398-13398_game_1,complete,LPL,Split 3,0,2026-08-07 09:43:42,1,16.15,100,Blue,ThunderTalk Gaming,oe:team:df80f468a3f9a722df056fe9104f052,1626,1,2604.0,1690.0,13.0,8.0,3.0,8971.0,7729.0,42.0,20.0,6.0,13478.0,10609.0,28.0,26.0,6.0,top: K'Sante / jng: Pantheon / mid: Ahri / bot: Sivir / sup: Shen,2026-08-07,Team WE,top: Rumble / jng: Vi / mid: Ryze / bot: Yunara / sup: Neeko,1,14.0,6367.0,6039.0,29.0,-77.02776367832439,True,Grew by >500g
LOLTMNT01_440028,complete,LCK,Rounds 3-4,0,2026-08-07 10:11:30,1,16.15,100,Blue,HANJIN BRION,oe:team:b77b3f6068e20a2b3edc0ecd3dc70d4,2312,1,808.0,907.0,-23.0,4.0,3.0,2441.0,-155.0,-11.0,6.0,5.0,2899.0,276.0,16.0,8.0,7.0,top: Jayce / jng: Lee Sin / mid: Locke / bot: Corki / sup: Camille,2026-08-07,BNK FEARX,top: K'Sante / jng: Jarvan IV / mid: Viktor / bot: Jhin / sup: Shen,1,1.0,1633.0,-1062.0,12.0,-61.108313344959925,True,Within 500g
LOLTMNT01_440032,complete,LCP,Split 3,0,2026-08-07 10:20:33,2,16.15,100,Blue,GAM Esports,oe:team:9cae7677cd0dbcc1cd86653870b73c2,1894,1,3685.0,1358.0,66.0,7.0,4.0,5389.0,4044.0,82.0,10.0,6.0,12072.0,10577.0,142.0,16.0,7.0,top: Renekton / jng: Vi / mid: Cassiopeia / bot: Sivir / sup: Nautilus,2026-08-07,DetonatioN FocusMe,top: Zaahen / jng: Jarvan IV / mid: Akali / bot: Hwei / sup: Shen,1,4.0,1704.0,2686.0,16.0,149.44185315698633,True,Grew by >500g
13398-13398_game_2,complete,LPL,Split 3,0,2026-08-07 10:33:33,2,16.15,200,Red,Team WE,oe:team:62c1cd9465dc63824593ee5046f5aa8,1859,1,424.0,25.0,1.0,7.0,8.0,3157.0,2403.0,15.0,11.0,9.0,4372.0,3093.0,3.0,15.0,11.0,top: Jayce / jng: Nocturne / mid: Akali / bot: Jhin / sup: Leona,2026-08-07,ThunderTalk Gaming,top: Ambessa / jng: Naafiri / mid: Viktor / bot: Corki / sup: Nautilus,0,2.0,2733.0,2378.0,14.0,77.02776367832439,True,Grew by >500g
LOLTMNT01_440044,complete,LCP,Split 3,0,2026-08-07 11:11:55,3,16.15,100,Blue,GAM Esports,oe:team:9cae7677cd0dbcc1cd86653870b73c2,1910,1,363.0,-1480.0,20.0,2.0,2.0,942.0,-231.0,1.0,5.0,3.0,5646.0,7679.0,6.0,15.0,8.0,top: Gnar / jng: Pantheon / mid: Taliyah / bot: Kai'Sa / sup: Camille,2026-08-07,DetonatioN FocusMe,top: Yorick / jng: Nocturne / mid: Aurora / bot: Corki / sup: Rell,1,2.0,579.0,1249.0,-19.0,149.44185315698633,True,Grew by >500g
LOLTMNT01_440045,complete,LCK,Rounds 3-4,0,2026-08-07 11:12:12,2,16.15,100,Blue,HANJIN BRION,oe:team:b77b3f6068e20a2b3edc0ecd3dc70d4,2195,1,46.0,-310.0,18.0,1.0,2.0,2927.0,1677.0,3.0,7.0,3.0,3937.0,5832.0,-3.0,8.0,4.0,top: Rumble / jng: Pantheon / mid: Cassiopeia / bot: Kai'Sa / sup: Leona,2026-08-07,BNK FEARX,top: Ambessa / jng: Vi / mid: Syndra / bot: Ziggs / sup: Rell,1,4.0,2881.0,1987.0,-15.0,-61.108313344959925,True,Grew by >500g
13399-13399_game_1,complete,LPL,Split 3,0,2026-08-07 12:49:11,1,16.15,200,Red,Bilibili Gaming,oe:team:d356a144644879dabb5f34cd99c886d,2445,0,2669.0,1470.0,-4.0,6.0,3.0,6441.0,5257.0,50.0,14.0,7.0,7375.0,8410.0,86.0,21.0,13.0,top: Ambessa / jng: Jarvan IV / mid: Lissandra / bot: Corki / sup: Camille,2026-08-07,Top Esports,top: Rumble / jng: Vi / mid: Ahri / bot: Jhin / sup: Alistar,0,7.0,3772.0,3787.0,54.0,84.07765975225152,True,Grew by >500g
13399-13399_game_2,complete,LPL,Split 3,0,2026-08-07 13:52:59,2,16.15,100,Blue,Top Esports,oe:team:fcec508e780bbd1ad493852640f5b36,1475,1,108.0,-1725.0,-22.0,2.0,2.0,5193.0,4017.0,-11.0,14.0,5.0,14297.0,14623.0,3.0,26.0,5.0,top: Olaf / jng: Lee Sin / mid: Akali / bot: Ashe / sup: Seraphine,2026-08-07,Bilibili Gaming,top: Renekton / jng: Poppy / mid: Syndra / bot: Varus / sup: Bard,1,9.0,5085.0,5742.0,11.0,-84.07765975225152,True,Won before 25
LOLTMNT04_182459,complete,LEC,Summer,0,2026-08-07 15:10:01,1,16.15,100,Blue,Shifters,oe:team:a2065488a11a2c0a2403a7b347eec61,2179,0,336.0,-93.0,15.0,1.0,3.0,569.0,2108.0,8.0,3.0,4.0,-335.0,296.0,-4.0,4.0,7.0,top: Rumble / jng: Wukong / mid: Viktor / bot: Corki / sup: Rakan,2026-08-07,GiantX,top: Ornn / jng: Jarvan IV / mid: Orianna / bot: Ezreal / sup: Shen,1,-1.0,233.0,2201.0,-7.0,-68.11857772860367,True,Lead lost by 25
LOLTMNT04_181519,complete,LEC,Summer,0,2026-08-07 16:06:09,2,16.15,200,Red,GiantX,oe:team:6cd05f0ac20bfb965a59dc8bcc4f184,2130,0,5280.0,2753.0,62.0,6.0,2.0,1280.0,-1923.0,37.0,6.0,7.0,2427.0,-3867.0,39.0,6.0,7.0,top: Twisted Fate / jng: Lee Sin / mid: Ryze / bot: Lucian / sup: Camille,2026-08-07,Shifters,top: Gnar / jng: Trundle / mid: Anivia / bot: Taliyah / sup: Leona,0,-1.0,-4000.0,-4676.0,-25.0,68.11857772860367,True,Grew by >500g
LOLTMNT04_182469,complete,LEC,Summer,0,2026-08-07 17:03:41,3,16.15,100,Blue,GiantX,oe:team:6cd05f0ac20bfb965a59dc8bcc4f184,1587,1,3611.0,2871.0,32.0,8.0,3.0,6335.0,4273.0,32.0,13.0,5.0,10027.0,9979.0,32.0,18.0,5.0,top: Warwick / jng: Nocturne / mid: Galio / bot: Jhin / sup: Bard,2026-08-07,Shifters,top: Ambessa / jng: Naafiri / mid: Akali / bot: Zeri / sup: Rell,1,8.0,2724.0,1402.0,0.0,68.11857772860367,True,Grew by >500g
LOLTMNT04_181542,complete,LEC,Summer,0,2026-08-07 17:56:40,1,16.15,100,Blue,Team Heretics,oe:team:1285e1c04d54de96502f12da4d49458,1896,1,1153.0,2300.0,19.0,2.0,1.0,2296.0,1075.0,-2.0,5.0,3.0,4214.0,6175.0,21.0,6.0,3.0,top: Gnar / jng: Xin Zhao / mid: Akali / bot: Viktor / sup: Shen,2026-08-07,Fnatic,top: Rumble / jng: Jarvan IV / mid: Orianna / bot: Ezreal / sup: Alistar,1,2.0,1143.0,-1225.0,-21.0,-108.73691940649041,True,Grew by >500g
LOLTMNT04_181552,complete,LEC,Summer,0,2026-08-07 18:48:22,2,16.15,200,Red,Fnatic,oe:team:78f183fa5a7d8ecb22b9ad272c3abd7,1837,1,1397.0,815.0,20.0,2.0,0.0,958.0,-1550.0,-20.0,3.0,1.0,4671.0,4747.0,6.0,8.0,2.0,top: Renekton / jng: Lee Sin / mid: Cassiopeia / bot: Jhin / sup: Nautilus,2026-08-07,Team Heretics,top: K'Sante / jng: Wukong / mid: Syndra / bot: Lucian / sup: Leona,0,2.0,-439.0,-2365.0,-40.0,108.73691940649041,True,Grew by >500g
LOLTMNT04_181561,complete,LEC,Summer,0,2026-08-07 19:40:28,3,16.15,200,Red,Fnatic,oe:team:78f183fa5a7d8ecb22b9ad272c3abd7,2045,0,684.0,-712.0,18.0,1.0,2.0,1018.0,-209.0,4.0,2.0,2.0,-769.0,-3404.0,14.0,6.0,7.0,top: Zaahen / jng: Trundle / mid: Anivia / bot: Zeri / sup: Lulu,2026-08-07,Team Heretics,top: Ambessa / jng: Skarner / mid: Azir / bot: Corki / sup: Bard,0,0.0,334.0,503.0,-14.0,108.73691940649041,True,Lead lost by 25
LOLTMNT01_439248,complete,CBLOL,Split 2,0,2026-08-07 21:10:00,1,16.15,200,Red,Fluxo W7M,oe:team:45c362a0cfc4b81f597b5ab89250df5,1805,1,568.0,1157.0,9.0,6.0,4.0,1927.0,412.0,-2.0,6.0,4.0,4941.0,8654.0,31.0,9.0,4.0,top: Jayce / jng: Skarner / mid: Cassiopeia / bot: Jhin / sup: Nautilus,2026-08-07,Vivo Keyd Stars,top: K'Sante / jng: Lee Sin / mid: Orianna / bot: Ezreal / sup: Leona,0,2.0,1359.0,-745.0,-11.0,-8.83843423276312,True,Grew by >500g
LOLTMNT01_440228,complete,CBLOL,Split 2,0,2026-08-07 22:01:34,2,16.15,200,Red,Fluxo W7M,oe:team:45c362a0cfc4b81f597b5ab89250df5,1874,0,-122.0,-460.0,8.0,1.0,2.0,320.0,969.0,37.0,3.0,3.0,-2950.0,-1725.0,-5.0,4.0,7.0,top: Rumble / jng: Vi / mid: Ryze / bot: Corki / sup: Alistar,2026-08-07,Vivo Keyd Stars,top: Ambessa / jng: Xin Zhao / mid: Galio / bot: Viktor / sup: Shen,0,0.0,442.0,1429.0,29.0,-8.83843423276312,True,Lead lost by 25
LOLTMNT01_439265,complete,CBLOL,Split 2,0,2026-08-07 22:50:44,3,16.15,100,Blue,Vivo Keyd Stars,oe:team:b9e44c69c1a70fb35df9be96f9eafea,1878,1,1579.0,2069.0,51.0,2.0,2.0,2526.0,3031.0,59.0,3.0,2.0,2274.0,555.0,52.0,3.0,3.0,top: Gnar / jng: Wukong / mid: Aurora / bot: Caitlyn / sup: Karma,2026-08-07,Fluxo W7M,top: Olaf / jng: Maokai / mid: Ahri / bot: Lucian / sup: Milio,1,1.0,947.0,962.0,8.0,8.83843423276312,True,Within 500g
LOLTMNT01_439279,complete,CBLOL,Split 2,0,2026-08-07 23:48:44,1,16.15,200,Red,FURIA,oe:team:87e3e1e75839f75a10bbc66e894d806,2260,1,2578.0,578.0,-29.0,9.0,2.0,4009.0,1078.0,-49.0,13.0,4.0,4746.0,5714.0,-38.0,18.0,6.0,top: Ambessa / jng: Skarner / mid: Galio / bot: Corki / sup: Shen,2026-08-07,LOUD,top: Gnar / jng: Lee Sin / mid: Locke / bot: Kai'Sa / sup: Rell,0,9.0,1431.0,500.0,-20.0,42.54787403208093,True,Grew by >500g
LOLTMNT01_440253,complete,CBLOL,Split 2,0,2026-08-08 00:46:12,2,16.15,100,Blue,FURIA,oe:team:87e3e1e75839f75a10bbc66e894d806,1719,1,843.0,355.0,-41.0,7.0,6.0,6523.0,6461.0,-4.0,16.0,7.0,8189.0,10001.0,32.0,19.0,8.0,top: Olaf / jng: Nasus / mid: Ryze / bot: Ezreal / sup: Bard,2026-08-08,LOUD,top: Jax / jng: Vi / mid: Syndra / bot: Sivir / sup: Nautilus,1,9.0,5680.0,6106.0,37.0,60.110792404605036,True,Grew by >500g
13400-13400_game_1,complete,LPL,Split 3,0,2026-08-08 07:20:09,1,16.15,200,Red,Weibo Gaming,oe:team:606c6ac695907af3823ee6405c58ff1,1860,1,1171.0,1019.0,64.0,6.0,5.0,4339.0,3113.0,111.0,8.0,6.0,2821.0,1035.0,115.0,8.0,9.0,top: Olaf / jng: Jarvan IV / mid: Aurora / bot: Ziggs / sup: Shen,2026-08-08,LNG Esports,top: Zaahen / jng: Nocturne / mid: Galio / bot: Lucian / sup: Milio,0,2.0,3168.0,2094.0,47.0,-34.9575264994312,True,Shrank by >500g
LOLTMNT01_440328,complete,LCK,Rounds 3-4,0,2026-08-08 08:08:11,1,16.15,100,Blue,T1,oe:team:ce499dea30cfce118f4fe85da0227e8,1765,1,3772.0,3239.0,11.0,7.0,1.0,5442.0,2621.0,-6.0,8.0,1.0,9103.0,2849.0,25.0,12.0,2.0,top: Olaf / jng: Pantheon / mid: Galio / bot: Jhin / sup: Camille,2026-08-08,Hanwha Life Esports,top: Anivia / jng: Vi / mid: Ryze / bot: Corki / sup: Shen,1,7.0,1670.0,-618.0,-17.0,65.84483402151363,True,Grew by >500g
13400-13400_game_2,complete,LPL,Split 3,0,2026-08-08 08:15:03,2,16.15,200,Red,LNG Esports,oe:team:a9145b7711873f53e610fbba0493484,1943,0,237.0,482.0,25.0,6.0,6.0,350.0,-1000.0,3.0,8.0,7.0,-4205.0,-6686.0,-51.0,9.0,13.0,top: Yorick / jng: Pantheon / mid: Locke / bot: Ezreal / sup: Nautilus,2026-08-08,Weibo Gaming,top: K'Sante / jng: Naafiri / mid: Syndra / bot: Kai'Sa / sup: Leona,0,1.0,113.0,-1482.0,-22.0,34.9575264994312,True,Lead lost by 25
LOLTMNT01_439357,complete,LCK,Rounds 3-4,0,2026-08-08 08:59:05,2,16.15,200,Red,Hanwha Life Esports,oe:team:3a1d18f46bcb3716ebcfcf4ef068934,2035,1,1689.0,1151.0,35.0,3.0,1.0,2678.0,2350.0,40.0,4.0,2.0,1699.0,4517.0,35.0,4.0,2.0,top: Ambessa / jng: Jarvan IV / mid: Orianna / bot: Ziggs / sup: Alistar,2026-08-08,T1,top: Gnar / jng: Lee Sin / mid: Locke / bot: Caitlyn / sup: Lux,0,2.0,989.0,1199.0,5.0,-65.84483402151363,True,Shrank by >500g
LOLTMNT01_439361,complete,LCP,Split 3,0,2026-08-08 09:18:40,1,16.15,100,Blue,Deep Cross Gaming,oe:team:7e56e9367c023df96cc8257ff4e16c0,2190,1,1973.0,2084.0,6.0,9.0,4.0,2256.0,3508.0,1.0,12.0,7.0,-2121.0,-1574.0,-3.0,14.0,12.0,top: Rumble / jng: Lee Sin / mid: Cassiopeia / bot: Jhin / sup: Alistar,2026-08-08,MVK Esports,top: Gnar / jng: Skarner / mid: Locke / bot: Ezreal / sup: Pyke,1,5.0,283.0,1424.0,-5.0,41.9597561200992,True,Lead lost by 25
13401-13401_game_1,complete,LPL,Split 3,0,2026-08-08 09:37:30,1,16.15,200,Red,LGD Gaming,oe:team:5f401785b6b78326f9a46b3c6b206ed,2372,0,3006.0,2045.0,13.0,5.0,2.0,2961.0,2762.0,10.0,5.0,2.0,1944.0,2546.0,18.0,6.0,6.0,top: Vayne / jng: Naafiri / mid: Ryze / bot: Sivir / sup: Bard,2026-08-08,Anyone's Legend,top: Olaf / jng: Pantheon / mid: Orianna / bot: Varus / sup: Poppy,0,3.0,-45.0,717.0,-3.0,-147.23711685857552,True,Shrank by >500g
LOLTMNT01_440356,complete,LCK,Rounds 3-4,0,2026-08-08 09:56:45,3,16.15,100,Blue,Hanwha Life Esports,oe:team:3a1d18f46bcb3716ebcfcf4ef068934,2093,1,858.0,-339.0,17.0,6.0,4.0,3380.0,2132.0,40.0,7.0,4.0,4193.0,3632.0,58.0,11.0,6.0,top: Cho'Gath / jng: Naafiri / mid: Ahri / bot: Ezreal / sup: Karma,2026-08-08,T1,top: Rumble / jng: Nocturne / mid: Viktor / bot: Varus / sup: Bard,1,3.0,2522.0,2471.0,23.0,-65.84483402151363,True,Grew by >500g
LOLTMNT01_440357,complete,LCP,Split 3,0,2026-08-08 10:15:17,2,16.15,100,Blue,Deep Cross Gaming,oe:team:7e56e9367c023df96cc8257ff4e16c0,2053,0,-322.0,-833.0,40.0,3.0,4.0,580.0,-447.0,34.0,6.0,6.0,1956.0,3080.0,56.0,13.0,11.0,top: Olaf / jng: Naafiri / mid: Ryze / bot: Corki / sup: Shen,2026-08-08,MVK Esports,top: Ambessa / jng: Maokai / mid: Yone / bot: Syndra / sup: Jarvan IV,1,0.0,902.0,386.0,-6.0,41.9597561200992,True,Grew by >500g
13401-13401_game_2,complete,LPL,Split 3,0,2026-08-08 10:40:13,2,16.15,100,Blue,Anyone's Legend,oe:team:ed28f87f0cfdba0a2a8f183cebae73a,1980,1,1981.0,2089.0,40.0,6.0,3.0,2006.0,227.0,48.0,11.0,9.0,3666.0,3826.0,73.0,12.0,9.0,top: Rumble / jng: Vi / mid: Cassiopeia / bot: Jhin / sup: Camille,2026-08-08,LGD Gaming,top: Ambessa / jng: Trundle / mid: Viktor / bot: Corki / sup: Rell,1,2.0,25.0,-1862.0,8.0,147.23711685857552,True,Grew by >500g
LOLTMNT01_440388,complete,LCP,Split 3,0,2026-08-08 11:10:50,3,16.15,200,Red,MVK Esports,oe:team:bc3824b0bbb8139d16109178faa4822,2116,0,813.0,1763.0,-4.0,5.0,2.0,1024.0,519.0,12.0,7.0,5.0,-2297.0,-3144.0,-12.0,8.0,9.0,top: Vayne / jng: Zyra / mid: Akali / bot: Sivir / sup: Nautilus,2026-08-08,Deep Cross Gaming,top: Varus / jng: Pantheon / mid: Galio / bot: Viktor / sup: Poppy,0,2.0,211.0,-1244.0,16.0,-41.9597561200992,True,Lead lost by 25
LOLTMNT01_440394,complete,LCK,Rounds 3-4,0,2026-08-08 11:16:34,1,16.15,200,Red,Nongshim RedForce,oe:team:5cd2cd09ec94296f605dd13a2924d6c,2155,0,1682.0,1094.0,-16.0,4.0,0.0,1928.0,236.0,-18.0,5.0,0.0,2576.0,-2666.0,-2.0,6.0,0.0,top: Jayce / jng: Vi / mid: Syndra / bot: Lucian / sup: Milio,2026-08-08,DN SOOPers,top: Yorick / jng: Naafiri / mid: Ryze / bot: Ezreal / sup: Camille,0,5.0,246.0,-858.0,-2.0,118.71018793080839,True,Grew by >500g
13402-13402_game_1,complete,LPL,Split 3,0,2026-08-08 11:57:15,1,16.15,200,Red,Bilibili Gaming,oe:team:d356a144644879dabb5f34cd99c886d,1953,1,3589.0,3369.0,43.0,8.0,5.0,7511.0,5267.0,61.0,13.0,8.0,5536.0,7195.0,34.0,14.0,11.0,top: Jayce / jng: Lee Sin / mid: Ryze / bot: Ziggs / sup: Camille,2026-08-08,EDward Gaming,top: Rumble / jng: Skarner / mid: Syndra / bot: Ezreal / sup: Rell,0,5.0,3922.0,1898.0,18.0,281.9990768854359,True,Shrank by >500g
LOLTMNT01_440409,complete,LCP,Split 3,0,2026-08-08 12:05:55,4,16.15,200,Red,MVK Esports,oe:team:bc3824b0bbb8139d16109178faa4822,1867,1,2394.0,1079.0,31.0,4.0,1.0,3406.0,524.0,38.0,7.0,4.0,3037.0,-744.0,13.0,11.0,7.0,top: Renekton / jng: Malphite / mid: Zoe / bot: Lucian / sup: Milio,2026-08-08,Deep Cross Gaming,top: Zaahen / jng: Wukong / mid: Ahri / bot: Yunara / sup: Lulu,0,3.0,1012.0,-555.0,7.0,-41.9597561200992,True,Within 500g
LOLTMNT01_439418,complete,LCK,Rounds 3-4,0,2026-08-08 12:13:56,2,16.15,100,Blue,DN SOOPers,oe:team:b3c72a20aa56f5d28022ac04a7dc294,1835,1,-125.0,-1539.0,9.0,7.0,7.0,2222.0,-2383.0,-38.0,14.0,11.0,3030.0,4087.0,-34.0,20.0,16.0,top: Vayne / jng: Lee Sin / mid: Cassiopeia / bot: Jhin / sup: Alistar,2026-08-08,Nongshim RedForce,top: Gnar / jng: Pantheon / mid: Orianna / bot: Varus / sup: Shen,1,3.0,2347.0,-844.0,-47.0,-118.71018793080839,True,Grew by >500g
13402-13402_game_2,complete,LPL,Split 3,0,2026-08-08 12:53:59,2,16.15,100,Blue,Bilibili Gaming,oe:team:d356a144644879dabb5f34cd99c886d,2016,1,3206.0,2016.0,26.0,9.0,4.0,4143.0,2084.0,46.0,12.0,7.0,3412.0,2423.0,43.0,17.0,12.0,top: Ambessa / jng: Pantheon / mid: Orianna / bot: Xayah / sup: Rakan,2026-08-08,EDward Gaming,top: Olaf / jng: Vi / mid: Locke / bot: Xerath / sup: Shen,1,5.0,937.0,68.0,20.0,281.9990768854359,True,Shrank by >500g
LOLTMNT01_439433,complete,LCP,Split 3,0,2026-08-08 12:57:21,5,16.15,200,Red,MVK Esports,oe:team:bc3824b0bbb8139d16109178faa4822,1896,1,1506.0,1500.0,56.0,2.0,2.0,873.0,962.0,45.0,2.0,3.0,2308.0,2112.0,67.0,3.0,3.0,top: Aatrox / jng: Trundle / mid: K'Sante / bot: Ashe / sup: Seraphine,2026-08-08,Deep Cross Gaming,top: Dr. Mundo / jng: Xin Zhao / mid: Annie / bot: Miss Fortune / sup: Bard,0,-1.0,-633.0,-538.0,-11.0,-41.9597561200992,True,Grew by >500g
LOLTMNT04_182506,complete,LEC,Summer,0,2026-08-08 15:12:26,1,16.15,100,Blue,Natus Vincere,oe:team:d2ba9f92d85cff67d60aaad88e61048,1810,1,2509.0,1982.0,33.0,12.0,8.0,4950.0,4230.0,58.0,15.0,9.0,6122.0,5243.0,61.0,22.0,11.0,top: Olaf / jng: Nocturne / mid: Orianna / bot: Miss Fortune / sup: Shen,2026-08-08,SK Gaming,top: Kled / jng: Vi / mid: Sylas / bot: Corki / sup: Rell,1,6.0,2441.0,2248.0,25.0,62.41518895135596,True,Grew by >500g
LOLTMNT04_181603,complete,LEC,Summer,0,2026-08-08 16:03:15,2,16.15,200,Red,SK Gaming,oe:team:75760dca486d4682426196b76bd1a54,1779,1,2128.0,2308.0,40.0,8.0,7.0,3153.0,2858.0,31.0,10.0,8.0,6370.0,4553.0,32.0,12.0,8.0,top: Gnar / jng: Pantheon / mid: Syndra / bot: Varus / sup: Leona,2026-08-08,Natus Vincere,top: Ambessa / jng: Lee Sin / mid: Ryze / bot: Viktor / sup: Alistar,0,2.0,1025.0,550.0,-9.0,-62.41518895135596,True,Grew by >500g
LOLTMNT01_440490,complete,CBLOL,Split 2,0,2026-08-08 16:12:41,1,16.15,100,Blue,RED Canids,oe:team:67169969ecc058b307edfa9c6b7a3c0,1984,1,1974.0,1871.0,36.0,5.0,3.0,5014.0,2981.0,50.0,8.0,3.0,5513.0,6221.0,32.0,10.0,3.0,top: Ambessa / jng: Naafiri / mid: Orianna / bot: Ziggs / sup: Alistar,2026-08-08,paiN Gaming,top: Rumble / jng: Vi / mid: Galio / bot: Sivir / sup: Bard,1,5.0,3040.0,1110.0,14.0,71.17510461286543,True,Within 500g
LOLTMNT04_182511,complete,LEC,Summer,0,2026-08-08 16:55:41,3,16.15,100,Blue,Natus Vincere,oe:team:d2ba9f92d85cff67d60aaad88e61048,2536,1,807.0,643.0,3.0,4.0,3.0,1028.0,-153.0,-25.0,4.0,3.0,-479.0,391.0,-14.0,5.0,7.0,top: K'Sante / jng: Zaahen / mid: Anivia / bot: Yunara / sup: Braum,2026-08-08,SK Gaming,top: Renekton / jng: Wukong / mid: Annie / bot: Ziggs / sup: Nautilus,1,1.0,221.0,-796.0,-28.0,62.41518895135596,True,Lead lost by 25
LOLTMNT01_439505,complete,CBLOL,Split 2,0,2026-08-08 17:05:29,2,16.15,100,Blue,RED Canids,oe:team:67169969ecc058b307edfa9c6b7a3c0,1478,1,3748.0,1852.0,17.0,9.0,2.0,4508.0,1592.0,19.0,10.0,3.0,7893.0,6882.0,39.0,15.0,5.0,top: Gnar / jng: Lee Sin / mid: Syndra / bot: Varus / sup: Nautilus,2026-08-08,paiN Gaming,top: Twisted Fate / jng: Skarner / mid: Viktor / bot: Ezreal / sup: Shen,1,7.0,760.0,-260.0,2.0,71.17510461286543,True,Won before 25
LOLTMNT01_439526,complete,CBLOL,Split 2,0,2026-08-08 17:56:44,1,16.15,200,Red,LØS,oe:team:ea65e6cc48a9be50fc5334369a5fca5,2083,1,1103.0,2611.0,74.0,2.0,3.0,2062.0,2972.0,72.0,3.0,4.0,910.0,3337.0,81.0,4.0,6.0,top: Varus / jng: Naafiri / mid: Syndra / bot: Viktor / sup: Alistar,2026-08-08,Leviatan,top: Rumble / jng: Wukong / mid: Orianna / bot: Ezreal / sup: Shen,0,-1.0,959.0,361.0,-2.0,230.6313588890091,True,Shrank by >500g
LOLTMNT04_182525,complete,LEC,Summer,0,2026-08-08 18:02:38,1,16.15,100,Blue,GiantX,oe:team:6cd05f0ac20bfb965a59dc8bcc4f184,1851,1,5253.0,3979.0,-2.0,10.0,1.0,6084.0,4231.0,-18.0,13.0,2.0,9362.0,8898.0,-24.0,15.0,2.0,top: Renekton / jng: Jarvan IV / mid: Locke / bot: Cassiopeia / sup: Rell,2026-08-08,Movistar KOI,top: Zaahen / jng: Nocturne / mid: Orianna / bot: Corki / sup: Shen,1,11.0,831.0,252.0,-16.0,-50.597672033400386,True,Grew by >500g
LOLTMNT01_440527,complete,CBLOL,Split 2,0,2026-08-08 18:48:42,2,16.15,100,Blue,LØS,oe:team:ea65e6cc48a9be50fc5334369a5fca5,1366,1,6619.0,4681.0,82.0,10.0,3.0,11324.0,7754.0,122.0,16.0,5.0,,,,,,top: Renekton / jng: Lee Sin / mid: Ryze / bot: Caitlyn / sup: Bard,2026-08-08,Leviatan,top: K'Sante / jng: Jarvan IV / mid: Anivia / bot: Corki / sup: Leona,1,11.0,4705.0,3073.0,40.0,230.6313588890091,True,Won before 25
LOLTMNT04_182527,complete,LEC,Summer,0,2026-08-08 18:54:42,2,16.15,200,Red,Movistar KOI,oe:team:4acc40654379b4da680be1bd3129dfa,2022,0,732.0,1664.0,31.0,1.0,1.0,2621.0,3678.0,60.0,4.0,2.0,2270.0,5711.0,74.0,7.0,4.0,top: Ambessa / jng: Pantheon / mid: Viktor / bot: Ezreal / sup: Nautilus,2026-08-08,GiantX,top: Camille / jng: Vi / mid: Taliyah / bot: Kai'Sa / sup: Leona,0,2.0,1889.0,2014.0,29.0,50.597672033400386,True,Within 500g
LOLTMNT01_440548,complete,LCS,Summer,0,2026-08-08 20:07:00,1,16.15,200,Red,Cloud9,oe:team:fc8e90107dabb9a35c490b0d86adea0,1406,1,1019.0,465.0,13.0,7.0,4.0,6343.0,6969.0,50.0,13.0,4.0,,,,,,top: Gnar / jng: Jarvan IV / mid: Orianna / bot: Cassiopeia / sup: Nautilus,2026-08-08,Disguised,top: Olaf / jng: Vi / mid: Galio / bot: Lucian / sup: Milio,0,9.0,5324.0,6504.0,37.0,149.0283963821173,True,Won before 25
LOLTMNT01_439587,complete,LCS,Summer,0,2026-08-08 20:47:47,2,16.15,200,Red,Disguised,oe:team:289284911fb6f41c0ccaecc3a0c2891,2807,1,1653.0,426.0,9.0,3.0,0.0,2027.0,1597.0,47.0,4.0,2.0,-1058.0,-6347.0,-2.0,4.0,3.0,top: Vayne / jng: Naafiri / mid: Taliyah / bot: Ziggs / sup: Shen,2026-08-08,Cloud9,top: Renekton / jng: Skarner / mid: Ryze / bot: Ezreal / sup: Bard,0,2.0,374.0,1171.0,38.0,-149.0283963821173,True,Lead lost by 25
LOLTMNT01_440564,complete,LCS,Summer,0,2026-08-08 21:50:46,3,16.15,200,Red,Cloud9,oe:team:fc8e90107dabb9a35c490b0d86adea0,1552,1,2866.0,2539.0,31.0,1.0,0.0,4759.0,4340.0,44.0,3.0,0.0,11118.0,11280.0,93.0,10.0,0.0,top: Aatrox / jng: Poppy / mid: Sylas / bot: Caitlyn / sup: Karma,2026-08-08,Disguised,top: K'Sante / jng: Trundle / mid: Anivia / bot: Viktor / sup: Rell,0,3.0,1893.0,1801.0,13.0,149.0283963821173,True,Grew by >500g
LOLTMNT01_440580,complete,LCS,Summer,0,2026-08-08 22:36:20,1,16.15,200,Red,Sentinels,oe:team:f90422f1cbcb24bc2a855202582ec29,1870,1,2095.0,2080.0,54.0,3.0,1.0,3270.0,3555.0,62.0,7.0,2.0,4948.0,5118.0,64.0,9.0,2.0,top: K'Sante / jng: Lee Sin / mid: Hwei / bot: Ezreal / sup: Leona,2026-08-08,Shopify Rebellion,top: Jayce / jng: Naafiri / mid: Galio / bot: Ziggs / sup: Camille,0,5.0,1175.0,1475.0,8.0,45.80422839363496,True,Grew by >500g
LOLTMNT01_440586,complete,LCS,Summer,0,2026-08-08 23:25:31,2,16.15,100,Blue,Shopify Rebellion,oe:team:b360f1d729b0a8e0f29a5243c4200fa,2261,1,-51.0,208.0,-27.0,6.0,7.0,4048.0,2270.0,-31.0,12.0,9.0,4701.0,1714.0,-50.0,14.0,10.0,top: Gnar / jng: Jarvan IV / mid: Anivia / bot: Miss Fortune / sup: Nautilus,2026-08-08,Sentinels,top: Olaf / jng: Xin Zhao / mid: Cassiopeia / bot: Varus / sup: Shen,1,3.0,4099.0,2062.0,-4.0,-45.80422839363496,True,Grew by >500g
LOLTMNT01_440592,complete,LCS,Summer,0,2026-08-09 00:22:00,3,16.15,200,Red,Sentinels,oe:team:f90422f1cbcb24bc2a855202582ec29,2345,0,-48.0,-718.0,1.0,1.0,2.0,2294.0,1130.0,23.0,3.0,3.0,3112.0,3309.0,30.0,4.0,3.0,top: Renekton / jng: Nocturne / mid: Ryze / bot: Lucian / sup: Milio,2026-08-09,Shopify Rebellion,top: Zaahen / jng: Wukong / mid: Annie / bot: Viktor / sup: Rakan,0,0.0,2342.0,1848.0,22.0,40.56116230366433,True,Grew by >500g
LOLTMNT01_439669,complete,LCK,Rounds 3-4,0,2026-08-09 08:07:07,1,16.15,100,Blue,KT Rolster,oe:team:d723992568441c6bafa2658129eade7,1705,1,2197.0,1964.0,68.0,3.0,1.0,2351.0,1469.0,44.0,5.0,2.0,3594.0,7047.0,58.0,6.0,2.0,top: Olaf / jng: Pantheon / mid: Ryze / bot: Ezreal / sup: Nautilus,2026-08-09,Dplus Kia,top: Ambessa / jng: Vi / mid: Taliyah / bot: Lucian / sup: Milio,1,3.0,154.0,-495.0,-24.0,-10.787898330195958,True,Grew by >500g
LOLTMNT01_440665,complete,LCK,Rounds 3-4,0,2026-08-09 08:57:17,2,16.15,200,Red,Dplus Kia,oe:team:ef69efa6acebe94107f0cf1ba716806,1940,1,-1507.0,-847.0,41.0,3.0,7.0,625.0,3134.0,84.0,6.0,7.0,6020.0,9646.0,75.0,12.0,7.0,top: Jayce / jng: Xin Zhao / mid: Viktor / bot: Jhin / sup: Shen,2026-08-09,KT Rolster,top: Yorick / jng: Naafiri / mid: Annie / bot: Corki / sup: Bard,0,-1.0,2132.0,3981.0,43.0,10.787898330195958,True,Grew by >500g
LOLTMNT01_439697,complete,LCP,Split 3,0,2026-08-09 09:23:45,1,16.15,200,Red,CTBC Flying Oyster,oe:team:0916b3c324c8577b0c6344f3e067f62,2297,0,2070.0,1041.0,34.0,3.0,2.0,989.0,-270.0,37.0,3.0,4.0,-229.0,-1330.0,58.0,4.0,8.0,top: Jayce / jng: Lee Sin / mid: Syndra / bot: Lucian / sup: Milio,2026-08-09,Ground Zero Gaming,top: Gnar / jng: Jarvan IV / mid: Viktor / bot: Yunara / sup: Lulu,0,-1.0,-1081.0,-1311.0,3.0,49.7914038687552,True,Lead lost by 25
LOLTMNT01_440684,complete,LCK,Rounds 3-4,0,2026-08-09 09:51:31,3,16.15,200,Red,Dplus Kia,oe:team:ef69efa6acebe94107f0cf1ba716806,1769,1,1972.0,1546.0,57.0,1.0,1.0,5482.0,3479.0,91.0,5.0,2.0,11216.0,13562.0,175.0,10.0,2.0,top: K'Sante / jng: Jarvan IV / mid: Orianna / bot: Kalista / sup: Renata Glasc,2026-08-09,KT Rolster,top: Rumble / jng: Skarner / mid: Yone / bot: Mel / sup: Alistar,0,3.0,3510.0,1933.0,34.0,10.787898330195958,True,Grew by >500g
LOLTMNT01_439704,complete,LCP,Split 3,0,2026-08-09 10:23:43,2,16.15,200,Red,CTBC Flying Oyster,oe:team:0916b3c324c8577b0c6344f3e067f62,2028,1,2565.0,1725.0,1.0,8.0,6.0,3811.0,1971.0,10.0,9.0,6.0,1337.0,3353.0,19.0,12.0,12.0,top: Rumble / jng: Trundle / mid: Ryze / bot: Corki / sup: Nautilus,2026-08-09,Ground Zero Gaming,top: K'Sante / jng: Pantheon / mid: Ahri / bot: Jhin / sup: Alistar,0,3.0,1246.0,246.0,9.0,49.7914038687552,True,Shrank by >500g
LOLTMNT01_439728,complete,LCK,Rounds 3-4,0,2026-08-09 11:01:09,1,16.15,100,Blue,BNK FEARX,oe:team:5c2e7e9ea8dfcba0150d9a5619baecf,1748,1,1036.0,908.0,25.0,1.0,1.0,3417.0,4834.0,42.0,6.0,4.0,7504.0,8922.0,61.0,10.0,5.0,top: Nidalee / jng: Nocturne / mid: Syndra / bot: Lucian / sup: Milio,2026-08-09,Kiwoom DRX,top: Jayce / jng: Jarvan IV / mid: Ryze / bot: Ziggs / sup: Camille,1,2.0,2381.0,3926.0,17.0,-12.908005514087563,True,Grew by >500g
LOLTMNT01_439734,complete,LCP,Split 3,0,2026-08-09 11:19:25,3,16.15,100,Blue,CTBC Flying Oyster,oe:team:0916b3c324c8577b0c6344f3e067f62,1833,1,900.0,1477.0,16.0,3.0,2.0,1893.0,2692.0,29.0,3.0,2.0,7937.0,10424.0,45.0,10.0,3.0,top: Udyr / jng: Xin Zhao / mid: Akali / bot: Vayne / sup: Bard,2026-08-09,Ground Zero Gaming,top: Jax / jng: Nocturne / mid: Annie / bot: Sivir / sup: Shen,1,1.0,993.0,1215.0,13.0,49.7914038687552,True,Grew by >500g
LOLTMNT01_440741,complete,LCK,Rounds 3-4,0,2026-08-09 11:52:16,2,16.15,100,Blue,BNK FEARX,oe:team:5c2e7e9ea8dfcba0150d9a5619baecf,2442,1,2916.0,1674.0,16.0,7.0,2.0,3476.0,529.0,17.0,11.0,6.0,6540.0,2881.0,32.0,15.0,6.0,top: Renekton / jng: Pantheon / mid: Viktor / bot: Jhin / sup: Shen,2026-08-09,Kiwoom DRX,top: Gnar / jng: Lee Sin / mid: Annie / bot: Miss Fortune / sup: Nautilus,1,5.0,560.0,-1145.0,1.0,-12.908005514087563,True,Grew by >500g
LOLTMNT01_440746,complete,LCP,Split 3,0,2026-08-09 12:10:52,4,16.15,100,Blue,CTBC Flying Oyster,oe:team:0916b3c324c8577b0c6344f3e067f62,1399,1,5529.0,3721.0,34.0,12.0,3.0,8303.0,5374.0,54.0,18.0,5.0,,,,,,top: Renekton / jng: Sejuani / mid: Sylas / bot: Samira / sup: Rell,2026-08-09,Ground Zero Gaming,top: Aatrox / jng: Skarner / mid: Galio / bot: Ashe / sup: Seraphine,1,13.0,2774.0,1653.0,20.0,49.7914038687552,True,Won before 25
LOLTMNT04_181649,complete,LEC,Summer,0,2026-08-09 15:08:47,1,16.15,100,Blue,G2 Esports,oe:team:7d6673d3a9d00363c6bebc1a630da6e,2093,1,1576.0,944.0,43.0,4.0,2.0,3689.0,3062.0,61.0,5.0,2.0,3050.0,5646.0,64.0,5.0,4.0,top: Vayne / jng: Jarvan IV / mid: Cassiopeia / bot: Corki / sup: Alistar,2026-08-09,Team Heretics,top: Ambessa / jng: Skarner / mid: Syndra / bot: Viktor / sup: Shen,1,3.0,2113.0,2118.0,18.0,291.47543390857595,True,Shrank by >500g
LOLTMNT04_181656,complete,LEC,Summer,0,2026-08-09 16:05:20,2,16.15,100,Blue,G2 Esports,oe:team:7d6673d3a9d00363c6bebc1a630da6e,1577,1,5725.0,4817.0,61.0,11.0,3.0,8087.0,5894.0,84.0,11.0,3.0,16733.0,11643.0,131.0,15.0,3.0,top: Twisted Fate / jng: Xin Zhao / mid: Akali / bot: Lucian / sup: Milio,2026-08-09,Team Heretics,top: K'Sante / jng: Naafiri / mid: Orianna / bot: Yunara / sup: Lulu,1,8.0,2362.0,1077.0,23.0,291.47543390857595,True,Grew by >500g
LOLTMNT01_440847,complete,CBLOL,Split 2,0,2026-08-09 16:08:11,1,16.15,100,Blue,LOUD,oe:team:658a021a796aa5501503220adb38cf4,2052,1,23.0,1263.0,-12.0,3.0,3.0,1265.0,1945.0,-10.0,5.0,3.0,809.0,1656.0,-13.0,8.0,6.0,top: Ambessa / jng: Vi / mid: Galio / bot: Lucian / sup: Milio,2026-08-09,Vivo Keyd Stars,top: Olaf / jng: Wukong / mid: Locke / bot: Ezreal / sup: Karma,1,2.0,1242.0,682.0,2.0,20.554007716953265,True,Within 500g
LOLTMNT04_181671,complete,LEC,Summer,0,2026-08-09 16:56:02,1,16.15,100,Blue,Karmine Corp,oe:team:f3aa9bbd924ce3af42ac53f8326bc7c,1993,1,1274.0,989.0,50.0,1.0,2.0,4153.0,2807.0,92.0,2.0,3.0,2122.0,-511.0,85.0,3.0,6.0,top: Rumble / jng: Jarvan IV / mid: Syndra / bot: Caitlyn / sup: Bard,2026-08-09,Fnatic,top: Sion / jng: Naafiri / mid: Cassiopeia / bot: Lucian / sup: Milio,1,-1.0,2879.0,1818.0,42.0,235.83222850732022,True,Shrank by >500g
LOLTMNT01_439880,complete,CBLOL,Split 2,0,2026-08-09 17:01:28,2,16.15,100,Blue,LOUD,oe:team:658a021a796aa5501503220adb38cf4,1991,1,2774.0,1328.0,14.0,4.0,2.0,3947.0,2909.0,30.0,10.0,6.0,4167.0,3600.0,19.0,16.0,8.0,top: Jayce / jng: Kayn / mid: Orianna / bot: Syndra / sup: Shen,2026-08-09,Vivo Keyd Stars,top: Yorick / jng: Naafiri / mid: Ahri / bot: Viktor / sup: Rell,1,4.0,1173.0,1581.0,16.0,20.554007716953265,True,Within 500g
LOLTMNT04_181675,complete,LEC,Summer,0,2026-08-09 17:49:59,2,16.15,100,Blue,Karmine Corp,oe:team:f3aa9bbd924ce3af42ac53f8326bc7c,1909,1,878.0,-857.0,-22.0,7.0,3.0,3071.0,1751.0,7.0,8.0,3.0,1659.0,-362.0,10.0,11.0,6.0,top: Yorick / jng: Vi / mid: Viktor / bot: Kalista / sup: Renata Glasc,2026-08-09,Fnatic,top: Jayce / jng: Olaf / mid: Ryze / bot: Ziggs / sup: Shen,1,5.0,2193.0,2608.0,29.0,235.83222850732022,True,Shrank by >500g
LOLTMNT01_440897,complete,CBLOL,Split 2,0,2026-08-09 17:55:17,1,16.15,200,Red,FURIA,oe:team:87e3e1e75839f75a10bbc66e894d806,1651,1,1113.0,1004.0,19.0,3.0,3.0,3809.0,1113.0,45.0,6.0,5.0,6286.0,-476.0,41.0,7.0,6.0,top: Jayce / jng: Poppy / mid: Syndra / bot: Ezreal / sup: Bard,2026-08-09,Fluxo W7M,top: K'Sante / jng: Naafiri / mid: Ryze / bot: Corki / sup: Leona,0,1.0,2696.0,109.0,26.0,124.55108195911703,True,Grew by >500g
LOLTMNT01_440914,complete,CBLOL,Split 2,0,2026-08-09 18:40:55,2,16.15,100,Blue,FURIA,oe:team:87e3e1e75839f75a10bbc66e894d806,1976,1,-657.0,-1398.0,-5.0,1.0,2.0,34.0,-1604.0,-17.0,3.0,2.0,3484.0,3189.0,-10.0,6.0,2.0,top: Volibear / jng: Jarvan IV / mid: Galio / bot: Caitlyn / sup: Karma,2026-08-09,Fluxo W7M,top: Ambessa / jng: Xin Zhao / mid: Ahri / bot: Lucian / sup: Milio,1,1.0,691.0,-206.0,-12.0,124.55108195911703,True,Grew by >500g
LOLTMNT01_440962,complete,LCS,Summer,0,2026-08-09 20:08:29,1,16.15,100,Blue,Dignitas,oe:team:0dbb780176ecad18f17292d1f5653af,1701,0,1650.0,-314.0,2.0,3.0,1.0,4651.0,2300.0,16.0,7.0,2.0,1904.0,-3231.0,-32.0,7.0,3.0,top: Jayce / jng: Lee Sin / mid: Orianna / bot: Jhin / sup: Leona,2026-08-09,LYON,top: Swain / jng: Xin Zhao / mid: Ryze / bot: Ezreal / sup: Camille,1,5.0,3001.0,2614.0,14.0,-282.4533719337119,True,Shrank by >500g
LOLTMNT01_440970,complete,LCS,Summer,0,2026-08-09 20:57:17,2,16.15,100,Blue,LYON,oe:team:da1143bf9a245b78a8dc86417de85b3,1336,1,6805.0,3678.0,92.0,8.0,1.0,13223.0,7685.0,99.0,14.0,1.0,,,,,,top: Gnar / jng: Wukong / mid: Lissandra / bot: Lucian / sup: Milio,2026-08-09,Dignitas,top: Ambessa / jng: Nocturne / mid: Annie / bot: Senna / sup: Nautilus,1,13.0,6418.0,4007.0,7.0,282.4533719337119,True,Won before 25
LOLTMNT01_439989,complete,LCS,Summer,0,2026-08-09 21:39:44,1,16.15,100,Blue,Team Liquid,oe:team:8eb884e168f28402ce685bedebb5250,1604,1,2184.0,271.0,22.0,6.0,3.0,5315.0,3318.0,51.0,11.0,5.0,9362.0,10618.0,70.0,16.0,7.0,top: Olaf / jng: Wukong / mid: Ryze / bot: Ezreal / sup: Karma,2026-08-09,FlyQuest,top: Jax / jng: Pantheon / mid: Syndra / bot: Jhin / sup: Bard,1,6.0,3131.0,3047.0,29.0,80.87176717803868,True,Grew by >500g
LOLTMNT01_440986,complete,LCS,Summer,0,2026-08-09 22:25:28,2,16.15,100,Blue,Team Liquid,oe:team:8eb884e168f28402ce685bedebb5250,1495,1,4129.0,4624.0,63.0,10.0,6.0,7662.0,4533.0,55.0,13.0,6.0,13795.0,10267.0,65.0,22.0,8.0,top: Ambessa / jng: Jarvan IV / mid: Sylas / bot: Lucian / sup: Nami,2026-08-09,FlyQuest,top: Gnar / jng: Vi / mid: Taliyah / bot: Yunara / sup: Lulu,1,7.0,3533.0,-91.0,-8.0,80.87176717803868,True,Won before 25
LOLTMNT04_181702,complete,LEC,Summer,0,2026-08-10 15:07:37,1,16.15,100,Blue,SK Gaming,oe:team:75760dca486d4682426196b76bd1a54,1968,0,892.0,-83.0,-5.0,5.0,3.0,2205.0,341.0,-14.0,6.0,3.0,967.0,454.0,-33.0,11.0,10.0,top: Gnar / jng: Jarvan IV / mid: Ryze / bot: Varus / sup: Shen,2026-08-10,Team Vitality,top: Rumble / jng: Pantheon / mid: Viktor / bot: Corki / sup: Bard,1,3.0,1313.0,424.0,-9.0,-88.63536555249448,True,Shrank by >500g
LOLTMNT04_181709,complete,LEC,Summer,0,2026-08-10 16:03:22,2,16.15,100,Blue,Team Vitality,oe:team:e8d8ae992fe72acb7adc7bfcee31dbb,1441,1,3803.0,3977.0,36.0,9.0,3.0,5383.0,6245.0,48.0,14.0,6.0,12891.0,16257.0,84.0,24.0,7.0,top: Aatrox / jng: Lee Sin / mid: Akali / bot: Jhin / sup: Alistar,2026-08-10,SK Gaming,top: Twisted Fate / jng: Nocturne / mid: Orianna / bot: Kai'Sa / sup: Skarner,1,8.0,1580.0,2268.0,12.0,88.63536555249448,True,Won before 25
LOLTMNT04_182630,complete,LEC,Summer,0,2026-08-10 16:52:49,1,16.15,100,Blue,G2 Esports,oe:team:7d6673d3a9d00363c6bebc1a630da6e,2248,1,-932.0,613.0,23.0,2.0,5.0,1500.0,1029.0,10.0,5.0,6.0,-495.0,-1430.0,7.0,6.0,9.0,top: Jayce / jng: Xin Zhao / mid: Viktor / bot: Ziggs / sup: Alistar,2026-08-10,Natus Vincere,top: K'Sante / jng: Nocturne / mid: Syndra / bot: Ezreal / sup: Shen,1,-1.0,2432.0,416.0,-13.0,167.72438986908742,True,Lead lost by 25
LOLTMNT04_181727,complete,LEC,Summer,0,2026-08-10 17:55:05,2,16.15,100,Blue,G2 Esports,oe:team:7d6673d3a9d00363c6bebc1a630da6e,1780,1,3270.0,3560.0,86.0,6.0,3.0,7512.0,7126.0,122.0,10.0,4.0,9209.0,7272.0,91.0,11.0,4.0,top: Galio / jng: Trundle / mid: Orianna / bot: Varus / sup: Rell,2026-08-10,Natus Vincere,top: Rumble / jng: Lee Sin / mid: Cassiopeia / bot: Corki / sup: Leona,1,6.0,4242.0,3566.0,36.0,167.72438986908742,True,Grew by >500g
LOLTMNT01_441371,complete,CBLOL,Split 2,0,2026-08-10 21:10:38,1,16.15,200,Red,RED Canids,oe:team:67169969ecc058b307edfa9c6b7a3c0,2108,0,-376.0,1277.0,12.0,2.0,3.0,674.0,975.0,-4.0,4.0,3.0,1473.0,3160.0,32.0,4.0,4.0,top: Jayce / jng: Jarvan IV / mid: Orianna / bot: Corki / sup: Leona,2026-08-10,Leviatan,top: Yorick / jng: Skarner / mid: Syndra / bot: Naafiri / sup: Alistar,0,1.0,1050.0,-302.0,-16.0,158.33929600716237,True,Grew by >500g
LOLTMNT01_442335,complete,CBLOL,Split 2,0,2026-08-10 22:03:59,2,16.15,100,Blue,Leviatan,oe:team:53ef3d5a3ac5d88bc000eff7d87aeb3,2071,1,2812.0,1112.0,13.0,5.0,1.0,1052.0,-325.0,-3.0,7.0,4.0,315.0,-2395.0,-28.0,8.0,5.0,top: Varus / jng: Trundle / mid: Taliyah / bot: Viktor / sup: Nautilus,2026-08-10,RED Canids,top: Gnar / jng: Wukong / mid: Ryze / bot: Ezreal / sup: Rell,1,3.0,-1760.0,-1437.0,-16.0,-158.33929600716237,True,Shrank by >500g
LOLTMNT01_441403,complete,CBLOL,Split 2,0,2026-08-10 23:18:33,1,16.15,100,Blue,LØS,oe:team:ea65e6cc48a9be50fc5334369a5fca5,1931,1,2122.0,1195.0,36.0,3.0,1.0,4031.0,1571.0,40.0,5.0,1.0,7733.0,8413.0,53.0,13.0,4.0,top: Akali / jng: Naafiri / mid: Ryze / bot: Corki / sup: Shen,2026-08-10,paiN Gaming,top: Olaf / jng: Lee Sin / mid: Anivia / bot: Varus / sup: Rell,1,4.0,1909.0,376.0,4.0,192.14982362529645,True,Grew by >500g
LOLTMNT01_441410,complete,CBLOL,Split 2,0,2026-08-11 00:12:30,2,16.15,100,Blue,LØS,oe:team:ea65e6cc48a9be50fc5334369a5fca5,1714,1,4779.0,2933.0,89.0,7.0,2.0,10137.0,7910.0,107.0,16.0,4.0,11308.0,8004.0,83.0,21.0,7.0,top: Yorick / jng: Vi / mid: Orianna / bot: Viktor / sup: Camille,2026-08-11,paiN Gaming,top: Rumble / jng: Jarvan IV / mid: Syndra / bot: Jhin / sup: Alistar,1,12.0,5358.0,4977.0,18.0,202.0937463307896,True,Grew by >500g
LOLTMNT01_442886,complete,LCK,Rounds 3-4,0,2026-08-12 08:07:18,1,16.15,100,Blue,Nongshim RedForce,oe:team:5cd2cd09ec94296f605dd13a2924d6c,1541,1,3725.0,5222.0,64.0,11.0,4.0,4398.0,6239.0,103.0,13.0,6.0,7321.0,6544.0,91.0,16.0,8.0,top: Kled / jng: Jarvan IV / mid: Orianna / bot: Ezreal / sup: Leona,2026-08-12,DN SOOPers,top: Olaf / jng: Lee Sin / mid: Cassiopeia / bot: Jhin / sup: Nautilus,1,7.0,673.0,1017.0,39.0,65.5512963798783,True,Grew by >500g
LOLTMNT01_441931,complete,LCK,Rounds 3-4,0,2026-08-12 08:54:07,2,16.15,100,Blue,DN SOOPers,oe:team:b3c72a20aa56f5d28022ac04a7dc294,1827,1,3401.0,1373.0,30.0,7.0,1.0,4985.0,3504.0,32.0,12.0,3.0,7506.0,6757.0,50.0,20.0,5.0,top: Jayce / jng: Pantheon / mid: Galio / bot: Ziggs / sup: Shen,2026-08-12,Nongshim RedForce,top: Dr. Mundo / jng: Nocturne / mid: Locke / bot: Yunara / sup: Lulu,1,9.0,1584.0,2131.0,2.0,-65.5512963798783,True,Grew by >500g
LOLTMNT01_441936,complete,LCK,Rounds 3-4,0,2026-08-12 09:46:34,3,16.15,100,Blue,DN SOOPers,oe:team:b3c72a20aa56f5d28022ac04a7dc294,1726,1,1084.0,1135.0,13.0,3.0,1.0,1969.0,2339.0,17.0,7.0,3.0,4920.0,7705.0,55.0,16.0,9.0,top: Rumble / jng: Naafiri / mid: Akali / bot: Xayah / sup: Rakan,2026-08-12,Nongshim RedForce,top: Yorick / jng: Wukong / mid: Syndra / bot: Sivir / sup: Alistar,1,4.0,885.0,1204.0,4.0,-65.5512963798783,True,Grew by >500g
LOLTMNT01_441955,complete,LCK,Rounds 3-4,0,2026-08-12 11:02:08,1,16.15,100,Blue,Dplus Kia,oe:team:ef69efa6acebe94107f0cf1ba716806,1534,1,3320.0,3938.0,30.0,5.0,1.0,5259.0,4372.0,36.0,6.0,1.0,10614.0,9113.0,41.0,12.0,3.0,top: Kled / jng: Xin Zhao / mid: Ryze / bot: Jhin / sup: Karma,2026-08-12,KT Rolster,top: Olaf / jng: Pantheon / mid: Viktor / bot: Ezreal / sup: Shen,1,5.0,1939.0,434.0,6.0,28.925492769957373,True,Grew by >500g
LOLTMNT01_441971,complete,LCK,Rounds 3-4,0,2026-08-12 11:48:44,2,16.15,100,Blue,Dplus Kia,oe:team:ef69efa6acebe94107f0cf1ba716806,2033,1,-2675.0,-1898.0,-3.0,2.0,8.0,345.0,1681.0,27.0,5.0,8.0,2769.0,3710.0,61.0,7.0,8.0,top: K'Sante / jng: Vi / mid: Taliyah / bot: Sivir / sup: Bard,2026-08-12,KT Rolster,top: Jayce / jng: Naafiri / mid: Annie / bot: Ziggs / sup: Nautilus,1,-3.0,3020.0,3579.0,30.0,28.925492769957373,True,Grew by >500g
LOLTMNT01_443225,complete,LCK,Rounds 3-4,0,2026-08-13 08:06:50,1,16.15,100,Blue,Kiwoom DRX,oe:team:1d0389df0c5eea93b04122ba167c010,1958,1,2391.0,1034.0,7.0,5.0,1.0,4872.0,3667.0,-11.0,12.0,3.0,2318.0,353.0,-6.0,13.0,6.0,top: Jax / jng: Vi / mid: Ryze / bot: Caitlyn / sup: Bard,2026-08-13,BNK FEARX,top: Olaf / jng: Xin Zhao / mid: Syndra / bot: Ezreal / sup: Karma,1,9.0,2481.0,2633.0,-18.0,-28.57740017346714,True,Shrank by >500g
LOLTMNT01_444209,complete,LCK,Rounds 3-4,0,2026-08-13 09:01:27,2,16.15,100,Blue,BNK FEARX,oe:team:5c2e7e9ea8dfcba0150d9a5619baecf,1566,1,6231.0,6007.0,29.0,11.0,1.0,10741.0,7914.0,71.0,15.0,2.0,13867.0,10650.0,61.0,20.0,3.0,top: K'Sante / jng: Lee Sin / mid: Lissandra / bot: Yunara / sup: Lulu,2026-08-13,Kiwoom DRX,top: Rumble / jng: Nocturne / mid: Locke / bot: Corki / sup: Nautilus,1,13.0,4510.0,1907.0,42.0,28.57740017346714,True,Grew by >500g
LOLTMNT01_443254,complete,LCP,Split 3,0,2026-08-13 09:19:30,1,16.15,200,Red,GAM Esports,oe:team:9cae7677cd0dbcc1cd86653870b73c2,2492,0,414.0,524.0,51.0,2.0,3.0,182.0,1131.0,56.0,2.0,3.0,1045.0,-298.0,69.0,3.0,3.0,top: Gnar / jng: Naafiri / mid: Ahri / bot: Ezreal / sup: Shen,2026-08-13,Deep Cross Gaming,top: Olaf / jng: Jarvan IV / mid: Ryze / bot: Jhin / sup: Bard,0,-1.0,-232.0,607.0,5.0,-1.2225032714325152,True,Grew by >500g
LOLTMNT01_443259,complete,LCK,Rounds 3-4,0,2026-08-13 09:49:47,3,16.15,200,Red,BNK FEARX,oe:team:5c2e7e9ea8dfcba0150d9a5619baecf,1646,1,537.0,456.0,55.0,1.0,3.0,2076.0,2931.0,113.0,5.0,6.0,7855.0,10551.0,130.0,11.0,6.0,top: Vayne / jng: Naafiri / mid: Annie / bot: Kai'Sa / sup: Shen,2026-08-13,Kiwoom DRX,top: Jayce / jng: Poppy / mid: Aurora / bot: Jhin / sup: Alistar,0,-1.0,1539.0,2475.0,58.0,28.57740017346714,True,Grew by >500g
LOLTMNT01_444226,complete,LCP,Split 3,0,2026-08-13 10:25:55,2,16.15,200,Red,GAM Esports,oe:team:9cae7677cd0dbcc1cd86653870b73c2,1488,1,1086.0,743.0,22.0,2.0,1.0,2146.0,1492.0,30.0,4.0,1.0,12920.0,14214.0,78.0,13.0,1.0,top: Rumble / jng: Xin Zhao / mid: Orianna / bot: Sivir / sup: Alistar,2026-08-13,Deep Cross Gaming,top: Yorick / jng: Vi / mid: Locke / bot: Kai'Sa / sup: Nautilus,0,3.0,1060.0,749.0,8.0,-1.2225032714325152,True,Won before 25
LOLTMNT01_444239,complete,LCK,Rounds 3-4,0,2026-08-13 11:04:48,1,16.15,200,Red,Gen.G,oe:team:50f58982d91a36557ec8aec52ab014f,2331,1,-962.0,-660.0,-48.0,2.0,3.0,1880.0,1029.0,12.0,3.0,4.0,959.0,903.0,4.0,5.0,7.0,top: Olaf / jng: Lee Sin / mid: Ryze / bot: Caitlyn / sup: Bard,2026-08-13,Hanwha Life Esports,top: Vayne / jng: Jarvan IV / mid: Annie / bot: Jhin / sup: Karma,0,-1.0,2842.0,1689.0,60.0,52.049159754739094,True,Shrank by >500g
LOLTMNT01_444240,complete,LCP,Split 3,0,2026-08-13 11:10:13,3,16.15,100,Blue,GAM Esports,oe:team:9cae7677cd0dbcc1cd86653870b73c2,3126,1,3103.0,590.0,10.0,6.0,2.0,2626.0,1016.0,23.0,6.0,3.0,6986.0,7249.0,12.0,11.0,5.0,top: K'Sante / jng: Pantheon / mid: Cassiopeia / bot: Miss Fortune / sup: Pyke,2026-08-13,Deep Cross Gaming,top: Jayce / jng: Trundle / mid: Syndra / bot: Varus / sup: Poppy,1,3.0,-477.0,426.0,13.0,-1.2225032714325152,True,Grew by >500g
LOLTMNT01_443303,complete,LCK,Rounds 3-4,0,2026-08-13 12:05:56,2,16.15,100,Blue,Gen.G,oe:team:50f58982d91a36557ec8aec52ab014f,1913,1,4443.0,4604.0,62.0,7.0,2.0,6353.0,4658.0,76.0,10.0,5.0,5677.0,7249.0,78.0,14.0,10.0,top: Ambessa / jng: Nocturne / mid: Cassiopeia / bot: Seraphine / sup: Shen,2026-08-13,Hanwha Life Esports,top: Gnar / jng: Pantheon / mid: Orianna / bot: Corki / sup: Alistar,1,5.0,1910.0,54.0,14.0,52.049159754739094,True,Shrank by >500g
LOLTMNT01_443312,complete,LCP,Split 3,0,2026-08-13 12:22:32,4,16.15,100,Blue,GAM Esports,oe:team:9cae7677cd0dbcc1cd86653870b73c2,1661,1,5146.0,2849.0,24.0,7.0,0.0,5830.0,1914.0,6.0,8.0,1.0,12540.0,8708.0,21.0,13.0,1.0,top: Ambessa / jng: Wukong / mid: Annie / bot: Caitlyn / sup: Lux,2026-08-13,Deep Cross Gaming,top: Aatrox / jng: Jax / mid: Galio / bot: Taliyah / sup: Rakan,1,7.0,684.0,-935.0,-18.0,-1.2225032714325152,True,Grew by >500g
13411-13411_game_1,complete,LPL,Split 3,0,2026-08-14 07:13:20,1,16.15,100,Blue,LGD Gaming,oe:team:5f401785b6b78326f9a46b3c6b206ed,1855,1,2251.0,923.0,-20.0,4.0,0.0,2830.0,1166.0,-21.0,6.0,1.0,9791.0,10990.0,15.0,14.0,2.0,top: Olaf / jng: Naafiri / mid: Ryze / bot: Jhin / sup: Shen,2026-08-14,EDward Gaming,top: Ambessa / jng: Lee Sin / mid: Syndra / bot: Corki / sup: Alistar,1,5.0,579.0,243.0,-1.0,73.75960107815627,True,Grew by >500g
LOLTMNT01_443574,complete,LCK,Rounds 3-4,0,2026-08-14 08:08:00,1,16.15,200,Red,T1,oe:team:ce499dea30cfce118f4fe85da0227e8,1867,1,2241.0,1327.0,-24.0,11.0,7.0,5103.0,3721.0,-10.0,16.0,8.0,9006.0,6029.0,2.0,23.0,9.0,top: Olaf / jng: Vi / mid: Locke / bot: Kai'Sa / sup: Camille,2026-08-14,Dplus Kia,top: Jax / jng: Xin Zhao / mid: Orianna / bot: Jhin / sup: Rell,0,8.0,2862.0,2394.0,14.0,57.351614875430414,True,Grew by >500g
LOLTMNT01_444547,complete,LCK,Rounds 3-4,0,2026-08-14 09:03:22,2,16.15,200,Red,Dplus Kia,oe:team:ef69efa6acebe94107f0cf1ba716806,2636,1,571.0,1092.0,12.0,5.0,4.0,1211.0,2774.0,17.0,5.0,4.0,2413.0,1287.0,16.0,6.0,5.0,top: Aatrox / jng: Jarvan IV / mid: Twisted Fate / bot: Ezreal / sup: Karma,2026-08-14,T1,top: Ambessa / jng: Pantheon / mid: Ryze / bot: Caitlyn / sup: Lux,0,1.0,640.0,1682.0,5.0,-57.351614875430414,True,Grew by >500g
13412-13412_game_1,complete,LPL,Split 3,0,2026-08-14 09:09:44,1,16.15,200,Red,Team WE,oe:team:62c1cd9465dc63824593ee5046f5aa8,2354,1,881.0,721.0,14.0,8.0,6.0,253.0,591.0,26.0,8.0,7.0,-18.0,-1064.0,20.0,12.0,12.0,top: Rumble / jng: Vi / mid: Ahri / bot: Ashe / sup: Seraphine,2026-08-14,Top Esports,top: Jayce / jng: Naafiri / mid: Galio / bot: Ziggs / sup: Shen,0,1.0,-628.0,-130.0,12.0,-89.96933411294413,True,Lead lost by 25
LOLTMNT01_443605,complete,LCP,Split 3,0,2026-08-14 09:22:58,1,16.15,200,Red,MVK Esports,oe:team:bc3824b0bbb8139d16109178faa4822,2046,1,-754.0,253.0,-8.0,4.0,4.0,180.0,178.0,2.0,4.0,4.0,1596.0,4383.0,-8.0,9.0,5.0,top: Zaahen / jng: Wukong / mid: Cassiopeia / bot: Corki / sup: Rell,2026-08-14,CTBC Flying Oyster,top: Olaf / jng: Naafiri / mid: Orianna / bot: Sivir / sup: Camille,0,0.0,934.0,-75.0,10.0,22.79652687646262,True,Grew by >500g
LOLTMNT01_444568,complete,LCK,Rounds 3-4,0,2026-08-14 10:12:47,3,16.15,100,Blue,Dplus Kia,oe:team:ef69efa6acebe94107f0cf1ba716806,1764,1,-1387.0,366.0,-6.0,0.0,0.0,646.0,306.0,-24.0,5.0,1.0,2075.0,4108.0,31.0,5.0,2.0,top: K'Sante / jng: Naafiri / mid: Akali / bot: Cassiopeia / sup: Rakan,2026-08-14,T1,top: Jayce / jng: Trundle / mid: Viktor / bot: Ziggs / sup: Shen,1,4.0,2033.0,-60.0,-18.0,-57.351614875430414,True,Grew by >500g
LOLTMNT01_443612,complete,LCP,Split 3,0,2026-08-14 10:17:25,2,16.15,100,Blue,CTBC Flying Oyster,oe:team:0916b3c324c8577b0c6344f3e067f62,1825,0,4816.0,3286.0,22.0,9.0,3.0,6926.0,5495.0,39.0,14.0,4.0,4695.0,-729.0,17.0,18.0,8.0,top: Rumble / jng: Jarvan IV / mid: Yone / bot: Ziggs / sup: Alistar,2026-08-14,MVK Esports,top: Ambessa / jng: Vi / mid: Ryze / bot: Kalista / sup: Renata Glasc,1,10.0,2110.0,2209.0,17.0,-22.79652687646262,True,Shrank by >500g
LOLTMNT01_444594,complete,LCP,Split 3,0,2026-08-14 11:07:55,3,16.15,200,Red,MVK Esports,oe:team:bc3824b0bbb8139d16109178faa4822,1893,0,1221.0,429.0,-20.0,5.0,7.0,214.0,1153.0,-33.0,8.0,10.0,-991.0,-2057.0,-24.0,13.0,17.0,top: K'Sante / jng: Qiyana / mid: Twisted Fate / bot: Lee Sin / sup: Seraphine,2026-08-14,CTBC Flying Oyster,top: Jayce / jng: Trundle / mid: Akali / bot: Yasuo / sup: Rakan,0,-2.0,-1007.0,724.0,-13.0,22.79652687646262,True,Lead lost by 25
13413-13413_game_1,complete,LPL,Split 3,0,2026-08-14 11:16:17,1,16.15,100,Blue,JD Gaming,oe:team:b42d0f31f2727621b963042276817c4,2231,1,905.0,-99.0,-4.0,3.0,2.0,3007.0,3040.0,12.0,5.0,4.0,4883.0,2180.0,15.0,6.0,4.0,top: Jax / jng: Vi / mid: Anivia / bot: Jhin / sup: Camille,2026-08-14,Anyone's Legend,top: Olaf / jng: Skarner / mid: Cassiopeia / bot: Ashe / sup: Seraphine,1,1.0,2102.0,3139.0,16.0,-31.29781747328252,True,Grew by >500g
LOLTMNT01_444599,complete,LCK,Rounds 3-4,0,2026-08-14 11:28:48,1,16.15,200,Red,Nongshim RedForce,oe:team:5cd2cd09ec94296f605dd13a2924d6c,1656,1,1365.0,-581.0,33.0,2.0,3.0,1538.0,-715.0,42.0,3.0,5.0,4928.0,7530.0,79.0,7.0,6.0,top: Rumble / jng: Jarvan IV / mid: Cassiopeia / bot: Ezreal / sup: Leona,2026-08-14,HANJIN BRION,top: Gnar / jng: Lee Sin / mid: Syndra / bot: Jhin / sup: Rakan,0,-2.0,173.0,-134.0,9.0,-56.044548562062346,True,Grew by >500g
LOLTMNT01_444603,complete,LCP,Split 3,0,2026-08-14 12:00:08,4,16.15,100,Blue,CTBC Flying Oyster,oe:team:0916b3c324c8577b0c6344f3e067f62,1815,1,2191.0,93.0,3.0,5.0,3.0,2993.0,3031.0,30.0,8.0,4.0,7679.0,8875.0,58.0,14.0,7.0,top: Malphite / jng: Pantheon / mid: Syndra / bot: Tristana / sup: Lulu,2026-08-14,MVK Esports,top: Gnar / jng: Nocturne / mid: Hwei / bot: Jhin / sup: Bard,1,4.0,802.0,2938.0,27.0,-22.79652687646262,True,Grew by >500g
LOLTMNT01_443649,complete,LCK,Rounds 3-4,0,2026-08-14 12:17:36,2,16.15,100,Blue,Nongshim RedForce,oe:team:5cd2cd09ec94296f605dd13a2924d6c,1520,1,534.0,1425.0,1.0,3.0,3.0,2527.0,1458.0,2.0,6.0,5.0,9246.0,11988.0,25.0,20.0,9.0,top: Olaf / jng: Nocturne / mid: Galio / bot: Corki / sup: Neeko,2026-08-14,HANJIN BRION,top: Vayne / jng: Naafiri / mid: Orianna / bot: Yunara / sup: Lulu,1,1.0,1993.0,33.0,1.0,-56.044548562062346,True,Grew by >500g
13413-13413_game_2,complete,LPL,Split 3,0,2026-08-14 12:34:45,2,16.15,100,Blue,Anyone's Legend,oe:team:ed28f87f0cfdba0a2a8f183cebae73a,1870,1,2535.0,1860.0,26.0,4.0,0.0,3114.0,2368.0,24.0,8.0,4.0,5594.0,6664.0,67.0,13.0,5.0,top: Ambessa / jng: Lee Sin / mid: Locke / bot: Varus / sup: Rell,2026-08-14,JD Gaming,top: K'Sante / jng: Jarvan IV / mid: Orianna / bot: Corki / sup: Nautilus,1,4.0,579.0,508.0,-2.0,31.29781747328252,True,Grew by >500g
LOLTMNT01_444612,complete,LCP,Split 3,0,2026-08-14 12:50:18,5,16.15,100,Blue,CTBC Flying Oyster,oe:team:0916b3c324c8577b0c6344f3e067f62,1991,1,966.0,-64.0,-25.0,9.0,8.0,4371.0,3277.0,-15.0,14.0,9.0,2950.0,1674.0,-18.0,16.0,12.0,top: Renekton / jng: Sejuani / mid: Aurora / bot: Lucian / sup: Milio,2026-08-14,MVK Esports,top: Vayne / jng: Skarner / mid: Locke / bot: Caitlyn / sup: Karma,1,5.0,3405.0,3341.0,10.0,-22.79652687646262,True,Shrank by >500g
LOLTMNT05_218045,complete,LEC,Summer,0,2026-08-14 15:07:55,1,16.16,100,Blue,SK Gaming,oe:team:75760dca486d4682426196b76bd1a54,1600,1,421.0,376.0,39.0,3.0,3.0,2836.0,2002.0,34.0,8.0,5.0,8737.0,11184.0,52.0,16.0,6.0,top: Gnar / jng: Jarvan IV / mid: Syndra / bot: Corki / sup: Nautilus,2026-08-14,Shifters,top: Ambessa / jng: Vi / mid: Sylas / bot: Lucian / sup: Milio,1,3.0,2415.0,1626.0,-5.0,2.8051286885417994,True,Grew by >500g
LOLTMNT05_217037,complete,LEC,Summer,0,2026-08-14 15:54:54,2,16.16,200,Red,Shifters,oe:team:a2065488a11a2c0a2403a7b347eec61,2474,0,152.0,23.0,55.0,7.0,8.0,1405.0,824.0,62.0,12.0,12.0,-1851.0,-3574.0,17.0,13.0,16.0,top: Rumble / jng: Poppy / mid: Viktor / bot: Jhin / sup: Bard,2026-08-14,SK Gaming,top: Camille / jng: Pantheon / mid: Akali / bot: Xerath / sup: Rell,0,0.0,1253.0,801.0,7.0,-2.8051286885417994,True,Lead lost by 25
LOLTMNT05_218052,complete,LEC,Summer,0,2026-08-14 17:02:02,1,16.16,200,Red,Team Vitality,oe:team:e8d8ae992fe72acb7adc7bfcee31dbb,1572,1,6520.0,4238.0,108.0,5.0,1.0,8846.0,6753.0,154.0,8.0,3.0,11955.0,10938.0,179.0,9.0,3.0,top: Rumble / jng: Vi / mid: Ahri / bot: Xayah / sup: Rakan,2026-08-14,GiantX,top: Galio / jng: Xin Zhao / mid: Azir / bot: Ezreal / sup: Bard,0,5.0,2326.0,2515.0,46.0,22.056150950884785,True,Grew by >500g
LOLTMNT05_218053,complete,LEC,Summer,0,2026-08-14 17:48:14,2,16.16,200,Red,Team Vitality,oe:team:e8d8ae992fe72acb7adc7bfcee31dbb,2128,0,6165.0,4340.0,104.0,5.0,2.0,4648.0,1822.0,110.0,9.0,6.0,5375.0,5943.0,118.0,12.0,8.0,top: Renekton / jng: Lee Sin / mid: LeBlanc / bot: Corki / sup: Rell,2026-08-14,GiantX,top: Ornn / jng: Nocturne / mid: Orianna / bot: Varus / sup: Alistar,0,3.0,-1517.0,-2518.0,6.0,22.056150950884785,True,Grew by >500g
LOLTMNT05_218055,complete,LEC,Summer,0,2026-08-14 18:42:36,3,16.16,200,Red,GiantX,oe:team:6cd05f0ac20bfb965a59dc8bcc4f184,1638,0,2077.0,2059.0,18.0,5.0,3.0,1937.0,842.0,32.0,5.0,4.0,-905.0,-5257.0,11.0,6.0,7.0,top: Jayce / jng: Jarvan IV / mid: Ryze / bot: Seraphine / sup: Nautilus,2026-08-14,Team Vitality,top: Aatrox / jng: Sejuani / mid: Cassiopeia / bot: Lucian / sup: Milio,0,1.0,-140.0,-1217.0,14.0,-22.056150950884785,True,Lead lost by 25
13414-13414_game_1,complete,LPL,Split 3,0,2026-08-15 07:13:13,1,16.15,200,Red,Ninjas in Pyjamas,oe:team:48d7941ccbd5b89aca46c57b0c2f8fb,1842,1,535.0,1486.0,-4.0,5.0,5.0,5533.0,6857.0,22.0,11.0,5.0,3090.0,3663.0,-12.0,12.0,9.0,top: Gnar / jng: Naafiri / mid: Orianna / bot: Ezreal / sup: Bard,2026-08-15,LNG Esports,top: Twisted Fate / jng: Xin Zhao / mid: Ryze / bot: Caitlyn / sup: Karma,0,6.0,4998.0,5371.0,26.0,84.79039729559054,True,Shrank by >500g
13414-13414_game_2,complete,LPL,Split 3,0,2026-08-15 08:07:48,2,16.15,100,Blue,Ninjas in Pyjamas,oe:team:48d7941ccbd5b89aca46c57b0c2f8fb,1829,0,-567.0,76.0,6.0,5.0,4.0,1541.0,1254.0,17.0,12.0,9.0,-2105.0,-5400.0,18.0,13.0,14.0,top: Yorick / jng: Jarvan IV / mid: Sylas / bot: Varus / sup: Nautilus,2026-08-15,LNG Esports,top: Rumble / jng: Vi / mid: Galio / bot: Ashe / sup: Seraphine,1,3.0,2108.0,1178.0,11.0,84.79039729559054,True,Lead lost by 25
LOLTMNT01_443758,complete,LCK,Rounds 3-4,0,2026-08-15 08:08:03,1,16.15,100,Blue,KT Rolster,oe:team:d723992568441c6bafa2658129eade7,2267,1,1788.0,1368.0,0.0,8.0,3.0,2533.0,1705.0,-41.0,12.0,3.0,4549.0,5394.0,-55.0,14.0,4.0,top: K'Sante / jng: Xin Zhao / mid: Syndra / bot: Ezreal / sup: Bard,2026-08-15,Hanwha Life Esports,top: Jayce / jng: Jarvan IV / mid: Ryze / bot: Jhin / sup: Karma,1,9.0,745.0,337.0,-41.0,-71.32054355052924,True,Grew by >500g
LOLTMNT01_444718,complete,LCK,Rounds 3-4,0,2026-08-15 09:08:38,2,16.15,100,Blue,Hanwha Life Esports,oe:team:3a1d18f46bcb3716ebcfcf4ef068934,1472,1,5231.0,3756.0,46.0,8.0,2.0,9008.0,6089.0,96.0,10.0,2.0,12565.0,9898.0,134.0,15.0,4.0,top: Ambessa / jng: Vi / mid: Akali / bot: Xayah / sup: Rakan,2026-08-15,KT Rolster,top: Rumble / jng: Trundle / mid: Galio / bot: Lucian / sup: Milio,1,8.0,3777.0,2333.0,50.0,71.32054355052924,True,Won before 25
LOLTMNT01_443784,complete,LCP,Split 3,0,2026-08-15 09:22:54,1,16.15,100,Blue,DetonatioN FocusMe,oe:team:e435aa3ecb82a89e60544f5f5857a81,2363,0,-1020.0,-1787.0,-12.0,5.0,6.0,1069.0,-827.0,-9.0,9.0,7.0,-2057.0,-5275.0,-3.0,13.0,15.0,top: Jayce / jng: Naafiri / mid: Locke / bot: Syndra / sup: Rakan,2026-08-15,Ground Zero Gaming,top: Anivia / jng: Jarvan IV / mid: Viktor / bot: Ezreal / sup: Shen,1,2.0,2089.0,960.0,3.0,-75.19661988845837,True,Lead lost by 25
LOLTMNT01_443787,complete,LCK,Rounds 3-4,0,2026-08-15 09:54:58,3,16.15,100,Blue,Hanwha Life Esports,oe:team:3a1d18f46bcb3716ebcfcf4ef068934,1569,1,5586.0,3009.0,77.0,11.0,4.0,7558.0,4007.0,89.0,11.0,4.0,10207.0,7201.0,72.0,13.0,4.0,top: Olaf / jng: Skarner / mid: Ahri / bot: Yunara / sup: Lulu,2026-08-15,KT Rolster,top: Kled / jng: Nocturne / mid: Aurora / bot: Corki / sup: Nautilus,1,7.0,1972.0,998.0,12.0,71.32054355052924,True,Grew by >500g
13415-13415_game_1,complete,LPL,Split 3,0,2026-08-15 10:04:27,1,16.15,100,Blue,Anyone's Legend,oe:team:ed28f87f0cfdba0a2a8f183cebae73a,1989,0,-1968.0,-1336.0,10.0,1.0,6.0,629.0,732.0,26.0,6.0,9.0,-855.0,-3561.0,49.0,7.0,14.0,top: Ambessa / jng: Lee Sin / mid: Locke / bot: Varus / sup: Rell,2026-08-15,ThunderTalk Gaming,top: Rumble / jng: Jarvan IV / mid: Orianna / bot: Lucian / sup: Milio,1,-3.0,2597.0,2068.0,16.0,145.1982694693454,True,Lead lost by 25
LOLTMNT01_443788,complete,LCP,Split 3,0,2026-08-15 10:24:46,2,16.15,100,Blue,Ground Zero Gaming,oe:team:788115a84f68bc65fa6d3a4e0f67a3e,1653,1,249.0,1524.0,61.0,1.0,2.0,3411.0,2592.0,57.0,6.0,3.0,10686.0,12536.0,111.0,17.0,4.0,top: Ambessa / jng: Lee Sin / mid: Ryze / bot: Mel / sup: Leona,2026-08-15,DetonatioN FocusMe,top: Rumble / jng: Vi / mid: Yone / bot: Jhin / sup: Alistar,1,3.0,3162.0,1068.0,-4.0,75.19661988845837,True,Grew by >500g
13415-13415_game_2,complete,LPL,Split 3,0,2026-08-15 11:02:09,2,16.15,200,Red,Anyone's Legend,oe:team:ed28f87f0cfdba0a2a8f183cebae73a,2057,1,2964.0,625.0,7.0,2.0,0.0,4649.0,3742.0,46.0,7.0,5.0,4690.0,4049.0,53.0,9.0,7.0,top: Gnar / jng: Naafiri / mid: Twisted Fate / bot: Ziggs / sup: Camille,2026-08-15,ThunderTalk Gaming,top: Jax / jng: Pantheon / mid: Ryze / bot: Ashe / sup: Seraphine,0,2.0,1685.0,3117.0,39.0,145.1982694693454,True,Within 500g
LOLTMNT01_444760,complete,LCK,Rounds 3-4,0,2026-08-15 11:08:43,1,16.15,100,Blue,BNK FEARX,oe:team:5c2e7e9ea8dfcba0150d9a5619baecf,1786,0,1792.0,2511.0,33.0,3.0,1.0,3829.0,3354.0,43.0,6.0,3.0,1074.0,-3584.0,48.0,9.0,8.0,top: Kled / jng: Pantheon / mid: Syndra / bot: Ezreal / sup: Bard,2026-08-15,DN SOOPers,top: Olaf / jng: Lee Sin / mid: Ryze / bot: Sivir / sup: Karma,1,3.0,2037.0,843.0,10.0,132.83327505288207,True,Shrank by >500g
LOLTMNT01_443809,complete,LCP,Split 3,0,2026-08-15 11:12:07,3,16.15,200,Red,DetonatioN FocusMe,oe:team:e435aa3ecb82a89e60544f5f5857a81,1770,0,-1307.0,-368.0,-17.0,1.0,2.0,1168.0,433.0,-7.0,3.0,2.0,-108.0,-1654.0,-45.0,7.0,6.0,top: Renekton / jng: Wukong / mid: Orianna / bot: Yunara / sup: Lulu,2026-08-15,Ground Zero Gaming,top: Dr. Mundo / jng: Pantheon / mid: Zoe / bot: Lucian / sup: Milio,0,1.0,2475.0,801.0,10.0,-75.19661988845837,True,Lead lost by 25
LOLTMNT01_444770,complete,LCK,Rounds 3-4,0,2026-08-15 11:59:11,2,16.15,200,Red,DN SOOPers,oe:team:b3c72a20aa56f5d28022ac04a7dc294,1812,1,1512.0,904.0,-6.0,8.0,4.0,4296.0,4330.0,34.0,11.0,5.0,3125.0,2913.0,39.0,12.0,8.0,top: Rumble / jng: Vi / mid: Ahri / bot: Corki / sup: Rell,2026-08-15,BNK FEARX,top: Udyr / jng: Jarvan IV / mid: Akali / bot: Jhin / sup: Shen,0,6.0,2784.0,3426.0,40.0,-132.83327505288207,True,Shrank by >500g
13416-13416_game_1,complete,LPL,Split 3,0,2026-08-15 13:09:39,1,16.15,200,Red,Bilibili Gaming,oe:team:d356a144644879dabb5f34cd99c886d,2249,1,3815.0,2802.0,26.0,6.0,2.0,5269.0,4796.0,40.0,7.0,2.0,6721.0,10404.0,60.0,10.0,3.0,top: Rumble / jng: Naafiri / mid: Ryze / bot: Kalista / sup: Renata Glasc,2026-08-15,Team WE,top: Ambessa / jng: Lee Sin / mid: Annie / bot: Varus / sup: Nautilus,0,5.0,1454.0,1994.0,14.0,114.68553843346194,True,Grew by >500g
LOLTMNT05_218159,complete,LEC,Summer,0,2026-08-15 15:07:14,1,16.16,100,Blue,Fnatic,oe:team:78f183fa5a7d8ecb22b9ad272c3abd7,1970,1,1660.0,1763.0,37.0,9.0,6.0,1886.0,1258.0,30.0,10.0,7.0,4958.0,8010.0,88.0,16.0,10.0,top: Rumble / jng: Jarvan IV / mid: Ryze / bot: Jhin / sup: Alistar,2026-08-15,SK Gaming,top: Jayce / jng: Lee Sin / mid: Syndra / bot: Corki / sup: Rell,1,3.0,226.0,-505.0,-7.0,-0.7648984347490568,True,Grew by >500g
LOLTMNT05_218180,complete,LEC,Summer,0,2026-08-15 15:58:57,2,16.16,100,Blue,Fnatic,oe:team:78f183fa5a7d8ecb22b9ad272c3abd7,2300,1,1557.0,-1372.0,0.0,2.0,1.0,3325.0,395.0,33.0,6.0,3.0,3472.0,-980.0,13.0,7.0,4.0,top: Olaf / jng: Pantheon / mid: Sylas / bot: Ezreal / sup: Karma,2026-08-15,SK Gaming,top: Gnar / jng: Xin Zhao / mid: Viktor / bot: Caitlyn / sup: Bard,1,3.0,1768.0,1767.0,33.0,-0.7648984347490568,True,Within 500g
LOLTMNT02_450511,complete,CBLOL,Split 2,0,2026-08-15 16:11:31,1,16.16,100,Blue,RED Canids,oe:team:67169969ecc058b307edfa9c6b7a3c0,2304,0,-499.0,165.0,-7.0,3.0,3.0,246.0,-157.0,-16.0,4.0,3.0,-688.0,-36.0,-19.0,5.0,4.0,top: Gnar / jng: Trundle / mid: Orianna / bot: Jhin / sup: Nautilus,2026-08-15,FURIA,top: Camille / jng: Nocturne / mid: Viktor / bot: Sivir / sup: Bard,1,1.0,745.0,-322.0,-9.0,-125.27362208479872,True,Lead lost by 25
LOLTMNT05_217160,complete,LEC,Summer,0,2026-08-15 17:02:23,1,16.16,200,Red,Shifters,oe:team:a2065488a11a2c0a2403a7b347eec61,2922,0,1166.0,1069.0,-2.0,2.0,1.0,129.0,245.0,-31.0,4.0,4.0,-327.0,-496.0,-38.0,6.0,6.0,top: Jayce / jng: Lee Sin / mid: Viktor / bot: Jhin / sup: Leona,2026-08-15,G2 Esports,top: Olaf / jng: Skarner / mid: Orianna / bot: Varus / sup: Rell,0,0.0,-1037.0,-824.0,-29.0,-288.1557488035287,True,Lead lost by 25
LOLTMNT02_449441,complete,CBLOL,Split 2,0,2026-08-15 17:09:20,2,16.16,200,Red,RED Canids,oe:team:67169969ecc058b307edfa9c6b7a3c0,1921,1,2229.0,2760.0,-12.0,6.0,1.0,4647.0,3506.0,-1.0,7.0,1.0,3566.0,5754.0,-7.0,9.0,4.0,top: K'Sante / jng: Vi / mid: Aurora / bot: Ezreal / sup: Pyke,2026-08-15,FURIA,top: Jayce / jng: Olaf / mid: Annie / bot: Caitlyn / sup: Karma,0,6.0,2418.0,746.0,11.0,-125.27362208479872,True,Shrank by >500g
LOLTMNT02_450539,complete,CBLOL,Split 2,0,2026-08-15 17:58:21,3,16.16,200,Red,FURIA,oe:team:87e3e1e75839f75a10bbc66e894d806,1751,1,1334.0,66.0,47.0,3.0,3.0,833.0,-1301.0,19.0,3.0,3.0,7120.0,5579.0,36.0,10.0,5.0,top: Volibear / jng: Pantheon / mid: Ahri / bot: Lucian / sup: Milio,2026-08-15,RED Canids,top: Renekton / jng: Naafiri / mid: Galio / bot: Yunara / sup: Lulu,0,0.0,-501.0,-1367.0,-28.0,125.27362208479872,True,Grew by >500g
LOLTMNT05_217166,complete,LEC,Summer,0,2026-08-15 18:11:33,2,16.16,100,Blue,G2 Esports,oe:team:7d6673d3a9d00363c6bebc1a630da6e,2185,1,-369.0,1160.0,39.0,2.0,5.0,3157.0,3910.0,57.0,6.0,5.0,4126.0,2381.0,53.0,7.0,5.0,top: K'Sante / jng: Vi / mid: Ahri / bot: Yunara / sup: Lulu,2026-08-15,Shifters,top: Gnar / jng: Xin Zhao / mid: Anivia / bot: Lucian / sup: Milio,1,1.0,3526.0,2750.0,18.0,288.1557488035287,True,Grew by >500g
LOLTMNT02_449463,complete,CBLOL,Split 2,0,2026-08-15 18:54:06,1,16.16,100,Blue,LØS,oe:team:ea65e6cc48a9be50fc5334369a5fca5,1924,1,2852.0,733.0,34.0,5.0,3.0,1567.0,104.0,68.0,5.0,6.0,7173.0,8303.0,97.0,9.0,6.0,top: Jayce / jng: Nocturne / mid: Ryze / bot: Sivir / sup: Karma,2026-08-15,Vivo Keyd Stars,top: K'Sante / jng: Xin Zhao / mid: Orianna / bot: Ezreal / sup: Shen,1,-1.0,-1285.0,-629.0,34.0,131.2271730413711,True,Grew by >500g
LOLTMNT02_450573,complete,CBLOL,Split 2,0,2026-08-15 19:48:02,2,16.16,100,Blue,LØS,oe:team:ea65e6cc48a9be50fc5334369a5fca5,1718,1,-619.0,-1461.0,35.0,3.0,8.0,3490.0,3337.0,80.0,8.0,9.0,9230.0,8182.0,105.0,15.0,10.0,top: Gnar / jng: Pantheon / mid: Syndra / bot: Tristana / sup: Nautilus,2026-08-15,Vivo Keyd Stars,top: Vayne / jng: Naafiri / mid: Ahri / bot: Jhin / sup: Leona,1,-1.0,4109.0,4798.0,45.0,131.2271730413711,True,Grew by >500g
LOLTMNT02_449488,complete,LCS,Summer,0,2026-08-15 20:08:26,1,16.16,100,Blue,Team Liquid,oe:team:8eb884e168f28402ce685bedebb5250,1796,1,3952.0,3845.0,33.0,6.0,0.0,3617.0,6359.0,58.0,11.0,2.0,6302.0,8994.0,57.0,15.0,3.0,top: K'Sante / jng: Jarvan IV / mid: Syndra / bot: Ezreal / sup: Leona,2026-08-15,Disguised,top: Jayce / jng: Naafiri / mid: Yone / bot: Kai'Sa / sup: Nautilus,1,9.0,-335.0,2514.0,25.0,234.82089286586915,True,Grew by >500g
LOLTMNT02_450599,complete,LCS,Summer,0,2026-08-15 20:56:39,2,16.16,100,Blue,Team Liquid,oe:team:8eb884e168f28402ce685bedebb5250,1798,1,7350.0,4677.0,57.0,12.0,3.0,8600.0,3625.0,45.0,16.0,6.0,12019.0,12299.0,60.0,25.0,9.0,top: Kled / jng: Pantheon / mid: Ryze / bot: Lucian / sup: Nami,2026-08-15,Disguised,top: Olaf / jng: Sejuani / mid: Orianna / bot: Caitlyn / sup: Bard,1,10.0,1250.0,-1052.0,-12.0,234.82089286586915,True,Grew by >500g
LOLTMNT02_450615,complete,LCS,Summer,0,2026-08-15 21:49:02,1,16.16,200,Red,Dignitas,oe:team:0dbb780176ecad18f17292d1f5653af,1920,1,-85.0,641.0,20.0,1.0,1.0,111.0,2506.0,54.0,3.0,3.0,963.0,4704.0,56.0,4.0,3.0,top: K'Sante / jng: Naafiri / mid: Cassiopeia / bot: Ezreal / sup: Karma,2026-08-15,Shopify Rebellion,top: Jayce / jng: Xin Zhao / mid: Ahri / bot: Lucian / sup: Milio,0,0.0,196.0,1865.0,34.0,-40.76848238613252,True,Grew by >500g
LOLTMNT02_450624,complete,LCS,Summer,0,2026-08-15 22:38:36,2,16.16,100,Blue,Shopify Rebellion,oe:team:b360f1d729b0a8e0f29a5243c4200fa,1943,1,1674.0,1342.0,-20.0,6.0,1.0,903.0,820.0,-27.0,7.0,3.0,1053.0,554.0,-30.0,9.0,4.0,top: Ambessa / jng: Wukong / mid: Sylas / bot: Jhin / sup: Shen,2026-08-15,Dignitas,top: Gnar / jng: Trundle / mid: Taliyah / bot: Varus / sup: Alistar,1,4.0,-771.0,-522.0,-7.0,40.76848238613252,True,Within 500g
LOLTMNT02_449536,complete,LCS,Summer,0,2026-08-15 23:28:17,3,16.16,200,Red,Shopify Rebellion,oe:team:b360f1d729b0a8e0f29a5243c4200fa,1547,1,-236.0,157.0,29.0,2.0,2.0,2576.0,1723.0,18.0,6.0,3.0,8505.0,8848.0,48.0,11.0,3.0,top: Rumble / jng: Skarner / mid: Azir / bot: Kalista / sup: Renata Glasc,2026-08-15,Dignitas,top: Aurora / jng: Vi / mid: Yone / bot: Yunara / sup: Lulu,0,3.0,2812.0,1566.0,-11.0,40.76848238613252,True,Grew by >500g
13417-13417_game_1,complete,LPL,Split 3,0,2026-08-16 07:13:19,1,16.15,100,Blue,JD Gaming,oe:team:b42d0f31f2727621b963042276817c4,2121,1,1685.0,-156.0,42.0,3.0,4.0,1655.0,-1490.0,25.0,3.0,5.0,949.0,-3802.0,39.0,5.0,9.0,top: Rumble / jng: Jarvan IV / mid: Syndra / bot: Ezreal / sup: Karma,2026-08-16,LGD Gaming,top: Ambessa / jng: Skarner / mid: Ryze / bot: Lucian / sup: Milio,1,-2.0,-30.0,-1334.0,-17.0,78.91176921709166,True,Shrank by >500g
LOLTMNT01_444860,complete,LCK,Rounds 3-4,0,2026-08-16 08:07:26,1,16.15,100,Blue,Gen.G,oe:team:50f58982d91a36557ec8aec52ab014f,2603,1,2590.0,2873.0,-3.0,6.0,1.0,2741.0,2956.0,6.0,10.0,5.0,1541.0,1480.0,25.0,12.0,8.0,top: Olaf / jng: Lee Sin / mid: Galio / bot: Kalista / sup: Renata Glasc,2026-08-16,T1,top: Vayne / jng: Pantheon / mid: Orianna / bot: Jhin / sup: Camille,1,5.0,151.0,83.0,9.0,49.37478422371328,True,Shrank by >500g
13417-13417_game_2,complete,LPL,Split 3,0,2026-08-16 08:15:49,2,16.15,200,Red,LGD Gaming,oe:team:5f401785b6b78326f9a46b3c6b206ed,1454,1,-793.0,497.0,-26.0,6.0,4.0,6020.0,7014.0,-14.0,15.0,4.0,9517.0,14724.0,-11.0,25.0,6.0,top: Zaahen / jng: Nocturne / mid: Orianna / bot: Jhin / sup: Rell,2026-08-16,JD Gaming,top: Renekton / jng: Pantheon / mid: Locke / bot: Ashe / sup: Seraphine,0,11.0,6813.0,6517.0,12.0,-78.91176921709166,True,Won before 25
13417-13417_game_3,complete,LPL,Split 3,0,2026-08-16 09:03:54,3,16.15,200,Red,JD Gaming,oe:team:b42d0f31f2727621b963042276817c4,1799,0,4711.0,3084.0,53.0,6.0,0.0,2679.0,1435.0,25.0,6.0,3.0,-2387.0,-5641.0,2.0,6.0,7.0,top: Gnar / jng: Lee Sin / mid: Twisted Fate / bot: Varus / sup: Alistar,2026-08-16,LGD Gaming,top: Jax / jng: Naafiri / mid: Sylas / bot: Sivir / sup: Rakan,0,3.0,-2032.0,-1649.0,-28.0,78.91176921709166,True,Lead lost by 25
LOLTMNT01_443917,complete,LCK,Rounds 3-4,0,2026-08-16 09:15:34,2,16.15,200,Red,T1,oe:team:ce499dea30cfce118f4fe85da0227e8,2385,0,1911.0,-634.0,-25.0,4.0,2.0,1819.0,-2002.0,-33.0,4.0,3.0,-1619.0,-4237.0,-86.0,5.0,6.0,top: Ambessa / jng: Xin Zhao / mid: Twisted Fate / bot: Caitlyn / sup: Karma,2026-08-16,Gen.G,top: K'Sante / jng: Jarvan IV / mid: Syndra / bot: Ezreal / sup: Seraphine,0,1.0,-92.0,-1368.0,-8.0,-49.37478422371328,True,Lead lost by 25
LOLTMNT01_444879,complete,LCP,Split 3,0,2026-08-16 09:17:23,1,16.15,100,Blue,Team Secret Whales,oe:team:740de582f50775c516c77ed7b923fd5,1812,1,-716.0,-1245.0,15.0,1.0,6.0,1304.0,3017.0,36.0,4.0,6.0,3614.0,5412.0,69.0,7.0,8.0,top: Gnar / jng: Jarvan IV / mid: Syndra / bot: Ezreal / sup: Bard,2026-08-16,CTBC Flying Oyster,top: K'Sante / jng: Poppy / mid: Ryze / bot: Caitlyn / sup: Karma,1,-2.0,2020.0,4262.0,21.0,202.83636482022393,True,Grew by >500g
LOLTMNT01_443919,complete,LCP,Split 3,0,2026-08-16 10:07:47,2,16.15,200,Red,CTBC Flying Oyster,oe:team:0916b3c324c8577b0c6344f3e067f62,1600,1,2257.0,1702.0,6.0,10.0,5.0,4512.0,3602.0,25.0,12.0,6.0,8870.0,9877.0,38.0,16.0,6.0,top: Jayce / jng: Naafiri / mid: Orianna / bot: Lucian / sup: Braum,2026-08-16,Team Secret Whales,top: Urgot / jng: Qiyana / mid: Galio / bot: Ziggs / sup: Nautilus,0,6.0,2255.0,1900.0,19.0,-202.83636482022393,True,Grew by >500g
13418-13418_game_1,complete,LPL,Split 3,0,2026-08-16 10:11:59,1,16.15,200,Red,Weibo Gaming,oe:team:606c6ac695907af3823ee6405c58ff1,2148,0,941.0,-638.0,18.0,4.0,3.0,210.0,-1063.0,5.0,9.0,6.0,-1024.0,-3307.0,-16.0,9.0,7.0,top: Vayne / jng: Naafiri / mid: Syndra / bot: Caitlyn / sup: Karma,2026-08-16,Invictus Gaming,top: Olaf / jng: Jarvan IV / mid: Orianna / bot: Jhin / sup: Bard,0,3.0,-731.0,-425.0,-13.0,-3.502461614174308,True,Lead lost by 25
LOLTMNT01_443931,complete,LCK,Rounds 3-4,0,2026-08-16 10:44:01,1,16.15,100,Blue,HANJIN BRION,oe:team:b77b3f6068e20a2b3edc0ecd3dc70d4,2311,1,1230.0,-608.0,0.0,4.0,4.0,132.0,-92.0,-17.0,4.0,4.0,1814.0,4528.0,6.0,7.0,5.0,top: Olaf / jng: Jarvan IV / mid: Cassiopeia / bot: Caitlyn / sup: Elise,2026-08-16,Kiwoom DRX,top: Jax / jng: Lee Sin / mid: Orianna / bot: Yunara / sup: Bard,1,0.0,-1098.0,516.0,-17.0,-21.970432057352127,True,Grew by >500g
LOLTMNT01_443932,complete,LCP,Split 3,0,2026-08-16 10:54:09,3,16.15,200,Red,Team Secret Whales,oe:team:740de582f50775c516c77ed7b923fd5,1977,1,5251.0,3357.0,78.0,11.0,8.0,5484.0,2665.0,73.0,17.0,13.0,-1602.0,-8353.0,17.0,19.0,20.0,top: Renekton / jng: Vi / mid: Ahri / bot: Yunara / sup: Seraphine,2026-08-16,CTBC Flying Oyster,top: Dr. Mundo / jng: Xin Zhao / mid: Akali / bot: Xayah / sup: Rakan,0,4.0,233.0,-692.0,-5.0,202.83636482022393,True,Lead lost by 25
13418-13418_game_2,complete,LPL,Split 3,0,2026-08-16 11:16:12,2,16.15,100,Blue,Invictus Gaming,oe:team:53a258f289c26d94431c0496a54e151,1974,0,1443.0,-388.0,30.0,3.0,4.0,2452.0,159.0,32.0,4.0,5.0,438.0,-498.0,37.0,6.0,9.0,top: Renekton / jng: Trundle / mid: Viktor / bot: Ashe / sup: Seraphine,2026-08-16,Weibo Gaming,top: Ambessa / jng: Nocturne / mid: Galio / bot: Kalista / sup: Renata Glasc,1,-1.0,1009.0,547.0,2.0,3.502461614174308,True,Shrank by >500g
LOLTMNT01_443935,complete,LCK,Rounds 3-4,0,2026-08-16 11:45:25,2,16.15,200,Red,HANJIN BRION,oe:team:b77b3f6068e20a2b3edc0ecd3dc70d4,1767,0,-805.0,-44.0,-40.0,1.0,0.0,409.0,1811.0,-1.0,1.0,0.0,-2711.0,-3213.0,-43.0,2.0,4.0,top: Jayce / jng: Xin Zhao / mid: Akali / bot: Lucian / sup: Milio,2026-08-16,Kiwoom DRX,top: K'Sante / jng: Wukong / mid: Viktor / bot: Ezreal / sup: Karma,0,1.0,1214.0,1855.0,39.0,-21.970432057352127,True,Lead lost by 25
LOLTMNT01_443936,complete,LCP,Split 3,0,2026-08-16 11:47:41,4,16.15,200,Red,CTBC Flying Oyster,oe:team:0916b3c324c8577b0c6344f3e067f62,1916,1,4509.0,4715.0,61.0,10.0,6.0,3460.0,4081.0,55.0,14.0,9.0,3026.0,3494.0,80.0,22.0,15.0,top: Garen / jng: Lee Sin / mid: Sylas / bot: Taliyah / sup: Camille,2026-08-16,Team Secret Whales,top: Olaf / jng: Shyvana / mid: Lissandra / bot: Kalista / sup: Renata Glasc,0,5.0,-1049.0,-634.0,-6.0,-202.83636482022393,True,Within 500g
13418-13418_game_3,complete,LPL,Split 3,0,2026-08-16 12:13:27,3,16.15,200,Red,Invictus Gaming,oe:team:53a258f289c26d94431c0496a54e151,2355,1,-960.0,558.0,-28.0,2.0,5.0,1574.0,2405.0,-6.0,6.0,6.0,4797.0,7643.0,9.0,10.0,6.0,top: K'Sante / jng: Lee Sin / mid: Aurora / bot: Yunara / sup: Lulu,2026-08-16,Weibo Gaming,top: Yorick / jng: Skarner / mid: Rumble / bot: Lucian / sup: Milio,0,0.0,2534.0,1847.0,22.0,3.502461614174308,True,Grew by >500g
LOLTMNT01_443939,complete,LCK,Rounds 3-4,0,2026-08-16 12:38:36,3,16.15,200,Red,HANJIN BRION,oe:team:b77b3f6068e20a2b3edc0ecd3dc70d4,2169,1,4695.0,3089.0,31.0,7.0,1.0,5683.0,2160.0,17.0,10.0,2.0,6620.0,3098.0,39.0,12.0,3.0,top: Aatrox / jng: Nocturne / mid: Aurora / bot: Kai'Sa / sup: Neeko,2026-08-16,Kiwoom DRX,top: Ambessa / jng: Vi / mid: Annie / bot: Corki / sup: Alistar,0,8.0,988.0,-929.0,-14.0,-21.970432057352127,True,Grew by >500g
LOLTMNT01_443940,complete,LCP,Split 3,0,2026-08-16 12:40:20,5,16.15,200,Red,Team Secret Whales,oe:team:740de582f50775c516c77ed7b923fd5,1926,0,550.0,475.0,-20.0,4.0,4.0,2571.0,1630.0,-36.0,7.0,4.0,-1731.0,-3061.0,-11.0,7.0,9.0,top: Ambessa / jng: Trundle / mid: Aurora / bot: Varus / sup: Pantheon,2026-08-16,CTBC Flying Oyster,top: Volibear / jng: Skarner / mid: Viktor / bot: Samira / sup: Alistar,0,3.0,2021.0,1155.0,-16.0,202.83636482022393,True,Lead lost by 25
13419-13419_game_1,complete,LPL,Split 3,0,2026-08-16 13:32:10,1,16.15,200,Red,Top Esports,oe:team:fcec508e780bbd1ad493852640f5b36,1601,1,1776.0,1643.0,40.0,5.0,5.0,3401.0,2871.0,24.0,10.0,9.0,4941.0,9570.0,46.0,15.0,12.0,top: Kled / jng: Jarvan IV / mid: Cassiopeia / bot: Corki / sup: Bard,2026-08-16,EDward Gaming,top: Olaf / jng: Vi / mid: Akali / bot: Jhin / sup: Shen,0,1.0,1625.0,1228.0,-16.0,218.4212375910863,True,Grew by >500g
13419-13419_game_2,complete,LPL,Split 3,0,2026-08-16 14:21:26,2,16.15,200,Red,EDward Gaming,oe:team:056c3140a119e44a03d462e2c832f27,2089,0,-1475.0,-3315.0,-20.0,7.0,11.0,377.0,633.0,5.0,11.0,14.0,262.0,-1754.0,-27.0,12.0,14.0,top: Rumble / jng: Nocturne / mid: Anivia / bot: Ezreal / sup: Camille,2026-08-16,Top Esports,top: K'Sante / jng: Lee Sin / mid: Ryze / bot: Sivir / sup: Karma,0,-3.0,1852.0,3948.0,25.0,-218.4212375910863,True,Within 500g
LOLTMNT05_218255,complete,LEC,Summer,0,2026-08-16 15:08:31,1,16.16,200,Red,Movistar KOI,oe:team:4acc40654379b4da680be1bd3129dfa,1889,1,1795.0,-984.0,18.0,4.0,3.0,3202.0,1711.0,51.0,6.0,3.0,6448.0,8932.0,73.0,9.0,3.0,top: Ambessa / jng: Pantheon / mid: Ryze / bot: Ezreal / sup: Shen,2026-08-16,Natus Vincere,top: K'Sante / jng: Vi / mid: Syndra / bot: Jhin / sup: Bard,0,3.0,1407.0,2695.0,33.0,25.67826873572767,True,Grew by >500g
LOLTMNT05_217237,complete,LEC,Summer,0,2026-08-16 16:03:35,2,16.16,200,Red,Natus Vincere,oe:team:d2ba9f92d85cff67d60aaad88e61048,2251,0,213.0,-51.0,-19.0,4.0,1.0,65.0,-107.0,-30.0,6.0,3.0,3246.0,6361.0,6.0,10.0,4.0,top: Olaf / jng: Skarner / mid: Cassiopeia / bot: Corki / sup: Alistar,2026-08-16,Movistar KOI,top: Anivia / jng: Nocturne / mid: Orianna / bot: Kai'Sa / sup: Leona,0,3.0,-148.0,-56.0,-11.0,-25.67826873572767,True,Grew by >500g
LOLTMNT02_450785,complete,CBLOL,Split 2,0,2026-08-16 16:10:55,1,16.16,200,Red,LOUD,oe:team:658a021a796aa5501503220adb38cf4,1761,1,-849.0,-199.0,11.0,2.0,3.0,877.0,676.0,28.0,4.0,3.0,7340.0,5995.0,39.0,7.0,3.0,top: Yorick / jng: Jarvan IV / mid: Syndra / bot: Ezreal / sup: Bard,2026-08-16,Leviatan,top: Jayce / jng: Skarner / mid: Ryze / bot: Locke / sup: Shen,0,1.0,1726.0,875.0,17.0,155.55992855513023,True,Grew by >500g
LOLTMNT02_449727,complete,CBLOL,Split 2,0,2026-08-16 16:59:16,2,16.16,100,Blue,LOUD,oe:team:658a021a796aa5501503220adb38cf4,1406,1,7360.0,4436.0,49.0,8.0,0.0,8579.0,4524.0,87.0,9.0,2.0,,,,,,top: K'Sante / jng: Naafiri / mid: LeBlanc / bot: Xayah / sup: Rakan,2026-08-16,Leviatan,top: Gwen / jng: Xin Zhao / mid: Cassiopeia / bot: Lucian / sup: Milio,1,7.0,1219.0,88.0,38.0,155.55992855513023,True,Won before 25
LOLTMNT05_217247,complete,LEC,Summer,0,2026-08-16 17:11:28,1,16.16,100,Blue,Fnatic,oe:team:78f183fa5a7d8ecb22b9ad272c3abd7,2405,1,764.0,132.0,16.0,2.0,2.0,2279.0,1998.0,32.0,4.0,2.0,4571.0,5318.0,55.0,6.0,3.0,top: Gnar / jng: Wukong / mid: Ryze / bot: Ezreal / sup: Karma,2026-08-16,G2 Esports,top: Twisted Fate / jng: Pantheon / mid: Anivia / bot: Lucian / sup: Milio,1,2.0,1515.0,1866.0,16.0,-232.79158544876418,True,Grew by >500g
LOLTMNT02_449746,complete,CBLOL,Split 2,0,2026-08-16 17:51:38,1,16.16,100,Blue,paiN Gaming,oe:team:61450737f7b683db4da7b3e0bf0dced,1992,1,1496.0,1147.0,12.0,5.0,3.0,5093.0,3430.0,15.0,8.0,3.0,7163.0,-219.0,10.0,11.0,3.0,top: Akali / jng: Naafiri / mid: Orianna / bot: Jhin / sup: Leona,2026-08-16,Fluxo W7M,top: Olaf / jng: Aatrox / mid: Ryze / bot: Ezreal / sup: Alistar,1,5.0,3597.0,2283.0,3.0,-58.77235758448819,True,Grew by >500g
LOLTMNT05_217248,complete,LEC,Summer,0,2026-08-16 18:11:28,2,16.16,100,Blue,Fnatic,oe:team:78f183fa5a7d8ecb22b9ad272c3abd7,1610,1,5736.0,3140.0,16.0,9.0,0.0,7471.0,4015.0,46.0,9.0,0.0,8738.0,5931.0,24.0,12.0,2.0,top: Ambessa / jng: Jarvan IV / mid: Syndra / bot: Jhin / sup: Leona,2026-08-16,G2 Esports,top: Rumble / jng: Naafiri / mid: Galio / bot: Varus / sup: Alistar,1,9.0,1735.0,875.0,30.0,-232.79158544876418,True,Grew by >500g
LOLTMNT02_449761,complete,CBLOL,Split 2,0,2026-08-16 18:46:35,2,16.16,100,Blue,paiN Gaming,oe:team:61450737f7b683db4da7b3e0bf0dced,1854,1,2864.0,1397.0,27.0,6.0,2.0,4127.0,193.0,17.0,6.0,2.0,7770.0,5108.0,48.0,9.0,2.0,top: Jayce / jng: Lee Sin / mid: LeBlanc / bot: Varus / sup: Nautilus,2026-08-16,Fluxo W7M,top: K'Sante / jng: Jarvan IV / mid: Annie / bot: Caitlyn / sup: Bard,1,4.0,1263.0,-1204.0,-10.0,-58.77235758448819,True,Grew by >500g
LOLTMNT02_450852,complete,LCS,Summer,0,2026-08-16 20:08:36,1,16.16,100,Blue,Cloud9,oe:team:fc8e90107dabb9a35c490b0d86adea0,2396,1,1966.0,844.0,61.0,4.0,4.0,1897.0,1009.0,61.0,5.0,4.0,3629.0,2894.0,87.0,6.0,4.0,top: Jayce / jng: Vi / mid: Orianna / bot: Ezreal / sup: Leona,2026-08-16,FlyQuest,top: Gnar / jng: Wukong / mid: Azir / bot: Caitlyn / sup: Karma,1,1.0,-69.0,165.0,0.0,21.66713796433919,True,Grew by >500g
LOLTMNT02_449792,complete,LCS,Summer,0,2026-08-16 21:07:39,2,16.16,200,Red,FlyQuest,oe:team:2e66da41dc460dd378e3bcc57042d31,2089,0,788.0,562.0,9.0,3.0,5.0,340.0,154.0,-7.0,5.0,8.0,370.0,-1412.0,-37.0,7.0,10.0,top: Zaahen / jng: Ambessa / mid: Syndra / bot: Varus / sup: Bard,2026-08-16,Cloud9,top: Renekton / jng: Poppy / mid: Locke / bot: Jhin / sup: Shen,0,-3.0,-448.0,-408.0,-16.0,-21.66713796433919,True,Within 500g
LOLTMNT02_450870,complete,LCS,Summer,0,2026-08-16 22:05:12,1,16.16,200,Red,LYON,oe:team:da1143bf9a245b78a8dc86417de85b3,2637,0,3909.0,3252.0,51.0,8.0,3.0,4977.0,4759.0,82.0,10.0,4.0,5748.0,2217.0,76.0,12.0,5.0,top: Olaf / jng: Jarvan IV / mid: Syndra / bot: Cassiopeia / sup: Shen,2026-08-16,Sentinels,top: Kled / jng: Xin Zhao / mid: Anivia / bot: Ezreal / sup: Leona,0,6.0,1068.0,1507.0,31.0,236.5991338573483,True,Grew by >500g
LOLTMNT02_450875,complete,LCS,Summer,0,2026-08-16 23:14:46,2,16.16,100,Blue,Sentinels,oe:team:f90422f1cbcb24bc2a855202582ec29,1811,0,4698.0,5215.0,106.0,5.0,2.0,5371.0,4341.0,102.0,6.0,3.0,7217.0,5951.0,149.0,6.0,3.0,top: Rumble / jng: Kha'Zix / mid: Viktor / bot: Jhin / sup: Karma,2026-08-16,LYON,top: Ornn / jng: Trundle / mid: Orianna / bot: Yunara / sup: Lulu,1,3.0,673.0,-874.0,-4.0,-236.5991338573483,True,Grew by >500g
LOLTMNT02_450878,complete,LCS,Summer,0,2026-08-17 00:02:44,3,16.16,200,Red,Sentinels,oe:team:f90422f1cbcb24bc2a855202582ec29,2452,1,623.0,75.0,-4.0,1.0,0.0,1789.0,869.0,7.0,3.0,2.0,2995.0,-503.0,9.0,5.0,3.0,top: K'Sante / jng: Nocturne / mid: Hwei / bot: Caitlyn / sup: Bard,2026-08-17,LYON,top: Ambessa / jng: Shyvana / mid: Ryze / bot: Miss Fortune / sup: Nautilus,0,1.0,1166.0,794.0,11.0,-212.91270563223338,True,Grew by >500g
LOLTMNT05_217274,complete,LEC,Summer,0,2026-08-17 15:09:48,1,16.16,200,Red,Natus Vincere,oe:team:d2ba9f92d85cff67d60aaad88e61048,1662,1,107.0,-286.0,4.0,2.0,2.0,1675.0,2534.0,23.0,6.0,5.0,4365.0,5255.0,47.0,11.0,8.0,top: Gwen / jng: Pantheon / mid: Syndra / bot: Ezreal / sup: Braum,2026-08-17,Team Heretics,top: Aatrox / jng: Vi / mid: Locke / bot: Jhin / sup: Alistar,0,1.0,1568.0,2820.0,19.0,106.78562239941016,True,Grew by >500g
LOLTMNT05_217280,complete,LEC,Summer,0,2026-08-17 15:56:35,2,16.16,100,Blue,Natus Vincere,oe:team:d2ba9f92d85cff67d60aaad88e61048,1542,1,4108.0,2747.0,25.0,4.0,0.0,3172.0,721.0,14.0,5.0,2.0,7610.0,7816.0,27.0,7.0,2.0,top: Rumble / jng: Xin Zhao / mid: Cassiopeia / bot: Ashe / sup: Seraphine,2026-08-17,Team Heretics,top: K'Sante / jng: Jarvan IV / mid: Orianna / bot: Lucian / sup: Milio,1,3.0,-936.0,-2026.0,-11.0,106.78562239941016,True,Grew by >500g
LOLTMNT05_218317,complete,LEC,Summer,0,2026-08-17 16:46:47,1,16.16,100,Blue,Karmine Corp,oe:team:f3aa9bbd924ce3af42ac53f8326bc7c,1825,1,3477.0,551.0,20.0,3.0,0.0,6961.0,3174.0,33.0,8.0,1.0,10163.0,7527.0,106.0,10.0,2.0,top: Rumble / jng: Jarvan IV / mid: Orianna / bot: Caitlyn / sup: Bard,2026-08-17,GiantX,top: Ornn / jng: Xin Zhao / mid: Annie / bot: Ezreal / sup: Karma,1,7.0,3484.0,2623.0,13.0,182.784455013669,True,Grew by >500g
LOLTMNT05_218323,complete,LEC,Summer,0,2026-08-17 17:40:09,2,16.16,100,Blue,Karmine Corp,oe:team:f3aa9bbd924ce3af42ac53f8326bc7c,1688,1,2781.0,2367.0,64.0,3.0,2.0,4996.0,4886.0,108.0,4.0,2.0,10097.0,11607.0,164.0,7.0,3.0,top: Ambessa / jng: Qiyana / mid: Viktor / bot: Xayah / sup: Rakan,2026-08-17,GiantX,top: Poppy / jng: Wukong / mid: Syndra / bot: Lucian / sup: Milio,1,2.0,2215.0,2519.0,44.0,182.784455013669,True,Grew by >500g
LOLTMNT02_452633,complete,LCK,Rounds 3-4,0,2026-08-19 08:05:49,1,16.16,100,Blue,Gen.G,oe:team:50f58982d91a36557ec8aec52ab014f,1942,1,322.0,1077.0,48.0,1.0,1.0,1662.0,253.0,53.0,1.0,1.0,4108.0,6050.0,65.0,4.0,1.0,top: Olaf / jng: Lee Sin / mid: Ryze / bot: Yunara / sup: Lulu,2026-08-19,KT Rolster,top: Kled / jng: Naafiri / mid: Twisted Fate / bot: Jhin / sup: Karma,1,0.0,1340.0,-824.0,5.0,178.52524840982574,True,Grew by >500g
LOLTMNT02_451793,complete,LCK,Rounds 3-4,0,2026-08-19 09:02:30,2,16.16,100,Blue,KT Rolster,oe:team:d723992568441c6bafa2658129eade7,1730,1,2380.0,2963.0,18.0,7.0,3.0,4646.0,5167.0,36.0,9.0,3.0,8656.0,7178.0,31.0,14.0,3.0,top: K'Sante / jng: Nocturne / mid: Syndra / bot: Ezreal / sup: Seraphine,2026-08-19,Gen.G,top: Jayce / jng: Jarvan IV / mid: Lissandra / bot: Ziggs / sup: Shen,1,6.0,2266.0,2204.0,18.0,-178.52524840982574,True,Grew by >500g
LOLTMNT02_451797,complete,LCK,Rounds 3-4,0,2026-08-19 09:53:34,3,16.16,100,Blue,KT Rolster,oe:team:d723992568441c6bafa2658129eade7,2453,0,232.0,165.0,-21.0,4.0,2.0,1637.0,1418.0,4.0,7.0,4.0,3513.0,2544.0,26.0,10.0,4.0,top: Jax / jng: Pantheon / mid: Ahri / bot: Varus / sup: Bard,2026-08-19,Gen.G,top: Ambessa / jng: Skarner / mid: Galio / bot: Caitlyn / sup: Lux,1,3.0,1405.0,1253.0,25.0,-178.52524840982574,True,Grew by >500g
LOLTMNT02_451827,complete,LCK,Rounds 3-4,0,2026-08-19 11:22:14,1,16.16,200,Red,HANJIN BRION,oe:team:b77b3f6068e20a2b3edc0ecd3dc70d4,2001,1,1010.0,-540.0,4.0,1.0,0.0,364.0,-1686.0,-21.0,2.0,0.0,-1691.0,822.0,-1.0,5.0,4.0,top: Olaf / jng: Jarvan IV / mid: Cassiopeia / bot: Corki / sup: Neeko,2026-08-19,DN SOOPers,top: Ambessa / jng: Qiyana / mid: Orianna / bot: Jhin / sup: Bard,0,2.0,-646.0,-1146.0,-25.0,51.80954439494485,True,Lead lost by 25
LOLTMNT02_451854,complete,LCK,Rounds 3-4,0,2026-08-19 12:15:59,2,16.16,100,Blue,HANJIN BRION,oe:team:b77b3f6068e20a2b3edc0ecd3dc70d4,1758,1,543.0,364.0,-16.0,3.0,2.0,4702.0,5084.0,5.0,12.0,5.0,9643.0,10570.0,6.0,17.0,5.0,top: Yorick / jng: Pantheon / mid: Syndra / bot: Caitlyn / sup: Karma,2026-08-19,DN SOOPers,top: Jayce / jng: Skarner / mid: Galio / bot: Ezreal / sup: Seraphine,1,7.0,4159.0,4720.0,21.0,51.80954439494485,True,Grew by >500g
13421-13421_game_1,complete,LPL,Split 3,0,2026-08-19 13:34:17,1,16.16,100,Blue,EDward Gaming,oe:team:056c3140a119e44a03d462e2c832f27,1736,1,2984.0,2563.0,39.0,9.0,3.0,3414.0,3736.0,46.0,12.0,3.0,8542.0,12418.0,70.0,17.0,3.0,top: K'Sante / jng: Pantheon / mid: Cassiopeia / bot: Jhin / sup: Bard,2026-08-19,Team WE,top: Jayce / jng: Vi / mid: Akali / bot: Varus / sup: Karma,1,9.0,430.0,1173.0,7.0,-173.81391496991046,True,Grew by >500g
13421-13421_game_2,complete,LPL,Split 3,0,2026-08-19 14:29:31,2,16.16,100,Blue,EDward Gaming,oe:team:056c3140a119e44a03d462e2c832f27,1877,1,718.0,1219.0,19.0,1.0,3.0,63.0,1182.0,25.0,1.0,3.0,3242.0,363.0,78.0,5.0,5.0,top: Rumble / jng: Qiyana / mid: Yone / bot: Miss Fortune / sup: Nautilus,2026-08-19,Team WE,top: Ornn / jng: Trundle / mid: Ryze / bot: Ezreal / sup: Seraphine,1,-2.0,-655.0,-37.0,6.0,-173.81391496991046,True,Grew by >500g
LOLTMNT02_454038,complete,LCK,Rounds 3-4,0,2026-08-20 08:07:41,1,16.16,200,Red,Dplus Kia,oe:team:ef69efa6acebe94107f0cf1ba716806,2034,0,447.0,-554.0,-13.0,5.0,5.0,1281.0,278.0,-1.0,9.0,7.0,4537.0,7098.0,28.0,13.0,9.0,top: Olaf / jng: Jarvan IV / mid: Twisted Fate / bot: Yunara / sup: Lulu,2026-08-20,Hanwha Life Esports,top: Camille / jng: Lee Sin / mid: Ryze / bot: Ziggs / sup: Alistar,0,2.0,834.0,832.0,12.0,5.263336941074385,True,Grew by >500g
LOLTMNT02_454063,complete,LCK,Rounds 3-4,0,2026-08-20 09:05:41,2,16.16,200,Red,Dplus Kia,oe:team:ef69efa6acebe94107f0cf1ba716806,2500,0,-1437.0,-639.0,-12.0,5.0,9.0,819.0,1625.0,9.0,8.0,9.0,-131.0,-1123.0,-10.0,10.0,12.0,top: Jayce / jng: Wukong / mid: Viktor / bot: Mel / sup: Shen,2026-08-20,Hanwha Life Esports,top: Yorick / jng: Naafiri / mid: Orianna / bot: Ashe / sup: Seraphine,0,-1.0,2256.0,2264.0,21.0,5.263336941074385,True,Lead lost by 25
LOLTMNT02_453185,complete,LCP,Split 3,0,2026-08-20 09:12:07,1,16.16,100,Blue,MVK Esports,oe:team:bc3824b0bbb8139d16109178faa4822,2147,0,834.0,2198.0,18.0,4.0,3.0,3084.0,4299.0,2.0,8.0,5.0,3017.0,6256.0,-15.0,11.0,6.0,top: Rumble / jng: Wukong / mid: Yone / bot: Taliyah / sup: Alistar,2026-08-20,CTBC Flying Oyster,top: K'Sante / jng: Naafiri / mid: Ryze / bot: Yunara / sup: Lulu,1,3.0,2250.0,2101.0,-16.0,-40.0268958384911,True,Within 500g
LOLTMNT02_454077,complete,LCP,Split 3,0,2026-08-20 10:07:30,2,16.16,100,Blue,CTBC Flying Oyster,oe:team:0916b3c324c8577b0c6344f3e067f62,2143,1,-1775.0,-846.0,-11.0,2.0,4.0,730.0,224.0,-4.0,5.0,5.0,5135.0,5920.0,47.0,10.0,5.0,top: Kled / jng: Trundle / mid: Akali / bot: Caitlyn / sup: Karma,2026-08-20,MVK Esports,top: Olaf / jng: Aatrox / mid: Galio / bot: Ashe / sup: Seraphine,1,0.0,2505.0,1070.0,7.0,40.0268958384911,True,Grew by >500g
LOLTMNT02_454084,complete,LCK,Rounds 3-4,0,2026-08-20 10:33:18,1,16.16,200,Red,Nongshim RedForce,oe:team:5cd2cd09ec94296f605dd13a2924d6c,1982,1,2160.0,2212.0,23.0,6.0,3.0,3643.0,2040.0,16.0,7.0,3.0,2011.0,2085.0,36.0,7.0,5.0,top: Kled / jng: Naafiri / mid: Ryze / bot: Lucian / sup: Milio,2026-08-20,Kiwoom DRX,top: Olaf / jng: Lee Sin / mid: Annie / bot: Yunara / sup: Lulu,0,4.0,1483.0,-172.0,-7.0,-19.723447055894212,True,Shrank by >500g
LOLTMNT02_454095,complete,LCP,Split 3,0,2026-08-20 11:03:29,3,16.16,100,Blue,CTBC Flying Oyster,oe:team:0916b3c324c8577b0c6344f3e067f62,1489,1,3649.0,3150.0,29.0,6.0,3.0,5654.0,4534.0,6.0,11.0,3.0,11812.0,11560.0,21.0,19.0,4.0,top: Nasus / jng: Poppy / mid: Viktor / bot: Lucian / sup: Milio,2026-08-20,MVK Esports,top: Varus / jng: Vi / mid: Zoe / bot: Xayah / sup: Rakan,1,8.0,2005.0,1384.0,-23.0,40.0268958384911,True,Won before 25
LOLTMNT02_453228,complete,LCK,Rounds 3-4,0,2026-08-20 11:31:37,2,16.16,100,Blue,Nongshim RedForce,oe:team:5cd2cd09ec94296f605dd13a2924d6c,1860,1,425.0,644.0,1.0,2.0,2.0,1196.0,1759.0,0.0,6.0,5.0,4707.0,6397.0,37.0,9.0,5.0,top: Gnar / jng: Wukong / mid: Galio / bot: Ezreal / sup: Karma,2026-08-20,Kiwoom DRX,top: K'Sante / jng: Zaahen / mid: Orianna / bot: Jhin / sup: Shen,1,1.0,771.0,1115.0,-1.0,-19.723447055894212,True,Grew by >500g
13425-13425_game_1,complete,LPL,Split 3,0,2026-08-21 07:12:49,1,16.16,200,Red,EDward Gaming,oe:team:056c3140a119e44a03d462e2c832f27,2228,1,1429.0,1187.0,9.0,4.0,5.0,3763.0,2659.0,-4.0,8.0,6.0,2642.0,1543.0,16.0,8.0,8.0,top: K'Sante / jng: Vi / mid: Syndra / bot: Ezreal / sup: Seraphine,2026-08-21,ThunderTalk Gaming,top: Rumble / jng: Naafiri / mid: Ryze / bot: Jhin / sup: Karma,0,2.0,2334.0,1472.0,-13.0,-63.32830160476874,True,Shrank by >500g
LOLTMNT02_457093,complete,LCK,Rounds 3-4,0,2026-08-21 08:07:26,1,16.16,200,Red,HANJIN BRION,oe:team:b77b3f6068e20a2b3edc0ecd3dc70d4,2314,0,-458.0,375.0,-32.0,3.0,2.0,3008.0,2989.0,-22.0,11.0,5.0,-1141.0,-959.0,-37.0,11.0,10.0,top: Olaf / jng: Pantheon / mid: Ryze / bot: Corki / sup: Karma,2026-08-21,BNK FEARX,top: K'Sante / jng: Lee Sin / mid: Annie / bot: Sivir / sup: Neeko,0,6.0,3466.0,2614.0,10.0,-9.395224171871405,True,Lead lost by 25
13425-13425_game_2,complete,LPL,Split 3,0,2026-08-21 08:13:04,2,16.16,100,Blue,EDward Gaming,oe:team:056c3140a119e44a03d462e2c832f27,1837,1,2085.0,852.0,8.0,5.0,2.0,5048.0,2909.0,29.0,9.0,4.0,7486.0,8484.0,37.0,15.0,7.0,top: Gnar / jng: Pantheon / mid: Locke / bot: Corki / sup: Rell,2026-08-21,ThunderTalk Gaming,top: Renekton / jng: Lee Sin / mid: Orianna / bot: Sivir / sup: Nautilus,1,5.0,2963.0,2057.0,21.0,-63.32830160476874,True,Grew by >500g
LOLTMNT02_456141,complete,LCK,Rounds 3-4,0,2026-08-21 09:09:34,2,16.16,100,Blue,BNK FEARX,oe:team:5c2e7e9ea8dfcba0150d9a5619baecf,2169,0,2981.0,1422.0,20.0,5.0,1.0,2451.0,871.0,54.0,7.0,5.0,1514.0,-873.0,46.0,9.0,9.0,top: Camille / jng: Naafiri / mid: Galio / bot: Ezreal / sup: Rakan,2026-08-21,HANJIN BRION,top: Jayce / jng: Trundle / mid: Orianna / bot: Xayah / sup: Alistar,1,2.0,-530.0,-551.0,34.0,9.395224171871405,True,Shrank by >500g
LOLTMNT02_457135,complete,LCP,Split 3,0,2026-08-21 09:11:54,1,16.16,200,Red,Team Secret Whales,oe:team:740de582f50775c516c77ed7b923fd5,1889,0,1228.0,1270.0,30.0,5.0,4.0,4839.0,5589.0,67.0,10.0,6.0,-1495.0,-3132.0,40.0,11.0,13.0,top: Galio / jng: Jarvan IV / mid: Locke / bot: Caitlyn / sup: Karma,2026-08-21,GAM Esports,top: Rumble / jng: Vi / mid: Ahri / bot: Lucian / sup: Milio,0,4.0,3611.0,4319.0,37.0,128.18498270304985,True,Lead lost by 25
13426-13426_game_1,complete,LPL,Split 3,0,2026-08-21 09:25:54,1,16.16,100,Blue,Anyone's Legend,oe:team:ed28f87f0cfdba0a2a8f183cebae73a,2045,1,1530.0,2074.0,47.0,4.0,2.0,1977.0,1212.0,36.0,5.0,3.0,600.0,1412.0,19.0,6.0,5.0,top: K'Sante / jng: Nocturne / mid: Ryze / bot: Jhin / sup: Karma,2026-08-21,Team WE,top: Olaf / jng: Jarvan IV / mid: Twisted Fate / bot: Ezreal / sup: Seraphine,1,2.0,447.0,-862.0,-11.0,82.55407527290117,True,Shrank by >500g
LOLTMNT02_457142,complete,LCP,Split 3,0,2026-08-21 10:02:52,2,16.16,200,Red,Team Secret Whales,oe:team:740de582f50775c516c77ed7b923fd5,1642,1,4351.0,3668.0,32.0,7.0,1.0,8434.0,7215.0,70.0,12.0,2.0,14416.0,13794.0,96.0,18.0,3.0,top: Olaf / jng: Pantheon / mid: Akali / bot: Yunara / sup: Nautilus,2026-08-21,GAM Esports,top: Jax / jng: Wukong / mid: Syndra / bot: Kai'Sa / sup: Alistar,0,10.0,4083.0,3547.0,38.0,128.18498270304985,True,Grew by >500g
LOLTMNT02_457144,complete,LCK,Rounds 3-4,0,2026-08-21 10:08:13,3,16.16,200,Red,BNK FEARX,oe:team:5c2e7e9ea8dfcba0150d9a5619baecf,1530,1,2940.0,1537.0,3.0,4.0,0.0,6314.0,6244.0,68.0,9.0,1.0,8959.0,8946.0,75.0,17.0,3.0,top: Rumble / jng: Jarvan IV / mid: Ahri / bot: Yunara / sup: Lulu,2026-08-21,HANJIN BRION,top: Ornn / jng: Nocturne / mid: Aurora / bot: Ashe / sup: Seraphine,0,8.0,3374.0,4707.0,65.0,9.395224171871405,True,Grew by >500g
13426-13426_game_2,complete,LPL,Split 3,0,2026-08-21 10:23:18,2,16.16,100,Blue,Anyone's Legend,oe:team:ed28f87f0cfdba0a2a8f183cebae73a,2262,0,-1077.0,-212.0,16.0,5.0,4.0,455.0,656.0,5.0,9.0,5.0,1194.0,3925.0,26.0,12.0,6.0,top: Camille / jng: Naafiri / mid: Cassiopeia / bot: Caitlyn / sup: Lux,2026-08-21,Team WE,top: Jayce / jng: Pantheon / mid: Orianna / bot: Corki / sup: Bard,1,4.0,1532.0,868.0,-11.0,82.55407527290117,True,Grew by >500g
LOLTMNT02_457157,complete,LCP,Split 3,0,2026-08-21 10:49:55,3,16.16,100,Blue,Team Secret Whales,oe:team:740de582f50775c516c77ed7b923fd5,2071,1,4428.0,2463.0,33.0,5.0,1.0,6311.0,4168.0,38.0,8.0,3.0,5815.0,2807.0,25.0,12.0,7.0,top: Yorick / jng: Qiyana / mid: Viktor / bot: Jhin / sup: Poppy,2026-08-21,GAM Esports,top: Jayce / jng: Xin Zhao / mid: Orianna / bot: Corki / sup: Shen,1,5.0,1883.0,1705.0,5.0,128.18498270304985,True,Within 500g
13426-13426_game_3,complete,LPL,Split 3,0,2026-08-21 11:22:55,3,16.16,100,Blue,Team WE,oe:team:62c1cd9465dc63824593ee5046f5aa8,1809,1,2543.0,2082.0,25.0,5.0,1.0,3771.0,1908.0,21.0,6.0,1.0,5839.0,4693.0,15.0,10.0,1.0,top: Ornn / jng: Poppy / mid: Annie / bot: Lucian / sup: Milio,2026-08-21,Anyone's Legend,top: Rumble / jng: Lee Sin / mid: Galio / bot: Yunara / sup: Lulu,1,5.0,1228.0,-174.0,-4.0,-82.55407527290117,True,Grew by >500g
LOLTMNT02_457183,complete,LCK,Rounds 3-4,0,2026-08-21 11:24:11,1,16.16,100,Blue,T1,oe:team:ce499dea30cfce118f4fe85da0227e8,2133,0,-720.0,-524.0,-9.0,3.0,3.0,1450.0,-329.0,-39.0,6.0,3.0,-2237.0,-8067.0,-46.0,6.0,6.0,top: Jax / jng: Jarvan IV / mid: Ahri / bot: Yunara / sup: Lulu,2026-08-21,KT Rolster,top: Olaf / jng: Nocturne / mid: Ryze / bot: Ezreal / sup: Seraphine,1,3.0,2170.0,195.0,-30.0,90.60910378259973,True,Lead lost by 25
LOLTMNT02_456193,complete,LCP,Split 3,0,2026-08-21 11:52:27,4,16.16,200,Red,GAM Esports,oe:team:9cae7677cd0dbcc1cd86653870b73c2,2042,0,-1084.0,98.0,11.0,6.0,8.0,2377.0,913.0,17.0,10.0,9.0,2943.0,-487.0,15.0,19.0,16.0,top: Renekton / jng: Nocturne / mid: Ryze / bot: Miss Fortune / sup: Leona,2026-08-21,Team Secret Whales,top: Cho'Gath / jng: Lee Sin / mid: Annie / bot: Ezreal / sup: Rell,0,1.0,3461.0,815.0,6.0,-128.18498270304985,True,Grew by >500g
LOLTMNT02_457197,complete,LCK,Rounds 3-4,0,2026-08-21 12:21:05,2,16.16,200,Red,T1,oe:team:ce499dea30cfce118f4fe85da0227e8,1955,1,633.0,2328.0,9.0,6.0,4.0,1339.0,753.0,-3.0,7.0,4.0,3469.0,3782.0,24.0,9.0,4.0,top: Vayne / jng: Vi / mid: Rumble / bot: Taliyah / sup: Alistar,2026-08-21,KT Rolster,top: K'Sante / jng: Wukong / mid: Syndra / bot: Kalista / sup: Renata Glasc,0,3.0,706.0,-1575.0,-12.0,90.60910378259973,True,Grew by >500g
13427-13427_game_1,complete,LPL,Split 3,0,2026-08-21 12:34:16,1,16.16,100,Blue,Bilibili Gaming,oe:team:d356a144644879dabb5f34cd99c886d,1555,1,-175.0,-994.0,-49.0,6.0,7.0,4188.0,4662.0,-23.0,14.0,8.0,9664.0,9780.0,5.0,19.0,8.0,top: Camille / jng: Lee Sin / mid: Syndra / bot: Yunara / sup: Lulu,2026-08-21,Top Esports,top: Olaf / jng: Jarvan IV / mid: Ryze / bot: Varus / sup: Nautilus,1,6.0,4363.0,5656.0,26.0,64.9210181583619,True,Grew by >500g
LOLTMNT02_457213,complete,LCK,Rounds 3-4,0,2026-08-21 13:16:04,3,16.16,200,Red,KT Rolster,oe:team:d723992568441c6bafa2658129eade7,2061,0,279.0,52.0,33.0,3.0,4.0,1017.0,1508.0,41.0,4.0,4.0,-504.0,-1138.0,26.0,4.0,5.0,top: Renekton / jng: Pantheon / mid: Viktor / bot: Jhin / sup: Karma,2026-08-21,T1,top: Gwen / jng: Skarner / mid: Anivia / bot: Caitlyn / sup: Lux,0,0.0,738.0,1456.0,8.0,-90.60910378259973,True,Lead lost by 25
13427-13427_game_2,complete,LPL,Split 3,0,2026-08-21 13:23:38,2,16.16,200,Red,Top Esports,oe:team:fcec508e780bbd1ad493852640f5b36,1911,0,491.0,117.0,-8.0,3.0,2.0,570.0,-357.0,-14.0,6.0,5.0,-5826.0,-9190.0,-61.0,9.0,14.0,top: Rumble / jng: Vi / mid: Aurora / bot: Jhin / sup: Bard,2026-08-21,Bilibili Gaming,top: Ambessa / jng: Pantheon / mid: Annie / bot: Ezreal / sup: Karma,0,1.0,79.0,-474.0,-6.0,-64.9210181583619,True,Lead lost by 25
LOLTMNT05_219021,complete,LEC,Summer,0,2026-08-21 15:08:45,1,16.16,200,Red,Team Heretics,oe:team:1285e1c04d54de96502f12da4d49458,1970,1,-1705.0,-120.0,-8.0,1.0,5.0,1433.0,3211.0,19.0,6.0,7.0,1764.0,4911.0,35.0,8.0,8.0,top: Ambessa / jng: Wukong / mid: Orianna / bot: Jhin / sup: Leona,2026-08-21,SK Gaming,top: Volibear / jng: Pantheon / mid: Syndra / bot: Corki / sup: Nautilus,0,-1.0,3138.0,3331.0,27.0,-63.41866712808633,True,Within 500g
LOLTMNT05_219026,complete,LEC,Summer,0,2026-08-21 16:01:35,2,16.16,100,Blue,Team Heretics,oe:team:1285e1c04d54de96502f12da4d49458,1956,1,1423.0,2109.0,8.0,5.0,3.0,2656.0,3114.0,35.0,5.0,3.0,2971.0,8028.0,52.0,8.0,5.0,top: Aatrox / jng: Vi / mid: Ryze / bot: Ashe / sup: Seraphine,2026-08-21,SK Gaming,top: Rumble / jng: Jarvan IV / mid: Yone / bot: Xayah / sup: Rakan,1,2.0,1233.0,1005.0,27.0,-63.41866712808633,True,Within 500g
LOLTMNT05_219039,complete,LEC,Summer,0,2026-08-21 17:00:45,1,16.16,200,Red,Team Vitality,oe:team:e8d8ae992fe72acb7adc7bfcee31dbb,1863,1,1595.0,-53.0,2.0,4.0,3.0,5407.0,2411.0,4.0,9.0,4.0,5475.0,6105.0,3.0,11.0,5.0,top: Rumble / jng: Jarvan IV / mid: Anivia / bot: Jhin / sup: Bard,2026-08-21,Natus Vincere,top: Ambessa / jng: Vi / mid: Ryze / bot: Caitlyn / sup: Karma,0,5.0,3812.0,2464.0,2.0,55.50433849172305,True,Within 500g
LOLTMNT05_220042,complete,LEC,Summer,0,2026-08-21 17:54:03,2,16.16,100,Blue,Natus Vincere,oe:team:d2ba9f92d85cff67d60aaad88e61048,1611,1,870.0,1548.0,30.0,2.0,3.0,3476.0,3281.0,39.0,4.0,3.0,6411.0,9097.0,51.0,8.0,4.0,top: Olaf / jng: Xin Zhao / mid: Viktor / bot: Ashe / sup: Seraphine,2026-08-21,Team Vitality,top: Aatrox / jng: Naafiri / mid: Orianna / bot: Lucian / sup: Milio,1,1.0,2606.0,1733.0,9.0,-55.50433849172305,True,Grew by >500g
LOLTMNT05_220046,complete,LEC,Summer,0,2026-08-21 18:48:36,3,16.16,200,Red,Team Vitality,oe:team:e8d8ae992fe72acb7adc7bfcee31dbb,1417,1,3057.0,2555.0,47.0,10.0,4.0,4258.0,2770.0,39.0,12.0,5.0,,,,,,top: Varus / jng: Skarner / mid: Akali / bot: Ezreal / sup: Rakan,2026-08-21,Natus Vincere,top: Renekton / jng: Trundle / mid: Taliyah / bot: Xayah / sup: Pantheon,0,7.0,1201.0,215.0,-8.0,55.50433849172305,True,Won before 25
13428-13428_game_1,complete,LPL,Split 3,0,2026-08-22 07:11:49,1,16.16,100,Blue,LGD Gaming,oe:team:5f401785b6b78326f9a46b3c6b206ed,1882,0,4305.0,2866.0,40.0,8.0,1.0,2690.0,2347.0,27.0,11.0,4.0,6255.0,9864.0,37.0,17.0,6.0,top: K'Sante / jng: Lee Sin / mid: Ryze / bot: Jhin / sup: Rell,2026-08-22,Team WE,top: Rumble / jng: Vi / mid: Ahri / bot: Yunara / sup: Lulu,1,7.0,-1615.0,-519.0,-13.0,-26.0096794759354,True,Grew by >500g
13428-13428_game_2,complete,LPL,Split 3,0,2026-08-22 08:06:50,2,16.16,200,Red,LGD Gaming,oe:team:5f401785b6b78326f9a46b3c6b206ed,1946,1,1223.0,620.0,-8.0,7.0,2.0,548.0,-142.0,-30.0,7.0,2.0,2263.0,4671.0,-16.0,12.0,5.0,top: Renekton / jng: Naafiri / mid: Locke / bot: Lucian / sup: Milio,2026-08-22,Team WE,top: Jayce / jng: Nocturne / mid: Aurora / bot: Caitlyn / sup: Bard,0,5.0,-675.0,-762.0,-22.0,-26.0096794759354,True,Grew by >500g
LOLTMNT02_456427,complete,LCK,Rounds 3-4,0,2026-08-22 08:08:17,1,16.16,100,Blue,Gen.G,oe:team:50f58982d91a36557ec8aec52ab014f,1878,1,3141.0,2017.0,75.0,6.0,4.0,3339.0,4071.0,97.0,8.0,6.0,2553.0,3895.0,71.0,12.0,10.0,top: Olaf / jng: Pantheon / mid: Ryze / bot: Ezreal / sup: Seraphine,2026-08-22,Dplus Kia,top: Jax / jng: Vi / mid: Locke / bot: Yunara / sup: Lulu,1,2.0,198.0,2054.0,22.0,110.20293194545548,True,Shrank by >500g
13428-13428_game_3,complete,LPL,Split 3,0,2026-08-22 09:01:43,3,16.16,100,Blue,LGD Gaming,oe:team:5f401785b6b78326f9a46b3c6b206ed,1557,1,2688.0,2189.0,-1.0,6.0,3.0,4272.0,6314.0,4.0,13.0,4.0,9828.0,11811.0,8.0,18.0,4.0,top: Olaf / jng: Wukong / mid: Viktor / bot: Ezreal / sup: Karma,2026-08-22,Team WE,top: Trundle / jng: Poppy / mid: Syndra / bot: Ashe / sup: Seraphine,1,9.0,1584.0,4125.0,5.0,-26.0096794759354,True,Grew by >500g
LOLTMNT02_456447,complete,LCK,Rounds 3-4,0,2026-08-22 09:02:36,2,16.16,100,Blue,Dplus Kia,oe:team:ef69efa6acebe94107f0cf1ba716806,1957,1,-2125.0,75.0,24.0,2.0,4.0,797.0,4496.0,54.0,8.0,6.0,-1112.0,3672.0,46.0,10.0,10.0,top: Gnar / jng: Lee Sin / mid: Cassiopeia / bot: Viktor / sup: Camille,2026-08-22,Gen.G,top: Twisted Fate / jng: Xin Zhao / mid: Orianna / bot: Caitlyn / sup: Bard,1,2.0,2922.0,4421.0,30.0,-110.20293194545548,True,Lead lost by 25
LOLTMNT02_456455,complete,LCP,Split 3,0,2026-08-22 09:14:10,1,16.16,100,Blue,GAM Esports,oe:team:9cae7677cd0dbcc1cd86653870b73c2,1987,1,2678.0,1451.0,54.0,3.0,0.0,3601.0,2426.0,65.0,3.0,0.0,7304.0,8087.0,52.0,8.0,1.0,top: Rumble / jng: Jarvan IV / mid: Orianna / bot: Xayah / sup: Rakan,2026-08-22,MVK Esports,top: Ambessa / jng: Poppy / mid: Ryze / bot: Lucian / sup: Milio,1,3.0,923.0,975.0,11.0,62.81715811964318,True,Grew by >500g
LOLTMNT02_456460,complete,LCK,Rounds 3-4,0,2026-08-22 09:57:59,3,16.16,100,Blue,Dplus Kia,oe:team:ef69efa6acebe94107f0cf1ba716806,1986,1,2018.0,2757.0,34.0,5.0,3.0,2140.0,1825.0,36.0,5.0,4.0,7043.0,9001.0,39.0,14.0,6.0,top: Jayce / jng: Maokai / mid: Ahri / bot: Lucian / sup: Milio,2026-08-22,Gen.G,top: Gragas / jng: Wukong / mid: Syndra / bot: Kalista / sup: Renata Glasc,1,1.0,122.0,-932.0,2.0,-110.20293194545548,True,Grew by >500g
LOLTMNT02_457495,complete,LCP,Split 3,0,2026-08-22 10:04:53,2,16.16,200,Red,GAM Esports,oe:team:9cae7677cd0dbcc1cd86653870b73c2,2428,0,190.0,-280.0,-9.0,3.0,3.0,166.0,364.0,16.0,3.0,5.0,-2593.0,-2131.0,-3.0,3.0,7.0,top: Kled / jng: Naafiri / mid: Annie / bot: Caitlyn / sup: Karma,2026-08-22,MVK Esports,top: Olaf / jng: Lee Sin / mid: Hwei / bot: Jhin / sup: Alistar,0,-2.0,-24.0,644.0,25.0,62.81715811964318,True,Lead lost by 25
LOLTMNT02_456483,complete,LCP,Split 3,0,2026-08-22 11:04:29,3,16.16,200,Red,GAM Esports,oe:team:9cae7677cd0dbcc1cd86653870b73c2,1780,1,2438.0,1550.0,38.0,2.0,2.0,8819.0,7238.0,70.0,9.0,2.0,8119.0,6497.0,68.0,9.0,2.0,top: Jax / jng: Pantheon / mid: Ahri / bot: Sivir / sup: Bard,2026-08-22,MVK Esports,top: Gnar / jng: Vi / mid: Sylas / bot: Corki / sup: Nami,0,7.0,6381.0,5688.0,32.0,62.81715811964318,True,Shrank by >500g
LOLTMNT02_457532,complete,LCK,Rounds 3-4,0,2026-08-22 11:31:02,1,16.16,100,Blue,Kiwoom DRX,oe:team:1d0389df0c5eea93b04122ba167c010,2244,0,1138.0,1120.0,-14.0,6.0,4.0,3801.0,6130.0,13.0,10.0,5.0,-4412.0,-3360.0,6.0,11.0,11.0,top: Olaf / jng: Lee Sin / mid: Galio / bot: Lucian / sup: Milio,2026-08-22,DN SOOPers,top: Camille / jng: Pantheon / mid: Orianna / bot: Xayah / sup: Rakan,1,5.0,2663.0,5010.0,27.0,45.896225987141634,True,Lead lost by 25
LOLTMNT02_457538,complete,LCP,Split 3,0,2026-08-22 11:53:28,4,16.16,100,Blue,MVK Esports,oe:team:bc3824b0bbb8139d16109178faa4822,1756,1,3519.0,1348.0,65.0,7.0,7.0,3025.0,1182.0,65.0,7.0,8.0,2118.0,-42.0,68.0,7.0,10.0,top: Jayce / jng: Maokai / mid: Yone / bot: Xerath / sup: Camille,2026-08-22,GAM Esports,top: Renekton / jng: Skarner / mid: Viktor / bot: Tristana / sup: Shen,1,-1.0,-494.0,-166.0,0.0,-62.81715811964318,True,Shrank by >500g
13430-13430_game_1,complete,LPL,Split 3,0,2026-08-22 12:10:59,1,16.16,200,Red,JD Gaming,oe:team:b42d0f31f2727621b963042276817c4,1915,1,-225.0,167.0,-20.0,3.0,3.0,1730.0,1908.0,-3.0,5.0,4.0,4.0,851.0,-18.0,9.0,10.0,top: Rumble / jng: Trundle / mid: Viktor / bot: Jhin / sup: Karma,2026-08-22,Top Esports,top: Olaf / jng: Nocturne / mid: Ahri / bot: Ezreal / sup: Seraphine,0,1.0,1955.0,1741.0,17.0,-50.308676123509485,True,Shrank by >500g
LOLTMNT02_457558,complete,LCK,Rounds 3-4,0,2026-08-22 12:30:01,2,16.16,100,Blue,DN SOOPers,oe:team:b3c72a20aa56f5d28022ac04a7dc294,1594,1,3373.0,2759.0,34.0,2.0,0.0,6933.0,4552.0,59.0,3.0,0.0,10161.0,7876.0,74.0,6.0,0.0,top: Mordekaiser / jng: Naafiri / mid: Syndra / bot: Caitlyn / sup: Bard,2026-08-22,Kiwoom DRX,top: K'Sante / jng: Wukong / mid: Ryze / bot: Ezreal / sup: Karma,1,3.0,3560.0,1793.0,25.0,-45.896225987141634,True,Grew by >500g
LOLTMNT05_220071,complete,LCP,Split 3,0,2026-08-22 13:02:20,5,16.16,100,Blue,MVK Esports,oe:team:bc3824b0bbb8139d16109178faa4822,3017,1,2633.0,2624.0,44.0,5.0,5.0,636.0,-129.0,46.0,6.0,9.0,1494.0,1945.0,67.0,7.0,10.0,top: Yorick / jng: Wukong / mid: LeBlanc / bot: Ashe / sup: Seraphine,2026-08-22,GAM Esports,top: Gwen / jng: Nocturne / mid: Akali / bot: Varus / sup: Neeko,1,-3.0,-1997.0,-2753.0,2.0,-62.81715811964318,True,Grew by >500g
13430-13430_game_2,complete,LPL,Split 3,0,2026-08-22 13:08:13,2,16.16,100,Blue,JD Gaming,oe:team:b42d0f31f2727621b963042276817c4,2091,1,2627.0,1346.0,-6.0,6.0,3.0,3327.0,1578.0,1.0,7.0,4.0,3534.0,2390.0,31.0,11.0,9.0,top: Gnar / jng: Vi / mid: Galio / bot: Sivir / sup: Lulu,2026-08-22,Top Esports,top: Renekton / jng: Pantheon / mid: Orianna / bot: Xayah / sup: Rakan,1,3.0,700.0,232.0,7.0,-50.308676123509485,True,Within 500g
LOLTMNT05_219068,complete,LEC,Summer,0,2026-08-22 15:07:24,1,16.16,100,Blue,Fnatic,oe:team:78f183fa5a7d8ecb22b9ad272c3abd7,2051,1,1028.0,2030.0,37.0,1.0,1.0,4648.0,4172.0,73.0,4.0,2.0,6465.0,6134.0,99.0,5.0,2.0,top: Rumble / jng: Jarvan IV / mid: Yone / bot: Lucian / sup: Nami,2026-08-22,Shifters,top: Galio / jng: Lee Sin / mid: Viktor / bot: Yunara / sup: Milio,1,2.0,3620.0,2142.0,36.0,99.85843506629749,True,Grew by >500g
LOLTMNT05_220091,complete,LEC,Summer,0,2026-08-22 16:01:57,2,16.16,100,Blue,Fnatic,oe:team:78f183fa5a7d8ecb22b9ad272c3abd7,1977,1,-785.0,-745.0,-2.0,5.0,7.0,335.0,680.0,8.0,12.0,12.0,2727.0,7570.0,40.0,14.0,12.0,top: Ambessa / jng: Nocturne / mid: Ryze / bot: Jhin / sup: Rell,2026-08-22,Shifters,top: Jax / jng: Pantheon / mid: Tristana / bot: Taliyah / sup: Leona,1,0.0,1120.0,1425.0,10.0,99.85843506629749,True,Grew by >500g
LOLTMNT02_457619,complete,CBLOL,Split 2,0,2026-08-22 16:10:38,1,16.16,100,Blue,Vivo Keyd Stars,oe:team:b9e44c69c1a70fb35df9be96f9eafea,1827,1,1664.0,1261.0,-14.0,5.0,1.0,6097.0,6093.0,18.0,11.0,1.0,8758.0,9717.0,21.0,12.0,1.0,top: Ambessa / jng: Vi / mid: Locke / bot: Ashe / sup: Seraphine,2026-08-22,Leviatan,top: Varus / jng: Xin Zhao / mid: Galio / bot: Syndra / sup: Nautilus,1,10.0,4433.0,4832.0,32.0,96.18298851718464,True,Grew by >500g
LOLTMNT02_457626,complete,CBLOL,Split 2,0,2026-08-22 16:58:56,2,16.16,200,Red,Leviatan,oe:team:53ef3d5a3ac5d88bc000eff7d87aeb3,2051,0,547.0,-729.0,-43.0,3.0,2.0,813.0,-1018.0,-48.0,3.0,2.0,-1009.0,-2237.0,-41.0,3.0,4.0,top: Twisted Fate / jng: Skarner / mid: Taliyah / bot: Naafiri / sup: Alistar,2026-08-22,Vivo Keyd Stars,top: Gnar / jng: Lee Sin / mid: Ryze / bot: Corki / sup: Rakan,0,1.0,266.0,-289.0,-5.0,-96.18298851718464,True,Lead lost by 25
LOLTMNT05_220098,complete,LEC,Summer,0,2026-08-22 17:04:29,1,16.16,100,Blue,Movistar KOI,oe:team:4acc40654379b4da680be1bd3129dfa,1759,0,595.0,-736.0,48.0,3.0,4.0,1176.0,-1511.0,51.0,5.0,7.0,1721.0,1578.0,65.0,12.0,13.0,top: Jayce / jng: Vi / mid: Ryze / bot: Kalista / sup: Renata Glasc,2026-08-22,SK Gaming,top: Rumble / jng: Jarvan IV / mid: Viktor / bot: Jhin / sup: Bard,1,-2.0,581.0,-775.0,3.0,143.744379828491,True,Grew by >500g
LOLTMNT05_220100,complete,LEC,Summer,0,2026-08-22 17:54:12,2,16.16,200,Red,Movistar KOI,oe:team:4acc40654379b4da680be1bd3129dfa,1912,0,4049.0,2614.0,24.0,7.0,1.0,6217.0,2677.0,28.0,9.0,1.0,4078.0,2491.0,37.0,9.0,2.0,top: Olaf / jng: Lee Sin / mid: Sylas / bot: Ezreal / sup: Nautilus,2026-08-22,SK Gaming,top: Gnar / jng: Skarner / mid: Syndra / bot: Ashe / sup: Seraphine,0,8.0,2168.0,63.0,4.0,143.744379828491,True,Shrank by >500g
LOLTMNT02_456624,complete,CBLOL,Split 2,0,2026-08-22 17:57:35,1,16.16,200,Red,FURIA,oe:team:87e3e1e75839f75a10bbc66e894d806,1914,1,2310.0,1919.0,10.0,4.0,0.0,68.0,772.0,-10.0,7.0,5.0,1643.0,3650.0,6.0,10.0,6.0,top: K'Sante / jng: Jarvan IV / mid: Galio / bot: Lucian / sup: Milio,2026-08-22,paiN Gaming,top: Jayce / jng: Nocturne / mid: Orianna / bot: Ashe / sup: Seraphine,0,2.0,-2242.0,-1147.0,-20.0,185.84552916661346,True,Grew by >500g
LOLTMNT02_457661,complete,CBLOL,Split 2,0,2026-08-22 18:48:15,2,16.16,100,Blue,FURIA,oe:team:87e3e1e75839f75a10bbc66e894d806,1557,1,4301.0,3528.0,49.0,11.0,5.0,10502.0,10808.0,106.0,17.0,5.0,10902.0,11894.0,69.0,22.0,7.0,top: Camille / jng: Poppy / mid: Ryze / bot: Yunara / sup: Lulu,2026-08-22,paiN Gaming,top: Renekton / jng: Vi / mid: Locke / bot: Ezreal / sup: Leona,1,12.0,6201.0,7280.0,57.0,185.84552916661346,True,Within 500g
LOLTMNT02_456676,complete,LCS,Summer,0,2026-08-22 20:08:10,1,16.16,100,Blue,Sentinels,oe:team:f90422f1cbcb24bc2a855202582ec29,1945,1,-870.0,823.0,2.0,2.0,3.0,2035.0,3462.0,21.0,6.0,3.0,4233.0,9087.0,22.0,11.0,6.0,top: Rumble / jng: Jarvan IV / mid: Ryze / bot: Ezreal / sup: Seraphine,2026-08-22,FlyQuest,top: K'Sante / jng: Lee Sin / mid: Syndra / bot: Lucian / sup: Milio,1,3.0,2905.0,2639.0,19.0,-18.33699226520821,True,Grew by >500g
LOLTMNT02_457694,complete,LCS,Summer,0,2026-08-22 21:00:05,2,16.16,100,Blue,Sentinels,oe:team:f90422f1cbcb24bc2a855202582ec29,1806,1,1409.0,930.0,28.0,1.0,1.0,1121.0,989.0,30.0,1.0,2.0,4345.0,7753.0,42.0,8.0,5.0,top: Sion / jng: Xin Zhao / mid: Viktor / bot: Caitlyn / sup: Lux,2026-08-22,FlyQuest,top: Jayce / jng: Pantheon / mid: Azir / bot: Jhin / sup: Karma,1,-1.0,-288.0,59.0,2.0,-18.33699226520821,True,Grew by >500g
LOLTMNT02_456695,complete,LCS,Summer,0,2026-08-22 21:49:44,1,16.16,200,Red,Disguised,oe:team:289284911fb6f41c0ccaecc3a0c2891,2287,1,203.0,-1478.0,0.0,4.0,3.0,2226.0,911.0,16.0,6.0,3.0,7359.0,5635.0,54.0,13.0,4.0,top: Olaf / jng: Pantheon / mid: Twisted Fate / bot: Jhin / sup: Shen,2026-08-22,Dignitas,top: K'Sante / jng: Lee Sin / mid: Ryze / bot: Ezreal / sup: Karma,0,3.0,2023.0,2389.0,16.0,-1.4219647820882528,True,Grew by >500g
LOLTMNT02_457711,complete,LCS,Summer,0,2026-08-22 22:43:26,2,16.16,200,Red,Disguised,oe:team:289284911fb6f41c0ccaecc3a0c2891,1730,1,404.0,518.0,43.0,3.0,4.0,1892.0,-235.0,32.0,7.0,7.0,3402.0,5767.0,59.0,11.0,9.0,top: Gnar / jng: Jarvan IV / mid: Ahri / bot: Viktor / sup: Nautilus,2026-08-22,Dignitas,top: Camille / jng: Xin Zhao / mid: Orianna / bot: Lucian / sup: Milio,0,0.0,1488.0,-753.0,-11.0,-1.4219647820882528,True,Grew by >500g
LOLTMNT02_456749,complete,LCK,Rounds 3-4,0,2026-08-23 08:07:42,1,16.16,200,Red,Hanwha Life Esports,oe:team:3a1d18f46bcb3716ebcfcf4ef068934,1722,1,2819.0,762.0,40.0,6.0,3.0,1579.0,-221.0,48.0,6.0,5.0,6311.0,4349.0,22.0,11.0,6.0,top: Jayce / jng: Lee Sin / mid: Cassiopeia / bot: Jhin / sup: Alistar,2026-08-23,T1,top: K'Sante / jng: Xin Zhao / mid: Orianna / bot: Ezreal / sup: Karma,0,1.0,-1240.0,-983.0,8.0,2.331170542379141,True,Grew by >500g
LOLTMNT02_456759,complete,LCK,Rounds 3-4,0,2026-08-23 08:59:45,2,16.16,100,Blue,Hanwha Life Esports,oe:team:3a1d18f46bcb3716ebcfcf4ef068934,1372,1,3686.0,3899.0,42.0,8.0,3.0,7257.0,5791.0,44.0,13.0,4.0,,,,,,top: Kennen / jng: Pantheon / mid: Syndra / bot: Kog'Maw / sup: Lulu,2026-08-23,T1,top: Gwen / jng: Wukong / mid: Ryze / bot: Lucian / sup: Milio,1,9.0,3571.0,1892.0,2.0,2.331170542379141,True,Won before 25
LOLTMNT05_220110,complete,LCP,Split 3,0,2026-08-23 09:12:31,1,16.16,100,Blue,Team Secret Whales,oe:team:740de582f50775c516c77ed7b923fd5,1619,1,1586.0,1445.0,32.0,3.0,1.0,6993.0,7965.0,53.0,13.0,1.0,11485.0,10792.0,89.0,19.0,2.0,top: Galio / jng: Lee Sin / mid: Orianna / bot: Yunara / sup: Alistar,2026-08-23,CTBC Flying Oyster,top: Rumble / jng: Naafiri / mid: Viktor / bot: Jhin / sup: Nautilus,1,12.0,5407.0,6520.0,21.0,109.61166641543946,True,Grew by >500g
LOLTMNT05_219097,complete,LCP,Split 3,0,2026-08-23 09:58:52,2,16.16,100,Blue,Team Secret Whales,oe:team:740de582f50775c516c77ed7b923fd5,1775,1,5627.0,3834.0,66.0,8.0,2.0,4284.0,3330.0,81.0,9.0,4.0,6834.0,5995.0,52.0,15.0,6.0,top: Gnar / jng: Vi / mid: Ahri / bot: Ziggs / sup: Rakan,2026-08-23,CTBC Flying Oyster,top: Malphite / jng: Jarvan IV / mid: Sylas / bot: Kalista / sup: Renata Glasc,1,5.0,-1343.0,-504.0,15.0,109.61166641543946,True,Grew by >500g
LOLTMNT02_457803,complete,LCK,Rounds 3-4,0,2026-08-23 10:20:23,1,16.16,200,Red,BNK FEARX,oe:team:5c2e7e9ea8dfcba0150d9a5619baecf,1693,1,754.0,1083.0,22.0,4.0,4.0,1773.0,1346.0,3.0,8.0,5.0,2036.0,2158.0,20.0,11.0,8.0,top: Rumble / jng: Jarvan IV / mid: Ryze / bot: Caitlyn / sup: Bard,2026-08-23,Nongshim RedForce,top: Ambessa / jng: Lee Sin / mid: Anivia / bot: Ezreal / sup: Camille,0,3.0,1019.0,263.0,-19.0,36.03165737862014,True,Within 500g
LOLTMNT05_220113,complete,LCP,Split 3,0,2026-08-23 10:48:54,3,16.16,200,Red,CTBC Flying Oyster,oe:team:0916b3c324c8577b0c6344f3e067f62,2479,0,-2758.0,-1810.0,-33.0,3.0,7.0,1121.0,5707.0,-9.0,11.0,7.0,3518.0,6773.0,-1.0,16.0,9.0,top: Ambessa / jng: Nocturne / mid: Syndra / bot: Ezreal / sup: Karma,2026-08-23,Team Secret Whales,top: Cho'Gath / jng: Graves / mid: Ryze / bot: Caitlyn / sup: Elise,0,4.0,3879.0,7517.0,24.0,-109.61166641543946,True,Grew by >500g
LOLTMNT02_457811,complete,LCK,Rounds 3-4,0,2026-08-23 11:11:16,2,16.16,200,Red,Nongshim RedForce,oe:team:5cd2cd09ec94296f605dd13a2924d6c,1486,1,7230.0,6200.0,51.0,16.0,2.0,3396.0,1654.0,20.0,19.0,9.0,10764.0,11431.0,66.0,32.0,13.0,top: Olaf / jng: Xin Zhao / mid: Azir / bot: Lucian / sup: Milio,2026-08-23,BNK FEARX,top: Vayne / jng: Trundle / mid: Annie / bot: Yunara / sup: Lulu,0,10.0,-3834.0,-4546.0,-31.0,-36.03165737862014,True,Won before 25
LOLTMNT02_456807,complete,LCK,Rounds 3-4,0,2026-08-23 11:57:33,3,16.16,100,Blue,Nongshim RedForce,oe:team:5cd2cd09ec94296f605dd13a2924d6c,1673,1,2600.0,1257.0,38.0,6.0,4.0,2631.0,941.0,34.0,9.0,7.0,5402.0,7235.0,46.0,14.0,10.0,top: Gnar / jng: Nocturne / mid: Syndra / bot: Jhin / sup: Shen,2026-08-23,BNK FEARX,top: Renekton / jng: Kha'Zix / mid: Akali / bot: Kalista / sup: Renata Glasc,1,2.0,31.0,-316.0,-4.0,-36.03165737862014,True,Grew by >500g
LOLTMNT05_220135,complete,LEC,Summer,0,2026-08-23 15:08:05,1,16.16,200,Red,Team Heretics,oe:team:1285e1c04d54de96502f12da4d49458,2468,0,1728.0,1853.0,9.0,3.0,1.0,3274.0,1338.0,28.0,3.0,1.0,4981.0,3786.0,66.0,4.0,1.0,top: Jayce / jng: Xin Zhao / mid: Ryze / bot: Caitlyn / sup: Bard,2026-08-23,GiantX,top: Rumble / jng: Jarvan IV / mid: Anivia / bot: Jhin / sup: Rell,0,2.0,1546.0,-515.0,19.0,-118.15371594904445,True,Grew by >500g
LOLTMNT02_456877,complete,CBLOL,Split 2,0,2026-08-23 16:10:45,1,16.16,200,Red,Fluxo W7M,oe:team:45c362a0cfc4b81f597b5ab89250df5,1784,0,3065.0,4468.0,52.0,3.0,0.0,1662.0,2314.0,27.0,3.0,0.0,985.0,2228.0,1.0,4.0,0.0,top: Rumble / jng: Vi / mid: Ahri / bot: Corki / sup: Nautilus,2026-08-23,RED Canids,top: Olaf / jng: Jarvan IV / mid: Galio / bot: Ezreal / sup: Braum,0,3.0,-1403.0,-2154.0,-25.0,-49.24493042282529,True,Shrank by >500g
LOLTMNT05_220139,complete,LEC,Summer,0,2026-08-23 16:18:04,2,16.16,200,Red,Team Heretics,oe:team:1285e1c04d54de96502f12da4d49458,1993,0,613.0,592.0,1.0,2.0,2.0,1453.0,1485.0,15.0,4.0,4.0,-1818.0,-2992.0,22.0,5.0,10.0,top: Gnar / jng: Aatrox / mid: Orianna / bot: Lucian / sup: Leona,2026-08-23,GiantX,top: Renekton / jng: Nocturne / mid: Viktor / bot: Corki / sup: Nautilus,0,0.0,840.0,893.0,14.0,-118.15371594904445,True,Lead lost by 25
LOLTMNT02_456885,complete,CBLOL,Split 2,0,2026-08-23 16:59:42,2,16.16,100,Blue,RED Canids,oe:team:67169969ecc058b307edfa9c6b7a3c0,1762,1,2311.0,1271.0,27.0,7.0,3.0,3310.0,888.0,29.0,7.0,3.0,4809.0,3148.0,55.0,8.0,3.0,top: K'Sante / jng: Naafiri / mid: Syndra / bot: Jhin / sup: Rakan,2026-08-23,Fluxo W7M,top: Jayce / jng: Lee Sin / mid: Zoe / bot: Sivir / sup: Alistar,1,4.0,999.0,-383.0,2.0,49.24493042282529,True,Grew by >500g
LOLTMNT05_220147,complete,LEC,Summer,0,2026-08-23 17:21:07,1,16.16,200,Red,Karmine Corp,oe:team:f3aa9bbd924ce3af42ac53f8326bc7c,2235,0,3911.0,2879.0,18.0,6.0,2.0,4792.0,4046.0,15.0,10.0,5.0,2846.0,1204.0,-19.0,11.0,7.0,top: Ambessa / jng: Xin Zhao / mid: Cassiopeia / bot: Caitlyn / sup: Bard,2026-08-23,Shifters,top: Jax / jng: Vi / mid: Viktor / bot: Varus / sup: Nautilus,0,5.0,881.0,1167.0,-3.0,325.07473272982315,True,Shrank by >500g
LOLTMNT02_456902,complete,CBLOL,Split 2,0,2026-08-23 17:53:23,1,16.16,100,Blue,LOUD,oe:team:658a021a796aa5501503220adb38cf4,2036,1,-1401.0,-1680.0,-25.0,4.0,4.0,1952.0,1679.0,9.0,8.0,5.0,2688.0,977.0,-3.0,9.0,5.0,top: K'Sante / jng: Jarvan IV / mid: Orianna / bot: Ezreal / sup: Karma,2026-08-23,LØS,top: Swain / jng: Pantheon / mid: Cassiopeia / bot: Caitlyn / sup: Bard,1,3.0,3353.0,3359.0,34.0,-74.22331931660096,True,Grew by >500g
LOLTMNT05_220148,complete,LEC,Summer,0,2026-08-23 18:20:48,2,16.16,200,Red,Karmine Corp,oe:team:f3aa9bbd924ce3af42ac53f8326bc7c,2108,1,-630.0,-1619.0,7.0,3.0,6.0,983.0,737.0,42.0,7.0,8.0,1883.0,5617.0,67.0,14.0,13.0,top: Twisted Fate / jng: Naafiri / mid: Ryze / bot: Ezreal / sup: Leona,2026-08-23,Shifters,top: Gnar / jng: Lee Sin / mid: Taliyah / bot: Miss Fortune / sup: Rell,0,-1.0,1613.0,2356.0,35.0,325.07473272982315,True,Grew by >500g
LOLTMNT02_457932,complete,CBLOL,Split 2,0,2026-08-23 18:44:37,2,16.16,200,Red,LØS,oe:team:ea65e6cc48a9be50fc5334369a5fca5,2018,0,418.0,461.0,21.0,5.0,4.0,255.0,1243.0,26.0,8.0,7.0,-1820.0,163.0,-4.0,8.0,9.0,top: Vayne / jng: Xin Zhao / mid: Ryze / bot: Viktor / sup: Leona,2026-08-23,LOUD,top: Jayce / jng: Vi / mid: Taliyah / bot: Jhin / sup: Rakan,0,1.0,-163.0,782.0,5.0,74.22331931660096,True,Lead lost by 25
LOLTMNT05_220149,complete,LEC,Summer,0,2026-08-23 19:17:03,3,16.16,100,Blue,Karmine Corp,oe:team:f3aa9bbd924ce3af42ac53f8326bc7c,1977,1,808.0,950.0,21.0,5.0,5.0,4443.0,3436.0,40.0,9.0,5.0,6977.0,8572.0,60.0,13.0,7.0,top: Akali / jng: Wukong / mid: Sylas / bot: Lucian / sup: Milio,2026-08-23,Shifters,top: Rumble / jng: Maokai / mid: Tristana / bot: Kalista / sup: Thresh,1,4.0,3635.0,2486.0,19.0,325.07473272982315,True,Grew by >500g
LOLTMNT02_456935,complete,LCS,Summer,0,2026-08-23 20:06:31,1,16.16,100,Blue,Sentinels,oe:team:f90422f1cbcb24bc2a855202582ec29,1931,1,1293.0,1406.0,13.0,1.0,0.0,2450.0,821.0,-10.0,4.0,2.0,1834.0,1393.0,-20.0,4.0,2.0,top: K'Sante / jng: Lee Sin / mid: Ryze / bot: Ezreal / sup: Seraphine,2026-08-23,Disguised,top: Gnar / jng: Jarvan IV / mid: Ahri / bot: Lucian / sup: Milio,1,2.0,1157.0,-585.0,-23.0,95.20008385456049,True,Shrank by >500g
LOLTMNT02_457969,complete,LCS,Summer,0,2026-08-23 20:56:15,2,16.16,100,Blue,Sentinels,oe:team:f90422f1cbcb24bc2a855202582ec29,1693,1,-25.0,-309.0,-46.0,5.0,4.0,4174.0,2562.0,-38.0,9.0,4.0,2503.0,601.0,-51.0,9.0,5.0,top: Kled / jng: Trundle / mid: Galio / bot: Yunara / sup: Lulu,2026-08-23,Disguised,top: Olaf / jng: Naafiri / mid: Orianna / bot: Ziggs / sup: Shen,1,5.0,4199.0,2871.0,8.0,95.20008385456049,True,Shrank by >500g
LOLTMNT02_457992,complete,LCS,Summer,0,2026-08-23 21:43:23,1,16.16,200,Red,FlyQuest,oe:team:2e66da41dc460dd378e3bcc57042d31,1693,1,2795.0,3347.0,26.0,6.0,3.0,8373.0,7916.0,68.0,11.0,4.0,11137.0,11586.0,137.0,11.0,4.0,top: Rumble / jng: Shyvana / mid: Orianna / bot: Ezreal / sup: Bard,2026-08-23,Dignitas,top: Gnar / jng: Jarvan IV / mid: Locke / bot: Caitlyn / sup: Karma,0,7.0,5578.0,4569.0,42.0,110.16965393441023,True,Grew by >500g
LOLTMNT02_456969,complete,LCS,Summer,0,2026-08-23 23:12:39,2,16.16,100,Blue,FlyQuest,oe:team:2e66da41dc460dd378e3bcc57042d31,1821,1,80.0,-774.0,6.0,1.0,3.0,263.0,-299.0,4.0,4.0,6.0,965.0,1576.0,7.0,11.0,11.0,top: Ambessa / jng: Ivern / mid: Azir / bot: Senna / sup: Nautilus,2026-08-23,Dignitas,top: Camille / jng: Trundle / mid: Ryze / bot: Lucian / sup: Milio,1,-2.0,183.0,475.0,-2.0,110.16965393441023,True,Grew by >500g
LOLTMNT05_220182,complete,LEC,Summer,0,2026-08-24 15:07:41,1,16.16,100,Blue,Fnatic,oe:team:78f183fa5a7d8ecb22b9ad272c3abd7,2878,0,2663.0,1612.0,22.0,4.0,1.0,3462.0,417.0,16.0,4.0,1.0,6131.0,4214.0,27.0,6.0,1.0,top: Ambessa / jng: Nocturne / mid: Locke / bot: Ezreal / sup: Seraphine,2026-08-24,Natus Vincere,top: Rumble / jng: Zaahen / mid: Orianna / bot: Kai'Sa / sup: Shen,1,3.0,799.0,-1195.0,-6.0,19.22992620887385,True,Grew by >500g
LOLTMNT05_219167,complete,LEC,Summer,0,2026-08-24 16:14:40,2,16.16,200,Red,Natus Vincere,oe:team:d2ba9f92d85cff67d60aaad88e61048,2007,1,871.0,1408.0,-1.0,6.0,5.0,1964.0,2820.0,13.0,9.0,6.0,1529.0,3115.0,9.0,11.0,9.0,top: Olaf / jng: Wukong / mid: Annie / bot: Yunara / sup: Lulu,2026-08-24,Fnatic,top: Jax / jng: Pantheon / mid: Ryze / bot: Lucian / sup: Milio,0,3.0,1093.0,1412.0,14.0,-19.22992620887385,True,Within 500g
LOLTMNT05_219177,complete,LEC,Summer,0,2026-08-24 17:12:18,1,16.16,100,Blue,G2 Esports,oe:team:7d6673d3a9d00363c6bebc1a630da6e,1535,1,6155.0,5012.0,93.0,6.0,1.0,8239.0,8371.0,100.0,11.0,2.0,9466.0,11294.0,86.0,19.0,6.0,top: Ambessa / jng: Jarvan IV / mid: Akali / bot: Ashe / sup: Seraphine,2026-08-24,GiantX,top: Rumble / jng: Xin Zhao / mid: Yone / bot: Ezreal / sup: Karma,1,9.0,2084.0,3359.0,7.0,148.61993788170957,True,Grew by >500g
LOLTMNT05_220214,complete,LEC,Summer,0,2026-08-24 18:00:29,2,16.16,200,Red,GiantX,oe:team:6cd05f0ac20bfb965a59dc8bcc4f184,2238,1,277.0,437.0,3.0,7.0,7.0,74.0,-1115.0,-17.0,8.0,8.0,332.0,1177.0,-30.0,10.0,9.0,top: Camille / jng: Pantheon / mid: Orianna / bot: Xayah / sup: Rakan,2026-08-24,G2 Esports,top: Gnar / jng: Poppy / mid: Locke / bot: Lucian / sup: Milio,0,0.0,-203.0,-1552.0,-20.0,-148.61993788170957,True,Within 500g
LOLTMNT05_219186,complete,LEC,Summer,0,2026-08-24 18:57:53,3,16.16,200,Red,G2 Esports,oe:team:7d6673d3a9d00363c6bebc1a630da6e,2095,0,1560.0,-801.0,7.0,4.0,2.0,1277.0,-470.0,16.0,6.0,5.0,-143.0,-58.0,1.0,11.0,9.0,top: Kled / jng: Lee Sin / mid: Anivia / bot: Ziggs / sup: Shen,2026-08-24,GiantX,top: Gwen / jng: Nidalee / mid: Jayce / bot: Caitlyn / sup: Bard,0,1.0,-283.0,331.0,9.0,148.61993788170957,True,Lead lost by 25
LOLTMNT02_459552,complete,LCK,Rounds 3-4,1,2026-08-26 08:08:21,1,16.16,100,Blue,HANJIN BRION,oe:team:b77b3f6068e20a2b3edc0ecd3dc70d4,2128,0,817.0,2651.0,1.0,4.0,3.0,1503.0,3459.0,8.0,4.0,3.0,-5832.0,-6981.0,-52.0,8.0,14.0,top: Kled / jng: Jarvan IV / mid: Anivia / bot: Lucian / sup: Milio,2026-08-26,KT Rolster,top: Olaf / jng: Nocturne / mid: Ryze / bot: Miss Fortune / sup: Nautilus,1,1.0,686.0,808.0,7.0,-105.83291519602744,True,Lead lost by 25
LOLTMNT02_459565,complete,LCK,Rounds 3-4,1,2026-08-26 09:10:31,2,16.16,100,Blue,KT Rolster,oe:team:d723992568441c6bafa2658129eade7,1839,0,-107.0,-645.0,-21.0,1.0,0.0,2110.0,1511.0,-39.0,6.0,1.0,-4809.0,-7669.0,-53.0,6.0,7.0,top: Ornn / jng: Naafiri / mid: Syndra / bot: Yunara / sup: Lulu,2026-08-26,HANJIN BRION,top: Rumble / jng: Vi / mid: Ahri / bot: Kalista / sup: Renata Glasc,1,5.0,2217.0,2156.0,-18.0,105.83291519602744,True,Lead lost by 25
LOLTMNT02_459574,complete,LCK,Rounds 3-4,1,2026-08-26 10:04:14,3,16.16,200,Red,HANJIN BRION,oe:team:b77b3f6068e20a2b3edc0ecd3dc70d4,2104,1,2722.0,1349.0,51.0,5.0,2.0,4304.0,3774.0,101.0,7.0,3.0,5768.0,4003.0,123.0,8.0,3.0,top: Jayce / jng: Xin Zhao / mid: LeBlanc / bot: Ezreal / sup: Elise,2026-08-26,KT Rolster,top: Yorick / jng: Wukong / mid: Zoe / bot: Sivir / sup: Bard,0,4.0,1582.0,2425.0,50.0,-105.83291519602744,True,Grew by >500g
LOLTMNT02_458575,complete,LCK,Rounds 3-4,1,2026-08-26 11:01:30,4,16.16,100,Blue,HANJIN BRION,oe:team:b77b3f6068e20a2b3edc0ecd3dc70d4,2018,0,60.0,-498.0,23.0,1.0,3.0,1453.0,1769.0,38.0,4.0,4.0,2544.0,3695.0,54.0,6.0,5.0,top: Gnar / jng: Pantheon / mid: Locke / bot: Jhin / sup: Camille,2026-08-26,KT Rolster,top: Ambessa / jng: Lee Sin / mid: Lissandra / bot: Ashe / sup: Seraphine,1,0.0,1393.0,2267.0,15.0,-105.83291519602744,True,Grew by >500g
LOLTMNT02_458596,complete,LCK,Rounds 3-4,1,2026-08-26 12:00:13,5,16.16,200,Red,KT Rolster,oe:team:d723992568441c6bafa2658129eade7,2730,1,745.0,1922.0,0.0,2.0,1.0,978.0,2048.0,-4.0,3.0,1.0,-921.0,429.0,-16.0,3.0,3.0,top: K'Sante / jng: Trundle / mid: Galio / bot: Zeri / sup: Yuumi,2026-08-26,HANJIN BRION,top: Renekton / jng: Zed / mid: Annie / bot: Kai'Sa / sup: Neeko,0,2.0,233.0,126.0,-4.0,105.83291519602744,True,Lead lost by 25
LOLTMNT02_458778,complete,LCK,Rounds 3-4,1,2026-08-27 08:07:15,1,16.16,200,Red,Nongshim RedForce,oe:team:5cd2cd09ec94296f605dd13a2924d6c,1668,1,3824.0,3452.0,12.0,11.0,5.0,7033.0,6410.0,57.0,15.0,6.0,11146.0,13614.0,88.0,21.0,8.0,top: Camille / jng: Jarvan IV / mid: Orianna / bot: Jhin / sup: Shen,2026-08-27,BNK FEARX,top: Jayce / jng: Lee Sin / mid: Galio / bot: Caitlyn / sup: Bard,0,9.0,3209.0,2958.0,45.0,-9.831422994990362,True,Grew by >500g
LOLTMNT02_458797,complete,LCK,Rounds 3-4,1,2026-08-27 08:57:28,2,16.16,100,Blue,Nongshim RedForce,oe:team:5cd2cd09ec94296f605dd13a2924d6c,1850,0,-2373.0,-2658.0,-25.0,4.0,7.0,339.0,-1257.0,18.0,7.0,9.0,-2756.0,-6626.0,28.0,10.0,17.0,top: Ambessa / jng: Nocturne / mid: Locke / bot: Yunara / sup: Lulu,2026-08-27,BNK FEARX,top: Rumble / jng: Vi / mid: Ahri / bot: Ezreal / sup: Karma,1,-2.0,2712.0,1401.0,43.0,-9.831422994990362,True,Lead lost by 25
LOLTMNT02_458808,complete,LCK,Rounds 3-4,1,2026-08-27 09:50:00,3,16.16,200,Red,Nongshim RedForce,oe:team:5cd2cd09ec94296f605dd13a2924d6c,2210,0,-1235.0,-341.0,-27.0,3.0,4.0,435.0,1986.0,-20.0,8.0,7.0,-1726.0,-3849.0,-16.0,8.0,10.0,top: Jax / jng: Naafiri / mid: Syndra / bot: Varus / sup: Nautilus,2026-08-27,BNK FEARX,top: K'Sante / jng: Olaf / mid: Azir / bot: Ashe / sup: Seraphine,0,1.0,1670.0,2327.0,7.0,-9.831422994990362,True,Lead lost by 25
LOLTMNT02_458824,complete,LCK,Rounds 3-4,1,2026-08-27 10:48:14,4,16.16,100,Blue,BNK FEARX,oe:team:5c2e7e9ea8dfcba0150d9a5619baecf,1544,1,838.0,-469.0,19.0,3.0,5.0,5980.0,3742.0,27.0,12.0,7.0,9097.0,7976.0,42.0,19.0,10.0,top: Nidalee / jng: Xin Zhao / mid: Taliyah / bot: Kalista / sup: Renata Glasc,2026-08-27,Nongshim RedForce,top: Gwen / jng: Wukong / mid: Ryze / bot: Sivir / sup: Neeko,1,5.0,5142.0,4211.0,8.0,9.831422994990362,True,Grew by >500g
13492-13492_game_1,complete,LPL,Split 3,1,2026-08-28 06:12:13,1,16.16,100,Blue,EDward Gaming,oe:team:056c3140a119e44a03d462e2c832f27,2137,0,976.0,-240.0,55.0,4.0,6.0,1021.0,-844.0,53.0,4.0,7.0,1087.0,706.0,96.0,5.0,9.0,top: Varus / jng: Pantheon / mid: Anivia / bot: Ezreal / sup: Karma,2026-08-28,Ninjas in Pyjamas,top: Gnar / jng: Cho'Gath / mid: Cassiopeia / bot: Ashe / sup: Seraphine,1,-3.0,45.0,-604.0,-2.0,-151.22809005069143,True,Within 500g
13492-13492_game_2,complete,LPL,Split 3,1,2026-08-28 07:11:27,2,16.16,100,Blue,Ninjas in Pyjamas,oe:team:48d7941ccbd5b89aca46c57b0c2f8fb,1799,1,2522.0,1258.0,-18.0,10.0,2.0,208.0,-2559.0,-36.0,11.0,7.0,1154.0,-1142.0,-22.0,13.0,8.0,top: Trundle / jng: Qiyana / mid: Locke / bot: Yunara / sup: Lulu,2026-08-28,EDward Gaming,top: Olaf / jng: Jarvan IV / mid: Zoe / bot: Caitlyn / sup: Bard,1,4.0,-2314.0,-3817.0,-18.0,151.22809005069143,True,Grew by >500g
13492-13492_game_3,complete,LPL,Split 3,1,2026-08-28 08:03:38,3,16.16,100,Blue,Ninjas in Pyjamas,oe:team:48d7941ccbd5b89aca46c57b0c2f8fb,1442,1,954.0,960.0,-12.0,10.0,7.0,6577.0,5637.0,8.0,17.0,8.0,9573.0,12049.0,34.0,26.0,12.0,top: Ambessa / jng: Shyvana / mid: Orianna / bot: Corki / sup: Alistar,2026-08-28,EDward Gaming,top: Vayne / jng: Naafiri / mid: Rumble / bot: Jhin / sup: Shen,1,9.0,5623.0,4677.0,20.0,151.22809005069143,True,Won before 25
LOLTMNT02_461046,complete,LCK,Rounds 3-4,1,2026-08-28 08:06:46,1,16.16,100,Blue,BNK FEARX,oe:team:5c2e7e9ea8dfcba0150d9a5619baecf,2028,1,1824.0,1300.0,35.0,4.0,3.0,1695.0,707.0,18.0,8.0,7.0,2212.0,570.0,29.0,14.0,12.0,top: K'Sante / jng: Jarvan IV / mid: Syndra / bot: Sivir / sup: Karma,2026-08-28,HANJIN BRION,top: Olaf / jng: Lee Sin / mid: Ryze / bot: Ezreal / sup: Bard,1,1.0,-129.0,-593.0,-17.0,28.765063176643707,True,Grew by >500g
LOLTMNT02_461064,complete,LCK,Rounds 3-4,1,2026-08-28 09:04:21,2,16.16,200,Red,HANJIN BRION,oe:team:b77b3f6068e20a2b3edc0ecd3dc70d4,1613,1,5579.0,2481.0,61.0,9.0,1.0,7952.0,4764.0,69.0,17.0,5.0,11875.0,11132.0,78.0,24.0,7.0,top: Anivia / jng: Nocturne / mid: Aurora / bot: Caitlyn / sup: Neeko,2026-08-28,BNK FEARX,top: Rumble / jng: Naafiri / mid: Twisted Fate / bot: Kalista / sup: Renata Glasc,0,12.0,2373.0,2283.0,8.0,-28.765063176643707,True,Grew by >500g
13493-13493_game_1,complete,LPL,Split 3,1,2026-08-28 09:13:37,1,16.16,100,Blue,Invictus Gaming,oe:team:53a258f289c26d94431c0496a54e151,1448,1,4604.0,1406.0,34.0,8.0,2.0,8697.0,4669.0,54.0,14.0,4.0,13493.0,11751.0,74.0,23.0,6.0,top: Camille / jng: Trundle / mid: Galio / bot: Yunara / sup: Lulu,2026-08-28,ThunderTalk Gaming,top: Olaf / jng: Vi / mid: Cassiopeia / bot: Varus / sup: Bard,1,10.0,4093.0,3263.0,20.0,68.24707347503522,True,Won before 25
LOLTMNT02_461095,complete,LCK,Rounds 3-4,1,2026-08-28 09:54:08,3,16.16,100,Blue,HANJIN BRION,oe:team:b77b3f6068e20a2b3edc0ecd3dc70d4,1838,1,5330.0,1712.0,44.0,6.0,3.0,4899.0,1387.0,37.0,6.0,3.0,7230.0,3011.0,3.0,12.0,5.0,top: Kennen / jng: Trundle / mid: Jayce / bot: Draven / sup: Milio,2026-08-28,BNK FEARX,top: Vayne / jng: Wukong / mid: Galio / bot: Lucian / sup: Yuumi,1,3.0,-431.0,-325.0,-7.0,-28.765063176643707,True,Grew by >500g
13493-13493_game_2,complete,LPL,Split 3,1,2026-08-28 10:02:29,2,16.16,100,Blue,Invictus Gaming,oe:team:53a258f289c26d94431c0496a54e151,1445,1,3043.0,-1555.0,20.0,5.0,6.0,3860.0,-905.0,43.0,9.0,10.0,12828.0,9334.0,71.0,17.0,11.0,top: Ambessa / jng: Naafiri / mid: Twisted Fate / bot: Ashe / sup: Seraphine,2026-08-28,ThunderTalk Gaming,top: Rumble / jng: Lee Sin / mid: Sylas / bot: Ezreal / sup: Karma,1,-1.0,817.0,650.0,23.0,68.24707347503522,True,Won before 25
LOLTMNT02_461110,complete,LCK,Rounds 3-4,1,2026-08-28 10:46:56,4,16.16,100,Blue,HANJIN BRION,oe:team:b77b3f6068e20a2b3edc0ecd3dc70d4,1765,0,1849.0,1260.0,31.0,2.0,2.0,1066.0,-605.0,32.0,3.0,5.0,-19.0,-661.0,23.0,3.0,6.0,top: Renekton / jng: Pantheon / mid: Ahri / bot: Xayah / sup: Lulu,2026-08-28,BNK FEARX,top: Aatrox / jng: Maokai / mid: Orianna / bot: Yunara / sup: Nautilus,1,-2.0,-783.0,-1865.0,1.0,-28.765063176643707,True,Lead lost by 25
LOLTMNT02_461127,complete,LCK,Rounds 3-4,1,2026-08-28 11:40:15,5,16.16,100,Blue,BNK FEARX,oe:team:5c2e7e9ea8dfcba0150d9a5619baecf,1872,1,4676.0,4404.0,130.0,3.0,1.0,6887.0,5966.0,185.0,3.0,1.0,10206.0,11389.0,198.0,5.0,1.0,top: Irelia / jng: Nidalee / mid: Viktor / bot: Jhin / sup: Shen,2026-08-28,HANJIN BRION,top: Ambessa / jng: Skarner / mid: Annie / bot: Kai'Sa / sup: Rell,1,2.0,2211.0,1562.0,55.0,28.765063176643707,True,Grew by >500g
LOLTMNT04_189037,complete,LEC,Summer,0,2026-08-28 15:12:47,1,16.17,200,Red,Shifters,oe:team:a2065488a11a2c0a2403a7b347eec61,1703,1,1571.0,515.0,-4.0,4.0,1.0,3146.0,3016.0,30.0,6.0,2.0,6615.0,6464.0,39.0,11.0,3.0,top: Rumble / jng: Trundle / mid: Viktor / bot: Varus / sup: Nautilus,2026-08-28,Team Heretics,top: K'Sante / jng: Wukong / mid: Orianna / bot: Ashe / sup: Seraphine,0,4.0,1575.0,2501.0,34.0,22.01331020791895,True,Grew by >500g
LOLTMNT04_188054,complete,LEC,Summer,0,2026-08-28 16:00:33,2,16.17,100,Blue,Shifters,oe:team:a2065488a11a2c0a2403a7b347eec61,1563,1,2043.0,2849.0,-2.0,5.0,2.0,3422.0,2650.0,-33.0,8.0,4.0,6581.0,6530.0,-14.0,10.0,4.0,top: Jax / jng: Vi / mid: Tristana / bot: Taliyah / sup: Shen,2026-08-28,Team Heretics,top: Olaf / jng: Nocturne / mid: Ryze / bot: Jhin / sup: Alistar,1,4.0,1379.0,-199.0,-31.0,22.01331020791895,True,Grew by >500g
LOLTMNT04_188061,complete,LEC,Summer,0,2026-08-28 16:52:50,1,16.17,100,Blue,Fnatic,oe:team:78f183fa5a7d8ecb22b9ad272c3abd7,1959,1,2732.0,652.0,17.0,4.0,1.0,4400.0,1934.0,26.0,5.0,1.0,3036.0,4093.0,17.0,7.0,2.0,top: Rumble / jng: Xin Zhao / mid: Ryze / bot: Yunara / sup: Lulu,2026-08-28,Team Vitality,top: Jayce / jng: Jarvan IV / mid: Syndra / bot: Caitlyn / sup: Bard,1,4.0,1668.0,1282.0,9.0,-67.87570645409278,True,Shrank by >500g
LOLTMNT04_188062,complete,LEC,Summer,0,2026-08-28 17:48:12,2,16.17,200,Red,Team Vitality,oe:team:e8d8ae992fe72acb7adc7bfcee31dbb,1700,1,-487.0,-580.0,-21.0,4.0,8.0,2217.0,2272.0,7.0,6.0,8.0,7758.0,7511.0,6.0,13.0,9.0,top: Ambessa / jng: Skarner / mid: Viktor / bot: Ashe / sup: Seraphine,2026-08-28,Fnatic,top: Renekton / jng: Pantheon / mid: Taliyah / bot: Lucian / sup: Milio,0,-2.0,2704.0,2852.0,28.0,67.87570645409278,True,Grew by >500g
LOLTMNT04_188069,complete,LEC,Summer,0,2026-08-28 18:37:24,3,16.17,100,Blue,Team Vitality,oe:team:e8d8ae992fe72acb7adc7bfcee31dbb,1579,1,2112.0,1081.0,-4.0,4.0,0.0,5352.0,3299.0,53.0,4.0,0.0,8917.0,6663.0,88.0,9.0,1.0,top: Gwen / jng: Wukong / mid: Locke / bot: Xayah / sup: Rakan,2026-08-28,Fnatic,top: K'Sante / jng: Lee Sin / mid: Orianna / bot: Kalista / sup: Renata Glasc,1,4.0,3240.0,2218.0,57.0,67.87570645409278,True,Grew by >500g
LOLTMNT02_461258,complete,LCK,Rounds 3-4,1,2026-08-29 08:07:39,1,16.16,200,Red,T1,oe:team:ce499dea30cfce118f4fe85da0227e8,1989,1,3783.0,2543.0,28.0,6.0,2.0,4667.0,4028.0,41.0,10.0,4.0,8006.0,5977.0,33.0,18.0,6.0,top: Jayce / jng: Vi / mid: Taliyah / bot: Yunara / sup: Lulu,2026-08-29,BNK FEARX,top: K'Sante / jng: Jarvan IV / mid: Ryze / bot: Lucian / sup: Milio,0,6.0,884.0,1485.0,13.0,141.86270016117896,True,Grew by >500g
LOLTMNT02_460274,complete,LCP,Split 3,0,2026-08-29 08:12:53,1,16.16,200,Red,CTBC Flying Oyster,oe:team:0916b3c324c8577b0c6344f3e067f62,1874,1,3269.0,129.0,3.0,10.0,3.0,4205.0,1554.0,31.0,11.0,4.0,6972.0,2471.0,37.0,19.0,8.0,top: Galio / jng: Vi / mid: Ahri / bot: Yunara / sup: Lulu,2026-08-29,MVK Esports,top: Rumble / jng: Lee Sin / mid: Ryze / bot: Ashe / sup: Seraphine,0,7.0,936.0,1425.0,28.0,53.36467158387018,True,Grew by >500g
LOLTMNT02_461267,complete,LCP,Split 3,0,2026-08-29 09:03:52,2,16.16,100,Blue,CTBC Flying Oyster,oe:team:0916b3c324c8577b0c6344f3e067f62,1709,1,2011.0,550.0,7.0,5.0,2.0,3907.0,1297.0,10.0,6.0,2.0,6621.0,9656.0,31.0,10.0,3.0,top: Camille / jng: Pantheon / mid: Twisted Fate / bot: Lucian / sup: Milio,2026-08-29,MVK Esports,top: Olaf / jng: Naafiri / mid: Locke / bot: Caitlyn / sup: Karma,1,4.0,1896.0,747.0,3.0,53.36467158387018,True,Grew by >500g
LOLTMNT02_460279,complete,LCK,Rounds 3-4,1,2026-08-29 09:04:53,2,16.16,100,Blue,BNK FEARX,oe:team:5c2e7e9ea8dfcba0150d9a5619baecf,1742,1,2148.0,2590.0,6.0,2.0,0.0,2975.0,3595.0,0.0,7.0,3.0,9910.0,12171.0,26.0,15.0,3.0,top: Rumble / jng: Pantheon / mid: Ahri / bot: Zeri / sup: Yuumi,2026-08-29,T1,top: Ornn / jng: Nocturne / mid: Akali / bot: Ezreal / sup: Seraphine,1,4.0,827.0,1005.0,-6.0,-141.86270016117896,True,Grew by >500g
LOLTMNT02_461273,complete,LCP,Split 3,0,2026-08-29 09:53:44,3,16.16,200,Red,MVK Esports,oe:team:bc3824b0bbb8139d16109178faa4822,1794,1,1137.0,1788.0,13.0,4.0,1.0,1275.0,2522.0,-2.0,8.0,3.0,6325.0,10341.0,-13.0,16.0,4.0,top: K'Sante / jng: Maokai / mid: Aurelion Sol / bot: Ezreal / sup: Bard,2026-08-29,CTBC Flying Oyster,top: Jayce / jng: Wukong / mid: Orianna / bot: Kai'Sa / sup: Neeko,0,5.0,138.0,734.0,-15.0,-53.36467158387018,True,Grew by >500g
LOLTMNT02_460287,complete,LCK,Rounds 3-4,1,2026-08-29 09:59:39,3,16.16,200,Red,BNK FEARX,oe:team:5c2e7e9ea8dfcba0150d9a5619baecf,1803,1,3082.0,1853.0,17.0,5.0,1.0,3739.0,695.0,16.0,7.0,3.0,6482.0,4000.0,0.0,11.0,6.0,top: Kled / jng: Lee Sin / mid: Annie / bot: Kai'Sa / sup: Shen,2026-08-29,T1,top: Olaf / jng: Naafiri / mid: Galio / bot: Jhin / sup: Bard,0,4.0,657.0,-1158.0,-1.0,-141.86270016117896,True,Grew by >500g
13494-13494_game_2,complete,LPL,Split 3,1,2026-08-29 10:11:03,2,16.17,200,Red,Top Esports,oe:team:fcec508e780bbd1ad493852640f5b36,1920,0,-2349.0,-1730.0,-6.0,0.0,0.0,1543.0,2154.0,42.0,4.0,2.0,-4086.0,-3050.0,22.0,5.0,8.0,top: Renekton / jng: Xin Zhao / mid: Orianna / bot: Yunara / sup: Lulu,2026-08-29,LGD Gaming,top: Gnar / jng: Skarner / mid: Akali / bot: Lucian / sup: Milio,0,2.0,3892.0,3884.0,48.0,43.7123925423366,True,Lead lost by 25
LOLTMNT02_460290,complete,LCP,Split 3,0,2026-08-29 10:44:32,4,16.16,100,Blue,CTBC Flying Oyster,oe:team:0916b3c324c8577b0c6344f3e067f62,1618,1,213.0,109.0,-19.0,3.0,3.0,2119.0,1842.0,-22.0,7.0,5.0,5558.0,4967.0,-48.0,11.0,6.0,top: Nasus / jng: Poppy / mid: Akali / bot: Zeri / sup: Nautilus,2026-08-29,MVK Esports,top: Gnar / jng: Jarvan IV / mid: LeBlanc / bot: Syndra / sup: Rell,1,2.0,1906.0,1733.0,-3.0,53.36467158387018,True,Grew by >500g
LOLTMNT02_461283,complete,LCK,Rounds 3-4,1,2026-08-29 10:53:48,4,16.16,100,Blue,BNK FEARX,oe:team:5c2e7e9ea8dfcba0150d9a5619baecf,2561,0,-165.0,-132.0,18.0,2.0,1.0,749.0,1280.0,26.0,3.0,1.0,1451.0,1063.0,55.0,3.0,2.0,top: Yorick / jng: Maokai / mid: Viktor / bot: Corki / sup: Nami,2026-08-29,T1,top: Nasus / jng: Skarner / mid: Anivia / bot: Miss Fortune / sup: Neeko,1,2.0,914.0,1412.0,8.0,-141.86270016117896,True,Grew by >500g
13494-13494_game_3,complete,LPL,Split 3,1,2026-08-29 11:05:18,3,16.17,200,Red,Top Esports,oe:team:fcec508e780bbd1ad493852640f5b36,1878,1,-262.0,1197.0,44.0,4.0,6.0,688.0,950.0,52.0,11.0,12.0,7624.0,8823.0,108.0,16.0,12.0,top: Ambessa / jng: Maokai / mid: Yone / bot: Kai'Sa / sup: Rell,2026-08-29,LGD Gaming,top: Rumble / jng: Nautilus / mid: Tristana / bot: Sivir / sup: Poppy,0,-1.0,950.0,-247.0,8.0,43.7123925423366,True,Grew by >500g
13494-13494_game_4,complete,LPL,Split 3,1,2026-08-29 11:58:21,4,16.17,200,Red,LGD Gaming,oe:team:5f401785b6b78326f9a46b3c6b206ed,2673,0,-1268.0,-691.0,27.0,0.0,3.0,945.0,-421.0,0.0,3.0,3.0,-5100.0,-6814.0,-18.0,3.0,7.0,top: Jayce / jng: Nocturne / mid: Syndra / bot: Aphelios / sup: Thresh,2026-08-29,Top Esports,top: Sion / jng: Qiyana / mid: Azir / bot: Xayah / sup: Rakan,0,0.0,2213.0,270.0,-27.0,-43.7123925423366,True,Lead lost by 25
LOLTMNT02_461296,complete,LCK,Rounds 3-4,1,2026-08-29 12:01:33,5,16.16,100,Blue,T1,oe:team:ce499dea30cfce118f4fe85da0227e8,1565,1,1944.0,1179.0,33.0,5.0,4.0,7787.0,6441.0,78.0,12.0,5.0,12090.0,13893.0,79.0,22.0,7.0,top: Kennen / jng: Poppy / mid: Yone / bot: Varus / sup: Renata Glasc,2026-08-29,BNK FEARX,top: Lissandra / jng: Xin Zhao / mid: Azir / bot: Kalista / sup: Soraka,1,7.0,5843.0,5262.0,45.0,141.86270016117896,True,Grew by >500g
13494-13494_game_5,complete,LPL,Split 3,1,2026-08-29 13:08:25,5,16.17,200,Red,LGD Gaming,oe:team:5f401785b6b78326f9a46b3c6b206ed,2382,1,2467.0,340.0,33.0,1.0,0.0,510.0,-2454.0,14.0,4.0,6.0,3100.0,997.0,39.0,7.0,8.0,top: Jax / jng: Wukong / mid: Sylas / bot: Caitlyn / sup: Bard,2026-08-29,Top Esports,top: Dr. Mundo / jng: Trundle / mid: Viktor / bot: Zeri / sup: Yuumi,0,-2.0,-1957.0,-2794.0,-19.0,-43.7123925423366,True,Grew by >500g
LOLTMNT04_189070,complete,LEC,Summer,0,2026-08-29 15:09:14,1,16.17,100,Blue,Karmine Corp,oe:team:f3aa9bbd924ce3af42ac53f8326bc7c,2181,1,8019.0,5193.0,76.0,13.0,6.0,10957.0,6089.0,97.0,16.0,7.0,12807.0,9754.0,113.0,19.0,9.0,top: Twisted Fate / jng: Lee Sin / mid: Syndra / bot: Ezreal / sup: Leona,2026-08-29,SK Gaming,top: Gnar / jng: Jarvan IV / mid: Cassiopeia / bot: Kai'Sa / sup: Rell,1,9.0,2938.0,896.0,21.0,265.61609789962745,True,Grew by >500g
LOLTMNT04_188092,complete,LEC,Summer,0,2026-08-29 16:05:12,2,16.17,200,Red,SK Gaming,oe:team:75760dca486d4682426196b76bd1a54,2527,0,-790.0,-81.0,1.0,4.0,5.0,1556.0,2085.0,9.0,9.0,7.0,-1550.0,1370.0,3.0,12.0,13.0,top: Ryze / jng: Xin Zhao / mid: LeBlanc / bot: Jhin / sup: Bard,2026-08-29,Karmine Corp,top: Rumble / jng: Vi / mid: Taliyah / bot: Caitlyn / sup: Lux,0,2.0,2346.0,2166.0,8.0,-265.61609789962745,True,Lead lost by 25
LOLTMNT01_451455,complete,CBLOL,Split 2,0,2026-08-29 16:10:53,1,16.17,100,Blue,LOUD,oe:team:658a021a796aa5501503220adb38cf4,2588,1,-738.0,-409.0,2.0,2.0,2.0,169.0,1571.0,8.0,6.0,3.0,185.0,-809.0,-7.0,10.0,8.0,top: K'Sante / jng: Jarvan IV / mid: Orianna / bot: Jhin / sup: Shen,2026-08-29,RED Canids,top: Ambessa / jng: Naafiri / mid: Galio / bot: Ezreal / sup: Bard,1,3.0,907.0,1980.0,6.0,72.5373747128915,True,Within 500g
LOLTMNT01_450706,complete,CBLOL,Split 2,0,2026-08-29 17:12:23,2,16.17,100,Blue,LOUD,oe:team:658a021a796aa5501503220adb38cf4,1543,1,3390.0,156.0,38.0,4.0,1.0,7650.0,4516.0,87.0,8.0,2.0,12895.0,10106.0,139.0,9.0,2.0,top: Yorick / jng: Maokai / mid: Cassiopeia / bot: Lucian / sup: Milio,2026-08-29,RED Canids,top: Rumble / jng: Trundle / mid: Anivia / bot: Xayah / sup: Rakan,1,6.0,4260.0,4360.0,49.0,72.5373747128915,True,Grew by >500g
LOLTMNT04_188103,complete,LEC,Summer,0,2026-08-29 17:20:29,1,16.17,200,Red,Natus Vincere,oe:team:d2ba9f92d85cff67d60aaad88e61048,2002,1,2528.0,2246.0,64.0,5.0,2.0,2892.0,2835.0,92.0,6.0,4.0,3136.0,4279.0,72.0,9.0,5.0,top: K'Sante / jng: Xin Zhao / mid: Orianna / bot: Lucian / sup: Milio,2026-08-29,GiantX,top: Rumble / jng: Pantheon / mid: Akali / bot: Ashe / sup: Seraphine,0,2.0,364.0,589.0,28.0,-26.594388307569716,True,Within 500g
LOLTMNT01_451483,complete,CBLOL,Split 2,0,2026-08-29 18:04:23,1,16.17,200,Red,LØS,oe:team:ea65e6cc48a9be50fc5334369a5fca5,1865,0,-1185.0,-1288.0,-22.0,8.0,6.0,352.0,-132.0,-5.0,13.0,11.0,-5812.0,-6611.0,-45.0,14.0,16.0,top: Gnar / jng: Jarvan IV / mid: Ryze / bot: Seraphine / sup: Alistar,2026-08-29,Fluxo W7M,top: Rumble / jng: Nocturne / mid: Yone / bot: Jhin / sup: Pyke,0,2.0,1537.0,1156.0,17.0,181.95614869884707,True,Lead lost by 25
LOLTMNT04_189072,complete,LEC,Summer,0,2026-08-29 18:13:33,2,16.17,200,Red,Natus Vincere,oe:team:d2ba9f92d85cff67d60aaad88e61048,1927,0,3955.0,1217.0,24.0,7.0,2.0,6416.0,2185.0,3.0,10.0,2.0,7083.0,4733.0,-32.0,11.0,2.0,top: Renekton / jng: Jarvan IV / mid: Syndra / bot: Kalista / sup: Renata Glasc,2026-08-29,GiantX,top: Dr. Mundo / jng: Vi / mid: LeBlanc / bot: Xayah / sup: Rakan,0,8.0,2461.0,968.0,-21.0,-26.594388307569716,True,Grew by >500g
LOLTMNT01_450750,complete,CBLOL,Split 2,0,2026-08-29 18:52:09,2,16.17,200,Red,LØS,oe:team:ea65e6cc48a9be50fc5334369a5fca5,1667,1,2941.0,2301.0,24.0,5.0,1.0,5706.0,5878.0,63.0,11.0,3.0,11373.0,10836.0,62.0,15.0,3.0,top: Kennen / jng: Pantheon / mid: Viktor / bot: Sivir / sup: Leona,2026-08-29,Fluxo W7M,top: Renekton / jng: Aatrox / mid: Taliyah / bot: Varus / sup: Nautilus,0,8.0,2765.0,3577.0,39.0,181.95614869884707,True,Grew by >500g
LOLTMNT04_188104,complete,LEC,Summer,0,2026-08-29 19:06:40,3,16.17,100,Blue,GiantX,oe:team:6cd05f0ac20bfb965a59dc8bcc4f184,2457,0,1827.0,-149.0,20.0,4.0,2.0,2139.0,987.0,24.0,5.0,3.0,11.0,1210.0,1.0,9.0,10.0,top: Ambessa / jng: Nocturne / mid: Aurora / bot: Jhin / sup: Bard,2026-08-29,Natus Vincere,top: Aatrox / jng: Skarner / mid: Ahri / bot: Caitlyn / sup: Lux,1,2.0,312.0,1136.0,4.0,26.594388307569716,True,Shrank by >500g
LOLTMNT01_451508,complete,CBLOL,Split 2,0,2026-08-29 19:36:38,3,16.17,100,Blue,LØS,oe:team:ea65e6cc48a9be50fc5334369a5fca5,1429,1,6538.0,3667.0,48.0,10.0,2.0,9103.0,4380.0,42.0,13.0,2.0,,,,,,top: Ambessa / jng: Wukong / mid: Cassiopeia / bot: Kai'Sa / sup: Neeko,2026-08-29,Fluxo W7M,top: Camille / jng: Naafiri / mid: Galio / bot: Ezreal / sup: Rell,1,11.0,2565.0,713.0,-6.0,181.95614869884707,True,Won before 25
LOLTMNT01_450792,complete,LCS,Summer,0,2026-08-29 20:06:06,1,16.17,100,Blue,Team Liquid,oe:team:8eb884e168f28402ce685bedebb5250,2157,0,-928.0,-654.0,16.0,3.0,5.0,429.0,643.0,35.0,5.0,6.0,-114.0,-1405.0,58.0,6.0,9.0,top: Olaf / jng: Trundle / mid: Akali / bot: Ezreal / sup: Neeko,2026-08-29,Shopify Rebellion,top: K'Sante / jng: Pantheon / mid: Orianna / bot: Xayah / sup: Rakan,1,-1.0,1357.0,1297.0,19.0,196.0856906098445,True,Lead lost by 25
LOLTMNT01_451524,complete,LCS,Summer,0,2026-08-29 21:00:02,2,16.17,200,Red,Team Liquid,oe:team:8eb884e168f28402ce685bedebb5250,1681,1,577.0,1152.0,-6.0,5.0,4.0,3832.0,3123.0,-30.0,11.0,5.0,4595.0,3649.0,-25.0,15.0,8.0,top: Rumble / jng: Vi / mid: Yone / bot: Jhin / sup: Alistar,2026-08-29,Shopify Rebellion,top: Ambessa / jng: Naafiri / mid: Ryze / bot: Kai'Sa / sup: Shen,0,6.0,3255.0,1971.0,-24.0,196.0856906098445,True,Grew by >500g
LOLTMNT01_451532,complete,LCS,Summer,0,2026-08-29 21:47:02,3,16.17,100,Blue,Team Liquid,oe:team:8eb884e168f28402ce685bedebb5250,2153,1,1742.0,669.0,39.0,1.0,1.0,6175.0,4001.0,57.0,8.0,3.0,8331.0,9079.0,72.0,11.0,3.0,top: Kennen / jng: Nocturne / mid: Ahri / bot: Yunara / sup: Lulu,2026-08-29,Shopify Rebellion,top: Gnar / jng: Skarner / mid: Anivia / bot: Lucian / sup: Milio,1,5.0,4433.0,3332.0,18.0,196.0856906098445,True,Grew by >500g
LOLTMNT01_451553,complete,LCS,Summer,0,2026-08-29 22:53:50,1,16.17,200,Red,Cloud9,oe:team:fc8e90107dabb9a35c490b0d86adea0,2808,0,-593.0,-698.0,-18.0,1.0,0.0,230.0,827.0,-1.0,3.0,2.0,-2658.0,-2705.0,-6.0,4.0,7.0,top: Rumble / jng: Vi / mid: Yone / bot: Ziggs / sup: Nautilus,2026-08-29,LYON,top: Gnar / jng: Xin Zhao / mid: Locke / bot: Lucian / sup: Milio,0,1.0,823.0,1525.0,17.0,-104.47779745475054,True,Lead lost by 25
LOLTMNT01_450816,complete,LCS,Summer,0,2026-08-29 23:58:49,2,16.17,100,Blue,LYON,oe:team:da1143bf9a245b78a8dc86417de85b3,2086,1,2101.0,-296.0,37.0,2.0,3.0,3938.0,755.0,67.0,3.0,4.0,4776.0,1496.0,73.0,3.0,4.0,top: Renekton / jng: Lee Sin / mid: LeBlanc / bot: Yunara / sup: Lulu,2026-08-29,Cloud9,top: Volibear / jng: Jarvan IV / mid: Orianna / bot: Caitlyn / sup: Bard,1,-1.0,1837.0,1051.0,30.0,104.47779745475054,True,Grew by >500g
LOLTMNT02_461410,complete,LCK,Rounds 3-4,1,2026-08-30 08:10:04,1,16.16,100,Blue,KT Rolster,oe:team:d723992568441c6bafa2658129eade7,2318,1,521.0,1192.0,48.0,3.0,4.0,777.0,-395.0,40.0,3.0,4.0,1984.0,834.0,57.0,6.0,5.0,top: Trundle / jng: Jarvan IV / mid: Syndra / bot: Ezreal / sup: Nautilus,2026-08-30,Dplus Kia,top: Olaf / jng: Xin Zhao / mid: Orianna / bot: Caitlyn / sup: Bard,1,-1.0,256.0,-1587.0,-8.0,-86.2806766797994,True,Grew by >500g
LOLTMNT02_460401,complete,LCP,Split 3,0,2026-08-30 08:17:07,1,16.16,100,Blue,Team Secret Whales,oe:team:740de582f50775c516c77ed7b923fd5,1986,1,3269.0,1407.0,-4.0,5.0,1.0,6217.0,3865.0,6.0,10.0,3.0,7570.0,6361.0,-7.0,12.0,5.0,top: Urgot / jng: Jarvan IV / mid: Aurora / bot: Yunara / sup: Nautilus,2026-08-30,CTBC Flying Oyster,top: Gnar / jng: Nocturne / mid: Ahri / bot: Kog'Maw / sup: Lulu,1,7.0,2948.0,2458.0,10.0,137.3823646370829,True,Grew by >500g
LOLTMNT02_461420,complete,LCK,Rounds 3-4,1,2026-08-30 09:12:22,2,16.16,200,Red,Dplus Kia,oe:team:ef69efa6acebe94107f0cf1ba716806,2474,0,2694.0,1760.0,60.0,2.0,0.0,7463.0,6101.0,88.0,9.0,2.0,10452.0,11684.0,126.0,12.0,3.0,top: Jayce / jng: Vi / mid: Annie / bot: Taliyah / sup: Alistar,2026-08-30,KT Rolster,top: Rumble / jng: Skarner / mid: Ahri / bot: Kalista / sup: Renata Glasc,0,7.0,4769.0,4341.0,28.0,86.2806766797994,True,Grew by >500g
13495-13495_game_1,complete,LPL,Split 3,1,2026-08-30 09:15:09,1,16.17,100,Blue,Team WE,oe:team:62c1cd9465dc63824593ee5046f5aa8,1806,1,5075.0,3406.0,64.0,9.0,3.0,8667.0,7529.0,119.0,14.0,5.0,10993.0,14318.0,145.0,23.0,8.0,top: Rumble / jng: Qiyana / mid: LeBlanc / bot: Jhin / sup: Bard,2026-08-30,JD Gaming,top: Ornn / jng: Jarvan IV / mid: Akali / bot: Yunara / sup: Lulu,1,9.0,3592.0,4123.0,55.0,-50.99086019474021,True,Grew by >500g
LOLTMNT02_461423,complete,LCP,Split 3,0,2026-08-30 09:21:20,2,16.16,100,Blue,CTBC Flying Oyster,oe:team:0916b3c324c8577b0c6344f3e067f62,2078,0,766.0,13.0,-32.0,5.0,1.0,1648.0,199.0,-23.0,5.0,1.0,-835.0,-3354.0,-61.0,5.0,4.0,top: Rumble / jng: Sejuani / mid: Yone / bot: Lucian / sup: Milio,2026-08-30,Team Secret Whales,top: Galio / jng: Lee Sin / mid: Orianna / bot: Caitlyn / sup: Karma,1,4.0,882.0,186.0,9.0,-137.3823646370829,True,Lead lost by 25
13495-13495_game_2,complete,LPL,Split 3,1,2026-08-30 10:05:12,2,16.17,200,Red,JD Gaming,oe:team:b42d0f31f2727621b963042276817c4,1914,0,-2205.0,-3477.0,-15.0,2.0,7.0,1564.0,-658.0,11.0,5.0,7.0,-704.0,-1247.0,-35.0,8.0,11.0,top: Ambessa / jng: Trundle / mid: Anivia / bot: Sivir / sup: Karma,2026-08-30,Team WE,top: K'Sante / jng: Naafiri / mid: Ryze / bot: Ezreal / sup: Neeko,0,-2.0,3769.0,2819.0,26.0,50.99086019474021,True,Lead lost by 25
LOLTMNT02_461430,complete,LCK,Rounds 3-4,1,2026-08-30 10:16:18,3,16.16,100,Blue,KT Rolster,oe:team:d723992568441c6bafa2658129eade7,2304,1,1321.0,1708.0,29.0,4.0,4.0,650.0,-356.0,13.0,4.0,5.0,607.0,3872.0,-10.0,5.0,6.0,top: Gnar / jng: Cho'Gath / mid: Ryze / bot: Ashe / sup: Seraphine,2026-08-30,Dplus Kia,top: Ambessa / jng: Naafiri / mid: Aurora / bot: Yunara / sup: Lulu,1,-1.0,-671.0,-2064.0,-16.0,-86.2806766797994,True,Within 500g
LOLTMNT02_461432,complete,LCP,Split 3,0,2026-08-30 10:26:53,3,16.16,200,Red,Team Secret Whales,oe:team:740de582f50775c516c77ed7b923fd5,1765,1,2721.0,759.0,18.0,9.0,6.0,4007.0,1350.0,10.0,11.0,6.0,7430.0,6880.0,26.0,19.0,10.0,top: Shen / jng: Vi / mid: Swain / bot: Ezreal / sup: Seraphine,2026-08-30,CTBC Flying Oyster,top: Renekton / jng: Naafiri / mid: Akali / bot: Kalista / sup: Renata Glasc,0,5.0,1286.0,591.0,-8.0,137.3823646370829,True,Grew by >500g
13495-13495_game_3,complete,LPL,Split 3,1,2026-08-30 10:59:33,3,16.17,100,Blue,Team WE,oe:team:62c1cd9465dc63824593ee5046f5aa8,1871,0,-48.0,-523.0,-38.0,6.0,3.0,2555.0,1654.0,8.0,7.0,3.0,3886.0,3229.0,38.0,9.0,5.0,top: Camille / jng: Lee Sin / mid: Taliyah / bot: Ashe / sup: Seraphine,2026-08-30,JD Gaming,top: Olaf / jng: Maokai / mid: Viktor / bot: Kalista / sup: Renata Glasc,1,4.0,2603.0,2177.0,46.0,-50.99086019474021,True,Grew by >500g
13495-13495_game_4,complete,LPL,Split 3,1,2026-08-30 11:52:59,4,16.17,100,Blue,Team WE,oe:team:62c1cd9465dc63824593ee5046f5aa8,2257,1,4706.0,4491.0,60.0,9.0,3.0,3822.0,4260.0,63.0,11.0,5.0,3719.0,896.0,44.0,16.0,11.0,top: Sion / jng: Wukong / mid: Annie / bot: Jinx / sup: Tahm Kench,2026-08-30,JD Gaming,top: Jax / jng: Nocturne / mid: Aurora / bot: Xayah / sup: Rakan,1,6.0,-884.0,-231.0,3.0,-50.99086019474021,True,Within 500g
LOLTMNT04_188117,complete,LEC,Summer,0,2026-08-30 12:08:57,1,16.17,100,Blue,Team Vitality,oe:team:e8d8ae992fe72acb7adc7bfcee31dbb,1936,1,1044.0,640.0,24.0,7.0,6.0,1912.0,1705.0,33.0,9.0,7.0,7138.0,4700.0,81.0,18.0,8.0,top: Rumble / jng: Vi / mid: Ahri / bot: Kai'Sa / sup: Rakan,2026-08-30,Shifters,top: Jayce / jng: Jarvan IV / mid: Ryze / bot: Ziggs / sup: Poppy,1,2.0,868.0,1065.0,9.0,148.91982194439993,True,Grew by >500g
LOLTMNT04_188118,complete,LEC,Summer,0,2026-08-30 13:01:54,2,16.17,100,Blue,Team Vitality,oe:team:e8d8ae992fe72acb7adc7bfcee31dbb,1891,1,1293.0,-340.0,28.0,8.0,10.0,1560.0,1223.0,38.0,10.0,11.0,2893.0,1907.0,28.0,15.0,13.0,top: Ambessa / jng: Pantheon / mid: Akali / bot: Sivir / sup: Karma,2026-08-30,Shifters,top: Olaf / jng: Sejuani / mid: Anivia / bot: Tristana / sup: Rell,1,-1.0,267.0,1563.0,10.0,148.91982194439993,True,Grew by >500g
LOLTMNT04_188127,complete,LEC,Summer,0,2026-08-30 13:59:20,1,16.17,200,Red,Movistar KOI,oe:team:4acc40654379b4da680be1bd3129dfa,1866,1,254.0,-156.0,1.0,0.0,0.0,4225.0,3606.0,51.0,3.0,0.0,10042.0,12629.0,78.0,9.0,1.0,top: Galio / jng: Lee Sin / mid: Ryze / bot: Yunara / sup: Lulu,2026-08-30,Team Heretics,top: Rumble / jng: Nocturne / mid: Azir / bot: Lucian / sup: Nami,0,3.0,3971.0,3762.0,50.0,164.29267068935042,True,Grew by >500g
LOLTMNT04_188132,complete,LEC,Summer,0,2026-08-30 14:51:48,2,16.17,200,Red,Movistar KOI,oe:team:4acc40654379b4da680be1bd3129dfa,1883,1,4726.0,3131.0,48.0,5.0,0.0,4440.0,2811.0,57.0,6.0,1.0,9261.0,8805.0,78.0,10.0,2.0,top: Ambessa / jng: Skarner / mid: Viktor / bot: Ashe / sup: Seraphine,2026-08-30,Team Heretics,top: Aatrox / jng: Xin Zhao / mid: Syndra / bot: Ezreal / sup: Karma,0,5.0,-286.0,-320.0,9.0,164.29267068935042,True,Grew by >500g
LOLTMNT04_188142,complete,LEC,Summer,0,2026-08-30 15:49:15,1,16.17,200,Red,Fnatic,oe:team:78f183fa5a7d8ecb22b9ad272c3abd7,2023,0,2288.0,2480.0,42.0,6.0,3.0,2832.0,3073.0,46.0,8.0,4.0,1834.0,3608.0,24.0,9.0,5.0,top: Olaf / jng: Skarner / mid: Cassiopeia / bot: Yunara / sup: Lulu,2026-08-30,GiantX,top: Camille / jng: Jarvan IV / mid: Syndra / bot: Ashe / sup: Seraphine,0,4.0,544.0,593.0,4.0,-41.49684332696006,True,Shrank by >500g
LOLTMNT01_450939,complete,CBLOL,Split 2,0,2026-08-30 16:10:56,1,16.17,100,Blue,paiN Gaming,oe:team:61450737f7b683db4da7b3e0bf0dced,2072,0,2185.0,2338.0,76.0,4.0,4.0,4302.0,3154.0,108.0,4.0,4.0,-131.0,-1750.0,77.0,5.0,10.0,top: Camille / jng: Nocturne / mid: Ryze / bot: Caitlyn / sup: Karma,2026-08-30,Vivo Keyd Stars,top: Olaf / jng: Lee Sin / mid: Galio / bot: Jhin / sup: Alistar,1,0.0,2117.0,816.0,32.0,-69.06992101386231,True,Lead lost by 25
LOLTMNT04_188143,complete,LEC,Summer,0,2026-08-30 16:42:17,2,16.17,200,Red,Fnatic,oe:team:78f183fa5a7d8ecb22b9ad272c3abd7,2034,1,-1012.0,-1107.0,21.0,0.0,3.0,559.0,389.0,-12.0,3.0,3.0,2320.0,2049.0,19.0,4.0,3.0,top: Jayce / jng: Wukong / mid: Viktor / bot: Xayah / sup: Rakan,2026-08-30,GiantX,top: K'Sante / jng: Maokai / mid: Orianna / bot: Kalista / sup: Renata Glasc,0,0.0,1571.0,1496.0,-33.0,-41.49684332696006,True,Grew by >500g
LOLTMNT01_450950,complete,CBLOL,Split 2,0,2026-08-30 17:05:25,2,16.17,200,Red,paiN Gaming,oe:team:61450737f7b683db4da7b3e0bf0dced,2165,1,1200.0,-22.0,-38.0,4.0,2.0,652.0,-599.0,-21.0,5.0,4.0,103.0,-1446.0,-25.0,8.0,8.0,top: Jayce / jng: Pantheon / mid: Sylas / bot: Yunara / sup: Lulu,2026-08-30,Vivo Keyd Stars,top: Sion / jng: Jarvan IV / mid: Orianna / bot: Varus / sup: Nautilus,0,1.0,-548.0,-577.0,17.0,-69.06992101386231,True,Shrank by >500g
LOLTMNT04_188144,complete,LEC,Summer,0,2026-08-30 17:34:38,3,16.17,200,Red,GiantX,oe:team:6cd05f0ac20bfb965a59dc8bcc4f184,1446,1,-247.0,-893.0,-1.0,2.0,3.0,1625.0,1067.0,20.0,5.0,4.0,7299.0,9654.0,43.0,15.0,8.0,top: Rumble / jng: Trundle / mid: Anivia / bot: Varus / sup: Rell,2026-08-30,Fnatic,top: Ambessa / jng: Xin Zhao / mid: Azir / bot: Jhin / sup: Leona,0,1.0,1872.0,1960.0,21.0,41.49684332696006,True,Won before 25
LOLTMNT01_450961,complete,CBLOL,Split 2,0,2026-08-30 18:00:43,3,16.17,100,Blue,paiN Gaming,oe:team:61450737f7b683db4da7b3e0bf0dced,2941,0,2046.0,2396.0,73.0,3.0,3.0,670.0,368.0,50.0,4.0,7.0,-876.0,-1325.0,61.0,4.0,9.0,top: K'Sante / jng: Naafiri / mid: Syndra / bot: Lucian / sup: Milio,2026-08-30,Vivo Keyd Stars,top: Ambessa / jng: Xin Zhao / mid: Viktor / bot: Ashe / sup: Seraphine,1,-3.0,-1376.0,-2028.0,-23.0,-69.06992101386231,True,Lead lost by 25
LOLTMNT01_450993,complete,CBLOL,Split 2,0,2026-08-30 19:12:30,1,16.17,100,Blue,FURIA,oe:team:87e3e1e75839f75a10bbc66e894d806,2216,1,534.0,89.0,28.0,4.0,6.0,1028.0,1061.0,39.0,5.0,7.0,1153.0,3521.0,48.0,5.0,8.0,top: Ornn / jng: Pantheon / mid: Ryze / bot: Ezreal / sup: Karma,2026-08-30,Leviatan,top: Rumble / jng: Jarvan IV / mid: Taliyah / bot: Jhin / sup: Alistar,1,-2.0,494.0,972.0,11.0,262.59468921490975,True,Within 500g
LOLTMNT01_451792,complete,CBLOL,Split 2,0,2026-08-30 20:07:25,2,16.17,100,Blue,FURIA,oe:team:87e3e1e75839f75a10bbc66e894d806,2163,1,-618.0,218.0,-14.0,4.0,4.0,2366.0,585.0,-3.0,6.0,4.0,4690.0,7029.0,37.0,7.0,4.0,top: K'Sante / jng: Trundle / mid: LeBlanc / bot: Ashe / sup: Seraphine,2026-08-30,Leviatan,top: Jayce / jng: Wukong / mid: Syndra / bot: Mel / sup: Rell,1,2.0,2984.0,367.0,11.0,262.59468921490975,True,Grew by >500g
LOLTMNT01_452021,complete,LCS,Summer,0,2026-08-30 20:13:31,1,16.17,200,Red,LYON,oe:team:da1143bf9a245b78a8dc86417de85b3,1822,1,606.0,406.0,10.0,3.0,3.0,283.0,-649.0,13.0,6.0,7.0,4184.0,5793.0,49.0,13.0,9.0,top: Rumble / jng: Nocturne / mid: Azir / bot: Lucian / sup: Milio,2026-08-30,Team Liquid,top: Ornn / jng: Jarvan IV / mid: Ryze / bot: Caitlyn / sup: Bard,0,-1.0,-323.0,-1055.0,3.0,44.447514854708515,True,Grew by >500g
LOLTMNT01_451798,complete,LCS,Summer,0,2026-08-30 21:03:08,2,16.17,100,Blue,LYON,oe:team:da1143bf9a245b78a8dc86417de85b3,1650,1,2111.0,1992.0,62.0,8.0,4.0,4821.0,4526.0,98.0,13.0,6.0,7118.0,7369.0,69.0,16.0,7.0,top: Vayne / jng: Wukong / mid: Syndra / bot: Taliyah / sup: Alistar,2026-08-30,Team Liquid,top: Gnar / jng: Pantheon / mid: Ahri / bot: Kalista / sup: Renata Glasc,1,7.0,2710.0,2534.0,36.0,44.447514854708515,True,Grew by >500g
LOLTMNT01_451816,complete,LCS,Summer,0,2026-08-30 21:57:05,1,16.17,200,Red,Cloud9,oe:team:fc8e90107dabb9a35c490b0d86adea0,1829,1,1407.0,1576.0,37.0,2.0,2.0,5641.0,5469.0,72.0,7.0,2.0,9736.0,10572.0,96.0,13.0,3.0,top: K'Sante / jng: Jarvan IV / mid: Akali / bot: Ezreal / sup: Rakan,2026-08-30,Shopify Rebellion,top: Zaahen / jng: Vi / mid: Orianna / bot: Kai'Sa / sup: Alistar,0,5.0,4234.0,3893.0,35.0,97.06074561320088,True,Grew by >500g
LOLTMNT01_451824,complete,LCS,Summer,0,2026-08-30 22:43:53,2,16.17,100,Blue,Shopify Rebellion,oe:team:b360f1d729b0a8e0f29a5243c4200fa,2156,1,-131.0,-1382.0,-11.0,3.0,3.0,437.0,-1157.0,7.0,6.0,7.0,2055.0,3983.0,5.0,8.0,8.0,top: Dr. Mundo / jng: Jayce / mid: Ryze / bot: Viktor / sup: Leona,2026-08-30,Cloud9,top: Malphite / jng: Nocturne / mid: Ahri / bot: Lucian / sup: Milio,1,-1.0,568.0,225.0,18.0,-97.06074561320088,True,Grew by >500g
LOLTMNT01_452058,complete,LCS,Summer,0,2026-08-30 23:43:20,3,16.17,200,Red,Cloud9,oe:team:fc8e90107dabb9a35c490b0d86adea0,2149,1,1744.0,1628.0,25.0,1.0,1.0,2003.0,1607.0,58.0,1.0,2.0,1772.0,853.0,65.0,1.0,3.0,top: Rumble / jng: Wukong / mid: Sylas / bot: Kalista / sup: Renata Glasc,2026-08-30,Shopify Rebellion,top: Ornn / jng: Poppy / mid: Azir / bot: Varus / sup: Nautilus,0,-1.0,259.0,-21.0,33.0,97.06074561320088,True,Within 500g
LOLTMNT02_461660,complete,LCK,Rounds 3-4,1,2026-09-01 08:11:13,1,16.16,200,Red,KT Rolster,oe:team:d723992568441c6bafa2658129eade7,2154,0,1530.0,349.0,-32.0,5.0,2.0,2460.0,1321.0,-46.0,9.0,3.0,-2838.0,-6956.0,-81.0,11.0,8.0,top: Olaf / jng: Pantheon / mid: Orianna / bot: Kalista / sup: Renata Glasc,2026-09-01,Gen.G,top: Camille / jng: Lee Sin / mid: Ryze / bot: Yunara / sup: Lulu,0,6.0,930.0,972.0,-14.0,-120.7651917611197,True,Lead lost by 25
LOLTMNT02_460605,complete,LCK,Rounds 3-4,1,2026-09-01 09:13:07,2,16.16,200,Red,KT Rolster,oe:team:d723992568441c6bafa2658129eade7,1976,0,798.0,79.0,-22.0,2.0,0.0,104.0,-2010.0,-65.0,5.0,3.0,2387.0,1493.0,-47.0,7.0,3.0,top: Jayce / jng: Nocturne / mid: Galio / bot: Zeri / sup: Yuumi,2026-09-01,Gen.G,top: Aatrox / jng: Cho'Gath / mid: Akali / bot: Ashe / sup: Seraphine,0,2.0,-694.0,-2089.0,-43.0,-120.7651917611197,True,Grew by >500g
LOLTMNT02_461672,complete,LCK,Rounds 3-4,1,2026-09-01 10:08:49,3,16.16,100,Blue,Gen.G,oe:team:50f58982d91a36557ec8aec52ab014f,1709,1,1503.0,591.0,7.0,1.0,1.0,1711.0,-1066.0,1.0,1.0,3.0,7566.0,4595.0,53.0,6.0,3.0,top: Twisted Fate / jng: Skarner / mid: Syndra / bot: Sivir / sup: Karma,2026-09-01,KT Rolster,top: Gnar / jng: Wukong / mid: Ahri / bot: Ezreal / sup: Nautilus,1,-2.0,208.0,-1657.0,-6.0,120.7651917611197,True,Grew by >500g
LOLTMNT02_461735,complete,LCK,Rounds 3-4,1,2026-09-02 08:11:08,1,16.16,100,Blue,T1,oe:team:ce499dea30cfce118f4fe85da0227e8,1781,1,-1553.0,-3773.0,-78.0,6.0,6.0,888.0,-487.0,-34.0,10.0,9.0,-238.0,-810.0,-41.0,14.0,16.0,top: Jayce / jng: Pantheon / mid: Ryze / bot: Kalista / sup: Renata Glasc,2026-09-02,Hanwha Life Esports,top: Olaf / jng: Lee Sin / mid: Annie / bot: Ashe / sup: Seraphine,1,1.0,2441.0,3286.0,44.0,-51.41478372100573,True,Lead lost by 25
LOLTMNT02_460676,complete,LCK,Rounds 3-4,1,2026-09-02 09:05:00,2,16.16,100,Blue,T1,oe:team:ce499dea30cfce118f4fe85da0227e8,1758,1,2267.0,3435.0,5.0,6.0,1.0,7169.0,9045.0,52.0,15.0,3.0,6846.0,8829.0,36.0,15.0,4.0,top: Gwen / jng: Qiyana / mid: Anivia / bot: Jhin / sup: Blitzcrank,2026-09-02,Hanwha Life Esports,top: K'Sante / jng: Jarvan IV / mid: Ahri / bot: Yunara / sup: Lulu,1,12.0,4902.0,5610.0,47.0,-51.41478372100573,True,Within 500g
LOLTMNT02_460684,complete,LCK,Rounds 3-4,1,2026-09-02 09:56:50,3,16.16,100,Blue,Hanwha Life Esports,oe:team:3a1d18f46bcb3716ebcfcf4ef068934,1536,1,2204.0,1380.0,59.0,6.0,5.0,850.0,598.0,44.0,8.0,7.0,6548.0,11050.0,87.0,16.0,9.0,top: Camille / jng: Sejuani / mid: Akali / bot: Miss Fortune / sup: Shen,2026-09-02,T1,top: Kennen / jng: Maokai / mid: Yone / bot: Kai'Sa / sup: Alistar,1,1.0,-1354.0,-782.0,-15.0,51.41478372100573,True,Grew by >500g
LOLTMNT02_460687,complete,LCK,Rounds 3-4,1,2026-09-02 10:46:41,4,16.16,200,Red,Hanwha Life Esports,oe:team:3a1d18f46bcb3716ebcfcf4ef068934,1643,1,4287.0,2458.0,32.0,11.0,5.0,6310.0,4713.0,31.0,15.0,5.0,8040.0,6139.0,26.0,18.0,8.0,top: Gragas / jng: Xin Zhao / mid: Cassiopeia / bot: Varus / sup: Nautilus,2026-09-02,T1,top: Aatrox / jng: Skarner / mid: Orianna / bot: Lucian / sup: Milio,0,10.0,2023.0,2255.0,-1.0,51.41478372100573,True,Grew by >500g
LOLTMNT02_460694,complete,LCK,Rounds 3-4,1,2026-09-02 11:38:32,5,16.16,200,Red,Hanwha Life Esports,oe:team:3a1d18f46bcb3716ebcfcf4ef068934,1676,1,-973.0,-1740.0,-3.0,7.0,6.0,2103.0,2424.0,24.0,12.0,7.0,-58.0,-1508.0,-13.0,12.0,9.0,top: Ambessa / jng: Cho'Gath / mid: Taliyah / bot: Caitlyn / sup: Karma,2026-09-02,T1,top: Gnar / jng: Naafiri / mid: Lissandra / bot: Jinx / sup: Bard,0,5.0,3076.0,4164.0,27.0,51.41478372100573,True,Lead lost by 25
LOLTMNT02_460749,complete,LCK,Rounds 3-4,1,2026-09-03 08:07:55,1,16.16,100,Blue,BNK FEARX,oe:team:5c2e7e9ea8dfcba0150d9a5619baecf,2542,1,-914.0,23.0,-17.0,3.0,4.0,1056.0,-475.0,-15.0,5.0,5.0,2118.0,1191.0,-12.0,6.0,5.0,top: K'Sante / jng: Pantheon / mid: Viktor / bot: Lucian / sup: Milio,2026-09-03,Dplus Kia,top: Jayce / jng: Lee Sin / mid: Syndra / bot: Xayah / sup: Rakan,1,0.0,1970.0,-498.0,2.0,-101.27340006468603,True,Grew by >500g
LOLTMNT02_460761,complete,LCK,Rounds 3-4,1,2026-09-03 09:14:47,2,16.16,200,Red,Dplus Kia,oe:team:ef69efa6acebe94107f0cf1ba716806,2431,0,335.0,133.0,11.0,2.0,1.0,183.0,182.0,17.0,2.0,1.0,-3431.0,-5147.0,-3.0,2.0,4.0,top: Gnar / jng: Jarvan IV / mid: Ahri / bot: Ezreal / sup: Karma,2026-09-03,BNK FEARX,top: Kai'Sa / jng: Qiyana / mid: Ryze / bot: Caitlyn / sup: Bard,0,1.0,-152.0,49.0,6.0,101.27340006468603,True,Lead lost by 25
13497-13497_game_1,complete,LPL,Split 3,1,2026-09-03 09:18:59,1,16.17,100,Blue,Bilibili Gaming,oe:team:d356a144644879dabb5f34cd99c886d,1762,1,2142.0,1370.0,7.0,4.0,1.0,8451.0,7334.0,43.0,11.0,1.0,13524.0,12801.0,74.0,18.0,3.0,top: Camille / jng: Jarvan IV / mid: Twisted Fate / bot: Sivir / sup: Karma,2026-09-03,Team WE,top: K'Sante / jng: Naafiri / mid: Ryze / bot: Ezreal / sup: Neeko,1,10.0,6309.0,5964.0,36.0,152.5415033897591,True,Grew by >500g
13497-13497_game_2,complete,LPL,Split 3,1,2026-09-03 10:12:21,2,16.17,100,Blue,Bilibili Gaming,oe:team:d356a144644879dabb5f34cd99c886d,1512,1,6898.0,4626.0,99.0,12.0,2.0,9025.0,6498.0,93.0,16.0,4.0,15524.0,13983.0,112.0,23.0,4.0,top: Rumble / jng: Skarner / mid: Anivia / bot: Yunara / sup: Lulu,2026-09-03,Team WE,top: Ornn / jng: Pantheon / mid: Akali / bot: Corki / sup: Nautilus,1,12.0,2127.0,1872.0,-6.0,152.5415033897591,True,Grew by >500g
LOLTMNT02_460772,complete,LCK,Rounds 3-4,1,2026-09-03 10:17:15,3,16.16,100,Blue,Dplus Kia,oe:team:ef69efa6acebe94107f0cf1ba716806,1912,1,3905.0,2624.0,44.0,5.0,2.0,2709.0,670.0,61.0,5.0,5.0,2121.0,2442.0,51.0,6.0,8.0,top: Ambessa / jng: Wukong / mid: Annie / bot: Ashe / sup: Seraphine,2026-09-03,BNK FEARX,top: Olaf / jng: Cho'Gath / mid: Hwei / bot: Jhin / sup: Shen,1,0.0,-1196.0,-1954.0,17.0,101.27340006468603,True,Shrank by >500g
13497-13497_game_3,complete,LPL,Split 3,1,2026-09-03 11:00:41,3,16.17,100,Blue,Bilibili Gaming,oe:team:d356a144644879dabb5f34cd99c886d,2020,0,1417.0,1944.0,52.0,7.0,7.0,662.0,2073.0,65.0,9.0,10.0,-264.0,801.0,59.0,10.0,15.0,top: Jayce / jng: Cho'Gath / mid: Syndra / bot: Kalista / sup: Renata Glasc,2026-09-03,Team WE,top: Sion / jng: Lee Sin / mid: Ahri / bot: Caitlyn / sup: Bard,1,-1.0,-755.0,129.0,13.0,152.5415033897591,True,Lead lost by 25
LOLTMNT02_460780,complete,LCK,Rounds 3-4,1,2026-09-03 11:11:44,4,16.16,200,Red,Dplus Kia,oe:team:ef69efa6acebe94107f0cf1ba716806,1358,1,2002.0,873.0,-13.0,6.0,4.0,3853.0,2558.0,20.0,7.0,5.0,,,,,,top: Yorick / jng: Naafiri / mid: Twisted Fate / bot: Yunara / sup: Lulu,2026-09-03,BNK FEARX,top: Rumble / jng: Hecarim / mid: Lissandra / bot: Zeri / sup: Yuumi,0,2.0,1851.0,1685.0,33.0,101.27340006468603,True,Won before 25
13497-13497_game_4,complete,LPL,Split 3,1,2026-09-03 11:58:07,4,16.17,200,Red,Bilibili Gaming,oe:team:d356a144644879dabb5f34cd99c886d,1491,1,2559.0,2329.0,54.0,5.0,2.0,5986.0,6132.0,88.0,10.0,2.0,15676.0,15710.0,122.0,21.0,2.0,top: Gnar / jng: Vi / mid: Annie / bot: Ashe / sup: Alistar,2026-09-03,Team WE,top: Yorick / jng: Poppy / mid: Viktor / bot: Jhin / sup: Nami,0,8.0,3427.0,3803.0,34.0,152.5415033897591,True,Won before 25
LOLTMNT02_460789,complete,LCK,Rounds 3-4,1,2026-09-03 11:59:51,5,16.16,100,Blue,Dplus Kia,oe:team:ef69efa6acebe94107f0cf1ba716806,1478,1,2613.0,3170.0,67.0,3.0,3.0,7607.0,7488.0,113.0,7.0,3.0,13437.0,16137.0,157.0,16.0,6.0,top: Varus / jng: Kindred / mid: Taliyah / bot: Ziggs / sup: Camille,2026-09-03,BNK FEARX,top: Kled / jng: Maokai / mid: Tristana / bot: Aphelios / sup: Thresh,1,4.0,4994.0,4318.0,46.0,101.27340006468603,True,Won before 25
LOLTMNT02_460906,complete,LCK,Rounds 3-4,1,2026-09-04 08:07:52,1,16.16,100,Blue,KT Rolster,oe:team:d723992568441c6bafa2658129eade7,1900,1,-284.0,-62.0,-11.0,3.0,2.0,2218.0,1302.0,-29.0,9.0,4.0,3844.0,3354.0,9.0,12.0,5.0,top: K'Sante / jng: Pantheon / mid: Ahri / bot: Ezreal / sup: Seraphine,2026-09-04,Dplus Kia,top: Jayce / jng: Jarvan IV / mid: Aurora / bot: Sivir / sup: Karma,1,5.0,2502.0,1364.0,-18.0,-27.47715857830576,True,Grew by >500g
LOLTMNT02_460917,complete,LCK,Rounds 3-4,1,2026-09-04 09:02:16,2,16.16,100,Blue,Dplus Kia,oe:team:ef69efa6acebe94107f0cf1ba716806,2533,1,1295.0,696.0,32.0,2.0,1.0,1833.0,2273.0,25.0,5.0,3.0,1925.0,698.0,15.0,5.0,3.0,top: Vayne / jng: Naafiri / mid: Orianna / bot: Lucian / sup: Milio,2026-09-04,KT Rolster,top: Olaf / jng: Xin Zhao / mid: Ryze / bot: Yunara / sup: Lulu,1,2.0,538.0,1577.0,-7.0,27.47715857830576,True,Within 500g
13496-13496_game_1,complete,LPL,Split 3,1,2026-09-04 09:12:53,1,16.17,200,Red,Anyone's Legend,oe:team:ed28f87f0cfdba0a2a8f183cebae73a,1495,0,-997.0,-1975.0,-29.0,3.0,5.0,380.0,209.0,-4.0,4.0,5.0,-8739.0,-11500.0,-40.0,6.0,15.0,top: Jayce / jng: Trundle / mid: Orianna / bot: Ezreal / sup: Seraphine,2026-09-04,LGD Gaming,top: Gnar / jng: Naafiri / mid: Ryze / bot: Sivir / sup: Karma,0,-1.0,1377.0,2184.0,25.0,30.294373324170692,True,Lost before 25
13496-13496_game_2,complete,LPL,Split 3,1,2026-09-04 10:01:25,2,16.17,100,Blue,Anyone's Legend,oe:team:ed28f87f0cfdba0a2a8f183cebae73a,1874,1,1384.0,1319.0,49.0,2.0,2.0,6482.0,4377.0,69.0,6.0,2.0,6614.0,4222.0,72.0,6.0,2.0,top: Yorick / jng: Nocturne / mid: Syndra / bot: Lucian / sup: Milio,2026-09-04,LGD Gaming,top: K'Sante / jng: Lee Sin / mid: Viktor / bot: Yunara / sup: Lulu,1,4.0,5098.0,3058.0,20.0,30.294373324170692,True,Within 500g
LOLTMNT02_460928,complete,LCK,Rounds 3-4,1,2026-09-04 10:07:29,3,16.16,200,Red,Dplus Kia,oe:team:ef69efa6acebe94107f0cf1ba716806,1611,1,2994.0,3776.0,54.0,7.0,3.0,5239.0,5608.0,88.0,8.0,3.0,9454.0,11593.0,91.0,13.0,3.0,top: Gnar / jng: Trundle / mid: Viktor / bot: Jhin / sup: Leona,2026-09-04,KT Rolster,top: Ambessa / jng: Cho'Gath / mid: Syndra / bot: Varus / sup: Nautilus,0,5.0,2245.0,1832.0,34.0,27.47715857830576,True,Grew by >500g
LOLTMNT02_462043,complete,LCK,Rounds 3-4,1,2026-09-04 10:58:00,4,16.16,100,Blue,Dplus Kia,oe:team:ef69efa6acebe94107f0cf1ba716806,1869,1,3602.0,2613.0,102.0,4.0,3.0,7737.0,4495.0,116.0,8.0,5.0,5245.0,1199.0,115.0,9.0,9.0,top: Renekton / jng: Vi / mid: Annie / bot: Miss Fortune / sup: Neeko,2026-09-04,KT Rolster,top: Gwen / jng: Skarner / mid: Akali / bot: Kalista / sup: Renata Glasc,1,3.0,4135.0,1882.0,14.0,27.47715857830576,True,Shrank by >500g
13496-13496_game_3,complete,LPL,Split 3,1,2026-09-04 11:01:18,3,16.17,100,Blue,Anyone's Legend,oe:team:ed28f87f0cfdba0a2a8f183cebae73a,2266,1,2995.0,-930.0,48.0,4.0,4.0,1227.0,-2225.0,54.0,5.0,9.0,-1981.0,-6640.0,47.0,5.0,14.0,top: Ambessa / jng: Maokai / mid: Yone / bot: Caitlyn / sup: Lux,2026-09-04,LGD Gaming,top: Camille / jng: Pantheon / mid: Ahri / bot: Jhin / sup: Bard,1,-4.0,-1768.0,-1295.0,6.0,30.294373324170692,True,Lead lost by 25
13496-13496_game_4,complete,LPL,Split 3,1,2026-09-04 12:03:49,4,16.17,100,Blue,Anyone's Legend,oe:team:ed28f87f0cfdba0a2a8f183cebae73a,1592,1,1857.0,423.0,21.0,5.0,3.0,4242.0,1681.0,69.0,6.0,4.0,7448.0,5424.0,52.0,10.0,4.0,top: Nasus / jng: Qiyana / mid: Annie / bot: Corki / sup: Neeko,2026-09-04,LGD Gaming,top: Jax / jng: Cho'Gath / mid: Twisted Fate / bot: Kalista / sup: Renata Glasc,1,2.0,2385.0,1258.0,48.0,30.294373324170692,True,Grew by >500g
LOLTMNT02_462135,complete,LCK,Rounds 3-4,1,2026-09-05 08:08:15,1,16.16,200,Red,Gen.G,oe:team:50f58982d91a36557ec8aec52ab014f,2355,0,1203.0,1166.0,0.0,4.0,2.0,2113.0,2112.0,19.0,6.0,4.0,1283.0,3066.0,52.0,7.0,6.0,top: Yorick / jng: Cho'Gath / mid: Ryze / bot: Ezreal / sup: Karma,2026-09-05,Hanwha Life Esports,top: Jayce / jng: Nocturne / mid: Orianna / bot: Lucian / sup: Milio,0,2.0,910.0,946.0,19.0,53.104177552614146,True,Shrank by >500g
13498-13498_game_4,complete,LPL,Split 3,1,2026-09-05 09:05:48,4,16.17,100,Blue,Invictus Gaming,oe:team:53a258f289c26d94431c0496a54e151,2174,0,4506.0,4567.0,56.0,7.0,3.0,1128.0,1121.0,25.0,9.0,8.0,1461.0,-233.0,24.0,9.0,10.0,top: Dr. Mundo / jng: Wukong / mid: Ahri / bot: Jhin / sup: Alistar,2026-09-05,Top Esports,top: Renekton / jng: Trundle / mid: Viktor / bot: Ezreal / sup: Poppy,1,1.0,-3378.0,-3446.0,-31.0,-44.93010491598034,True,Within 500g
LOLTMNT02_462142,complete,LCK,Rounds 3-4,1,2026-09-05 09:11:25,2,16.16,100,Blue,Gen.G,oe:team:50f58982d91a36557ec8aec52ab014f,2738,1,1783.0,2685.0,30.0,6.0,3.0,1269.0,1983.0,19.0,9.0,6.0,-1122.0,-909.0,8.0,18.0,14.0,top: Rumble / jng: Jarvan IV / mid: Locke / bot: Jhin / sup: Shen,2026-09-05,Hanwha Life Esports,top: Ambessa / jng: Qiyana / mid: Syndra / bot: Caitlyn / sup: Bard,1,3.0,-514.0,-702.0,-11.0,53.104177552614146,True,Lead lost by 25
13498-13498_game_5,complete,LPL,Split 3,1,2026-09-05 10:08:34,5,16.17,200,Red,Invictus Gaming,oe:team:53a258f289c26d94431c0496a54e151,1504,1,3544.0,4357.0,65.0,4.0,1.0,8222.0,8577.0,84.0,10.0,1.0,16646.0,18004.0,134.0,23.0,4.0,top: Camille / jng: Nocturne / mid: Galio / bot: Aphelios / sup: Thresh,2026-09-05,Top Esports,top: Vayne / jng: Xin Zhao / mid: Hwei / bot: Zeri / sup: Yuumi,0,9.0,4678.0,4220.0,19.0,-44.93010491598034,True,Grew by >500g
LOLTMNT02_460995,complete,LCK,Rounds 3-4,1,2026-09-05 10:19:29,3,16.16,100,Blue,Hanwha Life Esports,oe:team:3a1d18f46bcb3716ebcfcf4ef068934,1875,0,1263.0,938.0,13.0,2.0,1.0,2026.0,1092.0,2.0,2.0,1.0,377.0,-4133.0,-12.0,8.0,11.0,top: Camille / jng: Pantheon / mid: Ahri / bot: Ziggs / sup: Pyke,2026-09-05,Gen.G,top: Gwen / jng: Aatrox / mid: Akali / bot: Ashe / sup: Seraphine,1,1.0,763.0,154.0,-11.0,-53.104177552614146,True,Shrank by >500g
LOLTMNT04_189299,complete,LEC,Summer,1,2026-09-05 10:19:57,1,16.17,200,Red,Team Vitality,oe:team:e8d8ae992fe72acb7adc7bfcee31dbb,2309,0,2502.0,1369.0,20.0,4.0,1.0,2652.0,910.0,19.0,7.0,3.0,2548.0,1144.0,20.0,10.0,7.0,top: Ambessa / jng: Vi / mid: Ahri / bot: Ezreal / sup: Karma,2026-09-05,G2 Esports,top: Camille / jng: Xin Zhao / mid: Orianna / bot: Ashe / sup: Seraphine,0,4.0,150.0,-459.0,-1.0,-69.98423823369421,True,Within 500g
LOLTMNT02_461000,complete,LCK,Rounds 3-4,1,2026-09-05 11:12:55,4,16.16,100,Blue,Gen.G,oe:team:50f58982d91a36557ec8aec52ab014f,1619,1,1755.0,1957.0,44.0,7.0,7.0,3181.0,1485.0,24.0,11.0,8.0,6148.0,8352.0,48.0,19.0,12.0,top: Varus / jng: Vi / mid: Vex / bot: Miss Fortune / sup: Neeko,2026-09-05,Hanwha Life Esports,top: Nasus / jng: Naafiri / mid: Sylas / bot: Kalista / sup: Renata Glasc,1,3.0,1426.0,-472.0,-20.0,53.104177552614146,True,Grew by >500g
LOLTMNT04_189300,complete,LEC,Summer,1,2026-09-05 11:23:28,2,16.17,100,Blue,G2 Esports,oe:team:7d6673d3a9d00363c6bebc1a630da6e,2035,1,-697.0,662.0,16.0,4.0,7.0,1343.0,3687.0,50.0,7.0,9.0,3544.0,6566.0,96.0,10.0,10.0,top: Rumble / jng: Skarner / mid: Yone / bot: Yunara / sup: Alistar,2026-09-05,Team Vitality,top: Ryze / jng: Jarvan IV / mid: Viktor / bot: Jhin / sup: Nautilus,1,-2.0,2040.0,3025.0,34.0,69.98423823369421,True,Grew by >500g
LOLTMNT04_188327,complete,LEC,Summer,1,2026-09-05 12:19:18,3,16.17,100,Blue,G2 Esports,oe:team:7d6673d3a9d00363c6bebc1a630da6e,1741,1,1318.0,2004.0,60.0,7.0,7.0,1962.0,856.0,70.0,8.0,10.0,3961.0,5532.0,85.0,10.0,10.0,top: Olaf / jng: Pantheon / mid: LeBlanc / bot: Xayah / sup: Rakan,2026-09-05,Team Vitality,top: Trundle / jng: Cho'Gath / mid: Hwei / bot: Lucian / sup: Milio,1,-2.0,644.0,-1148.0,10.0,69.98423823369421,True,Grew by >500g
13499-13499_game_3,complete,LPL,Split 3,1,2026-09-05 13:20:43,3,16.17,200,Red,Ninjas in Pyjamas,oe:team:48d7941ccbd5b89aca46c57b0c2f8fb,1679,1,152.0,819.0,6.0,5.0,5.0,227.0,1268.0,24.0,6.0,7.0,6326.0,9283.0,32.0,14.0,8.0,top: Gnar / jng: Nocturne / mid: Taliyah / bot: Xayah / sup: Rakan,2026-09-05,JD Gaming,top: Renekton / jng: Trundle / mid: Sylas / bot: Kalista / sup: Renata Glasc,0,-1.0,75.0,449.0,18.0,49.48119804108251,True,Grew by >500g
LOLTMNT04_189331,complete,LEC,Summer,1,2026-09-05 13:24:12,1,16.17,100,Blue,Karmine Corp,oe:team:f3aa9bbd924ce3af42ac53f8326bc7c,2104,1,4314.0,1307.0,11.0,5.0,2.0,3951.0,952.0,22.0,5.0,4.0,6202.0,3364.0,62.0,6.0,4.0,top: Jayce / jng: Jarvan IV / mid: Anivia / bot: Ashe / sup: Seraphine,2026-09-05,GiantX,top: Yorick / jng: Skarner / mid: Cassiopeia / bot: Lucian / sup: Milio,1,1.0,-363.0,-355.0,11.0,168.92339887718185,True,Grew by >500g
LOLTMNT04_189335,complete,LEC,Summer,1,2026-09-05 14:26:02,2,16.17,100,Blue,Karmine Corp,oe:team:f3aa9bbd924ce3af42ac53f8326bc7c,2154,0,-913.0,-850.0,1.0,4.0,4.0,2397.0,2761.0,28.0,7.0,4.0,4064.0,4714.0,50.0,12.0,7.0,top: Gnar / jng: Wukong / mid: Akali / bot: Ezreal / sup: Rell,2026-09-05,GiantX,top: Ambessa / jng: Sejuani / mid: Orianna / bot: Kai'Sa / sup: Nautilus,1,3.0,3310.0,3611.0,27.0,168.92339887718185,True,Grew by >500g
LOLTMNT04_188343,complete,LEC,Summer,1,2026-09-05 15:25:27,3,16.17,200,Red,Karmine Corp,oe:team:f3aa9bbd924ce3af42ac53f8326bc7c,1583,1,2708.0,3439.0,40.0,3.0,0.0,6828.0,7119.0,97.0,6.0,0.0,11044.0,14644.0,124.0,11.0,1.0,top: Olaf / jng: Naafiri / mid: Ryze / bot: Yunara / sup: Lulu,2026-09-05,GiantX,top: Vayne / jng: Trundle / mid: Viktor / bot: Caitlyn / sup: Bard,0,6.0,4120.0,3680.0,57.0,168.92339887718185,True,Grew by >500g
LOLTMNT01_455944,complete,CBLOL,Split 2,1,2026-09-05 16:12:38,1,16.17,200,Red,Vivo Keyd Stars,oe:team:b9e44c69c1a70fb35df9be96f9eafea,1908,1,598.0,1056.0,-5.0,3.0,2.0,1879.0,2612.0,50.0,5.0,4.0,4410.0,4059.0,43.0,10.0,5.0,top: K'Sante / jng: Lee Sin / mid: Locke / bot: Ashe / sup: Seraphine,2026-09-05,paiN Gaming,top: Jayce / jng: Nocturne / mid: Ryze / bot: Varus / sup: Nautilus,0,1.0,1281.0,1556.0,55.0,77.29665864930666,True,Grew by >500g
LOLTMNT04_188347,complete,LEC,Summer,1,2026-09-05 16:15:13,4,16.17,100,Blue,Karmine Corp,oe:team:f3aa9bbd924ce3af42ac53f8326bc7c,1589,1,5483.0,4085.0,56.0,10.0,4.0,5946.0,4611.0,63.0,11.0,5.0,8073.0,8569.0,60.0,14.0,6.0,top: Rumble / jng: Pantheon / mid: Sylas / bot: Varus / sup: Vel'Koz,2026-09-05,GiantX,top: Ornn / jng: Xin Zhao / mid: Syndra / bot: Kalista / sup: Renata Glasc,1,6.0,463.0,526.0,7.0,168.92339887718185,True,Grew by >500g
LOLTMNT01_455967,complete,CBLOL,Split 2,1,2026-09-05 17:06:44,2,16.17,200,Red,paiN Gaming,oe:team:61450737f7b683db4da7b3e0bf0dced,1774,1,1547.0,1315.0,16.0,7.0,5.0,3631.0,1477.0,9.0,8.0,5.0,7289.0,7399.0,49.0,12.0,7.0,top: Ambessa / jng: Vi / mid: Azir / bot: Ezreal / sup: Bard,2026-09-05,Vivo Keyd Stars,top: Aatrox / jng: Olaf / mid: Galio / bot: Sivir / sup: Karma,0,3.0,2084.0,162.0,-7.0,-77.29665864930666,True,Grew by >500g
LOLTMNT01_454932,complete,CBLOL,Split 2,1,2026-09-05 17:55:42,3,16.17,100,Blue,paiN Gaming,oe:team:61450737f7b683db4da7b3e0bf0dced,2116,1,4040.0,1215.0,6.0,5.0,1.0,3360.0,264.0,-5.0,6.0,2.0,3403.0,2229.0,21.0,9.0,4.0,top: Renekton / jng: Pantheon / mid: Ahri / bot: Lucian / sup: Milio,2026-09-05,Vivo Keyd Stars,top: Dr. Mundo / jng: Trundle / mid: Syndra / bot: Yunara / sup: Lulu,1,4.0,-680.0,-951.0,-11.0,-77.29665864930666,True,Within 500g
LOLTMNT01_454959,complete,CBLOL,Split 2,1,2026-09-05 18:54:46,4,16.17,100,Blue,paiN Gaming,oe:team:61450737f7b683db4da7b3e0bf0dced,1732,1,4436.0,3106.0,26.0,9.0,1.0,7649.0,5185.0,23.0,12.0,2.0,10510.0,7883.0,44.0,17.0,3.0,top: Rumble / jng: Sejuani / mid: Sylas / bot: Jhin / sup: Alistar,2026-09-05,Vivo Keyd Stars,top: Kennen / jng: Wukong / mid: Orianna / bot: Caitlyn / sup: Braum,1,10.0,3213.0,2079.0,-3.0,-77.29665864930666,True,Grew by >500g
LOLTMNT01_456032,complete,LCS,Summer,0,2026-09-05 20:11:18,1,16.17,100,Blue,Cloud9,oe:team:fc8e90107dabb9a35c490b0d86adea0,1623,1,3651.0,2094.0,33.0,4.0,2.0,5646.0,4292.0,38.0,7.0,2.0,10478.0,8396.0,103.0,15.0,5.0,top: Gnar / jng: Vi / mid: Syndra / bot: Ezreal / sup: Karma,2026-09-05,Sentinels,top: K'Sante / jng: Pantheon / mid: Cassiopeia / bot: Caitlyn / sup: Bard,1,5.0,1995.0,2198.0,5.0,29.475056015172413,True,Grew by >500g
LOLTMNT01_457020,complete,LCS,Summer,0,2026-09-05 20:56:30,2,16.17,100,Blue,Cloud9,oe:team:fc8e90107dabb9a35c490b0d86adea0,1975,1,1274.0,1417.0,46.0,2.0,3.0,177.0,-971.0,44.0,3.0,7.0,3619.0,4259.0,73.0,13.0,12.0,top: Rumble / jng: Wukong / mid: Yone / bot: Kalista / sup: Renata Glasc,2026-09-05,Sentinels,top: Kennen / jng: Nocturne / mid: Ahri / bot: Yunara / sup: Lulu,1,-4.0,-1097.0,-2388.0,-2.0,29.475056015172413,True,Grew by >500g
LOLTMNT01_456068,complete,LCS,Summer,0,2026-09-05 22:03:57,1,16.17,100,Blue,Team Liquid,oe:team:8eb884e168f28402ce685bedebb5250,1479,1,2679.0,3813.0,63.0,4.0,1.0,5535.0,3381.0,65.0,5.0,1.0,12633.0,11664.0,90.0,15.0,2.0,top: Jax / jng: Pantheon / mid: Syndra / bot: Lucian / sup: Nami,2026-09-05,Dignitas,top: Gnar / jng: Lee Sin / mid: Twisted Fate / bot: Ezreal / sup: Karma,1,4.0,2856.0,-432.0,2.0,260.99830005916874,True,Won before 25
LOLTMNT01_457060,complete,LCS,Summer,0,2026-09-05 22:48:43,2,16.17,200,Red,Team Liquid,oe:team:8eb884e168f28402ce685bedebb5250,1752,1,2775.0,1552.0,32.0,4.0,1.0,5596.0,4078.0,44.0,7.0,1.0,11239.0,10623.0,66.0,15.0,3.0,top: K'Sante / jng: Cho'Gath / mid: Orianna / bot: Ashe / sup: Seraphine,2026-09-05,Dignitas,top: Ambessa / jng: Wukong / mid: Akali / bot: Yunara / sup: Lulu,0,6.0,2821.0,2526.0,12.0,260.99830005916874,True,Grew by >500g
13500-13500_game_1,complete,LPL,Split 3,1,2026-09-06 06:14:37,1,16.17,100,Blue,Invictus Gaming,oe:team:53a258f289c26d94431c0496a54e151,1408,1,-823.0,265.0,-3.0,1.0,1.0,4562.0,4374.0,16.0,10.0,5.0,,,,,,top: Gwen / jng: Nocturne / mid: Syndra / bot: Yunara / sup: Lulu,2026-09-06,Team WE,top: K'Sante / jng: Lee Sin / mid: Ryze / bot: Caitlyn / sup: Bard,1,5.0,5385.0,4109.0,19.0,-9.375993675574591,True,Won before 25
LOLTMNT02_463036,complete,LCK,Rounds 3-4,1,2026-09-06 08:09:36,1,16.16,200,Red,T1,oe:team:ce499dea30cfce118f4fe85da0227e8,2562,1,-882.0,-1819.0,-25.0,2.0,3.0,1509.0,1671.0,1.0,5.0,3.0,3853.0,6120.0,22.0,8.0,3.0,top: Rumble / jng: Lee Sin / mid: Cassiopeia / bot: Xayah / sup: Rakan,2026-09-06,Dplus Kia,top: Gnar / jng: Vi / mid: Taliyah / bot: Lucian / sup: Milio,0,2.0,2391.0,3490.0,26.0,6.562997432619568,True,Grew by >500g
13500-13500_game_4,complete,LPL,Split 3,1,2026-09-06 08:54:18,4,16.17,100,Blue,Invictus Gaming,oe:team:53a258f289c26d94431c0496a54e151,1542,1,1585.0,2080.0,19.0,3.0,2.0,4848.0,4511.0,50.0,8.0,4.0,10570.0,10328.0,77.0,17.0,5.0,top: Kled / jng: Qiyana / mid: Viktor / bot: Kalista / sup: Alistar,2026-09-06,Team WE,top: Olaf / jng: Pantheon / mid: Annie / bot: Sivir / sup: Karma,1,4.0,3263.0,2431.0,31.0,-9.375993675574591,True,Grew by >500g
LOLTMNT02_463047,complete,LCK,Rounds 3-4,1,2026-09-06 09:15:47,2,16.16,200,Red,T1,oe:team:ce499dea30cfce118f4fe85da0227e8,1873,0,2949.0,2654.0,32.0,7.0,4.0,792.0,495.0,18.0,8.0,7.0,-502.0,-1293.0,19.0,8.0,9.0,top: Jayce / jng: Qiyana / mid: Anivia / bot: Mel / sup: Alistar,2026-09-06,Dplus Kia,top: K'Sante / jng: Jarvan IV / mid: Ryze / bot: Ashe / sup: Lulu,0,1.0,-2157.0,-2159.0,-14.0,6.562997432619568,True,Lead lost by 25
LOLTMNT02_462218,complete,LCK,Rounds 3-4,1,2026-09-06 10:08:45,3,16.16,100,Blue,Dplus Kia,oe:team:ef69efa6acebe94107f0cf1ba716806,2387,0,642.0,4293.0,97.0,4.0,5.0,1453.0,4051.0,127.0,6.0,9.0,-2088.0,-642.0,81.0,9.0,15.0,top: Trundle / jng: Pantheon / mid: Viktor / bot: Jhin / sup: Rell,2026-09-06,T1,top: Olaf / jng: Skarner / mid: Locke / bot: Sivir / sup: Karma,1,-3.0,811.0,-242.0,30.0,-6.562997432619568,True,Lead lost by 25
LOLTMNT02_463053,complete,LCK,Rounds 3-4,1,2026-09-06 11:11:44,4,16.16,100,Blue,Dplus Kia,oe:team:ef69efa6acebe94107f0cf1ba716806,1884,0,1798.0,765.0,22.0,4.0,2.0,3310.0,1745.0,33.0,8.0,4.0,2155.0,166.0,17.0,8.0,5.0,top: Jax / jng: Cho'Gath / mid: Annie / bot: Ezreal / sup: Seraphine,2026-09-06,T1,top: Camille / jng: Naafiri / mid: Galio / bot: Kalista / sup: Renata Glasc,1,4.0,1512.0,980.0,11.0,-6.562997432619568,True,Shrank by >500g
13501-13501_game_3,complete,LPL,Split 3,1,2026-09-06 12:02:08,3,16.17,200,Red,LGD Gaming,oe:team:5f401785b6b78326f9a46b3c6b206ed,1572,1,3125.0,1994.0,5.0,7.0,0.0,5356.0,2517.0,-10.0,10.0,0.0,6233.0,5662.0,-8.0,10.0,0.0,top: Yorick / jng: Lee Sin / mid: Ahri / bot: Yunara / sup: Lulu,2026-09-06,Ninjas in Pyjamas,top: Varus / jng: Naafiri / mid: Galio / bot: Caitlyn / sup: Bard,0,10.0,2231.0,523.0,-15.0,-86.65041457696816,True,Grew by >500g
13501-13501_game_4,complete,LPL,Split 3,1,2026-09-06 12:51:12,4,16.17,200,Red,Ninjas in Pyjamas,oe:team:48d7941ccbd5b89aca46c57b0c2f8fb,1569,1,884.0,336.0,-15.0,2.0,0.0,4055.0,2757.0,-29.0,11.0,4.0,7112.0,8110.0,-24.0,15.0,5.0,top: Camille / jng: Maokai / mid: Tristana / bot: Kalista / sup: Renata Glasc,2026-09-06,LGD Gaming,top: Ambessa / jng: Skarner / mid: Akali / bot: Corki / sup: Neeko,0,7.0,3171.0,2421.0,-14.0,86.65041457696816,True,Grew by >500g
13501-13501_game_5,complete,LPL,Split 3,1,2026-09-06 13:43:30,5,16.17,200,Red,LGD Gaming,oe:team:5f401785b6b78326f9a46b3c6b206ed,2428,1,1916.0,190.0,-21.0,7.0,4.0,1986.0,727.0,-5.0,8.0,5.0,975.0,-737.0,-18.0,10.0,7.0,top: Aatrox / jng: Vi / mid: Syndra / bot: Xayah / sup: Rell,2026-09-06,Ninjas in Pyjamas,top: Rumble / jng: Poppy / mid: Azir / bot: Jhin / sup: Rakan,0,3.0,70.0,537.0,16.0,-86.65041457696816,True,Shrank by >500g
LOLTMNT04_188363,complete,LEC,Summer,1,2026-09-06 15:17:22,1,16.17,100,Blue,Karmine Corp,oe:team:f3aa9bbd924ce3af42ac53f8326bc7c,2025,0,245.0,624.0,-10.0,4.0,4.0,164.0,-1173.0,20.0,5.0,7.0,-899.0,-2361.0,24.0,7.0,12.0,top: Jayce / jng: Vi / mid: Ahri / bot: Caitlyn / sup: Bard,2026-09-06,G2 Esports,top: K'Sante / jng: Xin Zhao / mid: Viktor / bot: Ezreal / sup: Karma,1,-2.0,-81.0,-1797.0,30.0,36.567064674918356,True,Lead lost by 25
LOLTMNT01_456330,complete,CBLOL,Split 2,1,2026-09-06 16:11:28,1,16.17,200,Red,FURIA,oe:team:87e3e1e75839f75a10bbc66e894d806,2315,1,132.0,-991.0,-30.0,3.0,2.0,1715.0,345.0,-1.0,3.0,3.0,1526.0,-765.0,18.0,4.0,4.0,top: Jax / jng: Naafiri / mid: Viktor / bot: Ezreal / sup: Karma,2026-09-06,RED Canids,top: Olaf / jng: Lee Sin / mid: Cassiopeia / bot: Ziggs / sup: Leona,0,0.0,1583.0,1336.0,29.0,140.67634637731362,True,Within 500g
LOLTMNT04_188367,complete,LEC,Summer,1,2026-09-06 16:15:36,2,16.17,200,Red,Karmine Corp,oe:team:f3aa9bbd924ce3af42ac53f8326bc7c,2068,0,-1856.0,-667.0,-1.0,3.0,6.0,912.0,1983.0,36.0,8.0,8.0,-2173.0,-598.0,21.0,10.0,13.0,top: Olaf / jng: Lee Sin / mid: Orianna / bot: Lucian / sup: Milio,2026-09-06,G2 Esports,top: Camille / jng: Jarvan IV / mid: Galio / bot: Yunara / sup: Lulu,0,0.0,2768.0,2650.0,37.0,36.567064674918356,True,Lead lost by 25
LOLTMNT01_457348,complete,CBLOL,Split 2,1,2026-09-06 17:08:40,2,16.17,100,Blue,FURIA,oe:team:87e3e1e75839f75a10bbc66e894d806,1921,1,2829.0,1438.0,27.0,7.0,3.0,4069.0,2122.0,52.0,7.0,3.0,1767.0,-3889.0,48.0,7.0,5.0,top: Rumble / jng: Trundle / mid: Ryze / bot: Kalista / sup: Renata Glasc,2026-09-06,RED Canids,top: Ambessa / jng: Wukong / mid: Anivia / bot: Yunara / sup: Lulu,1,4.0,1240.0,684.0,25.0,140.67634637731362,True,Shrank by >500g
LOLTMNT04_188372,complete,LEC,Summer,1,2026-09-06 17:13:03,3,16.17,200,Red,Karmine Corp,oe:team:f3aa9bbd924ce3af42ac53f8326bc7c,1692,1,1480.0,939.0,25.0,2.0,0.0,4381.0,2063.0,43.0,4.0,1.0,8771.0,11078.0,63.0,8.0,1.0,top: Ambessa / jng: Qiyana / mid: Ryze / bot: Varus / sup: Alistar,2026-09-06,G2 Esports,top: Zaahen / jng: Cho'Gath / mid: Syndra / bot: Xayah / sup: Rakan,0,3.0,2901.0,1124.0,18.0,36.567064674918356,True,Grew by >500g
LOLTMNT01_456366,complete,CBLOL,Split 2,1,2026-09-06 17:58:21,3,16.17,100,Blue,FURIA,oe:team:87e3e1e75839f75a10bbc66e894d806,1921,1,1091.0,-340.0,9.0,3.0,1.0,2144.0,-333.0,9.0,3.0,1.0,5796.0,4402.0,12.0,6.0,3.0,top: Gwen / jng: Xin Zhao / mid: Twisted Fate / bot: Ashe / sup: Seraphine,2026-09-06,RED Canids,top: K'Sante / jng: Qiyana / mid: Sylas / bot: Caitlyn / sup: Bard,1,2.0,1053.0,7.0,0.0,140.67634637731362,True,Grew by >500g
LOLTMNT04_189380,complete,LEC,Summer,1,2026-09-06 18:04:59,4,16.17,200,Red,G2 Esports,oe:team:7d6673d3a9d00363c6bebc1a630da6e,1588,1,2224.0,1931.0,61.0,3.0,3.0,3328.0,2993.0,94.0,3.0,4.0,7823.0,8587.0,93.0,8.0,4.0,top: Rumble / jng: Maokai / mid: Tristana / bot: Miss Fortune / sup: Nautilus,2026-09-06,Karmine Corp,top: Gnar / jng: Trundle / mid: Sylas / bot: Ashe / sup: Seraphine,0,-1.0,1104.0,1062.0,33.0,-36.567064674918356,True,Grew by >500g
LOLTMNT01_456410,complete,LCS,Summer,0,2026-09-06 20:07:35,1,16.17,200,Red,FlyQuest,oe:team:2e66da41dc460dd378e3bcc57042d31,1940,1,975.0,619.0,35.0,4.0,7.0,1922.0,-135.0,34.0,7.0,9.0,412.0,-1737.0,72.0,7.0,11.0,top: Rumble / jng: Trundle / mid: Ryze / bot: Ezreal / sup: Karma,2026-09-06,Shopify Rebellion,top: Ornn / jng: Pantheon / mid: Taliyah / bot: Lucian / sup: Milio,0,-2.0,947.0,-754.0,-1.0,46.684044511921,True,Shrank by >500g
LOLTMNT01_457428,complete,LCS,Summer,0,2026-09-06 20:57:45,2,16.17,200,Red,FlyQuest,oe:team:2e66da41dc460dd378e3bcc57042d31,1923,1,-293.0,-990.0,-6.0,4.0,4.0,3885.0,4108.0,24.0,9.0,4.0,4529.0,6317.0,16.0,11.0,5.0,top: Gnar / jng: Wukong / mid: Annie / bot: Kalista / sup: Renata Glasc,2026-09-06,Shopify Rebellion,top: K'Sante / jng: Lee Sin / mid: Azir / bot: Ashe / sup: Seraphine,0,5.0,4178.0,5098.0,30.0,46.684044511921,True,Grew by >500g
LOLTMNT01_456445,complete,LCS,Summer,0,2026-09-06 21:51:40,1,16.17,200,Red,LYON,oe:team:da1143bf9a245b78a8dc86417de85b3,1431,1,1891.0,3251.0,27.0,5.0,1.0,3146.0,5276.0,39.0,10.0,3.0,,,,,,top: Malphite / jng: Xin Zhao / mid: Annie / bot: Ezreal / sup: Karma,2026-09-06,Disguised,top: Jayce / jng: Jarvan IV / mid: Ryze / bot: Jhin / sup: Nautilus,0,7.0,1255.0,2025.0,12.0,302.40512660588524,True,Won before 25
LOLTMNT01_457447,complete,LCS,Summer,0,2026-09-06 22:34:24,2,16.17,100,Blue,LYON,oe:team:da1143bf9a245b78a8dc86417de85b3,1457,1,8231.0,5386.0,70.0,15.0,5.0,13451.0,9166.0,68.0,25.0,5.0,17393.0,12848.0,80.0,30.0,6.0,top: Renekton / jng: Skarner / mid: Sylas / bot: Lucian / sup: Milio,2026-09-06,Disguised,top: Varus / jng: Pantheon / mid: Ahri / bot: Xayah / sup: Rakan,1,20.0,5220.0,3780.0,-2.0,302.40512660588524,True,Won before 25
13502-13502_game_3,complete,LPL,Split 3,1,2026-09-07 11:05:44,3,16.17,100,Blue,Bilibili Gaming,oe:team:d356a144644879dabb5f34cd99c886d,1495,1,2262.0,-177.0,26.0,6.0,4.0,5393.0,4015.0,56.0,13.0,6.0,12130.0,11247.0,112.0,23.0,8.0,top: Olaf / jng: Skarner / mid: Locke / bot: Kalista / sup: Renata Glasc,2026-09-07,Anyone's Legend,top: Nasus / jng: Maokai / mid: Anivia / bot: Corki / sup: Neeko,1,7.0,3131.0,4192.0,30.0,104.77053701353702,True,Won before 25
13503-13503_game_1,complete,LPL,Split 3,1,2026-09-08 09:15:46,1,16.17,200,Red,Invictus Gaming,oe:team:53a258f289c26d94431c0496a54e151,1618,1,2606.0,671.0,49.0,4.0,3.0,6094.0,3995.0,79.0,6.0,3.0,9416.0,7957.0,89.0,11.0,4.0,top: Gnar / jng: Naafiri / mid: Syndra / bot: Ashe / sup: Seraphine,2026-09-08,LGD Gaming,top: Ambessa / jng: Pantheon / mid: Ryze / bot: Ezreal / sup: Karma,0,3.0,3488.0,3324.0,30.0,-1.9205191012238174,True,Grew by >500g
13503-13503_game_2,complete,LPL,Split 3,1,2026-09-08 10:06:24,2,16.17,100,Blue,Invictus Gaming,oe:team:53a258f289c26d94431c0496a54e151,1530,1,5756.0,3839.0,53.0,10.0,5.0,8031.0,6856.0,94.0,17.0,9.0,12185.0,8008.0,58.0,23.0,11.0,top: Trundle / jng: Jarvan IV / mid: Aurora / bot: Yunara / sup: Lulu,2026-09-08,LGD Gaming,top: Olaf / jng: Qiyana / mid: Galio / bot: Lucian / sup: Milio,1,8.0,2275.0,3017.0,41.0,-1.9205191012238174,True,Grew by >500g
13503-13503_game_3,complete,LPL,Split 3,1,2026-09-08 10:55:45,3,16.17,100,Blue,Invictus Gaming,oe:team:53a258f289c26d94431c0496a54e151,1665,1,3663.0,2065.0,44.0,5.0,2.0,1030.0,-394.0,41.0,6.0,6.0,4469.0,3599.0,49.0,12.0,10.0,top: Rumble / jng: Skarner / mid: Orianna / bot: Aphelios / sup: Thresh,2026-09-08,LGD Gaming,top: Camille / jng: Maokai / mid: Taliyah / bot: Kalista / sup: Renata Glasc,1,0.0,-2633.0,-2459.0,-3.0,-1.9205191012238174,True,Grew by >500g
LOLTMNT04_189689,complete,LEC,Summer,1,2026-09-11 15:10:09,1,16.17,200,Red,Natus Vincere,oe:team:d2ba9f92d85cff67d60aaad88e61048,1728,1,1640.0,1717.0,51.0,4.0,3.0,2674.0,2158.0,45.0,7.0,4.0,6606.0,10253.0,63.0,14.0,7.0,top: Rumble / jng: Jarvan IV / mid: Ryze / bot: Xayah / sup: Nautilus,2026-09-11,GiantX,top: Ambessa / jng: Vi / mid: Anivia / bot: Corki / sup: Rakan,0,3.0,1034.0,441.0,-6.0,-6.492293589121346,True,Grew by >500g
LOLTMNT04_188630,complete,LEC,Summer,1,2026-09-11 15:57:07,2,16.17,100,Blue,GiantX,oe:team:6cd05f0ac20bfb965a59dc8bcc4f184,2157,1,359.0,44.0,-13.0,1.0,3.0,2561.0,-919.0,-31.0,3.0,4.0,715.0,-4453.0,-20.0,6.0,8.0,top: Trundle / jng: Xin Zhao / mid: Syndra / bot: Ashe / sup: Seraphine,2026-09-11,Natus Vincere,top: Olaf / jng: Wukong / mid: Akali / bot: Lucian / sup: Milio,1,-1.0,2202.0,-963.0,-18.0,6.492293589121346,True,Shrank by >500g
LOLTMNT04_189695,complete,LEC,Summer,1,2026-09-11 16:53:59,3,16.17,100,Blue,Natus Vincere,oe:team:d2ba9f92d85cff67d60aaad88e61048,2178,1,1800.0,1877.0,27.0,7.0,4.0,1026.0,1551.0,51.0,7.0,5.0,447.0,1705.0,42.0,9.0,8.0,top: Renekton / jng: Shyvana / mid: Orianna / bot: Ezreal / sup: Karma,2026-09-11,GiantX,top: Kennen / jng: Nocturne / mid: Locke / bot: Jhin / sup: Bard,1,2.0,-774.0,-326.0,24.0,-6.492293589121346,True,Shrank by >500g
LOLTMNT04_188638,complete,LEC,Summer,1,2026-09-11 17:53:27,4,16.17,200,Red,Natus Vincere,oe:team:d2ba9f92d85cff67d60aaad88e61048,2190,0,140.0,1523.0,22.0,4.0,3.0,1531.0,3922.0,45.0,7.0,4.0,2916.0,4604.0,52.0,8.0,4.0,top: Gwen / jng: Naafiri / mid: Annie / bot: Varus / sup: Rell,2026-09-11,GiantX,top: Yorick / jng: Skarner / mid: Taliyah / bot: Sivir / sup: Alistar,0,3.0,1391.0,2399.0,23.0,-6.492293589121346,True,Grew by >500g
LOLTMNT04_188647,complete,LEC,Summer,1,2026-09-11 18:51:32,5,16.17,100,Blue,Natus Vincere,oe:team:d2ba9f92d85cff67d60aaad88e61048,2250,1,1579.0,1802.0,31.0,4.0,1.0,1961.0,3449.0,68.0,7.0,3.0,4457.0,6685.0,56.0,11.0,4.0,top: Jax / jng: Aatrox / mid: Viktor / bot: Ziggs / sup: Leona,2026-09-11,GiantX,top: Gangplank / jng: Sejuani / mid: Azir / bot: Caitlyn / sup: Braum,1,4.0,382.0,1647.0,37.0,-6.492293589121346,True,Grew by >500g
LOLTMNT02_463339,complete,LCK,Rounds 3-4,1,2026-09-12 05:21:16,1,16.16,100,Blue,Hanwha Life Esports,oe:team:3a1d18f46bcb3716ebcfcf4ef068934,2889,1,181.0,-1851.0,8.0,2.0,4.0,575.0,-1203.0,13.0,3.0,4.0,2333.0,212.0,34.0,6.0,6.0,top: Jayce / jng: Qiyana / mid: Ryze / bot: Jhin / sup: Alistar,2026-09-12,T1,top: Gragas / jng: Naafiri / mid: Orianna / bot: Lucian / sup: Milio,1,-1.0,394.0,648.0,5.0,23.545683228765483,True,Grew by >500g
LOLTMNT02_463340,complete,LCK,Rounds 3-4,1,2026-09-12 06:33:41,2,16.16,100,Blue,T1,oe:team:ce499dea30cfce118f4fe85da0227e8,1799,0,370.0,1111.0,5.0,2.0,1.0,1089.0,1627.0,12.0,4.0,2.0,-2156.0,-3468.0,16.0,5.0,5.0,top: Rumble / jng: Pantheon / mid: Syndra / bot: Yunara / sup: Lulu,2026-09-12,Hanwha Life Esports,top: Galio / jng: Jarvan IV / mid: Yone / bot: Caitlyn / sup: Karma,1,2.0,719.0,516.0,7.0,-23.545683228765483,True,Lead lost by 25
LOLTMNT02_462537,complete,LCK,Rounds 3-4,1,2026-09-12 07:27:48,3,16.16,200,Red,T1,oe:team:ce499dea30cfce118f4fe85da0227e8,1919,1,-1920.0,684.0,-17.0,4.0,6.0,799.0,3212.0,0.0,11.0,9.0,-1504.0,-2871.0,-20.0,13.0,12.0,top: K'Sante / jng: Vi / mid: Akali / bot: Zeri / sup: Yuumi,2026-09-12,Hanwha Life Esports,top: Olaf / jng: Lee Sin / mid: Twisted Fate / bot: Ashe / sup: Seraphine,0,2.0,2719.0,2528.0,17.0,-23.545683228765483,True,Lead lost by 25
LOLTMNT02_462538,complete,LCK,Rounds 3-4,1,2026-09-12 08:21:21,4,16.16,200,Red,Hanwha Life Esports,oe:team:3a1d18f46bcb3716ebcfcf4ef068934,1788,1,2181.0,346.0,20.0,4.0,1.0,3974.0,3362.0,59.0,5.0,1.0,4120.0,4360.0,56.0,6.0,2.0,top: Gnar / jng: Cho'Gath / mid: Viktor / bot: Xayah / sup: Rakan,2026-09-12,T1,top: Jax / jng: Nocturne / mid: Azir / bot: Jinx / sup: Tahm Kench,0,4.0,1793.0,3016.0,39.0,23.545683228765483,True,Within 500g
13504-13504_game_4,complete,LPL,Split 3,1,2026-09-12 12:05:21,4,16.17,100,Blue,Invictus Gaming,oe:team:53a258f289c26d94431c0496a54e151,1777,1,-199.0,623.0,4.0,1.0,3.0,874.0,96.0,13.0,4.0,7.0,1674.0,834.0,41.0,5.0,8.0,top: Gwen / jng: Lee Sin / mid: Aurora / bot: Aphelios / sup: Thresh,2026-09-12,Anyone's Legend,top: K'Sante / jng: Trundle / mid: Azir / bot: Miss Fortune / sup: Neeko,1,-3.0,1073.0,-527.0,9.0,8.34455700245303,True,Grew by >500g
13504-13504_game_5,complete,LPL,Split 3,1,2026-09-12 13:07:02,5,16.17,200,Red,Invictus Gaming,oe:team:53a258f289c26d94431c0496a54e151,1811,0,2390.0,2384.0,3.0,8.0,3.0,4066.0,2688.0,7.0,11.0,5.0,5849.0,7852.0,-14.0,14.0,5.0,top: Anivia / jng: Xin Zhao / mid: LeBlanc / bot: Zeri / sup: Yuumi,2026-09-12,Anyone's Legend,top: Olaf / jng: Cho'Gath / mid: Akali / bot: Jinx / sup: Tahm Kench,0,6.0,1676.0,304.0,4.0,8.34455700245303,True,Grew by >500g
LOLTMNT04_189780,complete,LEC,Summer,1,2026-09-12 15:12:08,1,16.17,200,Red,Movistar KOI,oe:team:4acc40654379b4da680be1bd3129dfa,1919,1,2939.0,3813.0,44.0,4.0,3.0,2858.0,1244.0,50.0,4.0,5.0,1520.0,1536.0,55.0,7.0,9.0,top: Ambessa / jng: Vi / mid: Ryze / bot: Caitlyn / sup: Bard,2026-09-12,Team Vitality,top: Zaahen / jng: Xin Zhao / mid: Viktor / bot: Ashe / sup: Seraphine,0,-1.0,-81.0,-2569.0,6.0,-20.7988724027648,True,Shrank by >500g
LOLTMNT04_188707,complete,LEC,Summer,1,2026-09-12 16:04:49,2,16.17,200,Red,Team Vitality,oe:team:e8d8ae992fe72acb7adc7bfcee31dbb,2128,1,1757.0,1678.0,28.0,2.0,0.0,3181.0,2655.0,55.0,3.0,1.0,4776.0,3530.0,54.0,5.0,1.0,top: K'Sante / jng: Qiyana / mid: Syndra / bot: Lucian / sup: Milio,2026-09-12,Movistar KOI,top: Gwen / jng: Naafiri / mid: Yone / bot: Yunara / sup: Lulu,0,2.0,1424.0,977.0,27.0,20.7988724027648,True,Grew by >500g
LOLTMNT01_461062,complete,CBLOL,Split 2,1,2026-09-12 16:11:02,1,16.17,100,Blue,FURIA,oe:team:87e3e1e75839f75a10bbc66e894d806,2454,0,2162.0,1430.0,37.0,4.0,2.0,3912.0,3908.0,52.0,6.0,3.0,4680.0,6341.0,39.0,10.0,5.0,top: Olaf / jng: Sejuani / mid: Annie / bot: Ezreal / sup: Seraphine,2026-09-12,LØS,top: Trundle / jng: Jarvan IV / mid: Ryze / bot: Sivir / sup: Karma,1,3.0,1750.0,2478.0,15.0,49.34202063431371,True,Grew by >500g
LOLTMNT04_188718,complete,LEC,Summer,1,2026-09-12 17:04:44,3,16.17,200,Red,Movistar KOI,oe:team:4acc40654379b4da680be1bd3129dfa,2209,0,2450.0,2562.0,-5.0,11.0,5.0,3546.0,2901.0,6.0,13.0,6.0,3209.0,3442.0,19.0,16.0,8.0,top: Jayce / jng: Skarner / mid: Galio / bot: Sivir / sup: Rakan,2026-09-12,Team Vitality,top: Varus / jng: Lee Sin / mid: Akali / bot: Xayah / sup: Alistar,0,7.0,1096.0,339.0,11.0,-20.7988724027648,True,Within 500g
LOLTMNT01_461082,complete,CBLOL,Split 2,1,2026-09-12 17:09:59,2,16.17,100,Blue,LØS,oe:team:ea65e6cc48a9be50fc5334369a5fca5,1646,1,2729.0,2793.0,30.0,4.0,2.0,3010.0,1684.0,36.0,4.0,3.0,6313.0,7791.0,43.0,8.0,4.0,top: Jayce / jng: Vi / mid: Orianna / bot: Taliyah / sup: Nautilus,2026-09-12,FURIA,top: K'Sante / jng: Maokai / mid: Syndra / bot: Kalista / sup: Renata Glasc,1,1.0,281.0,-1109.0,6.0,-49.34202063431371,True,Grew by >500g
LOLTMNT01_461094,complete,CBLOL,Split 2,1,2026-09-12 17:56:47,3,16.17,200,Red,FURIA,oe:team:87e3e1e75839f75a10bbc66e894d806,1802,1,1686.0,226.0,-7.0,4.0,1.0,2327.0,1923.0,7.0,6.0,2.0,5623.0,5584.0,14.0,10.0,3.0,top: Camille / jng: Xin Zhao / mid: Twisted Fate / bot: Yunara / sup: Lulu,2026-09-12,LØS,top: Jax / jng: Pantheon / mid: Aurora / bot: Lucian / sup: Milio,0,4.0,641.0,1697.0,14.0,49.34202063431371,True,Grew by >500g
LOLTMNT04_188721,complete,LEC,Summer,1,2026-09-12 18:00:49,4,16.17,200,Red,Movistar KOI,oe:team:4acc40654379b4da680be1bd3129dfa,1708,1,950.0,2098.0,29.0,2.0,3.0,2786.0,1892.0,12.0,5.0,3.0,10304.0,9776.0,33.0,12.0,3.0,top: Renekton / jng: Pantheon / mid: Ahri / bot: Ezreal / sup: Neeko,2026-09-12,Team Vitality,top: Kennen / jng: Trundle / mid: Orianna / bot: Jhin / sup: Rell,0,2.0,1836.0,-206.0,-17.0,-20.7988724027648,True,Grew by >500g
LOLTMNT01_460135,complete,CBLOL,Split 2,1,2026-09-12 18:45:22,4,16.17,200,Red,LØS,oe:team:ea65e6cc48a9be50fc5334369a5fca5,1903,1,3002.0,2136.0,66.0,1.0,1.0,3218.0,1021.0,75.0,2.0,3.0,3767.0,4807.0,56.0,3.0,3.0,top: Rumble / jng: Wukong / mid: Hwei / bot: Kai'Sa / sup: Alistar,2026-09-12,FURIA,top: Ambessa / jng: Poppy / mid: Viktor / bot: Xayah / sup: Rakan,0,-1.0,216.0,-1115.0,9.0,-49.34202063431371,True,Grew by >500g
LOLTMNT02_463372,complete,LCK,Rounds 3-4,1,2026-09-13 05:30:03,1,16.16,200,Red,Hanwha Life Esports,oe:team:3a1d18f46bcb3716ebcfcf4ef068934,2325,1,879.0,1139.0,32.0,3.0,3.0,2449.0,2151.0,25.0,5.0,4.0,3232.0,1514.0,26.0,5.0,4.0,top: Galio / jng: Naafiri / mid: Orianna / bot: Caitlyn / sup: Bard,2026-09-13,Gen.G,top: Rumble / jng: Vi / mid: Ryze / bot: Lucian / sup: Milio,0,1.0,1570.0,1012.0,-7.0,-63.67748268061814,True,Grew by >500g
LOLTMNT02_463373,complete,LCK,Rounds 3-4,1,2026-09-13 06:33:57,2,16.16,200,Red,Gen.G,oe:team:50f58982d91a36557ec8aec52ab014f,1864,1,694.0,-301.0,-17.0,5.0,4.0,3885.0,2275.0,-12.0,11.0,5.0,7557.0,6474.0,17.0,14.0,5.0,top: Varus / jng: Nocturne / mid: Lissandra / bot: Kalista / sup: Renata Glasc,2026-09-13,Hanwha Life Esports,top: Anivia / jng: Jarvan IV / mid: Akali / bot: Yunara / sup: Lulu,0,6.0,3191.0,2576.0,5.0,63.67748268061814,True,Grew by >500g
LOLTMNT02_462565,complete,LCK,Rounds 3-4,1,2026-09-13 07:29:20,3,16.16,200,Red,Gen.G,oe:team:50f58982d91a36557ec8aec52ab014f,1616,1,2704.0,2243.0,28.0,4.0,3.0,2358.0,1881.0,34.0,4.0,4.0,12930.0,10399.0,70.0,13.0,4.0,top: Sion / jng: Lee Sin / mid: Sylas / bot: Zeri / sup: Yuumi,2026-09-13,Hanwha Life Esports,top: Dr. Mundo / jng: Cho'Gath / mid: Syndra / bot: Ashe / sup: Seraphine,0,0.0,-346.0,-362.0,6.0,63.67748268061814,True,Grew by >500g
LOLTMNT02_463374,complete,LCK,Rounds 3-4,1,2026-09-13 08:19:05,4,16.16,100,Blue,Gen.G,oe:team:50f58982d91a36557ec8aec52ab014f,1681,1,392.0,286.0,34.0,2.0,3.0,3231.0,3884.0,37.0,8.0,4.0,6097.0,7870.0,68.0,11.0,4.0,top: Gwen / jng: Trundle / mid: Viktor / bot: Corki / sup: Alistar,2026-09-13,Hanwha Life Esports,top: Fiora / jng: Skarner / mid: Locke / bot: Jhin / sup: Karma,1,4.0,2839.0,3598.0,3.0,63.67748268061814,True,Grew by >500g
13505-13505_game_1,complete,LPL,Split 3,1,2026-09-13 09:06:27,1,16.17,200,Red,Anyone's Legend,oe:team:ed28f87f0cfdba0a2a8f183cebae73a,1807,1,1095.0,-206.0,-22.0,3.0,1.0,1797.0,291.0,-29.0,7.0,3.0,3015.0,3614.0,-7.0,11.0,6.0,top: Rumble / jng: Qiyana / mid: Annie / bot: Jhin / sup: Nautilus,2026-09-13,Bilibili Gaming,top: K'Sante / jng: Jarvan IV / mid: Aurora / bot: Yunara / sup: Lulu,0,4.0,702.0,497.0,-7.0,-136.00585259705758,True,Grew by >500g
13505-13505_game_2,complete,LPL,Split 3,1,2026-09-13 10:04:32,2,16.17,100,Blue,Anyone's Legend,oe:team:ed28f87f0cfdba0a2a8f183cebae73a,1897,1,1750.0,347.0,-14.0,4.0,0.0,3547.0,2810.0,10.0,6.0,0.0,9163.0,10077.0,6.0,15.0,1.0,top: Gnar / jng: Cho'Gath / mid: Viktor / bot: Ashe / sup: Seraphine,2026-09-13,Bilibili Gaming,top: Kai'Sa / jng: Naafiri / mid: Orianna / bot: Kalista / sup: Renata Glasc,1,6.0,1797.0,2463.0,24.0,-136.00585259705758,True,Grew by >500g
13505-13505_game_3,complete,LPL,Split 3,1,2026-09-13 11:02:24,3,16.17,200,Red,Bilibili Gaming,oe:team:d356a144644879dabb5f34cd99c886d,2126,1,1956.0,2129.0,2.0,3.0,0.0,885.0,548.0,21.0,4.0,4.0,2583.0,4735.0,30.0,9.0,6.0,top: Renekton / jng: Pantheon / mid: Akali / bot: Xayah / sup: Rakan,2026-09-13,Anyone's Legend,top: Kennen / jng: Skarner / mid: Lissandra / bot: Lucian / sup: Milio,0,0.0,-1071.0,-1581.0,19.0,136.00585259705758,True,Grew by >500g
13505-13505_game_4,complete,LPL,Split 3,1,2026-09-13 12:03:56,4,16.17,200,Red,Anyone's Legend,oe:team:ed28f87f0cfdba0a2a8f183cebae73a,1866,1,1355.0,-836.0,-60.0,4.0,0.0,5995.0,3319.0,-37.0,13.0,2.0,5350.0,3290.0,-91.0,15.0,4.0,top: Olaf / jng: Maokai / mid: Yone / bot: Miss Fortune / sup: Rell,2026-09-13,Bilibili Gaming,top: Camille / jng: Lee Sin / mid: Ahri / bot: Caitlyn / sup: Karma,0,11.0,4640.0,4155.0,23.0,-136.00585259705758,True,Shrank by >500g
LOLTMNT01_461415,complete,CBLOL,Split 2,1,2026-09-13 16:11:32,1,16.17,100,Blue,paiN Gaming,oe:team:61450737f7b683db4da7b3e0bf0dced,1602,1,3019.0,2214.0,24.0,5.0,1.0,5297.0,3900.0,27.0,9.0,2.0,9617.0,7301.0,32.0,12.0,2.0,top: Ambessa / jng: Jarvan IV / mid: Syndra / bot: Lucian / sup: Milio,2026-09-13,LOUD,top: K'Sante / jng: Vi / mid: Ryze / bot: Ezreal / sup: Karma,1,7.0,2278.0,1686.0,3.0,-152.49594831309855,True,Grew by >500g
LOLTMNT01_461426,complete,CBLOL,Split 2,1,2026-09-13 16:59:34,2,16.17,200,Red,LOUD,oe:team:658a021a796aa5501503220adb38cf4,2080,1,-1126.0,-2524.0,-39.0,4.0,5.0,3193.0,1159.0,-16.0,9.0,5.0,3279.0,134.0,-20.0,9.0,5.0,top: Kled / jng: Nocturne / mid: Ahri / bot: Ashe / sup: Seraphine,2026-09-13,paiN Gaming,top: Jax / jng: Olaf / mid: Locke / bot: Yunara / sup: Lulu,0,4.0,4319.0,3683.0,23.0,152.49594831309855,True,Within 500g
LOLTMNT01_461444,complete,CBLOL,Split 2,1,2026-09-13 17:53:46,3,16.17,100,Blue,LOUD,oe:team:658a021a796aa5501503220adb38cf4,2036,1,3906.0,3184.0,66.0,5.0,2.0,1641.0,-323.0,67.0,5.0,6.0,6349.0,4674.0,89.0,9.0,7.0,top: Rumble / jng: Qiyana / mid: LeBlanc / bot: Sivir / sup: Alistar,2026-09-13,paiN Gaming,top: Sion / jng: Wukong / mid: Orianna / bot: Xayah / sup: Rakan,1,-1.0,-2265.0,-3507.0,1.0,152.49594831309855,True,Grew by >500g
LOLTMNT01_461452,complete,CBLOL,Split 2,1,2026-09-13 18:46:05,4,16.17,100,Blue,LOUD,oe:team:658a021a796aa5501503220adb38cf4,2135,1,844.0,1783.0,16.0,7.0,7.0,89.0,1703.0,12.0,8.0,8.0,-1235.0,-1015.0,-7.0,8.0,10.0,top: Camille / jng: Maokai / mid: Viktor / bot: Jhin / sup: Leona,2026-09-13,paiN Gaming,top: Jayce / jng: Naafiri / mid: Taliyah / bot: Miss Fortune / sup: Nautilus,1,0.0,-755.0,-80.0,-4.0,152.49594831309855,True,Lead lost by 25
