gameid,league,date,side,teamname,datacompleteness,gamelength,eligible20,golddiffat20,xpdiffat20,csdiffat20,killdiff20,blue,gold_change15_20,xp_change15_20,cs_change15_20
LOLTMNT03_337058,LCK,2026-01-14 08:13:43,Blue,DN SOOPers,complete,1888,True,4410.0,6065.0,85.0,5.0,1,3897.0,4177.0,28.0
LOLTMNT03_337058,LCK,2026-01-14 08:13:43,Red,KT Rolster,complete,1888,True,-4410.0,-6065.0,-85.0,-5.0,0,-3897.0,-4177.0,-28.0
LOLTMNT03_337069,LCK,2026-01-14 09:06:16,Blue,DN SOOPers,complete,1650,True,-4792.0,-2125.0,-44.0,-3.0,1,-3073.0,-1669.0,-40.0
LOLTMNT03_337069,LCK,2026-01-14 09:06:16,Red,KT Rolster,complete,1650,True,4792.0,2125.0,44.0,3.0,0,3073.0,1669.0,40.0
13060-13060_game_1,LPL,2026-01-14 09:13:04,Blue,Invictus Gaming,partial,2322,False,,,,,1,,,
13060-13060_game_1,LPL,2026-01-14 09:13:04,Red,Weibo Gaming,partial,2322,False,,,,,0,,,
LOLTMNT03_337081,LCK,2026-01-14 09:54:54,Blue,KT Rolster,complete,2197,True,1068.0,-1803.0,23.0,-1.0,1,505.0,-1086.0,-5.0
LOLTMNT03_337081,LCK,2026-01-14 09:54:54,Red,DN SOOPers,complete,2197,True,-1068.0,1803.0,-23.0,1.0,0,-505.0,1086.0,5.0
13060-13060_game_2,LPL,2026-01-14 10:19:19,Blue,Invictus Gaming,partial,1988,False,,,,,1,,,
13060-13060_game_2,LPL,2026-01-14 10:19:19,Red,Weibo Gaming,partial,1988,False,,,,,0,,,
13060-13060_game_3,LPL,2026-01-14 11:17:57,Blue,Weibo Gaming,partial,2404,False,,,,,1,,,
13060-13060_game_3,LPL,2026-01-14 11:17:57,Red,Invictus Gaming,partial,2404,False,,,,,0,,,
LOLTMNT03_337109,LCK,2026-01-14 11:22:18,Blue,Dplus Kia,complete,1699,True,7853.0,5198.0,94.0,8.0,1,3598.0,2090.0,31.0
LOLTMNT03_337109,LCK,2026-01-14 11:22:18,Red,HANJIN BRION,complete,1699,True,-7853.0,-5198.0,-94.0,-8.0,0,-3598.0,-2090.0,-31.0
LOLTMNT03_336084,LCK,2026-01-14 12:11:18,Blue,Dplus Kia,complete,1530,True,7105.0,5036.0,77.0,9.0,1,1668.0,-73.0,8.0
LOLTMNT03_336084,LCK,2026-01-14 12:11:18,Red,HANJIN BRION,complete,1530,True,-7105.0,-5036.0,-77.0,-9.0,0,-1668.0,73.0,-8.0
13061-13061_game_1,LPL,2026-01-14 12:37:55,Blue,JD Gaming,partial,1496,False,,,,,1,,,
13061-13061_game_1,LPL,2026-01-14 12:37:55,Red,Top Esports,partial,1496,False,,,,,0,,,
13061-13061_game_2,LPL,2026-01-14 13:26:09,Blue,JD Gaming,partial,1704,False,,,,,1,,,
13061-13061_game_2,LPL,2026-01-14 13:26:09,Red,Top Esports,partial,1704,False,,,,,0,,,
13062-13062_game_1,LPL,2026-01-15 07:12:06,Blue,Ultra Prime,partial,2071,False,,,,,1,,,
13062-13062_game_1,LPL,2026-01-15 07:12:06,Red,LGD Gaming,partial,2071,False,,,,,0,,,
LOLTMNT03_336244,LCK,2026-01-15 08:05:23,Blue,Kiwoom DRX,complete,1782,True,-4653.0,-4072.0,-28.0,-5.0,1,-5021.0,-4570.0,-41.0
LOLTMNT03_336244,LCK,2026-01-15 08:05:23,Red,Gen.G,complete,1782,True,4653.0,4072.0,28.0,5.0,0,5021.0,4570.0,41.0
13062-13062_game_2,LPL,2026-01-15 08:14:04,Blue,Ultra Prime,complete,2240,True,-3544.0,-3439.0,-29.0,-3.0,1,-2547.0,-3941.0,-54.0
13062-13062_game_2,LPL,2026-01-15 08:14:04,Red,LGD Gaming,complete,2240,True,3544.0,3439.0,29.0,3.0,0,2547.0,3941.0,54.0
LOLTMNT03_336246,LCK,2026-01-15 08:56:47,Blue,Gen.G,complete,1469,True,11233.0,8471.0,125.0,16.0,1,5671.0,4977.0,52.0
LOLTMNT03_336246,LCK,2026-01-15 08:56:47,Red,Kiwoom DRX,complete,1469,True,-11233.0,-8471.0,-125.0,-16.0,0,-5671.0,-4977.0,-52.0
13063-13063_game_1,LPL,2026-01-15 09:26:10,Blue,Anyone's Legend,complete,1583,True,2730.0,3475.0,54.0,2.0,1,-899.0,-579.0,17.0
13063-13063_game_1,LPL,2026-01-15 09:26:10,Red,Invictus Gaming,complete,1583,True,-2730.0,-3475.0,-54.0,-2.0,0,899.0,579.0,-17.0
LOLTMNT03_337298,LCK,2026-01-15 10:15:24,Blue,Nongshim RedForce,complete,2070,True,1513.0,3005.0,26.0,0.0,1,1435.0,1989.0,-3.0
LOLTMNT03_337298,LCK,2026-01-15 10:15:24,Red,BNK FEARX,complete,2070,True,-1513.0,-3005.0,-26.0,0.0,0,-1435.0,-1989.0,3.0
13063-13063_game_2,LPL,2026-01-15 10:16:14,Blue,Anyone's Legend,complete,2049,True,-1712.0,393.0,15.0,2.0,1,-200.0,-235.0,7.0
13063-13063_game_2,LPL,2026-01-15 10:16:14,Red,Invictus Gaming,complete,2049,True,1712.0,-393.0,-15.0,-2.0,0,200.0,235.0,-7.0
LOLTMNT03_337304,LCK,2026-01-15 11:14:42,Blue,BNK FEARX,complete,1727,True,1984.0,300.0,5.0,2.0,1,698.0,-554.0,-26.0
LOLTMNT03_337304,LCK,2026-01-15 11:14:42,Red,Nongshim RedForce,complete,1727,True,-1984.0,-300.0,-5.0,-2.0,0,-698.0,554.0,26.0
13064-13064_game_1,LPL,2026-01-15 11:30:15,Blue,Bilibili Gaming,complete,2097,True,-1896.0,-1390.0,-17.0,-5.0,1,-266.0,-484.0,-6.0
13064-13064_game_1,LPL,2026-01-15 11:30:15,Red,Weibo Gaming,complete,2097,True,1896.0,1390.0,17.0,5.0,0,266.0,484.0,6.0
13064-13064_game_2,LPL,2026-01-15 12:30:36,Blue,Weibo Gaming,complete,2267,True,-649.0,-1599.0,-24.0,0.0,1,-1244.0,-1627.0,-26.0
13064-13064_game_2,LPL,2026-01-15 12:30:36,Red,Bilibili Gaming,complete,2267,True,649.0,1599.0,24.0,0.0,0,1244.0,1627.0,26.0
13064-13064_game_3,LPL,2026-01-15 13:36:07,Blue,Bilibili Gaming,partial,2153,False,,,,,1,,,
13064-13064_game_3,LPL,2026-01-15 13:36:07,Red,Weibo Gaming,partial,2153,False,,,,,0,,,
LOLTMNT01_320405,LCP,2026-01-16 06:23:26,Blue,Ground Zero Gaming,complete,2107,True,3062.0,2323.0,41.0,3.0,1,3758.0,3163.0,24.0
LOLTMNT01_320405,LCP,2026-01-16 06:23:26,Red,Team Secret Whales,complete,2107,True,-3062.0,-2323.0,-41.0,-3.0,0,-3758.0,-3163.0,-24.0
LOLTMNT01_320423,LCP,2026-01-16 07:18:35,Blue,Ground Zero Gaming,complete,1820,True,-3575.0,-3290.0,-21.0,-3.0,1,-3816.0,-2388.0,-20.0
LOLTMNT01_320423,LCP,2026-01-16 07:18:35,Red,Team Secret Whales,complete,1820,True,3575.0,3290.0,21.0,3.0,0,3816.0,2388.0,20.0
LOLTMNT03_336495,LCK,2026-01-16 08:05:40,Blue,Dplus Kia,complete,1505,True,5756.0,5613.0,71.0,5.0,1,5196.0,4371.0,37.0
LOLTMNT03_336495,LCK,2026-01-16 08:05:40,Red,DN SOOPers,complete,1505,True,-5756.0,-5613.0,-71.0,-5.0,0,-5196.0,-4371.0,-37.0
LOLTMNT01_320441,LCP,2026-01-16 08:15:42,Blue,Ground Zero Gaming,complete,1750,True,-4029.0,-1659.0,-14.0,-5.0,1,-467.0,-102.0,1.0
LOLTMNT01_320441,LCP,2026-01-16 08:15:42,Red,Team Secret Whales,complete,1750,True,4029.0,1659.0,14.0,5.0,0,467.0,102.0,-1.0
LOLTMNT03_336502,LCK,2026-01-16 08:53:11,Blue,Dplus Kia,complete,1535,True,3235.0,3370.0,118.0,-1.0,1,2231.0,1712.0,33.0
LOLTMNT03_336502,LCK,2026-01-16 08:53:11,Red,DN SOOPers,complete,1535,True,-3235.0,-3370.0,-118.0,1.0,0,-2231.0,-1712.0,-33.0
13106-13106_game_1,LPL,2026-01-16 09:16:42,Blue,Oh My God,complete,1729,True,-6671.0,-4468.0,-74.0,-4.0,1,-2791.0,-3339.0,-37.0
13106-13106_game_1,LPL,2026-01-16 09:16:42,Red,LNG Esports,complete,1729,True,6671.0,4468.0,74.0,4.0,0,2791.0,3339.0,37.0
LOLTMNT01_320481,LCP,2026-01-16 09:25:37,Blue,Fukuoka SoftBank HAWKS gaming,complete,2369,True,4285.0,4051.0,15.0,6.0,1,1946.0,135.0,-16.0
LOLTMNT01_320481,LCP,2026-01-16 09:25:37,Red,Deep Cross Gaming,complete,2369,True,-4285.0,-4051.0,-15.0,-6.0,0,-1946.0,-135.0,16.0
13106-13106_game_2,LPL,2026-01-16 10:08:11,Blue,LNG Esports,complete,1452,True,8282.0,5756.0,112.0,12.0,1,1567.0,1846.0,45.0
13106-13106_game_2,LPL,2026-01-16 10:08:11,Red,Oh My God,complete,1452,True,-8282.0,-5756.0,-112.0,-12.0,0,-1567.0,-1846.0,-45.0
LOLTMNT03_337590,LCK,2026-01-16 10:08:16,Blue,T1,complete,2204,True,641.0,835.0,3.0,0.0,1,-659.0,-543.0,0.0
LOLTMNT03_337590,LCK,2026-01-16 10:08:16,Red,Hanwha Life Esports,complete,2204,True,-641.0,-835.0,-3.0,0.0,0,659.0,543.0,0.0
LOLTMNT01_320496,LCP,2026-01-16 10:31:49,Blue,Deep Cross Gaming,complete,2302,True,5633.0,3545.0,75.0,5.0,1,1205.0,-182.0,20.0
LOLTMNT01_320496,LCP,2026-01-16 10:31:49,Red,Fukuoka SoftBank HAWKS gaming,complete,2302,True,-5633.0,-3545.0,-75.0,-5.0,0,-1205.0,182.0,-20.0
LOLTMNT03_336511,LCK,2026-01-16 11:07:37,Blue,Hanwha Life Esports,complete,1603,True,-3691.0,-2296.0,-4.0,-6.0,1,-1799.0,-559.0,-7.0
LOLTMNT03_336511,LCK,2026-01-16 11:07:37,Red,T1,complete,1603,True,3691.0,2296.0,4.0,6.0,0,1799.0,559.0,7.0
13066-13066_game_1,LPL,2026-01-16 11:10:15,Blue,EDward Gaming,complete,2299,True,692.0,-573.0,-7.0,-2.0,1,989.0,1007.0,28.0
13066-13066_game_1,LPL,2026-01-16 11:10:15,Red,Team WE,complete,2299,True,-692.0,573.0,7.0,2.0,0,-989.0,-1007.0,-28.0
LOLTMNT03_337603,LCK,2026-01-16 11:56:34,Blue,T1,complete,1700,True,8289.0,6055.0,43.0,10.0,1,3875.0,2348.0,25.0
LOLTMNT03_337603,LCK,2026-01-16 11:56:34,Red,Hanwha Life Esports,complete,1700,True,-8289.0,-6055.0,-43.0,-10.0,0,-3875.0,-2348.0,-25.0
13066-13066_game_2,LPL,2026-01-16 12:15:45,Blue,Team WE,complete,1910,True,-3534.0,-2853.0,-26.0,-8.0,1,1788.0,934.0,19.0
13066-13066_game_2,LPL,2026-01-16 12:15:45,Red,EDward Gaming,complete,1910,True,3534.0,2853.0,26.0,8.0,0,-1788.0,-934.0,-19.0
LOLTMNT01_320768,LCP,2026-01-17 06:17:02,Blue,CTBC Flying Oyster,complete,2217,True,-1243.0,-2206.0,-16.0,-1.0,1,-1036.0,-1584.0,-1.0
LOLTMNT01_320768,LCP,2026-01-17 06:17:02,Red,GAM Esports,complete,2217,True,1243.0,2206.0,16.0,1.0,0,1036.0,1584.0,1.0
LOLTMNT01_321834,LCP,2026-01-17 07:12:45,Blue,CTBC Flying Oyster,complete,2020,True,-2201.0,-2437.0,-29.0,-6.0,1,-2859.0,-2523.0,-24.0
LOLTMNT01_321834,LCP,2026-01-17 07:12:45,Red,GAM Esports,complete,2020,True,2201.0,2437.0,29.0,6.0,0,2859.0,2523.0,24.0
LOLTMNT03_336667,LCK,2026-01-17 08:05:53,Blue,BNK FEARX,complete,1913,True,-2629.0,-5053.0,-41.0,-7.0,1,288.0,-1420.0,-13.0
LOLTMNT03_336667,LCK,2026-01-17 08:05:53,Red,HANJIN BRION,complete,1913,True,2629.0,5053.0,41.0,7.0,0,-288.0,1420.0,13.0
LOLTMNT01_321853,LCP,2026-01-17 08:21:31,Blue,DetonatioN FocusMe,complete,1760,True,-5037.0,-2703.0,-47.0,-3.0,1,-3585.0,-1849.0,-30.0
LOLTMNT01_321853,LCP,2026-01-17 08:21:31,Red,MVK Esports,complete,1760,True,5037.0,2703.0,47.0,3.0,0,3585.0,1849.0,30.0
LOLTMNT03_337754,LCK,2026-01-17 09:01:27,Blue,BNK FEARX,complete,1506,True,-165.0,-642.0,-35.0,2.0,1,-575.0,-282.0,-16.0
LOLTMNT03_337754,LCK,2026-01-17 09:01:27,Red,HANJIN BRION,complete,1506,True,165.0,642.0,35.0,-2.0,0,575.0,282.0,16.0
LOLTMNT01_321867,LCP,2026-01-17 09:10:21,Blue,DetonatioN FocusMe,complete,1691,True,-6700.0,-3882.0,-80.0,-7.0,1,-140.0,315.0,-16.0
LOLTMNT01_321867,LCP,2026-01-17 09:10:21,Red,MVK Esports,complete,1691,True,6700.0,3882.0,80.0,7.0,0,140.0,-315.0,16.0
13067-13067_game_1,LPL,2026-01-17 09:15:53,Blue,Anyone's Legend,complete,1902,True,1141.0,547.0,9.0,-1.0,1,-138.0,-1246.0,7.0
13067-13067_game_1,LPL,2026-01-17 09:15:53,Red,Bilibili Gaming,complete,1902,True,-1141.0,-547.0,-9.0,1.0,0,138.0,1246.0,-7.0
LOLTMNT03_337756,LCK,2026-01-17 09:47:06,Blue,HANJIN BRION,complete,2187,True,-242.0,-1505.0,-6.0,-1.0,1,-1223.0,-1974.0,-11.0
LOLTMNT03_337756,LCK,2026-01-17 09:47:06,Red,BNK FEARX,complete,2187,True,242.0,1505.0,6.0,1.0,0,1223.0,1974.0,11.0
13067-13067_game_2,LPL,2026-01-17 10:13:08,Blue,Anyone's Legend,complete,1861,True,-3914.0,-485.0,-39.0,-1.0,1,-1504.0,-679.0,-36.0
13067-13067_game_2,LPL,2026-01-17 10:13:08,Red,Bilibili Gaming,complete,1861,True,3914.0,485.0,39.0,1.0,0,1504.0,679.0,36.0
LOLTMNT03_336695,LCK,2026-01-17 11:10:45,Blue,KT Rolster,complete,1872,True,-3362.0,-1529.0,-41.0,0.0,1,-200.0,381.0,-11.0
LOLTMNT03_336695,LCK,2026-01-17 11:10:45,Red,Gen.G,complete,1872,True,3362.0,1529.0,41.0,0.0,0,200.0,-381.0,11.0
13067-13067_game_3,LPL,2026-01-17 11:11:12,Blue,Bilibili Gaming,complete,1966,True,2878.0,2672.0,15.0,2.0,1,1626.0,1683.0,-5.0
13067-13067_game_3,LPL,2026-01-17 11:11:12,Red,Anyone's Legend,complete,1966,True,-2878.0,-2672.0,-15.0,-2.0,0,-1626.0,-1683.0,5.0
LOLTMNT03_337782,LCK,2026-01-17 12:05:01,Blue,Gen.G,complete,1682,True,7849.0,7069.0,57.0,8.0,1,4960.0,4602.0,59.0
LOLTMNT03_337782,LCK,2026-01-17 12:05:01,Red,KT Rolster,complete,1682,True,-7849.0,-7069.0,-57.0,-8.0,0,-4960.0,-4602.0,-59.0
13068-13068_game_1,LPL,2026-01-17 12:22:23,Blue,Invictus Gaming,complete,2130,True,-2292.0,-1338.0,-30.0,-2.0,1,-828.0,149.0,3.0
13068-13068_game_1,LPL,2026-01-17 12:22:23,Red,JD Gaming,complete,2130,True,2292.0,1338.0,30.0,2.0,0,828.0,-149.0,-3.0
13068-13068_game_2,LPL,2026-01-17 13:21:55,Blue,Invictus Gaming,complete,1724,True,-2499.0,-2903.0,-51.0,-3.0,1,509.0,196.0,-2.0
13068-13068_game_2,LPL,2026-01-17 13:21:55,Red,JD Gaming,complete,1724,True,2499.0,2903.0,51.0,3.0,0,-509.0,-196.0,2.0
13068-13068_game_3,LPL,2026-01-17 14:17:15,Blue,JD Gaming,complete,1905,True,-2992.0,-666.0,-33.0,-1.0,1,-1746.0,823.0,-15.0
13068-13068_game_3,LPL,2026-01-17 14:17:15,Red,Invictus Gaming,complete,1905,True,2992.0,666.0,33.0,1.0,0,1746.0,-823.0,15.0
LOLTMNT06_164200,LEC,2026-01-17 16:08:02,Blue,Fnatic,complete,1933,True,686.0,2411.0,5.0,2.0,1,366.0,1598.0,5.0
LOLTMNT06_164200,LEC,2026-01-17 16:08:02,Red,Los Ratones,complete,1933,True,-686.0,-2411.0,-5.0,-2.0,0,-366.0,-1598.0,-5.0
LOLTMNT03_337813,CBLOL,2026-01-17 16:19:20,Blue,Vivo Keyd Stars,complete,2016,True,5478.0,4625.0,93.0,3.0,1,3834.0,2661.0,68.0
LOLTMNT03_337813,CBLOL,2026-01-17 16:19:20,Red,paiN Gaming,complete,2016,True,-5478.0,-4625.0,-93.0,-3.0,0,-3834.0,-2661.0,-68.0
LOLTMNT06_163223,LEC,2026-01-17 17:06:08,Blue,GiantX,complete,2125,True,-2885.0,-4448.0,-11.0,-4.0,1,-2528.0,-3914.0,-30.0
LOLTMNT06_163223,LEC,2026-01-17 17:06:08,Red,Shifters,complete,2125,True,2885.0,4448.0,11.0,4.0,0,2528.0,3914.0,30.0
LOLTMNT03_336773,CBLOL,2026-01-17 17:20:13,Blue,RED Canids,complete,2083,True,3357.0,806.0,42.0,0.0,1,934.0,-458.0,-5.0
LOLTMNT03_336773,CBLOL,2026-01-17 17:20:13,Red,Fluxo W7M,complete,2083,True,-3357.0,-806.0,-42.0,0.0,0,-934.0,458.0,5.0
LOLTMNT06_164218,LEC,2026-01-17 18:08:00,Blue,Team Heretics,complete,1954,True,-6698.0,-6045.0,-69.0,-6.0,1,-3178.0,-3315.0,-32.0
LOLTMNT06_164218,LEC,2026-01-17 18:08:00,Red,Natus Vincere,complete,1954,True,6698.0,6045.0,69.0,6.0,0,3178.0,3315.0,32.0
LOLTMNT03_337829,CBLOL,2026-01-17 18:27:20,Blue,LOUD,complete,1779,True,-10509.0,-7329.0,-101.0,-10.0,1,-5801.0,-2901.0,-27.0
LOLTMNT03_337829,CBLOL,2026-01-17 18:27:20,Red,FURIA,complete,1779,True,10509.0,7329.0,101.0,10.0,0,5801.0,2901.0,27.0
LOLTMNT06_164234,LEC,2026-01-17 19:07:52,Blue,SK Gaming,complete,2024,True,-691.0,-376.0,-13.0,1.0,1,253.0,-519.0,-19.0
LOLTMNT06_164234,LEC,2026-01-17 19:07:52,Red,Team Vitality,complete,2024,True,691.0,376.0,13.0,-1.0,0,-253.0,519.0,19.0
LOLTMNT03_337841,CBLOL,2026-01-17 19:25:07,Blue,LØS,complete,1513,True,4486.0,3747.0,13.0,6.0,1,2463.0,1050.0,-11.0
LOLTMNT03_337841,CBLOL,2026-01-17 19:25:07,Red,Vivo Keyd Stars,complete,1513,True,-4486.0,-3747.0,-13.0,-6.0,0,-2463.0,-1050.0,11.0
LOLTMNT06_163258,LEC,2026-01-17 20:06:09,Blue,Karmine Corp,complete,2134,True,2033.0,858.0,-25.0,0.0,1,1308.0,352.0,-14.0
LOLTMNT06_163258,LEC,2026-01-17 20:06:09,Red,Karmine Corp Blue,complete,2134,True,-2033.0,-858.0,25.0,0.0,0,-1308.0,-352.0,14.0
LOLTMNT03_337847,CBLOL,2026-01-17 20:16:54,Blue,Leviatan,complete,1909,True,-6579.0,-3642.0,-82.0,-4.0,1,-2114.0,-1443.0,-47.0
LOLTMNT03_337847,CBLOL,2026-01-17 20:16:54,Red,FURIA,complete,1909,True,6579.0,3642.0,82.0,4.0,0,2114.0,1443.0,47.0
LOLTMNT06_163282,LEC,2026-01-17 21:08:03,Blue,G2 Esports,complete,1912,True,-4212.0,-3883.0,-62.0,-1.0,1,-3306.0,-3317.0,-28.0
LOLTMNT06_163282,LEC,2026-01-17 21:08:03,Red,Movistar KOI,complete,1912,True,4212.0,3883.0,62.0,1.0,0,3306.0,3317.0,28.0
LOLTMNT01_322090,LCP,2026-01-18 06:23:21,Blue,Ground Zero Gaming,complete,1634,True,-7443.0,-7657.0,-77.0,-11.0,1,-4283.0,-3305.0,-21.0
LOLTMNT01_322090,LCP,2026-01-18 06:23:21,Red,Deep Cross Gaming,complete,1634,True,7443.0,7657.0,77.0,11.0,0,4283.0,3305.0,21.0
LOLTMNT01_320998,LCP,2026-01-18 07:11:15,Blue,Ground Zero Gaming,complete,2185,True,-100.0,-1229.0,43.0,-3.0,1,-265.0,-1031.0,7.0
LOLTMNT01_320998,LCP,2026-01-18 07:11:15,Red,Deep Cross Gaming,complete,2185,True,100.0,1229.0,-43.0,3.0,0,265.0,1031.0,-7.0
LOLTMNT03_336834,LCK,2026-01-18 08:05:24,Blue,Hanwha Life Esports,complete,1856,True,2377.0,3031.0,43.0,5.0,1,-277.0,169.0,6.0
LOLTMNT03_336834,LCK,2026-01-18 08:05:24,Red,Nongshim RedForce,complete,1856,True,-2377.0,-3031.0,-43.0,-5.0,0,277.0,-169.0,-6.0
LOLTMNT01_321000,LCP,2026-01-18 08:08:50,Blue,Ground Zero Gaming,complete,2483,True,-3788.0,-2339.0,15.0,-2.0,1,-2132.0,-1317.0,6.0
LOLTMNT01_321000,LCP,2026-01-18 08:08:50,Red,Deep Cross Gaming,complete,2483,True,3788.0,2339.0,-15.0,2.0,0,2132.0,1317.0,-6.0
LOLTMNT03_336842,LCK,2026-01-18 08:58:36,Blue,Nongshim RedForce,complete,2071,True,4260.0,3535.0,15.0,3.0,1,3193.0,2765.0,29.0
LOLTMNT03_336842,LCK,2026-01-18 08:58:36,Red,Hanwha Life Esports,complete,2071,True,-4260.0,-3535.0,-15.0,-3.0,0,-3193.0,-2765.0,-29.0
13069-13069_game_1,LPL,2026-01-18 09:12:53,Blue,Bilibili Gaming,complete,1671,True,8795.0,4237.0,87.0,8.0,1,1580.0,-728.0,-9.0
13069-13069_game_1,LPL,2026-01-18 09:12:53,Red,Top Esports,complete,1671,True,-8795.0,-4237.0,-87.0,-8.0,0,-1580.0,728.0,9.0
LOLTMNT01_322115,LCP,2026-01-18 09:32:33,Blue,Fukuoka SoftBank HAWKS gaming,complete,1961,True,-6381.0,-5629.0,-45.0,-6.0,1,-5773.0,-5793.0,-41.0
LOLTMNT01_322115,LCP,2026-01-18 09:32:33,Red,Team Secret Whales,complete,1961,True,6381.0,5629.0,45.0,6.0,0,5773.0,5793.0,41.0
13069-13069_game_2,LPL,2026-01-18 10:08:10,Blue,Bilibili Gaming,complete,2173,True,-395.0,192.0,4.0,-1.0,1,0.0,108.0,3.0
13069-13069_game_2,LPL,2026-01-18 10:08:10,Red,Top Esports,complete,2173,True,395.0,-192.0,-4.0,1.0,0,0.0,-108.0,-3.0
LOLTMNT03_337890,LCK,2026-01-18 10:20:18,Blue,T1,complete,1766,True,1363.0,-1133.0,34.0,4.0,1,-2880.0,-3839.0,1.0
LOLTMNT03_337890,LCK,2026-01-18 10:20:18,Red,Kiwoom DRX,complete,1766,True,-1363.0,1133.0,-34.0,-4.0,0,2880.0,3839.0,-1.0
LOLTMNT01_322119,LCP,2026-01-18 10:26:03,Blue,Team Secret Whales,complete,1909,True,-350.0,-2676.0,-26.0,-2.0,1,1692.0,170.0,27.0
LOLTMNT01_322119,LCP,2026-01-18 10:26:03,Red,Fukuoka SoftBank HAWKS gaming,complete,1909,True,350.0,2676.0,26.0,2.0,0,-1692.0,-170.0,-27.0
LOLTMNT03_337894,LCK,2026-01-18 11:12:18,Blue,T1,complete,1832,True,-656.0,-209.0,-9.0,-1.0,1,-746.0,-666.0,-4.0
LOLTMNT03_337894,LCK,2026-01-18 11:12:18,Red,Kiwoom DRX,complete,1832,True,656.0,209.0,9.0,1.0,0,746.0,666.0,4.0
13070-13070_game_1,LPL,2026-01-18 11:26:38,Blue,JD Gaming,complete,1890,True,3935.0,4188.0,35.0,7.0,1,3351.0,3602.0,9.0
13070-13070_game_1,LPL,2026-01-18 11:26:38,Red,Anyone's Legend,complete,1890,True,-3935.0,-4188.0,-35.0,-7.0,0,-3351.0,-3602.0,-9.0
LOLTMNT03_336867,LCK,2026-01-18 12:05:41,Blue,Kiwoom DRX,complete,2102,True,-2458.0,-1127.0,-25.0,-4.0,1,-1927.0,-556.0,-13.0
LOLTMNT03_336867,LCK,2026-01-18 12:05:41,Red,T1,complete,2102,True,2458.0,1127.0,25.0,4.0,0,1927.0,556.0,13.0
13070-13070_game_2,LPL,2026-01-18 12:23:38,Blue,JD Gaming,complete,2665,True,-151.0,535.0,6.0,-1.0,1,663.0,735.0,11.0
13070-13070_game_2,LPL,2026-01-18 12:23:38,Red,Anyone's Legend,complete,2665,True,151.0,-535.0,-6.0,1.0,0,-663.0,-735.0,-11.0
13070-13070_game_3,LPL,2026-01-18 13:33:03,Blue,Anyone's Legend,complete,1978,True,-3489.0,-1886.0,-22.0,-5.0,1,898.0,2728.0,15.0
13070-13070_game_3,LPL,2026-01-18 13:33:03,Red,JD Gaming,complete,1978,True,3489.0,1886.0,22.0,5.0,0,-898.0,-2728.0,-15.0
LOLTMNT06_163306,LEC,2026-01-18 16:09:02,Blue,Team Heretics,complete,2419,True,-2405.0,-1097.0,28.0,-4.0,1,-1653.0,-26.0,32.0
LOLTMNT06_163306,LEC,2026-01-18 16:09:02,Red,Shifters,complete,2419,True,2405.0,1097.0,-28.0,4.0,0,1653.0,26.0,-32.0
LOLTMNT03_337955,CBLOL,2026-01-18 16:09:22,Blue,Fluxo W7M,complete,1806,True,-8298.0,-5097.0,-71.0,-8.0,1,-5002.0,-3862.0,-7.0
LOLTMNT03_337955,CBLOL,2026-01-18 16:09:22,Red,LØS,complete,1806,True,8298.0,5097.0,71.0,8.0,0,5002.0,3862.0,7.0
LOLTMNT03_337968,CBLOL,2026-01-18 17:04:31,Blue,paiN Gaming,complete,1694,True,-4337.0,-2506.0,-65.0,-1.0,1,-2002.0,-319.0,-5.0
LOLTMNT03_337968,CBLOL,2026-01-18 17:04:31,Red,FURIA,complete,1694,True,4337.0,2506.0,65.0,1.0,0,2002.0,319.0,5.0
LOLTMNT06_163319,LEC,2026-01-18 17:13:41,Blue,Los Ratones,complete,2241,True,-3355.0,-2413.0,-52.0,-5.0,1,-614.0,1642.0,-12.0
LOLTMNT06_163319,LEC,2026-01-18 17:13:41,Red,Karmine Corp Blue,complete,2241,True,3355.0,2413.0,52.0,5.0,0,614.0,-1642.0,12.0
LOLTMNT03_336925,CBLOL,2026-01-18 17:55:02,Blue,Fluxo W7M,complete,1635,True,-10553.0,-7079.0,-105.0,-12.0,1,-3600.0,-2702.0,-28.0
LOLTMNT03_336925,CBLOL,2026-01-18 17:55:02,Red,Vivo Keyd Stars,complete,1635,True,10553.0,7079.0,105.0,12.0,0,3600.0,2702.0,28.0
LOLTMNT06_164300,LEC,2026-01-18 18:16:21,Blue,Team Vitality,complete,1841,True,-3448.0,-4337.0,-19.0,-5.0,1,-2740.0,-3233.0,-12.0
LOLTMNT06_164300,LEC,2026-01-18 18:16:21,Red,Natus Vincere,complete,1841,True,3448.0,4337.0,19.0,5.0,0,2740.0,3233.0,12.0
LOLTMNT03_337985,CBLOL,2026-01-18 18:43:16,Blue,LOUD,complete,1821,True,-147.0,2604.0,53.0,0.0,1,-1229.0,424.0,0.0
LOLTMNT03_337985,CBLOL,2026-01-18 18:43:16,Red,paiN Gaming,complete,1821,True,147.0,-2604.0,-53.0,0.0,0,1229.0,-424.0,0.0
LOLTMNT06_163332,LEC,2026-01-18 19:11:12,Blue,Fnatic,complete,1691,True,-6016.0,-4456.0,-60.0,-5.0,1,-1372.0,457.0,8.0
LOLTMNT06_163332,LEC,2026-01-18 19:11:12,Red,SK Gaming,complete,1691,True,6016.0,4456.0,60.0,5.0,0,1372.0,-457.0,-8.0
LOLTMNT03_337997,CBLOL,2026-01-18 19:36:10,Blue,Leviatan,complete,2649,True,1257.0,-2000.0,-22.0,2.0,1,-320.0,-2200.0,-26.0
LOLTMNT03_337997,CBLOL,2026-01-18 19:36:10,Red,RED Canids,complete,2649,True,-1257.0,2000.0,22.0,-2.0,0,320.0,2200.0,26.0
LOLTMNT06_164317,LEC,2026-01-18 20:04:44,Blue,G2 Esports,complete,2159,True,-855.0,-358.0,-3.0,-1.0,1,432.0,709.0,-2.0
LOLTMNT06_164317,LEC,2026-01-18 20:04:44,Red,GiantX,complete,2159,True,855.0,358.0,3.0,1.0,0,-432.0,-709.0,2.0
LOLTMNT06_164335,LEC,2026-01-18 21:10:16,Blue,Karmine Corp,complete,1934,True,-2099.0,-1758.0,-4.0,-3.0,1,-3115.0,-3288.0,-24.0
LOLTMNT06_164335,LEC,2026-01-18 21:10:16,Red,Movistar KOI,complete,1934,True,2099.0,1758.0,4.0,3.0,0,3115.0,3288.0,24.0
13071-13071_game_1,LPL,2026-01-19 07:13:41,Blue,Team WE,complete,1550,True,-634.0,-1960.0,-41.0,0.0,1,964.0,659.0,-4.0
13071-13071_game_1,LPL,2026-01-19 07:13:41,Red,ThunderTalk Gaming,complete,1550,True,634.0,1960.0,41.0,0.0,0,-964.0,-659.0,4.0
13071-13071_game_2,LPL,2026-01-19 08:04:18,Blue,Team WE,complete,1799,True,-3984.0,-4055.0,-14.0,-5.0,1,-2930.0,-1896.0,-21.0
13071-13071_game_2,LPL,2026-01-19 08:04:18,Red,ThunderTalk Gaming,complete,1799,True,3984.0,4055.0,14.0,5.0,0,2930.0,1896.0,21.0
13072-13072_game_1,LPL,2026-01-19 09:14:21,Blue,Weibo Gaming,complete,2523,True,386.0,1844.0,-15.0,3.0,1,913.0,3979.0,31.0
13072-13072_game_1,LPL,2026-01-19 09:14:21,Red,Top Esports,complete,2523,True,-386.0,-1844.0,15.0,-3.0,0,-913.0,-3979.0,-31.0
13072-13072_game_2,LPL,2026-01-19 10:23:55,Blue,Top Esports,partial,1823,False,,,,,1,,,
13072-13072_game_2,LPL,2026-01-19 10:23:55,Red,Weibo Gaming,partial,1823,False,,,,,0,,,
13072-13072_game_3,LPL,2026-01-19 11:16:45,Blue,Weibo Gaming,complete,1416,True,-8121.0,-7476.0,-75.0,-10.0,1,-4803.0,-5002.0,-39.0
13072-13072_game_3,LPL,2026-01-19 11:16:45,Red,Top Esports,complete,1416,True,8121.0,7476.0,75.0,10.0,0,4803.0,5002.0,39.0
13073-13073_game_1,LPL,2026-01-19 12:21:37,Blue,Ninjas in Pyjamas,partial,1760,False,,,,,1,,,
13073-13073_game_1,LPL,2026-01-19 12:21:37,Red,EDward Gaming,partial,1760,False,,,,,0,,,
13073-13073_game_2,LPL,2026-01-19 13:14:20,Blue,EDward Gaming,partial,1747,False,,,,,1,,,
13073-13073_game_2,LPL,2026-01-19 13:14:20,Red,Ninjas in Pyjamas,partial,1747,False,,,,,0,,,
13073-13073_game_3,LPL,2026-01-19 14:05:50,Blue,EDward Gaming,partial,2298,False,,,,,1,,,
13073-13073_game_3,LPL,2026-01-19 14:05:50,Red,Ninjas in Pyjamas,partial,2298,False,,,,,0,,,
LOLTMNT06_163405,LEC,2026-01-19 16:09:18,Blue,Natus Vincere,complete,2269,True,4391.0,3122.0,44.0,2.0,1,3430.0,2065.0,16.0
LOLTMNT06_163405,LEC,2026-01-19 16:09:18,Red,Fnatic,complete,2269,True,-4391.0,-3122.0,-44.0,-2.0,0,-3430.0,-2065.0,-16.0
LOLTMNT06_164420,LEC,2026-01-19 17:13:34,Blue,Karmine Corp Blue,complete,2163,True,-5123.0,-2322.0,-55.0,-4.0,1,-815.0,-631.0,-16.0
LOLTMNT06_164420,LEC,2026-01-19 17:13:34,Red,Team Vitality,complete,2163,True,5123.0,2322.0,55.0,4.0,0,815.0,631.0,16.0
LOLTMNT06_163424,LEC,2026-01-19 18:14:25,Blue,Team Heretics,complete,2507,True,2155.0,1523.0,9.0,1.0,1,1604.0,423.0,-8.0
LOLTMNT06_163424,LEC,2026-01-19 18:14:25,Red,GiantX,complete,2507,True,-2155.0,-1523.0,-9.0,-1.0,0,-1604.0,-423.0,8.0
LOLTMNT06_164458,LEC,2026-01-19 19:30:22,Blue,Shifters,complete,1601,True,5804.0,4080.0,-2.0,10.0,1,2882.0,2012.0,-3.0
LOLTMNT06_164458,LEC,2026-01-19 19:30:22,Red,Movistar KOI,complete,1601,True,-5804.0,-4080.0,2.0,-10.0,0,-2882.0,-2012.0,3.0
LOLTMNT06_164476,LEC,2026-01-19 20:23:44,Blue,Los Ratones,complete,2241,True,-216.0,1540.0,9.0,-1.0,1,2412.0,2953.0,11.0
LOLTMNT06_164476,LEC,2026-01-19 20:23:44,Red,Karmine Corp,complete,2241,True,216.0,-1540.0,-9.0,1.0,0,-2412.0,-2953.0,-11.0
LOLTMNT06_164483,LEC,2026-01-19 21:46:20,Blue,G2 Esports,complete,1532,True,9238.0,6839.0,124.0,11.0,1,2523.0,2133.0,40.0
LOLTMNT06_164483,LEC,2026-01-19 21:46:20,Red,SK Gaming,complete,1532,True,-9238.0,-6839.0,-124.0,-11.0,0,-2523.0,-2133.0,-40.0
13074-13074_game_1,LPL,2026-01-20 09:14:03,Blue,Anyone's Legend,partial,1799,False,,,,,1,,,
13074-13074_game_1,LPL,2026-01-20 09:14:03,Red,Weibo Gaming,partial,1799,False,,,,,0,,,
13074-13074_game_2,LPL,2026-01-20 10:07:15,Blue,Anyone's Legend,partial,1950,False,,,,,1,,,
13074-13074_game_2,LPL,2026-01-20 10:07:15,Red,Weibo Gaming,partial,1950,False,,,,,0,,,
13075-13075_game_1,LPL,2026-01-20 11:17:22,Blue,Bilibili Gaming,partial,2027,False,,,,,1,,,
13075-13075_game_1,LPL,2026-01-20 11:17:22,Red,Invictus Gaming,partial,2027,False,,,,,0,,,
13075-13075_game_2,LPL,2026-01-20 12:18:42,Blue,Bilibili Gaming,partial,1806,False,,,,,1,,,
13075-13075_game_2,LPL,2026-01-20 12:18:42,Red,Invictus Gaming,partial,1806,False,,,,,0,,,
LOLTMNT03_338494,LCK,2026-01-21 08:05:24,Blue,Dplus Kia,complete,2306,True,-3197.0,1541.0,8.0,-2.0,1,-2354.0,1938.0,17.0
LOLTMNT03_338494,LCK,2026-01-21 08:05:24,Red,Nongshim RedForce,complete,2306,True,3197.0,-1541.0,-8.0,2.0,0,2354.0,-1938.0,-17.0
LOLTMNT03_339373,LCK,2026-01-21 09:07:05,Blue,Dplus Kia,complete,1436,True,-2506.0,-3284.0,-25.0,-3.0,1,-803.0,-1728.0,-26.0
LOLTMNT03_339373,LCK,2026-01-21 09:07:05,Red,Nongshim RedForce,complete,1436,True,2506.0,3284.0,25.0,3.0,0,803.0,1728.0,26.0
13076-13076_game_1,LPL,2026-01-21 09:13:30,Blue,LNG Esports,partial,2036,False,,,,,1,,,
13076-13076_game_1,LPL,2026-01-21 09:13:30,Red,LGD Gaming,partial,2036,False,,,,,0,,,
LOLTMNT03_338498,LCK,2026-01-21 09:52:46,Blue,Dplus Kia,complete,1626,True,5114.0,4103.0,-29.0,10.0,1,3073.0,2512.0,2.0
LOLTMNT03_338498,LCK,2026-01-21 09:52:46,Red,Nongshim RedForce,complete,1626,True,-5114.0,-4103.0,29.0,-10.0,0,-3073.0,-2512.0,-2.0
13076-13076_game_2,LPL,2026-01-21 10:10:09,Blue,LNG Esports,partial,2018,False,,,,,1,,,
13076-13076_game_2,LPL,2026-01-21 10:10:09,Red,LGD Gaming,partial,2018,False,,,,,0,,,
13076-13076_game_3,LPL,2026-01-21 11:07:56,Blue,LNG Esports,partial,2505,False,,,,,1,,,
13076-13076_game_3,LPL,2026-01-21 11:07:56,Red,LGD Gaming,partial,2505,False,,,,,0,,,
LOLTMNT03_338517,LCK,2026-01-21 11:14:52,Blue,DN SOOPers,complete,1879,True,-3190.0,-2423.0,-16.0,-3.0,1,-1194.0,-202.0,-14.0
LOLTMNT03_338517,LCK,2026-01-21 11:14:52,Red,Kiwoom DRX,complete,1879,True,3190.0,2423.0,16.0,3.0,0,1194.0,202.0,14.0
LOLTMNT03_338532,LCK,2026-01-21 12:06:46,Blue,Kiwoom DRX,complete,1943,True,-2466.0,-2598.0,-27.0,-5.0,1,-1056.0,-1680.0,-24.0
LOLTMNT03_338532,LCK,2026-01-21 12:06:46,Red,DN SOOPers,complete,1943,True,2466.0,2598.0,27.0,5.0,0,1056.0,1680.0,24.0
13077-13077_game_1,LPL,2026-01-21 12:26:03,Blue,Top Esports,partial,2289,False,,,,,1,,,
13077-13077_game_1,LPL,2026-01-21 12:26:03,Red,Invictus Gaming,partial,2289,False,,,,,0,,,
LOLTMNT03_338544,LCK,2026-01-21 13:00:21,Blue,DN SOOPers,complete,2003,True,645.0,1256.0,93.0,-6.0,1,-94.0,793.0,27.0
LOLTMNT03_338544,LCK,2026-01-21 13:00:21,Red,Kiwoom DRX,complete,2003,True,-645.0,-1256.0,-93.0,6.0,0,94.0,-793.0,-27.0
13077-13077_game_2,LPL,2026-01-21 13:27:23,Blue,Top Esports,partial,2757,False,,,,,1,,,
13077-13077_game_2,LPL,2026-01-21 13:27:23,Red,Invictus Gaming,partial,2757,False,,,,,0,,,
13077-13077_game_3,LPL,2026-01-21 14:38:01,Blue,Invictus Gaming,partial,2031,False,,,,,1,,,
13077-13077_game_3,LPL,2026-01-21 14:38:01,Red,Top Esports,partial,2031,False,,,,,0,,,
13078-13078_game_1,LPL,2026-01-22 07:11:47,Blue,Oh My God,partial,1921,False,,,,,1,,,
13078-13078_game_1,LPL,2026-01-22 07:11:47,Red,Ultra Prime,partial,1921,False,,,,,0,,,
LOLTMNT03_339583,LCK,2026-01-22 08:05:25,Blue,Hanwha Life Esports,complete,2219,True,4621.0,3393.0,97.0,-1.0,1,2533.0,2162.0,48.0
LOLTMNT03_339583,LCK,2026-01-22 08:05:25,Red,HANJIN BRION,complete,2219,True,-4621.0,-3393.0,-97.0,1.0,0,-2533.0,-2162.0,-48.0
13078-13078_game_2,LPL,2026-01-22 08:06:15,Blue,Oh My God,partial,2030,False,,,,,1,,,
13078-13078_game_2,LPL,2026-01-22 08:06:15,Red,Ultra Prime,partial,2030,False,,,,,0,,,
LOLTMNT03_339592,LCK,2026-01-22 09:06:13,Blue,Hanwha Life Esports,complete,2088,True,-2819.0,-3035.0,-37.0,-4.0,1,46.0,-620.0,-13.0
LOLTMNT03_339592,LCK,2026-01-22 09:06:13,Red,HANJIN BRION,complete,2088,True,2819.0,3035.0,37.0,4.0,0,-46.0,620.0,13.0
13079-13079_game_1,LPL,2026-01-22 09:16:51,Blue,EDward Gaming,partial,1635,False,,,,,1,,,
13079-13079_game_1,LPL,2026-01-22 09:16:51,Red,ThunderTalk Gaming,partial,1635,False,,,,,0,,,
LOLTMNT03_339605,LCK,2026-01-22 10:02:22,Blue,HANJIN BRION,complete,1738,True,-5841.0,-3468.0,-51.0,-5.0,1,-4354.0,-2370.0,-20.0
LOLTMNT03_339605,LCK,2026-01-22 10:02:22,Red,Hanwha Life Esports,complete,1738,True,5841.0,3468.0,51.0,5.0,0,4354.0,2370.0,20.0
13079-13079_game_2,LPL,2026-01-22 10:07:53,Blue,EDward Gaming,partial,1951,False,,,,,1,,,
13079-13079_game_2,LPL,2026-01-22 10:07:53,Red,ThunderTalk Gaming,partial,1951,False,,,,,0,,,
LOLTMNT03_339627,LCK,2026-01-22 11:14:53,Blue,Gen.G,complete,2075,True,-596.0,-1827.0,0.0,-3.0,1,1520.0,1323.0,19.0
LOLTMNT03_339627,LCK,2026-01-22 11:14:53,Red,BNK FEARX,complete,2075,True,596.0,1827.0,0.0,3.0,0,-1520.0,-1323.0,-19.0
13080-13080_game_1,LPL,2026-01-22 11:16:23,Blue,Team WE,partial,1850,False,,,,,1,,,
13080-13080_game_1,LPL,2026-01-22 11:16:23,Red,Ninjas in Pyjamas,partial,1850,False,,,,,0,,,
13080-13080_game_2,LPL,2026-01-22 12:08:44,Blue,Team WE,partial,2016,False,,,,,1,,,
13080-13080_game_2,LPL,2026-01-22 12:08:44,Red,Ninjas in Pyjamas,partial,2016,False,,,,,0,,,
LOLTMNT03_340003,LCK,2026-01-22 12:11:59,Blue,Gen.G,complete,1916,True,-1486.0,-799.0,-14.0,2.0,1,-306.0,434.0,1.0
LOLTMNT03_340003,LCK,2026-01-22 12:11:59,Red,BNK FEARX,complete,1916,True,1486.0,799.0,14.0,-2.0,0,306.0,-434.0,-1.0
13080-13080_game_3,LPL,2026-01-22 13:03:23,Blue,Team WE,partial,2037,False,,,,,1,,,
13080-13080_game_3,LPL,2026-01-22 13:03:23,Red,Ninjas in Pyjamas,partial,2037,False,,,,,0,,,
LOLTMNT02_344078,LCP,2026-01-23 06:47:18,Blue,DetonatioN FocusMe,complete,1814,True,-4254.0,-3674.0,-56.0,-3.0,1,-2574.0,-2931.0,-36.0
LOLTMNT02_344078,LCP,2026-01-23 06:47:18,Red,CTBC Flying Oyster,complete,1814,True,4254.0,3674.0,56.0,3.0,0,2574.0,2931.0,36.0
13081-13081_game_1,LPL,2026-01-23 07:11:20,Blue,LGD Gaming,complete,2783,True,1383.0,1413.0,7.0,3.0,1,1027.0,2044.0,31.0
13081-13081_game_1,LPL,2026-01-23 07:11:20,Red,Oh My God,complete,2783,True,-1383.0,-1413.0,-7.0,-3.0,0,-1027.0,-2044.0,-31.0
LOLTMNT02_343066,LCP,2026-01-23 07:37:52,Blue,CTBC Flying Oyster,complete,1583,True,5988.0,3046.0,60.0,6.0,1,1373.0,-880.0,3.0
LOLTMNT02_343066,LCP,2026-01-23 07:37:52,Red,DetonatioN FocusMe,complete,1583,True,-5988.0,-3046.0,-60.0,-6.0,0,-1373.0,880.0,-3.0
LOLTMNT03_341143,LCK,2026-01-23 08:04:55,Blue,T1,complete,1848,True,2994.0,1101.0,7.0,2.0,1,1053.0,-1026.0,-14.0
LOLTMNT03_341143,LCK,2026-01-23 08:04:55,Red,KT Rolster,complete,1848,True,-2994.0,-1101.0,-7.0,-2.0,0,-1053.0,1026.0,14.0
13081-13081_game_2,LPL,2026-01-23 08:20:58,Blue,LGD Gaming,complete,1669,True,7590.0,6069.0,89.0,7.0,1,3612.0,2448.0,23.0
13081-13081_game_2,LPL,2026-01-23 08:20:58,Red,Oh My God,complete,1669,True,-7590.0,-6069.0,-89.0,-7.0,0,-3612.0,-2448.0,-23.0
LOLTMNT02_343084,LCP,2026-01-23 08:41:06,Blue,MVK Esports,complete,2746,True,2380.0,-207.0,20.0,0.0,1,1361.0,-763.0,-8.0
LOLTMNT02_343084,LCP,2026-01-23 08:41:06,Red,GAM Esports,complete,2746,True,-2380.0,207.0,-20.0,0.0,0,-1361.0,763.0,8.0
LOLTMNT03_341150,LCK,2026-01-23 09:00:11,Blue,T1,complete,2796,True,-3751.0,-2262.0,36.0,-9.0,1,-3433.0,-2415.0,-14.0
LOLTMNT03_341150,LCK,2026-01-23 09:00:11,Red,KT Rolster,complete,2796,True,3751.0,2262.0,-36.0,9.0,0,3433.0,2415.0,14.0
13081-13081_game_3,LPL,2026-01-23 09:10:41,Blue,LGD Gaming,complete,1742,True,-808.0,-416.0,-20.0,-3.0,1,-422.0,-347.0,-4.0
13081-13081_game_3,LPL,2026-01-23 09:10:41,Red,Oh My God,complete,1742,True,808.0,416.0,20.0,3.0,0,422.0,347.0,4.0
LOLTMNT02_343085,LCP,2026-01-23 09:46:06,Blue,MVK Esports,complete,2186,True,2802.0,1875.0,11.0,4.0,1,909.0,1755.0,11.0
LOLTMNT02_343085,LCP,2026-01-23 09:46:06,Red,GAM Esports,complete,2186,True,-2802.0,-1875.0,-11.0,-4.0,0,-909.0,-1755.0,-11.0
13082-13082_game_1,LPL,2026-01-23 10:20:25,Blue,ThunderTalk Gaming,complete,1948,True,1546.0,-671.0,2.0,1.0,1,753.0,-496.0,-28.0
13082-13082_game_1,LPL,2026-01-23 10:20:25,Red,EDward Gaming,complete,1948,True,-1546.0,671.0,-2.0,-1.0,0,-753.0,496.0,28.0
LOLTMNT03_340138,LCK,2026-01-23 10:33:19,Blue,Kiwoom DRX,complete,1806,True,-3372.0,-1611.0,-34.0,-3.0,1,1157.0,1493.0,-6.0
LOLTMNT03_340138,LCK,2026-01-23 10:33:19,Red,Nongshim RedForce,complete,1806,True,3372.0,1611.0,34.0,3.0,0,-1157.0,-1493.0,6.0
LOLTMNT02_344092,LCP,2026-01-23 10:41:59,Blue,GAM Esports,complete,1900,True,447.0,-3050.0,-8.0,-2.0,1,-1242.0,-3737.0,-39.0
LOLTMNT02_344092,LCP,2026-01-23 10:41:59,Red,MVK Esports,complete,1900,True,-447.0,3050.0,8.0,2.0,0,1242.0,3737.0,39.0
13082-13082_game_2,LPL,2026-01-23 11:15:41,Blue,ThunderTalk Gaming,complete,2166,True,-3294.0,-152.0,-23.0,-3.0,1,-57.0,1171.0,1.0
13082-13082_game_2,LPL,2026-01-23 11:15:41,Red,EDward Gaming,complete,2166,True,3294.0,152.0,23.0,3.0,0,57.0,-1171.0,-1.0
LOLTMNT03_340145,LCK,2026-01-23 11:24:18,Blue,Kiwoom DRX,complete,2054,True,-866.0,-1650.0,-38.0,0.0,1,-1433.0,-1714.0,-15.0
LOLTMNT03_340145,LCK,2026-01-23 11:24:18,Red,Nongshim RedForce,complete,2054,True,866.0,1650.0,38.0,0.0,0,1433.0,1714.0,15.0
13082-13082_game_3,LPL,2026-01-23 12:14:49,Blue,EDward Gaming,complete,2192,True,1211.0,-681.0,-9.0,-1.0,1,-178.0,-766.0,-13.0
13082-13082_game_3,LPL,2026-01-23 12:14:49,Red,ThunderTalk Gaming,complete,2192,True,-1211.0,681.0,9.0,1.0,0,178.0,766.0,13.0
LOLTMNT03_341173,LCK,2026-01-23 12:21:14,Blue,Nongshim RedForce,complete,2129,True,-2655.0,-3758.0,-15.0,-5.0,1,-1565.0,-1725.0,-29.0
LOLTMNT03_341173,LCK,2026-01-23 12:21:14,Red,Kiwoom DRX,complete,2129,True,2655.0,3758.0,15.0,5.0,0,1565.0,1725.0,29.0
13083-13083_game_1,LPL,2026-01-23 13:26:53,Blue,Bilibili Gaming,complete,2446,True,48.0,-84.0,-20.0,2.0,1,-1374.0,-1802.0,-45.0
13083-13083_game_1,LPL,2026-01-23 13:26:53,Red,JD Gaming,complete,2446,True,-48.0,84.0,20.0,-2.0,0,1374.0,1802.0,45.0
13083-13083_game_2,LPL,2026-01-23 14:37:50,Blue,JD Gaming,partial,2104,False,,,,,1,,,
13083-13083_game_2,LPL,2026-01-23 14:37:50,Red,Bilibili Gaming,partial,2104,False,,,,,0,,,
LOLTMNT02_344149,LCP,2026-01-24 06:21:12,Blue,Team Secret Whales,complete,2073,True,-4275.0,-5398.0,-1.0,-6.0,1,-3496.0,-4176.0,-36.0
LOLTMNT02_344149,LCP,2026-01-24 06:21:12,Red,Deep Cross Gaming,complete,2073,True,4275.0,5398.0,1.0,6.0,0,3496.0,4176.0,36.0
LOLTMNT02_343149,LCP,2026-01-24 07:22:06,Blue,Team Secret Whales,complete,1655,True,2484.0,1902.0,7.0,3.0,1,2058.0,618.0,-2.0
LOLTMNT02_343149,LCP,2026-01-24 07:22:06,Red,Deep Cross Gaming,complete,1655,True,-2484.0,-1902.0,-7.0,-3.0,0,-2058.0,-618.0,2.0
LOLTMNT03_341253,LCK,2026-01-24 08:04:56,Blue,DN SOOPers,complete,2243,True,-2212.0,-2163.0,-8.0,-1.0,1,-2934.0,-3098.0,-34.0
LOLTMNT03_341253,LCK,2026-01-24 08:04:56,Red,Hanwha Life Esports,complete,2243,True,2212.0,2163.0,8.0,1.0,0,2934.0,3098.0,34.0
LOLTMNT02_343151,LCP,2026-01-24 08:09:57,Blue,Team Secret Whales,complete,1937,True,-393.0,1839.0,37.0,0.0,1,-280.0,1524.0,-7.0
LOLTMNT02_343151,LCP,2026-01-24 08:09:57,Red,Deep Cross Gaming,complete,1937,True,393.0,-1839.0,-37.0,0.0,0,280.0,-1524.0,7.0
LOLTMNT03_340232,LCK,2026-01-24 09:04:12,Blue,DN SOOPers,complete,2371,True,2403.0,2873.0,36.0,2.0,1,1499.0,1390.0,14.0
LOLTMNT03_340232,LCK,2026-01-24 09:04:12,Red,Hanwha Life Esports,complete,2371,True,-2403.0,-2873.0,-36.0,-2.0,0,-1499.0,-1390.0,-14.0
13084-13084_game_1,LPL,2026-01-24 09:15:02,Blue,Anyone's Legend,complete,1944,True,4666.0,5467.0,-31.0,10.0,1,3339.0,4119.0,7.0
13084-13084_game_1,LPL,2026-01-24 09:15:02,Red,Top Esports,complete,1944,True,-4666.0,-5467.0,31.0,-10.0,0,-3339.0,-4119.0,-7.0
LOLTMNT02_343177,LCP,2026-01-24 09:19:54,Blue,Fukuoka SoftBank HAWKS gaming,complete,2185,True,2353.0,416.0,-4.0,2.0,1,518.0,-672.0,-20.0
LOLTMNT02_343177,LCP,2026-01-24 09:19:54,Red,Ground Zero Gaming,complete,2185,True,-2353.0,-416.0,4.0,-2.0,0,-518.0,672.0,20.0
LOLTMNT03_341276,LCK,2026-01-24 10:06:14,Blue,DN SOOPers,complete,1748,True,-4647.0,-1207.0,-9.0,-3.0,1,-1835.0,544.0,-7.0
LOLTMNT03_341276,LCK,2026-01-24 10:06:14,Red,Hanwha Life Esports,complete,1748,True,4647.0,1207.0,9.0,3.0,0,1835.0,-544.0,7.0
13084-13084_game_2,LPL,2026-01-24 10:10:20,Blue,Anyone's Legend,complete,1713,True,-2220.0,-170.0,-12.0,2.0,1,-982.0,1912.0,10.0
13084-13084_game_2,LPL,2026-01-24 10:10:20,Red,Top Esports,complete,1713,True,2220.0,170.0,12.0,-2.0,0,982.0,-1912.0,-10.0
LOLTMNT02_343178,LCP,2026-01-24 10:17:03,Blue,Fukuoka SoftBank HAWKS gaming,complete,2167,True,758.0,24.0,-50.0,2.0,1,-1270.0,-1759.0,-29.0
LOLTMNT02_343178,LCP,2026-01-24 10:17:03,Red,Ground Zero Gaming,complete,2167,True,-758.0,-24.0,50.0,-2.0,0,1270.0,1759.0,29.0
13084-13084_game_3,LPL,2026-01-24 11:02:10,Blue,Top Esports,complete,1751,True,4329.0,3679.0,50.0,3.0,1,976.0,1395.0,28.0
13084-13084_game_3,LPL,2026-01-24 11:02:10,Red,Anyone's Legend,complete,1751,True,-4329.0,-3679.0,-50.0,-3.0,0,-976.0,-1395.0,-28.0
LOLTMNT02_343180,LCP,2026-01-24 11:15:43,Blue,Ground Zero Gaming,complete,2028,True,768.0,-1271.0,23.0,-2.0,1,1108.0,-860.0,10.0
LOLTMNT02_343180,LCP,2026-01-24 11:15:43,Red,Fukuoka SoftBank HAWKS gaming,complete,2028,True,-768.0,1271.0,-23.0,2.0,0,-1108.0,860.0,-10.0
LOLTMNT03_341342,LCK,2026-01-24 11:24:48,Blue,Dplus Kia,complete,2034,True,-1726.0,-2015.0,5.0,-2.0,1,-1383.0,-1947.0,-21.0
LOLTMNT03_341342,LCK,2026-01-24 11:24:48,Red,Gen.G,complete,2034,True,1726.0,2015.0,-5.0,2.0,0,1383.0,1947.0,21.0
LOLTMNT03_341348,LCK,2026-01-24 12:21:19,Blue,Gen.G,complete,1817,True,4344.0,2842.0,41.0,4.0,1,2881.0,2226.0,18.0
LOLTMNT03_341348,LCK,2026-01-24 12:21:19,Red,Dplus Kia,complete,1817,True,-4344.0,-2842.0,-41.0,-4.0,0,-2881.0,-2226.0,-18.0
13085-13085_game_1,LPL,2026-01-24 12:22:10,Blue,JD Gaming,partial,1914,False,,,,,1,,,
13085-13085_game_1,LPL,2026-01-24 12:22:10,Red,Weibo Gaming,partial,1914,False,,,,,0,,,
13085-13085_game_2,LPL,2026-01-24 13:19:44,Blue,Weibo Gaming,complete,1879,True,2643.0,144.0,18.0,1.0,1,176.0,-719.0,-7.0
13085-13085_game_2,LPL,2026-01-24 13:19:44,Red,JD Gaming,complete,1879,True,-2643.0,-144.0,-18.0,-1.0,0,-176.0,719.0,7.0
LOLTMNT04_149111,LEC,2026-01-24 15:51:32,Blue,GiantX,complete,1471,True,4800.0,2703.0,32.0,4.0,1,1681.0,328.0,-15.0
LOLTMNT04_149111,LEC,2026-01-24 15:51:32,Red,Los Ratones,complete,1471,True,-4800.0,-2703.0,-32.0,-4.0,0,-1681.0,-328.0,15.0
LOLTMNT01_324576,CBLOL,2026-01-24 16:10:43,Blue,Leviatan,complete,1842,True,1223.0,73.0,-36.0,1.0,1,819.0,1622.0,2.0
LOLTMNT01_324576,CBLOL,2026-01-24 16:10:43,Red,LØS,complete,1842,True,-1223.0,-73.0,36.0,-1.0,0,-819.0,-1622.0,-2.0
LOLTMNT04_149122,LEC,2026-01-24 16:36:30,Blue,Natus Vincere,complete,2275,True,760.0,1103.0,58.0,-4.0,1,119.0,-160.0,55.0
LOLTMNT04_149122,LEC,2026-01-24 16:36:30,Red,Karmine Corp Blue,complete,2275,True,-760.0,-1103.0,-58.0,4.0,0,-119.0,160.0,-55.0
LOLTMNT01_324588,CBLOL,2026-01-24 17:01:45,Blue,RED Canids,complete,2076,True,5979.0,4000.0,-8.0,7.0,1,3113.0,2025.0,4.0
LOLTMNT01_324588,CBLOL,2026-01-24 17:01:45,Red,FURIA,complete,2076,True,-5979.0,-4000.0,8.0,-7.0,0,-3113.0,-2025.0,-4.0
LOLTMNT04_149134,LEC,2026-01-24 17:34:22,Blue,Team Heretics,complete,1946,True,1905.0,1026.0,30.0,1.0,1,-173.0,-1241.0,-8.0
LOLTMNT04_149134,LEC,2026-01-24 17:34:22,Red,Team Vitality,complete,1946,True,-1905.0,-1026.0,-30.0,-1.0,0,173.0,1241.0,8.0
LOLTMNT01_325644,CBLOL,2026-01-24 17:59:45,Blue,Vivo Keyd Stars,complete,1491,True,8628.0,8638.0,96.0,7.0,1,6610.0,6039.0,80.0
LOLTMNT01_325644,CBLOL,2026-01-24 17:59:45,Red,Leviatan,complete,1491,True,-8628.0,-8638.0,-96.0,-7.0,0,-6610.0,-6039.0,-80.0
LOLTMNT04_149143,LEC,2026-01-24 18:28:43,Blue,G2 Esports,complete,1769,True,7379.0,5986.0,108.0,9.0,1,1380.0,1090.0,30.0
LOLTMNT04_149143,LEC,2026-01-24 18:28:43,Red,Shifters,complete,1769,True,-7379.0,-5986.0,-108.0,-9.0,0,-1380.0,-1090.0,-30.0
LOLTMNT01_325655,CBLOL,2026-01-24 18:46:55,Blue,LØS,complete,1643,True,8010.0,6130.0,96.0,13.0,1,1995.0,2280.0,30.0
LOLTMNT01_325655,CBLOL,2026-01-24 18:46:55,Red,LOUD,complete,1643,True,-8010.0,-6130.0,-96.0,-13.0,0,-1995.0,-2280.0,-30.0
LOLTMNT04_150134,LEC,2026-01-24 19:21:26,Blue,SK Gaming,complete,2240,True,-3925.0,-3374.0,-9.0,-8.0,1,-1680.0,-571.0,4.0
LOLTMNT04_150134,LEC,2026-01-24 19:21:26,Red,Karmine Corp,complete,2240,True,3925.0,3374.0,9.0,8.0,0,1680.0,571.0,-4.0
LOLTMNT01_324613,CBLOL,2026-01-24 19:35:19,Blue,paiN Gaming,complete,1911,True,2222.0,-878.0,-8.0,3.0,1,1339.0,-230.0,-20.0
LOLTMNT01_324613,CBLOL,2026-01-24 19:35:19,Red,Fluxo W7M,complete,1911,True,-2222.0,878.0,8.0,-3.0,0,-1339.0,230.0,20.0
LOLTMNT04_149159,LEC,2026-01-24 20:19:05,Blue,Fnatic,complete,1925,True,-2410.0,-3700.0,-34.0,-2.0,1,-972.0,-848.0,-19.0
LOLTMNT04_149159,LEC,2026-01-24 20:19:05,Red,Movistar KOI,complete,1925,True,2410.0,3700.0,34.0,2.0,0,972.0,848.0,19.0
LOLTMNT01_325708,LCS,2026-01-24 21:24:34,Blue,Team Liquid,complete,2158,True,690.0,-1644.0,-26.0,0.0,1,511.0,-1537.0,-9.0
LOLTMNT01_325708,LCS,2026-01-24 21:24:34,Red,Cloud9,complete,2158,True,-690.0,1644.0,26.0,0.0,0,-511.0,1537.0,9.0
LOLTMNT01_325721,LCS,2026-01-24 22:19:00,Blue,Cloud9,complete,1828,True,4024.0,1648.0,53.0,4.0,1,1830.0,414.0,-16.0
LOLTMNT01_325721,LCS,2026-01-24 22:19:00,Red,Team Liquid,complete,1828,True,-4024.0,-1648.0,-53.0,-4.0,0,-1830.0,-414.0,16.0
LOLTMNT01_325749,LCS,2026-01-24 23:14:34,Blue,Disguised,complete,2982,True,-1647.0,-4994.0,-52.0,-1.0,1,-2141.0,-3348.0,-31.0
LOLTMNT01_325749,LCS,2026-01-24 23:14:34,Red,Sentinels,complete,2982,True,1647.0,4994.0,52.0,1.0,0,2141.0,3348.0,31.0
LOLTMNT01_325761,LCS,2026-01-25 00:22:15,Blue,Sentinels,complete,2230,True,-1232.0,-2053.0,46.0,-5.0,1,-1334.0,-2520.0,-7.0
LOLTMNT01_325761,LCS,2026-01-25 00:22:15,Red,Disguised,complete,2230,True,1232.0,2053.0,-46.0,5.0,0,1334.0,2520.0,7.0
LOLTMNT01_324691,LCS,2026-01-25 01:17:06,Blue,Disguised,complete,1716,True,2587.0,2227.0,57.0,0.0,1,1978.0,1938.0,23.0
LOLTMNT01_324691,LCS,2026-01-25 01:17:06,Red,Sentinels,complete,1716,True,-2587.0,-2227.0,-57.0,0.0,0,-1978.0,-1938.0,-23.0
LOLTMNT02_343221,LCP,2026-01-25 06:23:02,Blue,CTBC Flying Oyster,complete,2140,True,4706.0,1126.0,-17.0,5.0,1,820.0,-413.0,4.0
LOLTMNT02_343221,LCP,2026-01-25 06:23:02,Red,MVK Esports,complete,2140,True,-4706.0,-1126.0,17.0,-5.0,0,-820.0,413.0,-4.0
LOLTMNT02_344203,LCP,2026-01-25 07:17:47,Blue,CTBC Flying Oyster,complete,2095,True,-2686.0,-2636.0,-57.0,-1.0,1,-970.0,-78.0,-26.0
LOLTMNT02_344203,LCP,2026-01-25 07:17:47,Red,MVK Esports,complete,2095,True,2686.0,2636.0,57.0,1.0,0,970.0,78.0,26.0
LOLTMNT03_341399,LCK,2026-01-25 08:05:39,Blue,BNK FEARX,complete,2363,True,-34.0,386.0,-25.0,0.0,1,1110.0,269.0,-9.0
LOLTMNT03_341399,LCK,2026-01-25 08:05:39,Red,T1,complete,2363,True,34.0,-386.0,25.0,0.0,0,-1110.0,-269.0,9.0
LOLTMNT02_344204,LCP,2026-01-25 08:12:19,Blue,CTBC Flying Oyster,complete,2269,True,5721.0,3497.0,18.0,6.0,1,2677.0,1066.0,-10.0
LOLTMNT02_344204,LCP,2026-01-25 08:12:19,Red,MVK Esports,complete,2269,True,-5721.0,-3497.0,-18.0,-6.0,0,-2677.0,-1066.0,10.0
LOLTMNT03_340339,LCK,2026-01-25 09:06:56,Blue,T1,complete,2575,True,-2078.0,-2436.0,34.0,-6.0,1,-570.0,-288.0,14.0
LOLTMNT03_340339,LCK,2026-01-25 09:06:56,Red,BNK FEARX,complete,2575,True,2078.0,2436.0,-34.0,6.0,0,570.0,288.0,-14.0
13086-13086_game_1,LPL,2026-01-25 09:14:08,Blue,Team WE,complete,2657,True,-1774.0,-598.0,-15.0,-2.0,1,-308.0,134.0,-7.0
13086-13086_game_1,LPL,2026-01-25 09:14:08,Red,Ninjas in Pyjamas,complete,2657,True,1774.0,598.0,15.0,2.0,0,308.0,-134.0,7.0
LOLTMNT02_344221,LCP,2026-01-25 09:25:06,Blue,DetonatioN FocusMe,complete,2061,True,-2897.0,-1436.0,-84.0,-5.0,1,-211.0,-439.0,-4.0
LOLTMNT02_344221,LCP,2026-01-25 09:25:06,Red,GAM Esports,complete,2061,True,2897.0,1436.0,84.0,5.0,0,211.0,439.0,4.0
LOLTMNT03_340341,LCK,2026-01-25 10:12:05,Blue,BNK FEARX,complete,1820,True,-2531.0,-3447.0,-13.0,-3.0,1,-3336.0,-4909.0,-41.0
LOLTMNT03_340341,LCK,2026-01-25 10:12:05,Red,T1,complete,1820,True,2531.0,3447.0,13.0,3.0,0,3336.0,4909.0,41.0
LOLTMNT02_344222,LCP,2026-01-25 10:18:32,Blue,DetonatioN FocusMe,complete,1885,True,-3493.0,-1910.0,-87.0,-1.0,1,-1666.0,-423.0,-39.0
LOLTMNT02_344222,LCP,2026-01-25 10:18:32,Red,GAM Esports,complete,1885,True,3493.0,1910.0,87.0,1.0,0,1666.0,423.0,39.0
13086-13086_game_2,LPL,2026-01-25 10:20:15,Blue,Team WE,complete,2184,True,-412.0,-972.0,-39.0,0.0,1,56.0,-271.0,-23.0
13086-13086_game_2,LPL,2026-01-25 10:20:15,Red,Ninjas in Pyjamas,complete,2184,True,412.0,972.0,39.0,0.0,0,-56.0,271.0,23.0
LOLTMNT03_341439,LCK,2026-01-25 11:28:02,Blue,HANJIN BRION,complete,2279,True,214.0,567.0,-32.0,1.0,1,903.0,635.0,-6.0
LOLTMNT03_341439,LCK,2026-01-25 11:28:02,Red,KT Rolster,complete,2279,True,-214.0,-567.0,32.0,-1.0,0,-903.0,-635.0,6.0
13086-13086_game_3,LPL,2026-01-25 11:29:58,Blue,Team WE,complete,2331,True,3062.0,2199.0,13.0,3.0,1,1553.0,1428.0,21.0
13086-13086_game_3,LPL,2026-01-25 11:29:58,Red,Ninjas in Pyjamas,complete,2331,True,-3062.0,-2199.0,-13.0,-3.0,0,-1553.0,-1428.0,-21.0
LOLTMNT03_341446,LCK,2026-01-25 12:29:52,Blue,HANJIN BRION,complete,2730,True,3630.0,4617.0,50.0,5.0,1,604.0,1808.0,25.0
LOLTMNT03_341446,LCK,2026-01-25 12:29:52,Red,KT Rolster,complete,2730,True,-3630.0,-4617.0,-50.0,-5.0,0,-604.0,-1808.0,-25.0
13087-13087_game_1,LPL,2026-01-25 12:44:41,Blue,Invictus Gaming,complete,1994,True,-1116.0,-854.0,-36.0,-2.0,1,279.0,126.0,-14.0
13087-13087_game_1,LPL,2026-01-25 12:44:41,Red,Top Esports,complete,1994,True,1116.0,854.0,36.0,2.0,0,-279.0,-126.0,14.0
LOLTMNT03_341450,LCK,2026-01-25 13:39:08,Blue,KT Rolster,complete,1801,True,612.0,1289.0,36.0,3.0,1,-689.0,-220.0,16.0
LOLTMNT03_341450,LCK,2026-01-25 13:39:08,Red,HANJIN BRION,complete,1801,True,-612.0,-1289.0,-36.0,-3.0,0,689.0,220.0,-16.0
13087-13087_game_2,LPL,2026-01-25 13:41:49,Blue,Top Esports,complete,1518,True,6555.0,3826.0,83.0,5.0,1,2563.0,1735.0,37.0
13087-13087_game_2,LPL,2026-01-25 13:41:49,Red,Invictus Gaming,complete,1518,True,-6555.0,-3826.0,-83.0,-5.0,0,-2563.0,-1735.0,-37.0
LOLTMNT04_150207,LEC,2026-01-25 15:52:48,Blue,Team Vitality,complete,1977,True,1151.0,-705.0,10.0,0.0,1,-1117.0,-2108.0,-20.0
LOLTMNT04_150207,LEC,2026-01-25 15:52:48,Red,Shifters,complete,1977,True,-1151.0,705.0,-10.0,0.0,0,1117.0,2108.0,20.0
LOLTMNT01_325945,CBLOL,2026-01-25 16:11:37,Blue,RED Canids,complete,2657,True,7828.0,5752.0,48.0,14.0,1,1035.0,822.0,9.0
LOLTMNT01_325945,CBLOL,2026-01-25 16:11:37,Red,LOUD,complete,2657,True,-7828.0,-5752.0,-48.0,-14.0,0,-1035.0,-822.0,-9.0
LOLTMNT04_150214,LEC,2026-01-25 16:45:10,Blue,SK Gaming,complete,1843,True,-5530.0,-4531.0,-52.0,-4.0,1,-4471.0,-4505.0,-34.0
LOLTMNT04_150214,LEC,2026-01-25 16:45:10,Red,Natus Vincere,complete,1843,True,5530.0,4531.0,52.0,4.0,0,4471.0,4505.0,34.0
LOLTMNT01_325969,CBLOL,2026-01-25 17:27:29,Blue,Leviatan,complete,2234,True,347.0,-545.0,-8.0,4.0,1,-1904.0,-2114.0,-23.0
LOLTMNT01_325969,CBLOL,2026-01-25 17:27:29,Red,Fluxo W7M,complete,2234,True,-347.0,545.0,8.0,-4.0,0,1904.0,2114.0,23.0
LOLTMNT04_149225,LEC,2026-01-25 17:41:52,Blue,Team Heretics,complete,1969,True,2001.0,1673.0,56.0,0.0,1,-897.0,-557.0,-6.0
LOLTMNT04_149225,LEC,2026-01-25 17:41:52,Red,Los Ratones,complete,1969,True,-2001.0,-1673.0,-56.0,0.0,0,897.0,557.0,6.0
LOLTMNT01_325989,CBLOL,2026-01-25 18:24:07,Blue,RED Canids,complete,1745,True,4602.0,4150.0,-7.0,10.0,1,2265.0,2666.0,-11.0
LOLTMNT01_325989,CBLOL,2026-01-25 18:24:07,Red,paiN Gaming,complete,1745,True,-4602.0,-4150.0,7.0,-10.0,0,-2265.0,-2666.0,11.0
LOLTMNT04_150239,LEC,2026-01-25 18:34:50,Blue,Karmine Corp Blue,complete,1555,True,-10729.0,-8905.0,-105.0,-10.0,1,-6648.0,-5503.0,-47.0
LOLTMNT04_150239,LEC,2026-01-25 18:34:50,Red,Movistar KOI,complete,1555,True,10729.0,8905.0,105.0,10.0,0,6648.0,5503.0,47.0
LOLTMNT01_324926,CBLOL,2026-01-25 19:16:09,Blue,LOUD,complete,2019,True,1848.0,1580.0,29.0,0.0,1,2355.0,1119.0,17.0
LOLTMNT01_324926,CBLOL,2026-01-25 19:16:09,Red,Vivo Keyd Stars,complete,2019,True,-1848.0,-1580.0,-29.0,0.0,0,-2355.0,-1119.0,-17.0
LOLTMNT04_149245,LEC,2026-01-25 19:22:26,Blue,Fnatic,complete,1710,True,2236.0,930.0,53.0,1.0,1,2406.0,-43.0,24.0
LOLTMNT04_149245,LEC,2026-01-25 19:22:26,Red,GiantX,complete,1710,True,-2236.0,-930.0,-53.0,-1.0,0,-2406.0,43.0,-24.0
LOLTMNT01_324952,CBLOL,2026-01-25 20:11:14,Blue,LØS,complete,1680,True,2806.0,2581.0,12.0,3.0,1,1004.0,1244.0,-19.0
LOLTMNT01_324952,CBLOL,2026-01-25 20:11:14,Red,FURIA,complete,1680,True,-2806.0,-2581.0,-12.0,-3.0,0,-1004.0,-1244.0,19.0
LOLTMNT04_149251,LEC,2026-01-25 20:13:39,Blue,G2 Esports,complete,2023,True,-3197.0,-3384.0,21.0,-5.0,1,-2215.0,-1452.0,19.0
LOLTMNT04_149251,LEC,2026-01-25 20:13:39,Red,Karmine Corp,complete,2023,True,3197.0,3384.0,-21.0,5.0,0,2215.0,1452.0,-19.0
LOLTMNT01_326052,LCS,2026-01-25 21:13:51,Blue,FlyQuest,complete,2382,True,-2682.0,-1242.0,6.0,-3.0,1,-1853.0,-171.0,-15.0
LOLTMNT01_326052,LCS,2026-01-25 21:13:51,Red,Shopify Rebellion,complete,2382,True,2682.0,1242.0,-6.0,3.0,0,1853.0,171.0,15.0
LOLTMNT01_326059,LCS,2026-01-25 22:12:03,Blue,FlyQuest,complete,2337,True,3497.0,1758.0,-8.0,7.0,1,542.0,492.0,-5.0
LOLTMNT01_326059,LCS,2026-01-25 22:12:03,Red,Shopify Rebellion,complete,2337,True,-3497.0,-1758.0,8.0,-7.0,0,-542.0,-492.0,5.0
LOLTMNT01_324980,LCS,2026-01-25 23:15:54,Blue,LYON,complete,1831,True,8801.0,6750.0,55.0,7.0,1,5183.0,2980.0,8.0
LOLTMNT01_324980,LCS,2026-01-25 23:15:54,Red,Dignitas,complete,1831,True,-8801.0,-6750.0,-55.0,-7.0,0,-5183.0,-2980.0,-8.0
LOLTMNT01_324984,LCS,2026-01-26 00:04:23,Blue,LYON,complete,2228,True,-811.0,-1156.0,8.0,-3.0,1,-3248.0,-2614.0,-17.0
LOLTMNT01_324984,LCS,2026-01-26 00:04:23,Red,Dignitas,complete,2228,True,811.0,1156.0,-8.0,3.0,0,3248.0,2614.0,17.0
13088-13088_game_1,LPL,2026-01-26 09:13:55,Blue,ThunderTalk Gaming,complete,1569,True,-6070.0,-2718.0,-43.0,-5.0,1,-2548.0,-1265.0,-11.0
13088-13088_game_1,LPL,2026-01-26 09:13:55,Red,Team WE,complete,1569,True,6070.0,2718.0,43.0,5.0,0,2548.0,1265.0,11.0
13088-13088_game_2,LPL,2026-01-26 10:04:06,Blue,ThunderTalk Gaming,complete,2377,True,1832.0,974.0,13.0,2.0,1,3773.0,2971.0,4.0
13088-13088_game_2,LPL,2026-01-26 10:04:06,Red,Team WE,complete,2377,True,-1832.0,-974.0,-13.0,-2.0,0,-3773.0,-2971.0,-4.0
13089-13089_game_1,LPL,2026-01-26 11:24:45,Blue,JD Gaming,complete,2354,True,-4273.0,-3715.0,-14.0,-6.0,1,-4586.0,-4417.0,-35.0
13089-13089_game_1,LPL,2026-01-26 11:24:45,Red,Bilibili Gaming,complete,2354,True,4273.0,3715.0,14.0,6.0,0,4586.0,4417.0,35.0
13089-13089_game_2,LPL,2026-01-26 12:31:33,Blue,JD Gaming,complete,2118,True,3249.0,3585.0,-19.0,7.0,1,579.0,-348.0,-12.0
13089-13089_game_2,LPL,2026-01-26 12:31:33,Red,Bilibili Gaming,complete,2118,True,-3249.0,-3585.0,19.0,-7.0,0,-579.0,348.0,12.0
13089-13089_game_3,LPL,2026-01-26 13:31:07,Blue,Bilibili Gaming,complete,1756,True,-1863.0,-4667.0,-29.0,0.0,1,-3506.0,-4724.0,-15.0
13089-13089_game_3,LPL,2026-01-26 13:31:07,Red,JD Gaming,complete,1756,True,1863.0,4667.0,29.0,0.0,0,3506.0,4724.0,15.0
LOLTMNT04_150288,LEC,2026-01-26 15:56:02,Blue,SK Gaming,complete,1517,True,8275.0,5728.0,100.0,8.0,1,-533.0,-1838.0,-4.0
LOLTMNT04_150288,LEC,2026-01-26 15:56:02,Red,Karmine Corp Blue,complete,1517,True,-8275.0,-5728.0,-100.0,-8.0,0,533.0,1838.0,4.0
LOLTMNT04_149293,LEC,2026-01-26 16:40:33,Blue,Shifters,complete,2244,True,4619.0,3103.0,53.0,2.0,1,2188.0,950.0,-6.0
LOLTMNT04_149293,LEC,2026-01-26 16:40:33,Red,Los Ratones,complete,2244,True,-4619.0,-3103.0,-53.0,-2.0,0,-2188.0,-950.0,6.0
LOLTMNT04_149305,LEC,2026-01-26 17:39:01,Blue,Team Vitality,complete,1781,True,-3071.0,-4987.0,-17.0,-7.0,1,-3278.0,-3821.0,-11.0
LOLTMNT04_149305,LEC,2026-01-26 17:39:01,Red,Fnatic,complete,1781,True,3071.0,4987.0,17.0,7.0,0,3278.0,3821.0,11.0
LOLTMNT04_149323,LEC,2026-01-26 18:30:36,Blue,G2 Esports,complete,1745,True,3291.0,2635.0,28.0,0.0,1,1944.0,1601.0,-13.0
LOLTMNT04_149323,LEC,2026-01-26 18:30:36,Red,Team Heretics,complete,1745,True,-3291.0,-2635.0,-28.0,0.0,0,-1944.0,-1601.0,13.0
LOLTMNT04_150332,LEC,2026-01-26 19:21:50,Blue,Natus Vincere,complete,1848,True,-5108.0,-5616.0,-58.0,-6.0,1,-5386.0,-7114.0,-50.0
LOLTMNT04_150332,LEC,2026-01-26 19:21:50,Red,Karmine Corp,complete,1848,True,5108.0,5616.0,58.0,6.0,0,5386.0,7114.0,50.0
LOLTMNT04_150342,LEC,2026-01-26 20:10:44,Blue,Movistar KOI,complete,1961,True,-4325.0,-970.0,13.0,-3.0,1,40.0,1517.0,34.0
LOLTMNT04_150342,LEC,2026-01-26 20:10:44,Red,GiantX,complete,1961,True,4325.0,970.0,-13.0,3.0,0,-40.0,-1517.0,-34.0
13090-13090_game_1,LPL,2026-01-27 07:13:52,Blue,LNG Esports,complete,1557,True,1106.0,8.0,11.0,0.0,1,476.0,-1301.0,-14.0
13090-13090_game_1,LPL,2026-01-27 07:13:52,Red,Ultra Prime,complete,1557,True,-1106.0,-8.0,-11.0,0.0,0,-476.0,1301.0,14.0
13090-13090_game_2,LPL,2026-01-27 08:02:32,Blue,LNG Esports,complete,1737,True,6285.0,4374.0,68.0,7.0,1,1769.0,1319.0,2.0
13090-13090_game_2,LPL,2026-01-27 08:02:32,Red,Ultra Prime,complete,1737,True,-6285.0,-4374.0,-68.0,-7.0,0,-1769.0,-1319.0,-2.0
13091-13091_game_1,LPL,2026-01-27 09:06:42,Blue,Top Esports,complete,1783,True,-3528.0,-1944.0,-6.0,-6.0,1,-2210.0,-1490.0,1.0
13091-13091_game_1,LPL,2026-01-27 09:06:42,Red,Weibo Gaming,complete,1783,True,3528.0,1944.0,6.0,6.0,0,2210.0,1490.0,-1.0
13091-13091_game_2,LPL,2026-01-27 10:00:37,Blue,Weibo Gaming,complete,1497,True,-6395.0,-4340.0,-53.0,-5.0,1,-2231.0,-1296.0,-20.0
13091-13091_game_2,LPL,2026-01-27 10:00:37,Red,Top Esports,complete,1497,True,6395.0,4340.0,53.0,5.0,0,2231.0,1296.0,20.0
13091-13091_game_3,LPL,2026-01-27 10:47:08,Blue,Top Esports,complete,1965,True,-1342.0,-1130.0,-44.0,-1.0,1,1032.0,-297.0,-1.0
13091-13091_game_3,LPL,2026-01-27 10:47:08,Red,Weibo Gaming,complete,1965,True,1342.0,1130.0,44.0,1.0,0,-1032.0,297.0,1.0
13092-13092_game_1,LPL,2026-01-27 11:56:02,Blue,Invictus Gaming,complete,1938,True,-6813.0,-5445.0,-42.0,-5.0,1,-5096.0,-4037.0,-23.0
13092-13092_game_1,LPL,2026-01-27 11:56:02,Red,Anyone's Legend,complete,1938,True,6813.0,5445.0,42.0,5.0,0,5096.0,4037.0,23.0
13092-13092_game_2,LPL,2026-01-27 12:50:48,Blue,Anyone's Legend,complete,1935,True,-3775.0,-1978.0,-24.0,-6.0,1,-1905.0,-178.0,-1.0
13092-13092_game_2,LPL,2026-01-27 12:50:48,Red,Invictus Gaming,complete,1935,True,3775.0,1978.0,24.0,6.0,0,1905.0,178.0,1.0
13092-13092_game_3,LPL,2026-01-27 13:48:01,Blue,Invictus Gaming,complete,1908,True,-177.0,-767.0,4.0,0.0,1,175.0,-1700.0,-24.0
13092-13092_game_3,LPL,2026-01-27 13:48:01,Red,Anyone's Legend,complete,1908,True,177.0,767.0,-4.0,0.0,0,-175.0,1700.0,24.0
13093-13093_game_1,LPL,2026-01-28 07:12:22,Blue,Ultra Prime,complete,1725,True,-361.0,2153.0,3.0,-1.0,1,369.0,1390.0,-5.0
13093-13093_game_1,LPL,2026-01-28 07:12:22,Red,LGD Gaming,complete,1725,True,361.0,-2153.0,-3.0,1.0,0,-369.0,-1390.0,5.0
13093-13093_game_2,LPL,2026-01-28 08:02:47,Blue,Ultra Prime,complete,2107,True,-1077.0,-1192.0,-74.0,1.0,1,502.0,464.0,-3.0
13093-13093_game_2,LPL,2026-01-28 08:02:47,Red,LGD Gaming,complete,2107,True,1077.0,1192.0,74.0,-1.0,0,-502.0,-464.0,3.0
LOLTMNT01_326821,LCK,2026-01-28 08:04:54,Blue,Kiwoom DRX,complete,2170,True,1901.0,2978.0,-16.0,5.0,1,391.0,500.0,-7.0
LOLTMNT01_326821,LCK,2026-01-28 08:04:54,Red,HANJIN BRION,complete,2170,True,-1901.0,-2978.0,16.0,-5.0,0,-391.0,-500.0,7.0
13093-13093_game_3,LPL,2026-01-28 08:58:34,Blue,Ultra Prime,complete,1793,True,1210.0,478.0,17.0,0.0,1,1198.0,90.0,1.0
13093-13093_game_3,LPL,2026-01-28 08:58:34,Red,LGD Gaming,complete,1793,True,-1210.0,-478.0,-17.0,0.0,0,-1198.0,-90.0,-1.0
LOLTMNT01_326837,LCK,2026-01-28 09:03:47,Blue,Kiwoom DRX,complete,2106,True,-2723.0,-867.0,7.0,-5.0,1,-1673.0,-491.0,-2.0
LOLTMNT01_326837,LCK,2026-01-28 09:03:47,Red,HANJIN BRION,complete,2106,True,2723.0,867.0,-7.0,5.0,0,1673.0,491.0,2.0
LOLTMNT01_327784,LCK,2026-01-28 09:59:21,Blue,HANJIN BRION,complete,2046,True,6223.0,471.0,52.0,6.0,1,3091.0,-1517.0,-7.0
LOLTMNT01_327784,LCK,2026-01-28 09:59:21,Red,Kiwoom DRX,complete,2046,True,-6223.0,-471.0,-52.0,-6.0,0,-3091.0,1517.0,7.0
13094-13094_game_1,LPL,2026-01-28 10:04:00,Blue,LNG Esports,complete,2131,True,1034.0,2659.0,29.0,-1.0,1,817.0,783.0,0.0
13094-13094_game_1,LPL,2026-01-28 10:04:00,Red,Oh My God,complete,2131,True,-1034.0,-2659.0,-29.0,1.0,0,-817.0,-783.0,0.0
LOLTMNT01_327799,LCK,2026-01-28 10:54:21,Blue,HANJIN BRION,complete,1921,True,-2047.0,-3920.0,0.0,-3.0,1,-4563.0,-4738.0,-49.0
LOLTMNT01_327799,LCK,2026-01-28 10:54:21,Red,Kiwoom DRX,complete,1921,True,2047.0,3920.0,0.0,3.0,0,4563.0,4738.0,49.0
13094-13094_game_2,LPL,2026-01-28 11:03:16,Blue,LNG Esports,complete,1392,True,11859.0,8450.0,55.0,15.0,1,6329.0,4536.0,11.0
13094-13094_game_2,LPL,2026-01-28 11:03:16,Red,Oh My God,complete,1392,True,-11859.0,-8450.0,-55.0,-15.0,0,-6329.0,-4536.0,-11.0
LOLTMNT01_326904,LCK,2026-01-28 11:49:42,Blue,Kiwoom DRX,complete,2586,True,-2185.0,-2409.0,-42.0,-1.0,1,-557.0,-1468.0,-19.0
LOLTMNT01_326904,LCK,2026-01-28 11:49:42,Red,HANJIN BRION,complete,2586,True,2185.0,2409.0,42.0,1.0,0,557.0,1468.0,19.0
13095-13095_game_1,LPL,2026-01-28 12:05:42,Blue,EDward Gaming,complete,1879,True,-2488.0,-3068.0,-37.0,-1.0,1,-4346.0,-5035.0,-33.0
13095-13095_game_1,LPL,2026-01-28 12:05:42,Red,Ninjas in Pyjamas,complete,1879,True,2488.0,3068.0,37.0,1.0,0,4346.0,5035.0,33.0
13095-13095_game_2,LPL,2026-01-28 13:08:28,Blue,EDward Gaming,complete,1587,True,2537.0,3075.0,22.0,2.0,1,1370.0,1994.0,13.0
13095-13095_game_2,LPL,2026-01-28 13:08:28,Red,Ninjas in Pyjamas,complete,1587,True,-2537.0,-3075.0,-22.0,-2.0,0,-1370.0,-1994.0,-13.0
13095-13095_game_3,LPL,2026-01-28 13:59:03,Blue,EDward Gaming,complete,2362,True,-80.0,-1690.0,-23.0,-1.0,1,1801.0,-289.0,10.0
13095-13095_game_3,LPL,2026-01-28 13:59:03,Red,Ninjas in Pyjamas,complete,2362,True,80.0,1690.0,23.0,1.0,0,-1801.0,289.0,-10.0
LOLTMNT01_331067,LCP,2026-01-29 06:17:45,Blue,Deep Cross Gaming,complete,2141,True,38.0,-152.0,-25.0,1.0,1,741.0,627.0,22.0
LOLTMNT01_331067,LCP,2026-01-29 06:17:45,Red,MVK Esports,complete,2141,True,-38.0,152.0,25.0,-1.0,0,-741.0,-627.0,-22.0
LOLTMNT01_331080,LCP,2026-01-29 07:14:30,Blue,Deep Cross Gaming,complete,2035,True,-5588.0,-192.0,-51.0,-3.0,1,-1092.0,2729.0,15.0
LOLTMNT01_331080,LCP,2026-01-29 07:14:30,Red,MVK Esports,complete,2035,True,5588.0,192.0,51.0,3.0,0,1092.0,-2729.0,-15.0
LOLTMNT01_331103,LCK,2026-01-29 08:07:19,Blue,BNK FEARX,complete,2114,True,1538.0,2388.0,14.0,-1.0,1,3739.0,3060.0,31.0
LOLTMNT01_331103,LCK,2026-01-29 08:07:19,Red,DN SOOPers,complete,2114,True,-1538.0,-2388.0,-14.0,1.0,0,-3739.0,-3060.0,-31.0
LOLTMNT01_332106,LCP,2026-01-29 08:09:13,Blue,Deep Cross Gaming,complete,1714,True,9969.0,5940.0,71.0,11.0,1,1893.0,1367.0,22.0
LOLTMNT01_332106,LCP,2026-01-29 08:09:13,Red,MVK Esports,complete,1714,True,-9969.0,-5940.0,-71.0,-11.0,0,-1893.0,-1367.0,-22.0
LOLTMNT01_332133,LCK,2026-01-29 09:07:12,Blue,BNK FEARX,complete,1535,True,7091.0,6489.0,77.0,6.0,1,6504.0,4474.0,26.0
LOLTMNT01_332133,LCK,2026-01-29 09:07:12,Red,DN SOOPers,complete,1535,True,-7091.0,-6489.0,-77.0,-6.0,0,-6504.0,-4474.0,-26.0
LOLTMNT01_332135,LCP,2026-01-29 09:13:50,Blue,Fukuoka SoftBank HAWKS gaming,complete,1516,True,-7614.0,-4556.0,-67.0,-5.0,1,-5343.0,-3347.0,-18.0
LOLTMNT01_332135,LCP,2026-01-29 09:13:50,Red,CTBC Flying Oyster,complete,1516,True,7614.0,4556.0,67.0,5.0,0,5343.0,3347.0,18.0
13096-13096_game_1,LPL,2026-01-29 09:14:37,Blue,ThunderTalk Gaming,complete,1742,True,-6326.0,-5532.0,-69.0,-5.0,1,-2983.0,-1789.0,-10.0
13096-13096_game_1,LPL,2026-01-29 09:14:37,Red,Ninjas in Pyjamas,complete,1742,True,6326.0,5532.0,69.0,5.0,0,2983.0,1789.0,10.0
LOLTMNT01_332152,LCK,2026-01-29 09:53:36,Blue,BNK FEARX,complete,2027,True,-3474.0,-1904.0,-17.0,-4.0,1,-2894.0,-3176.0,-26.0
LOLTMNT01_332152,LCK,2026-01-29 09:53:36,Red,DN SOOPers,complete,2027,True,3474.0,1904.0,17.0,4.0,0,2894.0,3176.0,26.0
LOLTMNT01_331147,LCP,2026-01-29 09:59:52,Blue,CTBC Flying Oyster,complete,2097,True,-2814.0,-1573.0,2.0,-4.0,1,-4409.0,-3662.0,-5.0
LOLTMNT01_331147,LCP,2026-01-29 09:59:52,Red,Fukuoka SoftBank HAWKS gaming,complete,2097,True,2814.0,1573.0,-2.0,4.0,0,4409.0,3662.0,5.0
13096-13096_game_2,LPL,2026-01-29 10:04:43,Blue,Ninjas in Pyjamas,complete,1540,True,9778.0,6766.0,86.0,11.0,1,3830.0,2842.0,36.0
13096-13096_game_2,LPL,2026-01-29 10:04:43,Red,ThunderTalk Gaming,complete,1540,True,-9778.0,-6766.0,-86.0,-11.0,0,-3830.0,-2842.0,-36.0
LOLTMNT01_332170,LCK,2026-01-29 10:47:32,Blue,DN SOOPers,complete,2366,True,2838.0,3675.0,29.0,4.0,1,2678.0,3484.0,23.0
LOLTMNT01_332170,LCK,2026-01-29 10:47:32,Red,BNK FEARX,complete,2366,True,-2838.0,-3675.0,-29.0,-4.0,0,-2678.0,-3484.0,-23.0
13097-13097_game_1,LPL,2026-01-29 11:08:40,Blue,Weibo Gaming,complete,2118,True,-2056.0,-629.0,-31.0,0.0,1,-484.0,373.0,-2.0
13097-13097_game_1,LPL,2026-01-29 11:08:40,Red,JD Gaming,complete,2118,True,2056.0,629.0,31.0,0.0,0,484.0,-373.0,2.0
13097-13097_game_2,LPL,2026-01-29 12:15:36,Blue,Weibo Gaming,partial,1948,False,,,,,1,,,
13097-13097_game_2,LPL,2026-01-29 12:15:36,Red,JD Gaming,partial,1948,False,,,,,0,,,
13097-13097_game_3,LPL,2026-01-29 13:12:26,Blue,JD Gaming,complete,2202,True,1032.0,458.0,19.0,-1.0,1,919.0,-439.0,9.0
13097-13097_game_3,LPL,2026-01-29 13:12:26,Red,Weibo Gaming,complete,2202,True,-1032.0,-458.0,-19.0,1.0,0,-919.0,439.0,-9.0
LOLTMNT01_331550,LCP,2026-01-30 06:18:03,Blue,Team Secret Whales,complete,1433,True,11960.0,9449.0,106.0,13.0,1,8580.0,6679.0,50.0
LOLTMNT01_331550,LCP,2026-01-30 06:18:03,Red,DetonatioN FocusMe,complete,1433,True,-11960.0,-9449.0,-106.0,-13.0,0,-8580.0,-6679.0,-50.0
LOLTMNT01_331565,LCP,2026-01-30 07:01:47,Blue,Team Secret Whales,complete,1985,True,5422.0,2714.0,44.0,9.0,1,2891.0,1201.0,3.0
LOLTMNT01_331565,LCP,2026-01-30 07:01:47,Red,DetonatioN FocusMe,complete,1985,True,-5422.0,-2714.0,-44.0,-9.0,0,-2891.0,-1201.0,-3.0
LOLTMNT01_331607,LCK,2026-01-30 08:05:48,Blue,KT Rolster,complete,1641,True,-3246.0,-3124.0,-17.0,-4.0,1,-1016.0,-2576.0,-24.0
LOLTMNT01_331607,LCK,2026-01-30 08:05:48,Red,Nongshim RedForce,complete,1641,True,3246.0,3124.0,17.0,4.0,0,1016.0,2576.0,24.0
LOLTMNT01_331609,LCP,2026-01-30 08:11:03,Blue,Ground Zero Gaming,complete,1863,True,1410.0,-939.0,10.0,0.0,1,643.0,-1624.0,-4.0
LOLTMNT01_331609,LCP,2026-01-30 08:11:03,Red,GAM Esports,complete,1863,True,-1410.0,939.0,-10.0,0.0,0,-643.0,1624.0,4.0
LOLTMNT01_332667,LCK,2026-01-30 08:56:59,Blue,Nongshim RedForce,complete,2269,True,1214.0,404.0,5.0,3.0,1,-108.0,31.0,-6.0
LOLTMNT01_332667,LCK,2026-01-30 08:56:59,Red,KT Rolster,complete,2269,True,-1214.0,-404.0,-5.0,-3.0,0,108.0,-31.0,6.0
LOLTMNT01_331623,LCP,2026-01-30 09:01:57,Blue,Ground Zero Gaming,complete,2091,True,1331.0,547.0,58.0,-3.0,1,-498.0,-1979.0,-7.0
LOLTMNT01_331623,LCP,2026-01-30 09:01:57,Red,GAM Esports,complete,2091,True,-1331.0,-547.0,-58.0,3.0,0,498.0,1979.0,7.0
13098-13098_game_1,LPL,2026-01-30 09:11:00,Blue,Ultra Prime,complete,1875,True,-3241.0,-4385.0,-20.0,-3.0,1,-3419.0,-3286.0,-23.0
13098-13098_game_1,LPL,2026-01-30 09:11:00,Red,Oh My God,complete,1875,True,3241.0,4385.0,20.0,3.0,0,3419.0,3286.0,23.0
LOLTMNT01_331638,LCP,2026-01-30 09:56:32,Blue,Ground Zero Gaming,complete,1994,True,-4165.0,-4428.0,-97.0,-4.0,1,139.0,-1675.0,-42.0
LOLTMNT01_331638,LCP,2026-01-30 09:56:32,Red,GAM Esports,complete,1994,True,4165.0,4428.0,97.0,4.0,0,-139.0,1675.0,42.0
LOLTMNT01_331640,LCK,2026-01-30 09:57:18,Blue,Nongshim RedForce,complete,1541,True,-3989.0,-3632.0,-54.0,-3.0,1,-1217.0,-709.0,-6.0
LOLTMNT01_331640,LCK,2026-01-30 09:57:18,Red,KT Rolster,complete,1541,True,3989.0,3632.0,54.0,3.0,0,1217.0,709.0,6.0
13098-13098_game_2,LPL,2026-01-30 10:06:14,Blue,Ultra Prime,complete,1813,True,-1595.0,-1202.0,11.0,-4.0,1,803.0,397.0,-19.0
13098-13098_game_2,LPL,2026-01-30 10:06:14,Red,Oh My God,complete,1813,True,1595.0,1202.0,-11.0,4.0,0,-803.0,-397.0,19.0
LOLTMNT01_331650,LCK,2026-01-30 10:47:33,Blue,KT Rolster,complete,2313,True,2528.0,3321.0,22.0,5.0,1,-482.0,799.0,14.0
LOLTMNT01_331650,LCK,2026-01-30 10:47:33,Red,Nongshim RedForce,complete,2313,True,-2528.0,-3321.0,-22.0,-5.0,0,482.0,-799.0,-14.0
13099-13099_game_1,LPL,2026-01-30 11:11:36,Blue,Top Esports,complete,2014,True,-1068.0,-341.0,17.0,-2.0,1,-902.0,-83.0,27.0
13099-13099_game_1,LPL,2026-01-30 11:11:36,Red,Bilibili Gaming,complete,2014,True,1068.0,341.0,-17.0,2.0,0,902.0,83.0,-27.0
LOLTMNT01_332727,LCK,2026-01-30 11:49:42,Blue,KT Rolster,complete,1571,True,-2380.0,-471.0,-42.0,0.0,1,-1942.0,-731.0,-17.0
LOLTMNT01_332727,LCK,2026-01-30 11:49:42,Red,Nongshim RedForce,complete,1571,True,2380.0,471.0,42.0,0.0,0,1942.0,731.0,17.0
13099-13099_game_2,LPL,2026-01-30 12:07:58,Blue,Bilibili Gaming,partial,1808,False,,,,,1,,,
13099-13099_game_2,LPL,2026-01-30 12:07:58,Red,Top Esports,partial,1808,False,,,,,0,,,
13099-13099_game_3,LPL,2026-01-30 12:59:44,Blue,Bilibili Gaming,complete,1976,True,931.0,176.0,13.0,1.0,1,581.0,-1171.0,-12.0
13099-13099_game_3,LPL,2026-01-30 12:59:44,Red,Top Esports,complete,1976,True,-931.0,-176.0,-13.0,-1.0,0,-581.0,1171.0,12.0
LOLTMNT01_333338,LCP,2026-01-31 06:19:16,Blue,CTBC Flying Oyster,complete,2000,True,2137.0,-2542.0,1.0,1.0,1,-339.0,-1590.0,-26.0
LOLTMNT01_333338,LCP,2026-01-31 06:19:16,Red,Deep Cross Gaming,complete,2000,True,-2137.0,2542.0,-1.0,-1.0,0,339.0,1590.0,26.0
LOLTMNT01_334271,LCP,2026-01-31 07:14:11,Blue,CTBC Flying Oyster,complete,1804,True,-2934.0,-3189.0,-14.0,-8.0,1,-2270.0,-2381.0,-41.0
LOLTMNT01_334271,LCP,2026-01-31 07:14:11,Red,Deep Cross Gaming,complete,1804,True,2934.0,3189.0,14.0,8.0,0,2270.0,2381.0,41.0
LOLTMNT01_333368,LCP,2026-01-31 08:06:42,Blue,CTBC Flying Oyster,complete,2744,True,3636.0,2836.0,38.0,5.0,1,1406.0,1176.0,-2.0
LOLTMNT01_333368,LCP,2026-01-31 08:06:42,Red,Deep Cross Gaming,complete,2744,True,-3636.0,-2836.0,-38.0,-5.0,0,-1406.0,-1176.0,2.0
LOLTMNT01_334295,LCK,2026-01-31 08:17:53,Blue,Dplus Kia,complete,1992,True,-2814.0,-40.0,-10.0,-2.0,1,-1579.0,-1138.0,-37.0
LOLTMNT01_334295,LCK,2026-01-31 08:17:53,Red,T1,complete,1992,True,2814.0,40.0,10.0,2.0,0,1579.0,1138.0,37.0
LOLTMNT01_334313,LCK,2026-01-31 09:15:38,Blue,T1,complete,1685,True,4769.0,3506.0,4.0,6.0,1,6187.0,4530.0,27.0
LOLTMNT01_334313,LCK,2026-01-31 09:15:38,Red,Dplus Kia,complete,1685,True,-4769.0,-3506.0,-4.0,-6.0,0,-6187.0,-4530.0,-27.0
13100-13100_game_1,LPL,2026-01-31 09:15:46,Blue,Anyone's Legend,complete,1969,True,-485.0,-269.0,12.0,-4.0,1,-288.0,18.0,16.0
13100-13100_game_1,LPL,2026-01-31 09:15:46,Red,JD Gaming,complete,1969,True,485.0,269.0,-12.0,4.0,0,288.0,-18.0,-16.0
LOLTMNT04_151244,LCP,2026-01-31 10:06:15,Blue,Fukuoka SoftBank HAWKS gaming,complete,2392,True,175.0,-1475.0,-37.0,-1.0,1,-67.0,44.0,-14.0
LOLTMNT04_151244,LCP,2026-01-31 10:06:15,Red,MVK Esports,complete,2392,True,-175.0,1475.0,37.0,1.0,0,67.0,-44.0,14.0
LOLTMNT01_333373,LCK,2026-01-31 10:06:58,Blue,T1,complete,2378,True,3568.0,2424.0,-7.0,7.0,1,2635.0,1999.0,4.0
LOLTMNT01_333373,LCK,2026-01-31 10:06:58,Red,Dplus Kia,complete,2378,True,-3568.0,-2424.0,7.0,-7.0,0,-2635.0,-1999.0,-4.0
13100-13100_game_2,LPL,2026-01-31 10:12:57,Blue,Anyone's Legend,complete,2077,True,-827.0,278.0,5.0,1.0,1,466.0,1043.0,30.0
13100-13100_game_2,LPL,2026-01-31 10:12:57,Red,JD Gaming,complete,2077,True,827.0,-278.0,-5.0,-1.0,0,-466.0,-1043.0,-30.0
LOLTMNT04_151246,LCP,2026-01-31 11:07:09,Blue,Fukuoka SoftBank HAWKS gaming,complete,1953,True,-6839.0,-4308.0,-95.0,-5.0,1,-2997.0,-1397.0,-48.0
LOLTMNT04_151246,LCP,2026-01-31 11:07:09,Red,MVK Esports,complete,1953,True,6839.0,4308.0,95.0,5.0,0,2997.0,1397.0,48.0
13100-13100_game_3,LPL,2026-01-31 11:12:29,Blue,JD Gaming,complete,2311,True,-1201.0,-805.0,-12.0,-1.0,1,-222.0,-429.0,-16.0
13100-13100_game_3,LPL,2026-01-31 11:12:29,Red,Anyone's Legend,complete,2311,True,1201.0,805.0,12.0,1.0,0,222.0,429.0,16.0
LOLTMNT04_152253,LCP,2026-01-31 12:08:17,Blue,Fukuoka SoftBank HAWKS gaming,complete,2101,True,-897.0,-3526.0,-77.0,1.0,1,-1510.0,-3902.0,-28.0
LOLTMNT04_152253,LCP,2026-01-31 12:08:17,Red,MVK Esports,complete,2101,True,897.0,3526.0,77.0,-1.0,0,1510.0,3902.0,28.0
13101-13101_game_1,LPL,2026-01-31 12:28:44,Blue,Invictus Gaming,complete,1593,True,-3185.0,-2416.0,-79.0,-2.0,1,-651.0,-1276.0,-39.0
13101-13101_game_1,LPL,2026-01-31 12:28:44,Red,Bilibili Gaming,complete,1593,True,3185.0,2416.0,79.0,2.0,0,651.0,1276.0,39.0
13101-13101_game_2,LPL,2026-01-31 13:36:01,Blue,Bilibili Gaming,complete,1934,True,1265.0,1931.0,15.0,2.0,1,-209.0,1047.0,16.0
13101-13101_game_2,LPL,2026-01-31 13:36:01,Red,Invictus Gaming,complete,1934,True,-1265.0,-1931.0,-15.0,-2.0,0,209.0,-1047.0,-16.0
LOLTMNT04_152292,LEC,2026-01-31 15:51:21,Blue,Team Heretics,complete,2365,True,-2878.0,-3351.0,18.0,-3.0,1,-2576.0,-4314.0,-16.0
LOLTMNT04_152292,LEC,2026-01-31 15:51:21,Red,SK Gaming,complete,2365,True,2878.0,3351.0,-18.0,3.0,0,2576.0,4314.0,16.0
LOLTMNT01_333622,CBLOL,2026-01-31 16:09:50,Blue,Vivo Keyd Stars,complete,1876,True,-5907.0,-5702.0,-9.0,-11.0,1,-4006.0,-4297.0,9.0
LOLTMNT01_333622,CBLOL,2026-01-31 16:09:50,Red,RED Canids,complete,1876,True,5907.0,5702.0,9.0,11.0,0,4006.0,4297.0,-9.0
LOLTMNT04_152324,LEC,2026-01-31 16:52:38,Blue,GiantX,complete,2044,True,1320.0,2314.0,1.0,4.0,1,-357.0,975.0,-7.0
LOLTMNT04_152324,LEC,2026-01-31 16:52:38,Red,Natus Vincere,complete,2044,True,-1320.0,-2314.0,-1.0,-4.0,0,357.0,-975.0,7.0
LOLTMNT01_334569,CBLOL,2026-01-31 17:02:39,Blue,FURIA,complete,2173,True,4263.0,1393.0,19.0,2.0,1,2150.0,703.0,-12.0
LOLTMNT01_334569,CBLOL,2026-01-31 17:02:39,Red,Fluxo W7M,complete,2173,True,-4263.0,-1393.0,-19.0,-2.0,0,-2150.0,-703.0,12.0
LOLTMNT04_151290,LEC,2026-01-31 17:45:57,Blue,Fnatic,complete,1999,True,-3778.0,-3274.0,-47.0,-1.0,1,-1891.0,-1965.0,-15.0
LOLTMNT04_151290,LEC,2026-01-31 17:45:57,Red,Shifters,complete,1999,True,3778.0,3274.0,47.0,1.0,0,1891.0,1965.0,15.0
LOLTMNT01_333675,CBLOL,2026-01-31 17:59:58,Blue,LØS,complete,1879,True,-3057.0,-1110.0,17.0,-6.0,1,-2272.0,-840.0,-3.0
LOLTMNT01_333675,CBLOL,2026-01-31 17:59:58,Red,paiN Gaming,complete,1879,True,3057.0,1110.0,-17.0,6.0,0,2272.0,840.0,3.0
LOLTMNT04_151303,LEC,2026-01-31 18:41:14,Blue,G2 Esports,complete,2039,True,-1628.0,-1441.0,-44.0,-1.0,1,-446.0,-947.0,-21.0
LOLTMNT04_151303,LEC,2026-01-31 18:41:14,Red,Karmine Corp Blue,complete,2039,True,1628.0,1441.0,44.0,1.0,0,446.0,947.0,21.0
LOLTMNT01_334665,CBLOL,2026-01-31 18:50:43,Blue,LOUD,complete,2137,True,-2512.0,-1454.0,-26.0,-4.0,1,-828.0,462.0,-3.0
LOLTMNT01_334665,CBLOL,2026-01-31 18:50:43,Red,Leviatan,complete,2137,True,2512.0,1454.0,26.0,4.0,0,828.0,-462.0,3.0
LOLTMNT04_152357,LEC,2026-01-31 19:37:04,Blue,Team Vitality,complete,1978,True,4426.0,4549.0,33.0,3.0,1,2490.0,3966.0,19.0
LOLTMNT04_152357,LEC,2026-01-31 19:37:04,Red,Karmine Corp,complete,1978,True,-4426.0,-4549.0,-33.0,-3.0,0,-2490.0,-3966.0,-19.0
LOLTMNT04_152368,LEC,2026-01-31 20:32:16,Blue,Los Ratones,complete,2397,True,-845.0,-1110.0,-11.0,-1.0,1,517.0,144.0,18.0
LOLTMNT04_152368,LEC,2026-01-31 20:32:16,Red,Movistar KOI,complete,2397,True,845.0,1110.0,11.0,1.0,0,-517.0,-144.0,-18.0
LOLTMNT01_334729,LCS,2026-01-31 21:07:01,Blue,LYON,complete,2720,True,-845.0,295.0,-31.0,1.0,1,434.0,1600.0,9.0
LOLTMNT01_334729,LCS,2026-01-31 21:07:01,Red,Cloud9,complete,2720,True,845.0,-295.0,31.0,-1.0,0,-434.0,-1600.0,-9.0
LOLTMNT01_333860,LCS,2026-01-31 22:10:44,Blue,Cloud9,complete,2240,True,4029.0,4916.0,66.0,5.0,1,3084.0,3697.0,51.0
LOLTMNT01_333860,LCS,2026-01-31 22:10:44,Red,LYON,complete,2240,True,-4029.0,-4916.0,-66.0,-5.0,0,-3084.0,-3697.0,-51.0
LOLTMNT01_334794,LCS,2026-01-31 23:09:01,Blue,Dignitas,complete,1776,True,-3428.0,-2780.0,-19.0,-5.0,1,-4207.0,-3606.0,18.0
LOLTMNT01_334794,LCS,2026-01-31 23:09:01,Red,Sentinels,complete,1776,True,3428.0,2780.0,19.0,5.0,0,4207.0,3606.0,-18.0
LOLTMNT01_334841,LCS,2026-02-01 00:06:03,Blue,Sentinels,complete,1693,True,4786.0,4233.0,27.0,5.0,1,4353.0,3784.0,21.0
LOLTMNT01_334841,LCS,2026-02-01 00:06:03,Red,Dignitas,complete,1693,True,-4786.0,-4233.0,-27.0,-5.0,0,-4353.0,-3784.0,-21.0
LOLTMNT01_334969,LCP,2026-02-01 06:18:14,Blue,Team Secret Whales,complete,1571,True,8690.0,4835.0,40.0,10.0,1,2374.0,87.0,-3.0
LOLTMNT01_334969,LCP,2026-02-01 06:18:14,Red,GAM Esports,complete,1571,True,-8690.0,-4835.0,-40.0,-10.0,0,-2374.0,-87.0,3.0
LOLTMNT01_334977,LCP,2026-02-01 07:04:30,Blue,Team Secret Whales,complete,2035,True,-2583.0,-4083.0,-93.0,-3.0,1,-205.0,-1244.0,-34.0
LOLTMNT01_334977,LCP,2026-02-01 07:04:30,Red,GAM Esports,complete,2035,True,2583.0,4083.0,93.0,3.0,0,205.0,1244.0,34.0
LOLTMNT01_336016,LCK,2026-02-01 08:08:08,Blue,Gen.G,complete,2164,True,3197.0,2853.0,21.0,1.0,1,4226.0,3243.0,36.0
LOLTMNT01_336016,LCK,2026-02-01 08:08:08,Red,Hanwha Life Esports,complete,2164,True,-3197.0,-2853.0,-21.0,-1.0,0,-4226.0,-3243.0,-36.0
LOLTMNT01_335056,LCP,2026-02-01 08:14:13,Blue,Ground Zero Gaming,complete,3004,True,4170.0,3863.0,57.0,1.0,1,2877.0,2314.0,16.0
LOLTMNT01_335056,LCP,2026-02-01 08:14:13,Red,DetonatioN FocusMe,complete,3004,True,-4170.0,-3863.0,-57.0,-1.0,0,-2877.0,-2314.0,-16.0
LOLTMNT01_336021,LCK,2026-02-01 09:10:50,Blue,Gen.G,complete,2102,True,1253.0,635.0,-42.0,4.0,1,2022.0,1710.0,-1.0
LOLTMNT01_336021,LCK,2026-02-01 09:10:50,Red,Hanwha Life Esports,complete,2102,True,-1253.0,-635.0,42.0,-4.0,0,-2022.0,-1710.0,1.0
13102-13102_game_1,LPL,2026-02-01 09:11:51,Blue,LNG Esports,complete,1887,True,-1244.0,977.0,36.0,-4.0,1,159.0,242.0,-22.0
13102-13102_game_1,LPL,2026-02-01 09:11:51,Red,LGD Gaming,complete,1887,True,1244.0,-977.0,-36.0,4.0,0,-159.0,-242.0,22.0
LOLTMNT01_335065,LCP,2026-02-01 09:24:23,Blue,Ground Zero Gaming,complete,1468,True,5818.0,2930.0,74.0,3.0,1,1114.0,-624.0,-5.0
LOLTMNT01_335065,LCP,2026-02-01 09:24:23,Red,DetonatioN FocusMe,complete,1468,True,-5818.0,-2930.0,-74.0,-3.0,0,-1114.0,624.0,5.0
13102-13102_game_2,LPL,2026-02-01 10:05:46,Blue,LNG Esports,complete,2191,True,-4382.0,-3283.0,7.0,-6.0,1,-3867.0,-4894.0,-36.0
13102-13102_game_2,LPL,2026-02-01 10:05:46,Red,LGD Gaming,complete,2191,True,4382.0,3283.0,-7.0,6.0,0,3867.0,4894.0,36.0
LOLTMNT01_335069,LCK,2026-02-01 10:09:06,Blue,Gen.G,complete,1947,True,664.0,1662.0,7.0,1.0,1,141.0,83.0,13.0
LOLTMNT01_335069,LCK,2026-02-01 10:09:06,Red,Hanwha Life Esports,complete,1947,True,-664.0,-1662.0,-7.0,-1.0,0,-141.0,-83.0,-13.0
LOLTMNT01_336035,LCP,2026-02-01 10:09:11,Blue,Ground Zero Gaming,complete,1584,True,7085.0,4027.0,80.0,6.0,1,3813.0,2532.0,28.0
LOLTMNT01_336035,LCP,2026-02-01 10:09:11,Red,DetonatioN FocusMe,complete,1584,True,-7085.0,-4027.0,-80.0,-6.0,0,-3813.0,-2532.0,-28.0
13102-13102_game_3,LPL,2026-02-01 11:22:06,Blue,LNG Esports,partial,1893,False,,,,,1,,,
13102-13102_game_3,LPL,2026-02-01 11:22:06,Red,LGD Gaming,partial,1893,False,,,,,0,,,
13103-13103_game_1,LPL,2026-02-01 12:29:13,Blue,Top Esports,complete,1779,True,-4202.0,-2957.0,-28.0,-5.0,1,-1813.0,-1709.0,-26.0
13103-13103_game_1,LPL,2026-02-01 12:29:13,Red,Anyone's Legend,complete,1779,True,4202.0,2957.0,28.0,5.0,0,1813.0,1709.0,26.0
13103-13103_game_2,LPL,2026-02-01 13:21:04,Blue,Anyone's Legend,complete,1509,True,6733.0,3388.0,17.0,10.0,1,3236.0,848.0,-4.0
13103-13103_game_2,LPL,2026-02-01 13:21:04,Red,Top Esports,complete,1509,True,-6733.0,-3388.0,-17.0,-10.0,0,-3236.0,-848.0,4.0
LOLTMNT04_151377,LEC,2026-02-01 15:53:22,Blue,Shifters,complete,2466,True,-2109.0,-92.0,-64.0,3.0,1,-138.0,-310.0,-25.0
LOLTMNT04_151377,LEC,2026-02-01 15:53:22,Red,Natus Vincere,complete,2466,True,2109.0,92.0,64.0,-3.0,0,138.0,310.0,25.0
LOLTMNT01_336167,CBLOL,2026-02-01 16:08:41,Blue,LØS,complete,2014,True,219.0,2366.0,10.0,-1.0,1,-794.0,-52.0,-14.0
LOLTMNT01_336167,CBLOL,2026-02-01 16:08:41,Red,RED Canids,complete,2014,True,-219.0,-2366.0,-10.0,1.0,0,794.0,52.0,14.0
LOLTMNT04_151408,LEC,2026-02-01 16:53:55,Blue,Team Heretics,complete,2566,True,2238.0,-1033.0,4.0,0.0,1,1731.0,34.0,-24.0
LOLTMNT04_151408,LEC,2026-02-01 16:53:55,Red,Karmine Corp Blue,complete,2566,True,-2238.0,1033.0,-4.0,0.0,0,-1731.0,-34.0,24.0
LOLTMNT01_336190,CBLOL,2026-02-01 17:04:08,Blue,Vivo Keyd Stars,complete,1991,True,-5184.0,-1034.0,-23.0,-5.0,1,-2682.0,331.0,-16.0
LOLTMNT01_336190,CBLOL,2026-02-01 17:04:08,Red,FURIA,complete,1991,True,5184.0,1034.0,23.0,5.0,0,2682.0,-331.0,16.0
LOLTMNT04_152447,LEC,2026-02-01 17:56:18,Blue,GiantX,complete,2198,True,2123.0,783.0,27.0,1.0,1,1373.0,183.0,9.0
LOLTMNT04_152447,LEC,2026-02-01 17:56:18,Red,Team Vitality,complete,2198,True,-2123.0,-783.0,-27.0,-1.0,0,-1373.0,-183.0,-9.0
LOLTMNT01_336222,CBLOL,2026-02-01 17:57:00,Blue,Leviatan,complete,1993,True,-10749.0,-7869.0,-73.0,-11.0,1,-6010.0,-3830.0,-25.0
LOLTMNT01_336222,CBLOL,2026-02-01 17:57:00,Red,paiN Gaming,complete,1993,True,10749.0,7869.0,73.0,11.0,0,6010.0,3830.0,25.0
LOLTMNT01_335312,CBLOL,2026-02-01 18:49:33,Blue,LOUD,complete,1719,True,-3965.0,-2749.0,-16.0,-8.0,1,-1033.0,-1660.0,-7.0
LOLTMNT01_335312,CBLOL,2026-02-01 18:49:33,Red,Fluxo W7M,complete,1719,True,3965.0,2749.0,16.0,8.0,0,1033.0,1660.0,7.0
LOLTMNT04_152461,LEC,2026-02-01 18:52:52,Blue,SK Gaming,complete,2172,True,-1971.0,-414.0,-22.0,0.0,1,-688.0,394.0,15.0
LOLTMNT04_152461,LEC,2026-02-01 18:52:52,Red,Movistar KOI,complete,2172,True,1971.0,414.0,22.0,0.0,0,688.0,-394.0,-15.0
LOLTMNT04_151435,LEC,2026-02-01 19:48:43,Blue,Fnatic,complete,1818,True,-5710.0,-5038.0,-91.0,-4.0,1,-2151.0,-744.0,-27.0
LOLTMNT04_151435,LEC,2026-02-01 19:48:43,Red,Karmine Corp,complete,1818,True,5710.0,5038.0,91.0,4.0,0,2151.0,744.0,27.0
LOLTMNT04_151443,LEC,2026-02-01 20:39:58,Blue,G2 Esports,complete,1892,True,-1079.0,-762.0,-19.0,1.0,1,-2097.0,-1411.0,-28.0
LOLTMNT04_151443,LEC,2026-02-01 20:39:58,Red,Los Ratones,complete,1892,True,1079.0,762.0,19.0,-1.0,0,2097.0,1411.0,28.0
LOLTMNT01_335373,LCS,2026-02-01 21:12:21,Blue,Disguised,complete,1707,True,-2928.0,-4413.0,-77.0,-3.0,1,-2059.0,-3358.0,-31.0
LOLTMNT01_335373,LCS,2026-02-01 21:12:21,Red,FlyQuest,complete,1707,True,2928.0,4413.0,77.0,3.0,0,2059.0,3358.0,31.0
LOLTMNT01_335385,LCS,2026-02-01 22:00:41,Blue,Disguised,complete,2105,True,-984.0,-571.0,-12.0,-2.0,1,-2532.0,-2815.0,-14.0
LOLTMNT01_335385,LCS,2026-02-01 22:00:41,Red,FlyQuest,complete,2105,True,984.0,571.0,12.0,2.0,0,2532.0,2815.0,14.0
LOLTMNT01_335397,LCS,2026-02-01 22:55:17,Blue,FlyQuest,complete,1819,True,1595.0,-352.0,18.0,-2.0,1,745.0,7.0,-6.0
LOLTMNT01_335397,LCS,2026-02-01 22:55:17,Red,Disguised,complete,1819,True,-1595.0,352.0,-18.0,2.0,0,-745.0,-7.0,6.0
LOLTMNT01_336316,LCS,2026-02-01 23:44:52,Blue,Team Liquid,complete,1718,True,213.0,-1274.0,-8.0,-1.0,1,364.0,-593.0,-12.0
LOLTMNT01_336316,LCS,2026-02-01 23:44:52,Red,Shopify Rebellion,complete,1718,True,-213.0,1274.0,8.0,1.0,0,-364.0,593.0,12.0
LOLTMNT01_335433,LCS,2026-02-02 00:35:19,Blue,Team Liquid,complete,1451,True,7823.0,5936.0,77.0,7.0,1,1872.0,824.0,30.0
LOLTMNT01_335433,LCS,2026-02-02 00:35:19,Red,Shopify Rebellion,complete,1451,True,-7823.0,-5936.0,-77.0,-7.0,0,-1872.0,-824.0,-30.0
13104-13104_game_1,LPL,2026-02-02 09:11:19,Blue,LGD Gaming,complete,2090,True,3302.0,1841.0,10.0,2.0,1,1486.0,2439.0,0.0
13104-13104_game_1,LPL,2026-02-02 09:11:19,Red,Oh My God,complete,2090,True,-3302.0,-1841.0,-10.0,-2.0,0,-1486.0,-2439.0,0.0
13104-13104_game_2,LPL,2026-02-02 10:07:12,Blue,LGD Gaming,complete,2101,True,3563.0,1603.0,-14.0,4.0,1,3520.0,2145.0,22.0
13104-13104_game_2,LPL,2026-02-02 10:07:12,Red,Oh My God,complete,2101,True,-3563.0,-1603.0,14.0,-4.0,0,-3520.0,-2145.0,-22.0
13104-13104_game_3,LPL,2026-02-02 11:03:56,Blue,LGD Gaming,complete,1844,True,-4504.0,-1467.0,9.0,-6.0,1,-2939.0,-2233.0,-11.0
13104-13104_game_3,LPL,2026-02-02 11:03:56,Red,Oh My God,complete,1844,True,4504.0,1467.0,-9.0,6.0,0,2939.0,2233.0,11.0
13105-13105_game_1,LPL,2026-02-02 12:10:13,Blue,Weibo Gaming,complete,1902,True,-4811.0,-4596.0,-44.0,-5.0,1,-2582.0,-2046.0,3.0
13105-13105_game_1,LPL,2026-02-02 12:10:13,Red,Bilibili Gaming,complete,1902,True,4811.0,4596.0,44.0,5.0,0,2582.0,2046.0,-3.0
13105-13105_game_2,LPL,2026-02-02 13:05:37,Blue,Bilibili Gaming,complete,2151,True,-2014.0,-2199.0,-29.0,-1.0,1,-1572.0,-1048.0,-14.0
13105-13105_game_2,LPL,2026-02-02 13:05:37,Red,Weibo Gaming,complete,2151,True,2014.0,2199.0,29.0,1.0,0,1572.0,1048.0,14.0
LOLTMNT04_152497,LEC,2026-02-02 15:51:50,Blue,Karmine Corp Blue,complete,2005,True,558.0,1033.0,9.0,0.0,1,35.0,-55.0,3.0
LOLTMNT04_152497,LEC,2026-02-02 15:51:50,Red,Fnatic,complete,2005,True,-558.0,-1033.0,-9.0,0.0,0,-35.0,55.0,-3.0
LOLTMNT04_152504,LEC,2026-02-02 16:44:48,Blue,SK Gaming,complete,2077,True,4838.0,6161.0,64.0,5.0,1,4854.0,6879.0,61.0
LOLTMNT04_152504,LEC,2026-02-02 16:44:48,Red,GiantX,complete,2077,True,-4838.0,-6161.0,-64.0,-5.0,0,-4854.0,-6879.0,-61.0
LOLTMNT04_151516,LEC,2026-02-02 17:41:28,Blue,Los Ratones,complete,1849,True,-4488.0,-5692.0,-26.0,-5.0,1,-3361.0,-3279.0,-4.0
LOLTMNT04_151516,LEC,2026-02-02 17:41:28,Red,Natus Vincere,complete,1849,True,4488.0,5692.0,26.0,5.0,0,3361.0,3279.0,4.0
LOLTMNT04_151542,LEC,2026-02-02 18:40:18,Blue,G2 Esports,complete,2438,True,2281.0,3127.0,47.0,5.0,1,1007.0,1681.0,3.0
LOLTMNT04_151542,LEC,2026-02-02 18:40:18,Red,Team Vitality,complete,2438,True,-2281.0,-3127.0,-47.0,-5.0,0,-1007.0,-1681.0,-3.0
LOLTMNT04_152550,LEC,2026-02-02 19:41:46,Blue,Team Heretics,complete,2269,True,5574.0,3648.0,31.0,6.0,1,1784.0,-1103.0,-21.0
LOLTMNT04_152550,LEC,2026-02-02 19:41:46,Red,Movistar KOI,complete,2269,True,-5574.0,-3648.0,-31.0,-6.0,0,-1784.0,1103.0,21.0
LOLTMNT04_152561,LEC,2026-02-02 20:52:06,Blue,Karmine Corp,complete,1876,True,8627.0,7942.0,115.0,9.0,1,5600.0,6318.0,73.0
LOLTMNT04_152561,LEC,2026-02-02 20:52:06,Red,Shifters,complete,1876,True,-8627.0,-7942.0,-115.0,-9.0,0,-5600.0,-6318.0,-73.0
LOLTMNT01_336571,CBLOL,2026-02-02 21:10:30,Blue,Vivo Keyd Stars,complete,1877,True,1134.0,2482.0,47.0,-2.0,1,1329.0,2870.0,44.0
LOLTMNT01_336571,CBLOL,2026-02-02 21:10:30,Red,paiN Gaming,complete,1877,True,-1134.0,-2482.0,-47.0,2.0,0,-1329.0,-2870.0,-44.0
LOLTMNT01_335726,CBLOL,2026-02-02 22:02:23,Blue,Vivo Keyd Stars,complete,1904,True,-2926.0,-2295.0,-37.0,-3.0,1,-1352.0,-1089.0,-2.0
LOLTMNT01_335726,CBLOL,2026-02-02 22:02:23,Red,paiN Gaming,complete,1904,True,2926.0,2295.0,37.0,3.0,0,1352.0,1089.0,2.0
LOLTMNT01_335727,CBLOL,2026-02-02 22:55:58,Blue,Vivo Keyd Stars,complete,1840,True,6556.0,6639.0,102.0,5.0,1,6239.0,6300.0,54.0
LOLTMNT01_335727,CBLOL,2026-02-02 22:55:58,Red,paiN Gaming,complete,1840,True,-6556.0,-6639.0,-102.0,-5.0,0,-6239.0,-6300.0,-54.0
LOLTMNT01_335735,CBLOL,2026-02-02 23:47:49,Blue,Leviatan,complete,1835,True,1951.0,-480.0,1.0,4.0,1,409.0,95.0,-6.0
LOLTMNT01_335735,CBLOL,2026-02-02 23:47:49,Red,Fluxo W7M,complete,1835,True,-1951.0,480.0,-1.0,-4.0,0,-409.0,-95.0,6.0
LOLTMNT01_336588,CBLOL,2026-02-03 00:37:28,Blue,Leviatan,complete,2355,True,3390.0,3435.0,33.0,4.0,1,-820.0,1249.0,20.0
LOLTMNT01_336588,CBLOL,2026-02-03 00:37:28,Red,Fluxo W7M,complete,2355,True,-3390.0,-3435.0,-33.0,-4.0,0,820.0,-1249.0,-20.0
13065-13065_game_1,LPL,2026-02-03 09:10:59,Blue,LNG Esports,complete,1617,True,4577.0,3125.0,96.0,1.0,1,3291.0,1886.0,58.0
13065-13065_game_1,LPL,2026-02-03 09:10:59,Red,Ultra Prime,complete,1617,True,-4577.0,-3125.0,-96.0,-1.0,0,-3291.0,-1886.0,-58.0
13065-13065_game_2,LPL,2026-02-03 10:00:16,Blue,LNG Esports,complete,2172,True,981.0,-1178.0,71.0,-2.0,1,-2188.0,-4767.0,-15.0
13065-13065_game_2,LPL,2026-02-03 10:00:16,Red,Ultra Prime,complete,2172,True,-981.0,1178.0,-71.0,2.0,0,2188.0,4767.0,15.0
13107-13107_game_1,LPL,2026-02-03 11:16:26,Blue,JD Gaming,complete,1779,True,-4917.0,-1252.0,-12.0,-6.0,1,-2013.0,420.0,7.0
13107-13107_game_1,LPL,2026-02-03 11:16:26,Red,Invictus Gaming,complete,1779,True,4917.0,1252.0,12.0,6.0,0,2013.0,-420.0,-7.0
13107-13107_game_2,LPL,2026-02-03 12:08:35,Blue,JD Gaming,complete,1938,True,166.0,943.0,39.0,0.0,1,-965.0,-1233.0,10.0
13107-13107_game_2,LPL,2026-02-03 12:08:35,Red,Invictus Gaming,complete,1938,True,-166.0,-943.0,-39.0,0.0,0,965.0,1233.0,-10.0
13107-13107_game_3,LPL,2026-02-03 13:05:01,Blue,JD Gaming,complete,2278,True,924.0,634.0,17.0,-3.0,1,2067.0,2063.0,29.0
13107-13107_game_3,LPL,2026-02-03 13:05:01,Red,Invictus Gaming,complete,2278,True,-924.0,-634.0,-17.0,3.0,0,-2067.0,-2063.0,-29.0
LOLTMNT01_336870,CBLOL,2026-02-03 21:08:34,Blue,Leviatan,complete,2130,True,-1628.0,-2099.0,-9.0,-2.0,1,-1561.0,-589.0,-6.0
LOLTMNT01_336870,CBLOL,2026-02-03 21:08:34,Red,paiN Gaming,complete,2130,True,1628.0,2099.0,9.0,2.0,0,1561.0,589.0,6.0
LOLTMNT01_335988,CBLOL,2026-02-03 22:04:11,Blue,paiN Gaming,complete,1963,True,-1783.0,-3184.0,-41.0,-5.0,1,-567.0,-2702.0,-22.0
LOLTMNT01_335988,CBLOL,2026-02-03 22:04:11,Red,Leviatan,complete,1963,True,1783.0,3184.0,41.0,5.0,0,567.0,2702.0,22.0
LOLTMNT01_336876,CBLOL,2026-02-03 23:01:50,Blue,Leviatan,complete,2171,True,1973.0,639.0,-19.0,6.0,1,1996.0,1574.0,-7.0
LOLTMNT01_336876,CBLOL,2026-02-03 23:01:50,Red,paiN Gaming,complete,2171,True,-1973.0,-639.0,19.0,-6.0,0,-1996.0,-1574.0,7.0
LOLTMNT01_335992,CBLOL,2026-02-03 23:57:28,Blue,Leviatan,complete,3098,True,5391.0,4691.0,69.0,9.0,1,-478.0,186.0,-17.0
LOLTMNT01_335992,CBLOL,2026-02-03 23:57:28,Red,paiN Gaming,complete,3098,True,-5391.0,-4691.0,-69.0,-9.0,0,478.0,-186.0,17.0
13108-13108_game_1,LPL,2026-02-04 09:14:00,Blue,Team WE,complete,1956,True,-6625.0,-3623.0,-75.0,-4.0,1,-3149.0,-2691.0,-38.0
13108-13108_game_1,LPL,2026-02-04 09:14:00,Red,EDward Gaming,complete,1956,True,6625.0,3623.0,75.0,4.0,0,3149.0,2691.0,38.0
13108-13108_game_2,LPL,2026-02-04 10:10:17,Blue,EDward Gaming,complete,2118,True,-1073.0,-642.0,-39.0,0.0,1,-222.0,70.0,-10.0
13108-13108_game_2,LPL,2026-02-04 10:10:17,Red,Team WE,complete,2118,True,1073.0,642.0,39.0,0.0,0,222.0,-70.0,10.0
13109-13109_game_1,LPL,2026-02-04 11:36:36,Blue,Anyone's Legend,partial,2347,False,,,,,1,,,
13109-13109_game_1,LPL,2026-02-04 11:36:36,Red,Weibo Gaming,partial,2347,False,,,,,0,,,
13109-13109_game_2,LPL,2026-02-04 12:38:00,Blue,Weibo Gaming,partial,2129,False,,,,,1,,,
13109-13109_game_2,LPL,2026-02-04 12:38:00,Red,Anyone's Legend,partial,2129,False,,,,,0,,,
13109-13109_game_3,LPL,2026-02-04 13:35:23,Blue,Anyone's Legend,complete,1838,True,-5877.0,-4927.0,-20.0,-9.0,1,-4574.0,-4801.0,-14.0
13109-13109_game_3,LPL,2026-02-04 13:35:23,Red,Weibo Gaming,complete,1838,True,5877.0,4927.0,20.0,9.0,0,4574.0,4801.0,14.0
LOLTMNT01_337297,LCP,2026-02-05 06:19:05,Blue,Fukuoka SoftBank HAWKS gaming,complete,2743,True,2267.0,295.0,-35.0,3.0,1,3314.0,1461.0,14.0
LOLTMNT01_337297,LCP,2026-02-05 06:19:05,Red,GAM Esports,complete,2743,True,-2267.0,-295.0,35.0,-3.0,0,-3314.0,-1461.0,-14.0
LOLTMNT01_338201,LCP,2026-02-05 07:30:57,Blue,Fukuoka SoftBank HAWKS gaming,complete,1790,True,-4264.0,-5123.0,-67.0,-3.0,1,-3891.0,-3781.0,-46.0
LOLTMNT01_338201,LCP,2026-02-05 07:30:57,Red,GAM Esports,complete,1790,True,4264.0,5123.0,67.0,3.0,0,3891.0,3781.0,46.0
LOLTMNT01_338225,LCP,2026-02-05 08:36:37,Blue,DetonatioN FocusMe,complete,1619,True,-5540.0,-4230.0,-47.0,-3.0,1,-4072.0,-4289.0,-29.0
LOLTMNT01_338225,LCP,2026-02-05 08:36:37,Red,Deep Cross Gaming,complete,1619,True,5540.0,4230.0,47.0,3.0,0,4072.0,4289.0,29.0
13110-13110_game_1,LPL,2026-02-05 09:15:18,Blue,ThunderTalk Gaming,complete,2198,True,-3699.0,-1459.0,8.0,-3.0,1,-379.0,-208.0,-3.0
13110-13110_game_1,LPL,2026-02-05 09:15:18,Red,Ninjas in Pyjamas,complete,2198,True,3699.0,1459.0,-8.0,3.0,0,379.0,208.0,3.0
LOLTMNT01_338226,LCP,2026-02-05 09:23:19,Blue,DetonatioN FocusMe,complete,1806,True,-6882.0,-4517.0,-76.0,-6.0,1,-2544.0,-2362.0,-30.0
LOLTMNT01_338226,LCP,2026-02-05 09:23:19,Red,Deep Cross Gaming,complete,1806,True,6882.0,4517.0,76.0,6.0,0,2544.0,2362.0,30.0
13110-13110_game_2,LPL,2026-02-05 10:13:16,Blue,ThunderTalk Gaming,complete,2019,True,-4495.0,-5037.0,-16.0,-4.0,1,-2870.0,-1789.0,-13.0
13110-13110_game_2,LPL,2026-02-05 10:13:16,Red,Ninjas in Pyjamas,complete,2019,True,4495.0,5037.0,16.0,4.0,0,2870.0,1789.0,13.0
13111-13111_game_1,LPL,2026-02-05 11:30:15,Blue,Top Esports,complete,1907,True,-2023.0,-2475.0,-16.0,-2.0,1,-1423.0,-280.0,5.0
13111-13111_game_1,LPL,2026-02-05 11:30:15,Red,JD Gaming,complete,1907,True,2023.0,2475.0,16.0,2.0,0,1423.0,280.0,-5.0
13111-13111_game_2,LPL,2026-02-05 12:25:13,Blue,JD Gaming,complete,1690,True,-1327.0,1150.0,8.0,-1.0,1,-973.0,1285.0,1.0
13111-13111_game_2,LPL,2026-02-05 12:25:13,Red,Top Esports,complete,1690,True,1327.0,-1150.0,-8.0,1.0,0,973.0,-1285.0,-1.0
LOLTMNT01_338362,LCP,2026-02-06 06:21:07,Blue,Team Secret Whales,complete,1917,True,1145.0,1368.0,25.0,0.0,1,643.0,883.0,22.0
LOLTMNT01_338362,LCP,2026-02-06 06:21:07,Red,MVK Esports,complete,1917,True,-1145.0,-1368.0,-25.0,0.0,0,-643.0,-883.0,-22.0
LOLTMNT01_338364,LCP,2026-02-06 07:11:41,Blue,Team Secret Whales,complete,2123,True,2001.0,2114.0,17.0,2.0,1,2010.0,243.0,-5.0
LOLTMNT01_338364,LCP,2026-02-06 07:11:41,Red,MVK Esports,complete,2123,True,-2001.0,-2114.0,-17.0,-2.0,0,-2010.0,-243.0,5.0
13112-13112_game_1,LPL,2026-02-06 07:21:23,Blue,Weibo Gaming,complete,2695,True,5335.0,2905.0,21.0,7.0,1,1043.0,1679.0,4.0
13112-13112_game_1,LPL,2026-02-06 07:21:23,Red,Invictus Gaming,complete,2695,True,-5335.0,-2905.0,-21.0,-7.0,0,-1043.0,-1679.0,-4.0
LOLTMNT01_338397,LCK,2026-02-06 08:05:10,Blue,HANJIN BRION,complete,1447,True,-7761.0,-4601.0,-77.0,-8.0,1,-3248.0,-2237.0,-47.0
LOLTMNT01_338397,LCK,2026-02-06 08:05:10,Red,Kiwoom DRX,complete,1447,True,7761.0,4601.0,77.0,8.0,0,3248.0,2237.0,47.0
LOLTMNT01_338412,LCP,2026-02-06 08:22:13,Blue,Ground Zero Gaming,complete,1588,True,-9044.0,-5697.0,-53.0,-9.0,1,-4563.0,-2357.0,2.0
LOLTMNT01_338412,LCP,2026-02-06 08:22:13,Red,CTBC Flying Oyster,complete,1588,True,9044.0,5697.0,53.0,9.0,0,4563.0,2357.0,-2.0
13112-13112_game_2,LPL,2026-02-06 08:28:48,Blue,Weibo Gaming,partial,2796,False,,,,,1,,,
13112-13112_game_2,LPL,2026-02-06 08:28:48,Red,Invictus Gaming,partial,2796,False,,,,,0,,,
LOLTMNT01_338416,LCK,2026-02-06 08:50:09,Blue,Kiwoom DRX,complete,2071,True,-1934.0,-2618.0,-64.0,0.0,1,-810.0,661.0,3.0
LOLTMNT01_338416,LCK,2026-02-06 08:50:09,Red,HANJIN BRION,complete,2071,True,1934.0,2618.0,64.0,0.0,0,810.0,-661.0,-3.0
LOLTMNT01_338418,LCP,2026-02-06 09:09:01,Blue,CTBC Flying Oyster,complete,1652,True,-8719.0,-7470.0,-64.0,-15.0,1,-3170.0,-2983.0,4.0
LOLTMNT01_338418,LCP,2026-02-06 09:09:01,Red,Ground Zero Gaming,complete,1652,True,8719.0,7470.0,64.0,15.0,0,3170.0,2983.0,-4.0
LOLTMNT01_338422,LCK,2026-02-06 09:45:35,Blue,HANJIN BRION,complete,1805,True,-947.0,-844.0,5.0,0.0,1,-900.0,-347.0,0.0
LOLTMNT01_338422,LCK,2026-02-06 09:45:35,Red,Kiwoom DRX,complete,1805,True,947.0,844.0,-5.0,0.0,0,900.0,347.0,0.0
LOLTMNT01_338423,LCP,2026-02-06 09:56:39,Blue,Ground Zero Gaming,complete,1626,True,1007.0,1499.0,4.0,4.0,1,2330.0,1100.0,5.0
LOLTMNT01_338423,LCP,2026-02-06 09:56:39,Red,CTBC Flying Oyster,complete,1626,True,-1007.0,-1499.0,-4.0,-4.0,0,-2330.0,-1100.0,-5.0
13113-13113_game_1,LPL,2026-02-06 09:56:59,Blue,Bilibili Gaming,complete,2062,True,890.0,2350.0,14.0,4.0,1,515.0,1466.0,11.0
13113-13113_game_1,LPL,2026-02-06 09:56:59,Red,Anyone's Legend,complete,2062,True,-890.0,-2350.0,-14.0,-4.0,0,-515.0,-1466.0,-11.0
LOLTMNT01_338447,LCK,2026-02-06 10:59:51,Blue,DN SOOPers,complete,2975,True,-2441.0,-924.0,-30.0,0.0,1,-713.0,-174.0,3.0
LOLTMNT01_338447,LCK,2026-02-06 10:59:51,Red,KT Rolster,complete,2975,True,2441.0,924.0,30.0,0.0,0,713.0,174.0,-3.0
13113-13113_game_2,LPL,2026-02-06 11:05:20,Blue,Bilibili Gaming,partial,1978,False,,,,,1,,,
13113-13113_game_2,LPL,2026-02-06 11:05:20,Red,Anyone's Legend,partial,1978,False,,,,,0,,,
13113-13113_game_3,LPL,2026-02-06 12:04:21,Blue,Anyone's Legend,complete,2074,True,1242.0,128.0,14.0,-1.0,1,-1008.0,-1419.0,-2.0
13113-13113_game_3,LPL,2026-02-06 12:04:21,Red,Bilibili Gaming,complete,2074,True,-1242.0,-128.0,-14.0,1.0,0,1008.0,1419.0,2.0
LOLTMNT01_338459,LCK,2026-02-06 12:11:32,Blue,DN SOOPers,complete,1809,True,345.0,2524.0,44.0,1.0,1,81.0,1352.0,12.0
LOLTMNT01_338459,LCK,2026-02-06 12:11:32,Red,KT Rolster,complete,1809,True,-345.0,-2524.0,-44.0,-1.0,0,-81.0,-1352.0,-12.0
LOLTMNT01_337669,LCP,2026-02-07 06:20:52,Blue,Deep Cross Gaming,complete,1892,True,-5521.0,-2322.0,-62.0,-3.0,1,-3865.0,-1202.0,-6.0
LOLTMNT01_337669,LCP,2026-02-07 06:20:52,Red,GAM Esports,complete,1892,True,5521.0,2322.0,62.0,3.0,0,3865.0,1202.0,6.0
LOLTMNT01_337681,LCP,2026-02-07 07:12:39,Blue,Deep Cross Gaming,complete,1666,True,7894.0,4953.0,58.0,10.0,1,3400.0,3232.0,38.0
LOLTMNT01_337681,LCP,2026-02-07 07:12:39,Red,GAM Esports,complete,1666,True,-7894.0,-4953.0,-58.0,-10.0,0,-3400.0,-3232.0,-38.0
LOLTMNT01_338588,LCP,2026-02-07 08:00:26,Blue,GAM Esports,complete,1663,True,-679.0,-722.0,-7.0,1.0,1,-1867.0,-2800.0,-45.0
LOLTMNT01_338588,LCP,2026-02-07 08:00:26,Red,Deep Cross Gaming,complete,1663,True,679.0,722.0,7.0,-1.0,0,1867.0,2800.0,45.0
LOLTMNT01_338589,LCK,2026-02-07 08:07:00,Blue,Dplus Kia,complete,1536,True,15629.0,13321.0,163.0,19.0,1,8606.0,7362.0,75.0
LOLTMNT01_338589,LCK,2026-02-07 08:07:00,Red,Kiwoom DRX,complete,1536,True,-15629.0,-13321.0,-163.0,-19.0,0,-8606.0,-7362.0,-75.0
LOLTMNT01_338603,LCK,2026-02-07 08:55:19,Blue,Dplus Kia,complete,1670,True,6989.0,5844.0,57.0,9.0,1,3232.0,3666.0,-3.0
LOLTMNT01_338603,LCK,2026-02-07 08:55:19,Red,Kiwoom DRX,complete,1670,True,-6989.0,-5844.0,-57.0,-9.0,0,-3232.0,-3666.0,3.0
LOLTMNT01_337737,LCP,2026-02-07 09:10:49,Blue,Fukuoka SoftBank HAWKS gaming,complete,1735,True,6278.0,3920.0,82.0,5.0,1,2391.0,1473.0,12.0
LOLTMNT01_337737,LCP,2026-02-07 09:10:49,Red,DetonatioN FocusMe,complete,1735,True,-6278.0,-3920.0,-82.0,-5.0,0,-2391.0,-1473.0,-12.0
LOLTMNT01_338623,LCP,2026-02-07 10:00:47,Blue,Fukuoka SoftBank HAWKS gaming,complete,2135,True,37.0,-1483.0,4.0,-1.0,1,-569.0,-585.0,13.0
LOLTMNT01_338623,LCP,2026-02-07 10:00:47,Red,DetonatioN FocusMe,complete,2135,True,-37.0,1483.0,-4.0,1.0,0,569.0,585.0,-13.0
LOLTMNT01_338625,LCK,2026-02-07 10:09:22,Blue,DN SOOPers,complete,1820,True,-2294.0,-515.0,-5.0,-5.0,1,-1192.0,454.0,-3.0
LOLTMNT01_338625,LCK,2026-02-07 10:09:22,Red,Nongshim RedForce,complete,1820,True,2294.0,515.0,5.0,5.0,0,1192.0,-454.0,3.0
LOLTMNT01_337768,LCK,2026-02-07 11:00:32,Blue,Nongshim RedForce,complete,1918,True,2066.0,1911.0,48.0,2.0,1,1166.0,322.0,21.0
LOLTMNT01_337768,LCK,2026-02-07 11:00:32,Red,DN SOOPers,complete,1918,True,-2066.0,-1911.0,-48.0,-2.0,0,-1166.0,-322.0,-21.0
13120-13120_game_1,LPL,2026-02-07 11:10:12,Blue,Team WE,complete,2353,True,1219.0,-633.0,-38.0,1.0,1,3147.0,331.0,-22.0
13120-13120_game_1,LPL,2026-02-07 11:10:12,Red,Ninjas in Pyjamas,complete,2353,True,-1219.0,633.0,38.0,-1.0,0,-3147.0,-331.0,22.0
LOLTMNT01_338644,LCK,2026-02-07 11:54:25,Blue,DN SOOPers,complete,2731,True,1951.0,793.0,25.0,0.0,1,2808.0,1403.0,-12.0
LOLTMNT01_338644,LCK,2026-02-07 11:54:25,Red,Nongshim RedForce,complete,2731,True,-1951.0,-793.0,-25.0,0.0,0,-2808.0,-1403.0,12.0
13120-13120_game_2,LPL,2026-02-07 12:12:44,Blue,Team WE,complete,1909,True,-1014.0,-2165.0,-29.0,-3.0,1,-66.0,-1072.0,-30.0
13120-13120_game_2,LPL,2026-02-07 12:12:44,Red,Ninjas in Pyjamas,complete,1909,True,1014.0,2165.0,29.0,3.0,0,66.0,1072.0,30.0
LOLTMNT05_175070,LEC,2026-02-07 15:52:29,Blue,Team Heretics,complete,2105,True,190.0,1796.0,7.0,1.0,1,-325.0,-1150.0,-31.0
LOLTMNT05_175070,LEC,2026-02-07 15:52:29,Red,Fnatic,complete,2105,True,-190.0,-1796.0,-7.0,-1.0,0,325.0,1150.0,31.0
LOLTMNT02_348955,CBLOL,2026-02-07 16:12:02,Blue,Leviatan,complete,1744,True,-3487.0,-1236.0,-6.0,-4.0,1,-2367.0,-754.0,3.0
LOLTMNT02_348955,CBLOL,2026-02-07 16:12:02,Red,FURIA,complete,1744,True,3487.0,1236.0,6.0,4.0,0,2367.0,754.0,-3.0
LOLTMNT05_176049,LEC,2026-02-07 16:46:22,Blue,Karmine Corp Blue,complete,2008,True,-4835.0,-2684.0,-24.0,-8.0,1,899.0,266.0,-10.0
LOLTMNT05_176049,LEC,2026-02-07 16:46:22,Red,Shifters,complete,2008,True,4835.0,2684.0,24.0,8.0,0,-899.0,-266.0,10.0
LOLTMNT02_348966,CBLOL,2026-02-07 17:00:55,Blue,Leviatan,complete,1772,True,-4069.0,-2609.0,-98.0,-4.0,1,-1323.0,-1522.0,-43.0
LOLTMNT02_348966,CBLOL,2026-02-07 17:00:55,Red,FURIA,complete,1772,True,4069.0,2609.0,98.0,4.0,0,1323.0,1522.0,43.0
LOLTMNT05_176056,LEC,2026-02-07 17:38:18,Blue,SK Gaming,complete,2098,True,912.0,-306.0,-27.0,2.0,1,-1157.0,-2299.0,-14.0
LOLTMNT05_176056,LEC,2026-02-07 17:38:18,Red,Los Ratones,complete,2098,True,-912.0,306.0,27.0,-2.0,0,1157.0,2299.0,14.0
LOLTMNT02_346996,CBLOL,2026-02-07 17:55:46,Blue,LOUD,complete,2201,True,420.0,1014.0,17.0,-2.0,1,790.0,-140.0,4.0
LOLTMNT02_346996,CBLOL,2026-02-07 17:55:46,Red,Vivo Keyd Stars,complete,2201,True,-420.0,-1014.0,-17.0,2.0,0,-790.0,140.0,-4.0
LOLTMNT05_176064,LEC,2026-02-07 18:34:46,Blue,G2 Esports,complete,1795,True,-2189.0,1741.0,30.0,-3.0,1,-1686.0,9.0,-1.0
LOLTMNT05_176064,LEC,2026-02-07 18:34:46,Red,Natus Vincere,complete,1795,True,2189.0,-1741.0,-30.0,3.0,0,1686.0,-9.0,1.0
LOLTMNT02_348992,CBLOL,2026-02-07 18:51:43,Blue,Vivo Keyd Stars,complete,1899,True,-3064.0,-1622.0,-46.0,4.0,1,-2539.0,-335.0,-12.0
LOLTMNT02_348992,CBLOL,2026-02-07 18:51:43,Red,LOUD,complete,1899,True,3064.0,1622.0,46.0,-4.0,0,2539.0,335.0,12.0
LOLTMNT05_176078,LEC,2026-02-07 19:24:22,Blue,Movistar KOI,complete,2200,True,-3854.0,-3050.0,-6.0,-9.0,1,-1159.0,44.0,-6.0
LOLTMNT05_176078,LEC,2026-02-07 19:24:22,Red,Team Vitality,complete,2200,True,3854.0,3050.0,6.0,9.0,0,1159.0,-44.0,6.0
LOLTMNT05_176087,LEC,2026-02-07 20:20:50,Blue,Karmine Corp,complete,1991,True,2558.0,478.0,-30.0,4.0,1,577.0,-506.0,-14.0
LOLTMNT05_176087,LEC,2026-02-07 20:20:50,Red,GiantX,complete,1991,True,-2558.0,-478.0,30.0,-4.0,0,-577.0,506.0,14.0
LOLTMNT02_349059,LCS,2026-02-07 21:11:32,Blue,Sentinels,complete,1723,True,-3364.0,-2290.0,-36.0,-2.0,1,-1896.0,-268.0,-3.0
LOLTMNT02_349059,LCS,2026-02-07 21:11:32,Red,Team Liquid,complete,1723,True,3364.0,2290.0,36.0,2.0,0,1896.0,268.0,3.0
LOLTMNT02_350044,LCS,2026-02-07 22:04:16,Blue,Team Liquid,complete,2773,True,571.0,-463.0,49.0,-3.0,1,-639.0,-1953.0,-26.0
LOLTMNT02_350044,LCS,2026-02-07 22:04:16,Red,Sentinels,complete,2773,True,-571.0,463.0,-49.0,3.0,0,639.0,1953.0,26.0
LOLTMNT02_350063,LCS,2026-02-07 23:13:38,Blue,Sentinels,complete,1992,True,1315.0,1008.0,-17.0,3.0,1,1618.0,1596.0,17.0
LOLTMNT02_350063,LCS,2026-02-07 23:13:38,Red,Team Liquid,complete,1992,True,-1315.0,-1008.0,17.0,-3.0,0,-1618.0,-1596.0,-17.0
LOLTMNT02_350086,LCS,2026-02-08 00:07:59,Blue,LYON,complete,1981,True,125.0,243.0,22.0,0.0,1,1193.0,1006.0,37.0
LOLTMNT02_350086,LCS,2026-02-08 00:07:59,Red,Disguised,complete,1981,True,-125.0,-243.0,-22.0,0.0,0,-1193.0,-1006.0,-37.0
LOLTMNT02_349089,LCS,2026-02-08 00:59:21,Blue,LYON,complete,1862,True,-2754.0,-2819.0,-61.0,-1.0,1,-73.0,-825.0,-31.0
LOLTMNT02_349089,LCS,2026-02-08 00:59:21,Red,Disguised,complete,1862,True,2754.0,2819.0,61.0,1.0,0,73.0,825.0,31.0
LOLTMNT02_349098,LCS,2026-02-08 01:49:13,Blue,LYON,complete,1690,True,-5413.0,-4596.0,-66.0,-4.0,1,-1708.0,-1576.0,-22.0
LOLTMNT02_349098,LCS,2026-02-08 01:49:13,Red,Disguised,complete,1690,True,5413.0,4596.0,66.0,4.0,0,1708.0,1576.0,22.0
LOLTMNT01_338717,LCP,2026-02-08 06:18:41,Blue,CTBC Flying Oyster,complete,2174,True,812.0,1699.0,11.0,2.0,1,410.0,124.0,-24.0
LOLTMNT01_338717,LCP,2026-02-08 06:18:41,Red,Team Secret Whales,complete,2174,True,-812.0,-1699.0,-11.0,-2.0,0,-410.0,-124.0,24.0
LOLTMNT01_338721,LCP,2026-02-08 07:20:28,Blue,Team Secret Whales,complete,1804,True,-738.0,-3180.0,-35.0,2.0,1,-1991.0,-3252.0,-10.0
LOLTMNT01_338721,LCP,2026-02-08 07:20:28,Red,CTBC Flying Oyster,complete,1804,True,738.0,3180.0,35.0,-2.0,0,1991.0,3252.0,10.0
LOLTMNT01_338745,LCK,2026-02-08 08:06:06,Blue,Nongshim RedForce,complete,1658,True,-10102.0,-7887.0,-46.0,-13.0,1,-7003.0,-6227.0,-41.0
LOLTMNT01_338745,LCK,2026-02-08 08:06:06,Red,Kiwoom DRX,complete,1658,True,10102.0,7887.0,46.0,13.0,0,7003.0,6227.0,41.0
LOLTMNT01_337854,LCP,2026-02-08 08:27:09,Blue,MVK Esports,complete,1903,True,5242.0,3213.0,55.0,4.0,1,1493.0,971.0,-17.0
LOLTMNT01_337854,LCP,2026-02-08 08:27:09,Red,Ground Zero Gaming,complete,1903,True,-5242.0,-3213.0,-55.0,-4.0,0,-1493.0,-971.0,17.0
LOLTMNT01_337856,LCK,2026-02-08 08:59:00,Blue,Kiwoom DRX,complete,1966,True,832.0,-299.0,-12.0,3.0,1,-1062.0,-925.0,-1.0
LOLTMNT01_337856,LCK,2026-02-08 08:59:00,Red,Nongshim RedForce,complete,1966,True,-832.0,299.0,12.0,-3.0,0,1062.0,925.0,1.0
LOLTMNT01_337857,LCP,2026-02-08 09:19:27,Blue,Ground Zero Gaming,complete,2798,True,2956.0,2831.0,25.0,2.0,1,2655.0,2596.0,28.0
LOLTMNT01_337857,LCP,2026-02-08 09:19:27,Red,MVK Esports,complete,2798,True,-2956.0,-2831.0,-25.0,-2.0,0,-2655.0,-2596.0,-28.0
LOLTMNT01_337859,LCK,2026-02-08 09:55:03,Blue,Kiwoom DRX,complete,1905,True,7117.0,2920.0,-8.0,7.0,1,3477.0,1048.0,-9.0
LOLTMNT01_337859,LCK,2026-02-08 09:55:03,Red,Nongshim RedForce,complete,1905,True,-7117.0,-2920.0,8.0,-7.0,0,-3477.0,-1048.0,9.0
LOLTMNT01_337861,LCP,2026-02-08 10:25:21,Blue,Ground Zero Gaming,complete,1779,True,2072.0,217.0,0.0,1.0,1,2364.0,705.0,-1.0
LOLTMNT01_337861,LCP,2026-02-08 10:25:21,Red,MVK Esports,complete,1779,True,-2072.0,-217.0,0.0,-1.0,0,-2364.0,-705.0,1.0
LOLTMNT05_175147,LEC,2026-02-08 15:53:10,Blue,Los Ratones,complete,2096,True,3648.0,705.0,-3.0,1.0,1,654.0,-1666.0,-34.0
LOLTMNT05_175147,LEC,2026-02-08 15:53:10,Red,Team Vitality,complete,2096,True,-3648.0,-705.0,3.0,-1.0,0,-654.0,1666.0,34.0
LOLTMNT02_349319,CBLOL,2026-02-08 16:13:02,Blue,RED Canids,complete,2203,True,2200.0,868.0,49.0,-1.0,1,1999.0,869.0,19.0
LOLTMNT02_349319,CBLOL,2026-02-08 16:13:02,Red,FURIA,complete,2203,True,-2200.0,-868.0,-49.0,1.0,0,-1999.0,-869.0,-19.0
LOLTMNT05_175164,LEC,2026-02-08 16:47:25,Blue,GiantX,complete,1893,True,2622.0,877.0,20.0,3.0,1,415.0,289.0,-7.0
LOLTMNT05_175164,LEC,2026-02-08 16:47:25,Red,Karmine Corp Blue,complete,1893,True,-2622.0,-877.0,-20.0,-3.0,0,-415.0,-289.0,7.0
LOLTMNT02_350321,CBLOL,2026-02-08 17:08:13,Blue,FURIA,complete,1838,True,-1095.0,-513.0,5.0,-2.0,1,-1205.0,-1182.0,-3.0
LOLTMNT02_350321,CBLOL,2026-02-08 17:08:13,Red,RED Canids,complete,1838,True,1095.0,513.0,-5.0,2.0,0,1205.0,1182.0,3.0
LOLTMNT05_176168,LEC,2026-02-08 17:38:57,Blue,Shifters,complete,2300,True,3447.0,1957.0,-13.0,5.0,1,2263.0,1218.0,-20.0
LOLTMNT05_176168,LEC,2026-02-08 17:38:57,Red,SK Gaming,complete,2300,True,-3447.0,-1957.0,13.0,-5.0,0,-2263.0,-1218.0,20.0
LOLTMNT02_350339,CBLOL,2026-02-08 18:03:53,Blue,LØS,complete,2565,True,3552.0,147.0,-2.0,4.0,1,-517.0,-2110.0,-27.0
LOLTMNT02_350339,CBLOL,2026-02-08 18:03:53,Red,LOUD,complete,2565,True,-3552.0,-147.0,2.0,-4.0,0,517.0,2110.0,27.0
LOLTMNT05_175193,LEC,2026-02-08 18:36:43,Blue,Movistar KOI,complete,1738,True,1127.0,1303.0,6.0,2.0,1,1155.0,676.0,11.0
LOLTMNT05_175193,LEC,2026-02-08 18:36:43,Red,Natus Vincere,complete,1738,True,-1127.0,-1303.0,-6.0,-2.0,0,-1155.0,-676.0,-11.0
LOLTMNT02_350344,CBLOL,2026-02-08 19:05:58,Blue,LØS,complete,1891,True,5838.0,4507.0,63.0,4.0,1,2351.0,2564.0,6.0
LOLTMNT02_350344,CBLOL,2026-02-08 19:05:58,Red,LOUD,complete,1891,True,-5838.0,-4507.0,-63.0,-4.0,0,-2351.0,-2564.0,-6.0
LOLTMNT05_175206,LEC,2026-02-08 19:34:09,Blue,Team Heretics,complete,2042,True,653.0,2342.0,-24.0,6.0,1,-1208.0,1108.0,27.0
LOLTMNT05_175206,LEC,2026-02-08 19:34:09,Red,Karmine Corp,complete,2042,True,-653.0,-2342.0,24.0,-6.0,0,1208.0,-1108.0,-27.0
LOLTMNT02_349365,CBLOL,2026-02-08 19:56:27,Blue,LØS,complete,2278,True,-250.0,-3331.0,-47.0,0.0,1,-1134.0,-3194.0,-46.0
LOLTMNT02_349365,CBLOL,2026-02-08 19:56:27,Red,LOUD,complete,2278,True,250.0,3331.0,47.0,0.0,0,1134.0,3194.0,46.0
LOLTMNT05_175214,LEC,2026-02-08 20:26:52,Blue,G2 Esports,complete,1676,True,3314.0,3161.0,63.0,3.0,1,115.0,-824.0,4.0
LOLTMNT05_175214,LEC,2026-02-08 20:26:52,Red,Fnatic,complete,1676,True,-3314.0,-3161.0,-63.0,-3.0,0,-115.0,824.0,-4.0
LOLTMNT02_350380,LCS,2026-02-08 21:11:28,Blue,Shopify Rebellion,complete,2448,True,2403.0,401.0,25.0,-2.0,1,377.0,-1004.0,4.0
LOLTMNT02_350380,LCS,2026-02-08 21:11:28,Red,Dignitas,complete,2448,True,-2403.0,-401.0,-25.0,2.0,0,-377.0,1004.0,-4.0
LOLTMNT02_350384,LCS,2026-02-08 22:13:29,Blue,Dignitas,complete,1485,True,5590.0,4530.0,12.0,8.0,1,4554.0,5018.0,21.0
LOLTMNT02_350384,LCS,2026-02-08 22:13:29,Red,Shopify Rebellion,complete,1485,True,-5590.0,-4530.0,-12.0,-8.0,0,-4554.0,-5018.0,-21.0
LOLTMNT02_349404,LCS,2026-02-08 23:03:59,Blue,FlyQuest,complete,1735,True,-6339.0,-4971.0,-57.0,-5.0,1,-3803.0,-1587.0,-16.0
LOLTMNT02_349404,LCS,2026-02-08 23:03:59,Red,Cloud9,complete,1735,True,6339.0,4971.0,57.0,5.0,0,3803.0,1587.0,16.0
LOLTMNT02_349408,LCS,2026-02-08 23:52:40,Blue,Cloud9,complete,2324,True,-887.0,724.0,4.0,0.0,1,-955.0,82.0,-2.0
LOLTMNT02_349408,LCS,2026-02-08 23:52:40,Red,FlyQuest,complete,2324,True,887.0,-724.0,-4.0,0.0,0,955.0,-82.0,2.0
LOLTMNT02_349412,LCS,2026-02-09 00:51:15,Blue,Cloud9,complete,1479,True,11230.0,7954.0,100.0,14.0,1,5536.0,3973.0,22.0
LOLTMNT02_349412,LCS,2026-02-09 00:51:15,Red,FlyQuest,complete,1479,True,-11230.0,-7954.0,-100.0,-14.0,0,-5536.0,-3973.0,-22.0
LOLTMNT02_349426,LCS,2026-02-09 01:41:45,Blue,Team Liquid,complete,2798,True,-94.0,415.0,-3.0,1.0,1,499.0,-78.0,-1.0
LOLTMNT02_349426,LCS,2026-02-09 01:41:45,Red,Dignitas,complete,2798,True,94.0,-415.0,3.0,-1.0,0,-499.0,78.0,1.0
13114-13114_game_1,LPL,2026-02-09 06:09:38,Blue,Team WE,complete,2557,True,1837.0,1994.0,-6.0,4.0,1,3429.0,3854.0,17.0
13114-13114_game_1,LPL,2026-02-09 06:09:38,Red,Top Esports,complete,2557,True,-1837.0,-1994.0,6.0,-4.0,0,-3429.0,-3854.0,-17.0
13114-13114_game_2,LPL,2026-02-09 07:24:14,Blue,Team WE,partial,1834,False,,,,,1,,,
13114-13114_game_2,LPL,2026-02-09 07:24:14,Red,Top Esports,partial,1834,False,,,,,0,,,
13114-13114_game_3,LPL,2026-02-09 08:22:46,Blue,Team WE,partial,1806,False,,,,,1,,,
13114-13114_game_3,LPL,2026-02-09 08:22:46,Red,Top Esports,partial,1806,False,,,,,0,,,
13114-13114_game_4,LPL,2026-02-09 09:14:40,Blue,Team WE,partial,2248,False,,,,,1,,,
13114-13114_game_4,LPL,2026-02-09 09:14:40,Red,Top Esports,partial,2248,False,,,,,0,,,
13114-13114_game_5,LPL,2026-02-09 10:14:02,Blue,Team WE,partial,2144,False,,,,,1,,,
13114-13114_game_5,LPL,2026-02-09 10:14:02,Red,Top Esports,partial,2144,False,,,,,0,,,
13115-13115_game_1,LPL,2026-02-09 11:24:39,Blue,Ninjas in Pyjamas,complete,2496,True,5397.0,4443.0,38.0,6.0,1,1222.0,525.0,1.0
13115-13115_game_1,LPL,2026-02-09 11:24:39,Red,Invictus Gaming,complete,2496,True,-5397.0,-4443.0,-38.0,-6.0,0,-1222.0,-525.0,-1.0
13115-13115_game_2,LPL,2026-02-09 12:29:15,Blue,Invictus Gaming,partial,1940,False,,,,,1,,,
13115-13115_game_2,LPL,2026-02-09 12:29:15,Red,Ninjas in Pyjamas,partial,1940,False,,,,,0,,,
13115-13115_game_3,LPL,2026-02-09 13:26:36,Blue,Invictus Gaming,partial,1982,False,,,,,1,,,
13115-13115_game_3,LPL,2026-02-09 13:26:36,Red,Ninjas in Pyjamas,partial,1982,False,,,,,0,,,
13115-13115_game_4,LPL,2026-02-09 14:22:57,Blue,Invictus Gaming,partial,1971,False,,,,,1,,,
13115-13115_game_4,LPL,2026-02-09 14:22:57,Red,Ninjas in Pyjamas,partial,1971,False,,,,,0,,,
13116-13116_game_1,LPL,2026-02-10 06:09:39,Blue,ThunderTalk Gaming,complete,1613,True,-2252.0,-2482.0,-39.0,-1.0,1,-332.0,-818.0,-15.0
13116-13116_game_1,LPL,2026-02-10 06:09:39,Red,LNG Esports,complete,1613,True,2252.0,2482.0,39.0,1.0,0,332.0,818.0,15.0
13116-13116_game_2,LPL,2026-02-10 06:57:56,Blue,ThunderTalk Gaming,complete,2582,True,-5252.0,-4976.0,-76.0,-6.0,1,-2694.0,-2027.0,-31.0
13116-13116_game_2,LPL,2026-02-10 06:57:56,Red,LNG Esports,complete,2582,True,5252.0,4976.0,76.0,6.0,0,2694.0,2027.0,31.0
13116-13116_game_3,LPL,2026-02-10 08:04:22,Blue,LNG Esports,complete,2363,True,3934.0,1970.0,32.0,1.0,1,2255.0,2071.0,16.0
13116-13116_game_3,LPL,2026-02-10 08:04:22,Red,ThunderTalk Gaming,complete,2363,True,-3934.0,-1970.0,-32.0,-1.0,0,-2255.0,-2071.0,-16.0
13117-13117_game_1,LPL,2026-02-10 09:32:27,Blue,Oh My God,complete,2484,True,-1534.0,248.0,-13.0,-1.0,1,-532.0,-262.0,-17.0
13117-13117_game_1,LPL,2026-02-10 09:32:27,Red,EDward Gaming,complete,2484,True,1534.0,-248.0,13.0,1.0,0,532.0,262.0,17.0
13117-13117_game_2,LPL,2026-02-10 10:37:42,Blue,Oh My God,complete,2249,True,172.0,-94.0,6.0,-4.0,1,2039.0,341.0,-9.0
13117-13117_game_2,LPL,2026-02-10 10:37:42,Red,EDward Gaming,complete,2249,True,-172.0,94.0,-6.0,4.0,0,-2039.0,-341.0,9.0
13117-13117_game_3,LPL,2026-02-10 11:37:43,Blue,Oh My God,partial,2020,False,,,,,1,,,
13117-13117_game_3,LPL,2026-02-10 11:37:43,Red,EDward Gaming,partial,2020,False,,,,,0,,,
13117-13117_game_4,LPL,2026-02-10 12:34:34,Blue,EDward Gaming,complete,2646,True,1074.0,-1198.0,22.0,-2.0,1,-547.0,-1368.0,-29.0
13117-13117_game_4,LPL,2026-02-10 12:34:34,Red,Oh My God,complete,2646,True,-1074.0,1198.0,-22.0,2.0,0,547.0,1368.0,29.0
13118-13118_game_1,LPL,2026-02-11 06:11:04,Blue,Oh My God,complete,2776,True,470.0,-1624.0,-6.0,-1.0,1,321.0,-1836.0,-16.0
13118-13118_game_1,LPL,2026-02-11 06:11:04,Red,Invictus Gaming,complete,2776,True,-470.0,1624.0,6.0,1.0,0,-321.0,1836.0,16.0
13118-13118_game_2,LPL,2026-02-11 07:20:17,Blue,Invictus Gaming,complete,1886,True,5417.0,3158.0,96.0,1.0,1,2317.0,851.0,31.0
13118-13118_game_2,LPL,2026-02-11 07:20:17,Red,Oh My God,complete,1886,True,-5417.0,-3158.0,-96.0,-1.0,0,-2317.0,-851.0,-31.0
13118-13118_game_3,LPL,2026-02-11 08:13:26,Blue,Invictus Gaming,partial,1781,False,,,,,1,,,
13118-13118_game_3,LPL,2026-02-11 08:13:26,Red,Oh My God,partial,1781,False,,,,,0,,,
13119-13119_game_1,LPL,2026-02-11 09:17:05,Blue,LNG Esports,complete,2267,True,-1263.0,-643.0,48.0,-4.0,1,-438.0,95.0,7.0
13119-13119_game_1,LPL,2026-02-11 09:17:05,Red,Team WE,complete,2267,True,1263.0,643.0,-48.0,4.0,0,438.0,-95.0,-7.0
13119-13119_game_2,LPL,2026-02-11 10:16:45,Blue,Team WE,complete,2178,True,-4709.0,-2967.0,-44.0,-4.0,1,-2664.0,-818.0,-5.0
13119-13119_game_2,LPL,2026-02-11 10:16:45,Red,LNG Esports,complete,2178,True,4709.0,2967.0,44.0,4.0,0,2664.0,818.0,5.0
13119-13119_game_3,LPL,2026-02-11 11:15:40,Blue,Team WE,complete,1857,True,-1426.0,-2803.0,-17.0,-5.0,1,-942.0,-2453.0,-2.0
13119-13119_game_3,LPL,2026-02-11 11:15:40,Red,LNG Esports,complete,1857,True,1426.0,2803.0,17.0,5.0,0,942.0,2453.0,2.0
13119-13119_game_4,LPL,2026-02-11 12:10:08,Blue,LNG Esports,complete,2327,True,-3221.0,-647.0,16.0,-5.0,1,-1277.0,493.0,5.0
13119-13119_game_4,LPL,2026-02-11 12:10:08,Red,Team WE,complete,2327,True,3221.0,647.0,-16.0,5.0,0,1277.0,-493.0,-5.0
LOLTMNT02_351343,LCP,2026-02-12 06:11:43,Blue,Fukuoka SoftBank HAWKS gaming,complete,2159,True,-2357.0,-1165.0,-1.0,-1.0,1,-2132.0,-1341.0,-3.0
LOLTMNT02_351343,LCP,2026-02-12 06:11:43,Red,GAM Esports,complete,2159,True,2357.0,1165.0,1.0,1.0,0,2132.0,1341.0,3.0
LOLTMNT02_351354,LCP,2026-02-12 07:07:55,Blue,Fukuoka SoftBank HAWKS gaming,complete,2206,True,-2283.0,-574.0,-61.0,-3.0,1,940.0,2963.0,-7.0
LOLTMNT02_351354,LCP,2026-02-12 07:07:55,Red,GAM Esports,complete,2206,True,2283.0,574.0,61.0,3.0,0,-940.0,-2963.0,7.0
LOLTMNT02_352361,LCP,2026-02-12 08:04:04,Blue,Fukuoka SoftBank HAWKS gaming,complete,1615,True,4555.0,408.0,10.0,6.0,1,2626.0,-1055.0,2.0
LOLTMNT02_352361,LCP,2026-02-12 08:04:04,Red,GAM Esports,complete,1615,True,-4555.0,-408.0,-10.0,-6.0,0,-2626.0,1055.0,-2.0
LOLTMNT02_352362,LCK,2026-02-12 08:04:05,Blue,DN SOOPers,complete,1705,True,5983.0,3838.0,9.0,6.0,1,4702.0,3698.0,10.0
LOLTMNT02_352362,LCK,2026-02-12 08:04:05,Red,BNK FEARX,complete,1705,True,-5983.0,-3838.0,-9.0,-6.0,0,-4702.0,-3698.0,-10.0
LOLTMNT02_351385,LCK,2026-02-12 08:55:20,Blue,DN SOOPers,complete,2261,True,-4051.0,-2344.0,14.0,-6.0,1,-896.0,-1588.0,-9.0
LOLTMNT02_351385,LCK,2026-02-12 08:55:20,Red,BNK FEARX,complete,2261,True,4051.0,2344.0,-14.0,6.0,0,896.0,1588.0,9.0
LOLTMNT02_351402,LCK,2026-02-12 09:56:42,Blue,BNK FEARX,complete,1523,True,4500.0,2196.0,26.0,2.0,1,3059.0,1972.0,29.0
LOLTMNT02_351402,LCK,2026-02-12 09:56:42,Red,DN SOOPers,complete,1523,True,-4500.0,-2196.0,-26.0,-2.0,0,-3059.0,-1972.0,-29.0
LOLTMNT02_352407,LCK,2026-02-12 10:48:56,Blue,BNK FEARX,complete,1797,True,-2203.0,-1612.0,-57.0,0.0,1,-481.0,132.0,-1.0
LOLTMNT02_352407,LCK,2026-02-12 10:48:56,Red,DN SOOPers,complete,1797,True,2203.0,1612.0,57.0,0.0,0,481.0,-132.0,1.0
LOLTMNT02_352429,LCK,2026-02-12 11:41:51,Blue,DN SOOPers,complete,2239,True,-4030.0,-3233.0,-61.0,-4.0,1,-1790.0,-474.0,-21.0
LOLTMNT02_352429,LCK,2026-02-12 11:41:51,Red,BNK FEARX,complete,2239,True,4030.0,3233.0,61.0,4.0,0,1790.0,474.0,21.0
LOLTMNT02_352755,LCP,2026-02-13 06:13:56,Blue,CTBC Flying Oyster,complete,2100,True,1313.0,1288.0,-20.0,3.0,1,2041.0,1983.0,15.0
LOLTMNT02_352755,LCP,2026-02-13 06:13:56,Red,Ground Zero Gaming,complete,2100,True,-1313.0,-1288.0,20.0,-3.0,0,-2041.0,-1983.0,-15.0
LOLTMNT02_352763,LCP,2026-02-13 07:12:32,Blue,Ground Zero Gaming,complete,2460,True,1993.0,654.0,-16.0,4.0,1,2028.0,2326.0,4.0
LOLTMNT02_352763,LCP,2026-02-13 07:12:32,Red,CTBC Flying Oyster,complete,2460,True,-1993.0,-654.0,16.0,-4.0,0,-2028.0,-2326.0,-4.0
LOLTMNT02_352782,LCK,2026-02-13 08:06:47,Blue,Dplus Kia,complete,2019,True,-1018.0,21.0,82.0,-2.0,1,-2469.0,-2369.0,32.0
LOLTMNT02_352782,LCK,2026-02-13 08:06:47,Red,Kiwoom DRX,complete,2019,True,1018.0,-21.0,-82.0,2.0,0,2469.0,2369.0,-32.0
LOLTMNT02_351765,LCP,2026-02-13 08:14:10,Blue,Ground Zero Gaming,complete,1639,True,-5985.0,-6426.0,-109.0,-6.0,1,-1842.0,-2510.0,-23.0
LOLTMNT02_351765,LCP,2026-02-13 08:14:10,Red,CTBC Flying Oyster,complete,1639,True,5985.0,6426.0,109.0,6.0,0,1842.0,2510.0,23.0
LOLTMNT02_351782,LCP,2026-02-13 09:02:54,Blue,Ground Zero Gaming,complete,2238,True,-1513.0,-122.0,-34.0,1.0,1,-1339.0,178.0,-6.0
LOLTMNT02_351782,LCP,2026-02-13 09:02:54,Red,CTBC Flying Oyster,complete,2238,True,1513.0,122.0,34.0,-1.0,0,1339.0,-178.0,6.0
LOLTMNT02_352790,LCK,2026-02-13 09:03:09,Blue,Dplus Kia,complete,2513,True,6923.0,4178.0,109.0,4.0,1,2138.0,522.0,20.0
LOLTMNT02_352790,LCK,2026-02-13 09:03:09,Red,Kiwoom DRX,complete,2513,True,-6923.0,-4178.0,-109.0,-4.0,0,-2138.0,-522.0,-20.0
LOLTMNT02_351807,LCK,2026-02-13 10:06:25,Blue,Dplus Kia,complete,2514,True,889.0,87.0,40.0,1.0,1,1196.0,885.0,4.0
LOLTMNT02_351807,LCK,2026-02-13 10:06:25,Red,Kiwoom DRX,complete,2514,True,-889.0,-87.0,-40.0,-1.0,0,-1196.0,-885.0,-4.0
LOLTMNT02_352851,LCK,2026-02-13 11:11:59,Blue,Dplus Kia,complete,1621,True,5830.0,5250.0,86.0,4.0,1,5367.0,3464.0,43.0
LOLTMNT02_352851,LCK,2026-02-13 11:11:59,Red,Kiwoom DRX,complete,1621,True,-5830.0,-5250.0,-86.0,-4.0,0,-5367.0,-3464.0,-43.0
LOLTMNT02_351868,LCK,2026-02-13 12:01:25,Blue,Dplus Kia,complete,1803,True,288.0,-1867.0,-6.0,0.0,1,-325.0,-754.0,0.0
LOLTMNT02_351868,LCK,2026-02-13 12:01:25,Red,Kiwoom DRX,complete,1803,True,-288.0,1867.0,6.0,0.0,0,325.0,754.0,0.0
LOLTMNT02_354227,LCP,2026-02-14 06:15:12,Blue,Fukuoka SoftBank HAWKS gaming,complete,1892,True,3739.0,2426.0,33.0,3.0,1,2608.0,1440.0,15.0
LOLTMNT02_354227,LCP,2026-02-14 06:15:12,Red,Team Secret Whales,complete,1892,True,-3739.0,-2426.0,-33.0,-3.0,0,-2608.0,-1440.0,-15.0
LOLTMNT02_354231,LCP,2026-02-14 07:06:51,Blue,Fukuoka SoftBank HAWKS gaming,complete,1885,True,755.0,796.0,-50.0,5.0,1,1054.0,1898.0,7.0
LOLTMNT02_354231,LCP,2026-02-14 07:06:51,Red,Team Secret Whales,complete,1885,True,-755.0,-796.0,50.0,-5.0,0,-1054.0,-1898.0,-7.0
LOLTMNT02_353226,LCP,2026-02-14 07:58:14,Blue,Team Secret Whales,complete,1513,True,7852.0,6111.0,106.0,6.0,1,2811.0,2643.0,35.0
LOLTMNT02_353226,LCP,2026-02-14 07:58:14,Red,Fukuoka SoftBank HAWKS gaming,complete,1513,True,-7852.0,-6111.0,-106.0,-6.0,0,-2811.0,-2643.0,-35.0
LOLTMNT02_354256,LCK,2026-02-14 08:07:25,Blue,Dplus Kia,complete,1869,True,-6927.0,-4459.0,-43.0,-8.0,1,-2509.0,-2997.0,-23.0
LOLTMNT02_354256,LCK,2026-02-14 08:07:25,Red,Gen.G,complete,1869,True,6927.0,4459.0,43.0,8.0,0,2509.0,2997.0,23.0
LOLTMNT02_353235,LCP,2026-02-14 08:43:57,Blue,Team Secret Whales,complete,1642,True,-1580.0,-2472.0,-14.0,-5.0,1,294.0,521.0,-2.0
LOLTMNT02_353235,LCP,2026-02-14 08:43:57,Red,Fukuoka SoftBank HAWKS gaming,complete,1642,True,1580.0,2472.0,14.0,5.0,0,-294.0,-521.0,2.0
LOLTMNT02_354263,LCK,2026-02-14 09:01:24,Blue,Dplus Kia,complete,2430,True,-847.0,964.0,-19.0,2.0,1,-1187.0,-507.0,-15.0
LOLTMNT02_354263,LCK,2026-02-14 09:01:24,Red,Gen.G,complete,2430,True,847.0,-964.0,19.0,-2.0,0,1187.0,507.0,15.0
LOLTMNT02_353283,LCK,2026-02-14 10:10:21,Blue,Dplus Kia,complete,1912,True,-5990.0,-4569.0,-75.0,-4.0,1,-3279.0,-2963.0,-50.0
LOLTMNT02_353283,LCK,2026-02-14 10:10:21,Red,Gen.G,complete,1912,True,5990.0,4569.0,75.0,4.0,0,3279.0,2963.0,50.0
LOLTMNT02_353312,LCK,2026-02-14 11:05:18,Blue,Gen.G,complete,2691,True,1748.0,-176.0,10.0,0.0,1,724.0,-660.0,-6.0
LOLTMNT02_353312,LCK,2026-02-14 11:05:18,Red,Dplus Kia,complete,2691,True,-1748.0,176.0,-10.0,0.0,0,-724.0,660.0,6.0
LOLTMNT02_353419,CBLOL,2026-02-14 16:11:54,Blue,Leviatan,complete,2157,True,3980.0,4170.0,68.0,2.0,1,499.0,1510.0,19.0
LOLTMNT02_353419,CBLOL,2026-02-14 16:11:54,Red,Vivo Keyd Stars,complete,2157,True,-3980.0,-4170.0,-68.0,-2.0,0,-499.0,-1510.0,-19.0
LOLTMNT02_353442,CBLOL,2026-02-14 17:06:13,Blue,Leviatan,complete,2323,True,-663.0,-1125.0,-39.0,1.0,1,-1107.0,-294.0,12.0
LOLTMNT02_353442,CBLOL,2026-02-14 17:06:13,Red,Vivo Keyd Stars,complete,2323,True,663.0,1125.0,39.0,-1.0,0,1107.0,294.0,-12.0
LOLTMNT02_354488,CBLOL,2026-02-14 18:03:57,Blue,Leviatan,complete,1967,True,-1958.0,-1323.0,-19.0,-1.0,1,-1248.0,-1059.0,-19.0
LOLTMNT02_354488,CBLOL,2026-02-14 18:03:57,Red,Vivo Keyd Stars,complete,1967,True,1958.0,1323.0,19.0,1.0,0,1248.0,1059.0,19.0
LOLTMNT02_353454,CBLOL,2026-02-14 18:57:03,Blue,Leviatan,complete,2185,True,3732.0,920.0,34.0,3.0,1,337.0,-408.0,-8.0
LOLTMNT02_353454,CBLOL,2026-02-14 18:57:03,Red,Vivo Keyd Stars,complete,2185,True,-3732.0,-920.0,-34.0,-3.0,0,-337.0,408.0,8.0
LOLTMNT02_354540,LCS,2026-02-14 21:11:50,Blue,Sentinels,complete,1975,True,-5078.0,-2142.0,-50.0,-4.0,1,-2055.0,94.0,-13.0
LOLTMNT02_354540,LCS,2026-02-14 21:11:50,Red,Disguised,complete,1975,True,5078.0,2142.0,50.0,4.0,0,2055.0,-94.0,13.0
LOLTMNT02_353493,LCS,2026-02-14 22:05:04,Blue,Sentinels,complete,2084,True,2575.0,1751.0,14.0,3.0,1,744.0,154.0,-8.0
LOLTMNT02_353493,LCS,2026-02-14 22:05:04,Red,Disguised,complete,2084,True,-2575.0,-1751.0,-14.0,-3.0,0,-744.0,-154.0,8.0
LOLTMNT02_354548,LCS,2026-02-14 22:58:02,Blue,Sentinels,complete,2135,True,1453.0,2054.0,32.0,2.0,1,409.0,1496.0,16.0
LOLTMNT02_354548,LCS,2026-02-14 22:58:02,Red,Disguised,complete,2135,True,-1453.0,-2054.0,-32.0,-2.0,0,-409.0,-1496.0,-16.0
LOLTMNT02_354552,LCS,2026-02-14 23:52:02,Blue,Sentinels,complete,1926,True,4580.0,3560.0,2.0,6.0,1,1727.0,1232.0,5.0
LOLTMNT02_354552,LCS,2026-02-14 23:52:02,Red,Disguised,complete,1926,True,-4580.0,-3560.0,-2.0,-6.0,0,-1727.0,-1232.0,-5.0
LOLTMNT02_353505,LCS,2026-02-15 00:41:15,Blue,Sentinels,complete,1971,True,819.0,2491.0,71.0,1.0,1,-685.0,-559.0,-19.0
LOLTMNT02_353505,LCS,2026-02-15 00:41:15,Red,Disguised,complete,1971,True,-819.0,-2491.0,-71.0,-1.0,0,685.0,559.0,19.0
LOLTMNT02_354588,LCP,2026-02-15 06:12:21,Blue,Ground Zero Gaming,complete,2266,True,-1192.0,-1048.0,16.0,-1.0,1,-2000.0,-2863.0,-25.0
LOLTMNT02_354588,LCP,2026-02-15 06:12:21,Red,Deep Cross Gaming,complete,2266,True,1192.0,1048.0,-16.0,1.0,0,2000.0,2863.0,25.0
LOLTMNT02_354593,LCP,2026-02-15 07:11:13,Blue,Ground Zero Gaming,complete,2506,True,-1125.0,-1834.0,-24.0,-2.0,1,-745.0,-870.0,-4.0
LOLTMNT02_354593,LCP,2026-02-15 07:11:13,Red,Deep Cross Gaming,complete,2506,True,1125.0,1834.0,24.0,2.0,0,745.0,870.0,4.0
LOLTMNT02_353559,LCK,2026-02-15 08:05:24,Blue,BNK FEARX,complete,1873,True,-107.0,-2737.0,5.0,-4.0,1,-2981.0,-4753.0,-19.0
LOLTMNT02_353559,LCK,2026-02-15 08:05:24,Red,T1,complete,1873,True,107.0,2737.0,-5.0,4.0,0,2981.0,4753.0,19.0
LOLTMNT02_353560,LCP,2026-02-15 08:13:49,Blue,Ground Zero Gaming,complete,1924,True,-2820.0,-4042.0,-27.0,-4.0,1,1241.0,-376.0,-32.0
LOLTMNT02_353560,LCP,2026-02-15 08:13:49,Red,Deep Cross Gaming,complete,1924,True,2820.0,4042.0,27.0,4.0,0,-1241.0,376.0,32.0
LOLTMNT02_353572,LCK,2026-02-15 09:00:12,Blue,BNK FEARX,complete,2046,True,1867.0,1569.0,26.0,0.0,1,1322.0,1304.0,2.0
LOLTMNT02_353572,LCK,2026-02-15 09:00:12,Red,T1,complete,2046,True,-1867.0,-1569.0,-26.0,0.0,0,-1322.0,-1304.0,-2.0
LOLTMNT02_353579,LCP,2026-02-15 09:07:51,Blue,Ground Zero Gaming,complete,1889,True,-885.0,-2478.0,64.0,-3.0,1,-2054.0,-3334.0,-7.0
LOLTMNT02_353579,LCP,2026-02-15 09:07:51,Red,Deep Cross Gaming,complete,1889,True,885.0,2478.0,-64.0,3.0,0,2054.0,3334.0,7.0
LOLTMNT02_354619,LCK,2026-02-15 09:56:35,Blue,T1,complete,1640,True,-5314.0,-2239.0,-50.0,-4.0,1,-485.0,352.0,6.0
LOLTMNT02_354619,LCK,2026-02-15 09:56:35,Red,BNK FEARX,complete,1640,True,5314.0,2239.0,50.0,4.0,0,485.0,-352.0,-6.0
LOLTMNT02_354641,LCK,2026-02-15 10:48:53,Blue,BNK FEARX,complete,1664,True,5757.0,5623.0,19.0,5.0,1,3006.0,3852.0,30.0
LOLTMNT02_354641,LCK,2026-02-15 10:48:53,Red,T1,complete,1664,True,-5757.0,-5623.0,-19.0,-5.0,0,-3006.0,-3852.0,-30.0
LOLTMNT02_353740,CBLOL,2026-02-15 16:10:56,Blue,Leviatan,complete,1877,True,-8995.0,-7830.0,-99.0,-8.0,1,-4100.0,-3254.0,-50.0
LOLTMNT02_353740,CBLOL,2026-02-15 16:10:56,Red,FURIA,complete,1877,True,8995.0,7830.0,99.0,8.0,0,4100.0,3254.0,50.0
LOLTMNT02_353759,CBLOL,2026-02-15 17:01:18,Blue,Leviatan,complete,1769,True,-952.0,-1097.0,-54.0,1.0,1,1062.0,930.0,-14.0
LOLTMNT02_353759,CBLOL,2026-02-15 17:01:18,Red,FURIA,complete,1769,True,952.0,1097.0,54.0,-1.0,0,-1062.0,-930.0,14.0
LOLTMNT02_354838,CBLOL,2026-02-15 17:49:32,Blue,Leviatan,complete,1542,True,-3284.0,-2162.0,-34.0,-2.0,1,-805.0,-113.0,-22.0
LOLTMNT02_354838,CBLOL,2026-02-15 17:49:32,Red,FURIA,complete,1542,True,3284.0,2162.0,34.0,2.0,0,805.0,113.0,22.0
LOLTMNT02_354876,LCS,2026-02-15 21:09:32,Blue,Cloud9,complete,1742,True,6351.0,5633.0,113.0,6.0,1,2663.0,1559.0,29.0
LOLTMNT02_354876,LCS,2026-02-15 21:09:32,Red,FlyQuest,complete,1742,True,-6351.0,-5633.0,-113.0,-6.0,0,-2663.0,-1559.0,-29.0
LOLTMNT02_353859,LCS,2026-02-15 22:14:58,Blue,Cloud9,complete,1537,True,2333.0,1466.0,52.0,-2.0,1,2385.0,2192.0,36.0
LOLTMNT02_353859,LCS,2026-02-15 22:14:58,Red,FlyQuest,complete,1537,True,-2333.0,-1466.0,-52.0,2.0,0,-2385.0,-2192.0,-36.0
LOLTMNT02_353862,LCS,2026-02-15 22:58:30,Blue,Cloud9,complete,1546,True,818.0,670.0,-16.0,3.0,1,867.0,2076.0,7.0
LOLTMNT02_353862,LCS,2026-02-15 22:58:30,Red,FlyQuest,complete,1546,True,-818.0,-670.0,16.0,-3.0,0,-867.0,-2076.0,-7.0
LOLTMNT05_176683,LEC,2026-02-16 15:58:59,Blue,Natus Vincere,complete,1836,True,2299.0,2562.0,41.0,5.0,1,-85.0,-33.0,18.0
LOLTMNT05_176683,LEC,2026-02-16 15:58:59,Red,Fnatic,complete,1836,True,-2299.0,-2562.0,-41.0,-5.0,0,85.0,33.0,-18.0
LOLTMNT05_175676,LEC,2026-02-16 16:50:26,Blue,Fnatic,complete,1813,True,-270.0,-3271.0,-71.0,1.0,1,-88.0,-878.0,-36.0
LOLTMNT05_175676,LEC,2026-02-16 16:50:26,Red,Natus Vincere,complete,1813,True,270.0,3271.0,71.0,-1.0,0,88.0,878.0,36.0
LOLTMNT05_176711,LEC,2026-02-16 17:46:04,Blue,Movistar KOI,complete,3342,False,,,,,1,,,
LOLTMNT05_176711,LEC,2026-02-16 17:46:04,Red,Team Vitality,complete,3342,False,,,,,0,,,
LOLTMNT05_175701,LEC,2026-02-16 19:21:38,Blue,Movistar KOI,complete,1875,True,3656.0,3312.0,44.0,4.0,1,3348.0,2741.0,30.0
LOLTMNT05_175701,LEC,2026-02-16 19:21:38,Red,Team Vitality,complete,1875,True,-3656.0,-3312.0,-44.0,-4.0,0,-3348.0,-2741.0,-30.0
LOLTMNT05_175735,LEC,2026-02-17 15:54:08,Blue,Team Heretics,complete,1495,True,-6855.0,-3686.0,-58.0,-8.0,1,-2629.0,-3202.0,-27.0
LOLTMNT05_175735,LEC,2026-02-17 15:54:08,Red,G2 Esports,complete,1495,True,6855.0,3686.0,58.0,8.0,0,2629.0,3202.0,27.0
LOLTMNT05_176751,LEC,2026-02-17 16:38:49,Blue,G2 Esports,complete,1466,True,3589.0,4297.0,62.0,3.0,1,4462.0,3651.0,36.0
LOLTMNT05_176751,LEC,2026-02-17 16:38:49,Red,Team Heretics,complete,1466,True,-3589.0,-4297.0,-62.0,-3.0,0,-4462.0,-3651.0,-36.0
LOLTMNT05_175753,LEC,2026-02-17 17:26:37,Blue,Karmine Corp,complete,1954,True,3103.0,1894.0,32.0,3.0,1,742.0,281.0,-2.0
LOLTMNT05_175753,LEC,2026-02-17 17:26:37,Red,GiantX,complete,1954,True,-3103.0,-1894.0,-32.0,-3.0,0,-742.0,-281.0,2.0
LOLTMNT05_176774,LEC,2026-02-17 18:19:36,Blue,GiantX,complete,2049,True,-2279.0,-1710.0,-41.0,-2.0,1,-1404.0,-1085.0,-22.0
LOLTMNT05_176774,LEC,2026-02-17 18:19:36,Red,Karmine Corp,complete,2049,True,2279.0,1710.0,41.0,2.0,0,1404.0,1085.0,22.0
LOLTMNT02_356392,LCK,2026-02-19 08:06:05,Blue,Kiwoom DRX,complete,1799,True,-3957.0,-3281.0,-31.0,-5.0,1,-1921.0,-1467.0,-27.0
LOLTMNT02_356392,LCK,2026-02-19 08:06:05,Red,DN SOOPers,complete,1799,True,3957.0,3281.0,31.0,5.0,0,1921.0,1467.0,27.0
LOLTMNT02_356399,LCK,2026-02-19 08:59:02,Blue,DN SOOPers,complete,1713,True,1786.0,-167.0,0.0,3.0,1,817.0,-1304.0,-23.0
LOLTMNT02_356399,LCK,2026-02-19 08:59:02,Red,Kiwoom DRX,complete,1713,True,-1786.0,167.0,0.0,-3.0,0,-817.0,1304.0,23.0
LOLTMNT02_355443,LCK,2026-02-19 09:49:11,Blue,DN SOOPers,complete,1659,True,463.0,-482.0,-34.0,3.0,1,-1375.0,-1472.0,-13.0
LOLTMNT02_355443,LCK,2026-02-19 09:49:11,Red,Kiwoom DRX,complete,1659,True,-463.0,482.0,34.0,-3.0,0,1375.0,1472.0,13.0
LOLTMNT02_355446,LCK,2026-02-19 10:37:09,Blue,Kiwoom DRX,complete,2191,True,2588.0,-810.0,-33.0,2.0,1,2246.0,-234.0,-3.0
LOLTMNT02_355446,LCK,2026-02-19 10:37:09,Red,DN SOOPers,complete,2191,True,-2588.0,810.0,33.0,-2.0,0,-2246.0,234.0,3.0
LOLTMNT02_356582,LCK,2026-02-20 08:06:25,Blue,DN SOOPers,complete,2262,True,-2447.0,-3510.0,-86.0,1.0,1,-1902.0,-1879.0,-46.0
LOLTMNT02_356582,LCK,2026-02-20 08:06:25,Red,Dplus Kia,complete,2262,True,2447.0,3510.0,86.0,-1.0,0,1902.0,1879.0,46.0
LOLTMNT02_355631,LCK,2026-02-20 09:07:24,Blue,Dplus Kia,complete,2284,True,2069.0,2619.0,62.0,2.0,1,2130.0,1200.0,15.0
LOLTMNT02_355631,LCK,2026-02-20 09:07:24,Red,DN SOOPers,complete,2284,True,-2069.0,-2619.0,-62.0,-2.0,0,-2130.0,-1200.0,-15.0
LOLTMNT02_355637,LCK,2026-02-20 10:07:12,Blue,Dplus Kia,complete,1971,True,-1907.0,-639.0,38.0,-5.0,1,-2010.0,-2229.0,-3.0
LOLTMNT02_355637,LCK,2026-02-20 10:07:12,Red,DN SOOPers,complete,1971,True,1907.0,639.0,-38.0,5.0,0,2010.0,2229.0,3.0
LOLTMNT02_356609,LCK,2026-02-20 11:02:23,Blue,DN SOOPers,complete,1792,True,488.0,-1497.0,-16.0,0.0,1,-157.0,-603.0,-4.0
LOLTMNT02_356609,LCK,2026-02-20 11:02:23,Red,Dplus Kia,complete,1792,True,-488.0,1497.0,16.0,0.0,0,157.0,603.0,4.0
LOLTMNT05_176983,LEC,2026-02-20 15:53:01,Blue,Movistar KOI,complete,1923,True,2985.0,237.0,3.0,4.0,1,1836.0,-6.0,2.0
LOLTMNT05_176983,LEC,2026-02-20 15:53:01,Red,Natus Vincere,complete,1923,True,-2985.0,-237.0,-3.0,-4.0,0,-1836.0,6.0,-2.0
LOLTMNT05_175960,LEC,2026-02-20 16:46:56,Blue,Movistar KOI,complete,2270,True,553.0,1216.0,-10.0,4.0,1,2225.0,3603.0,26.0
LOLTMNT05_175960,LEC,2026-02-20 16:46:56,Red,Natus Vincere,complete,2270,True,-553.0,-1216.0,10.0,-4.0,0,-2225.0,-3603.0,-26.0
LOLTMNT05_176994,LEC,2026-02-20 17:49:11,Blue,G2 Esports,complete,1988,True,4321.0,-243.0,39.0,2.0,1,1957.0,-909.0,0.0
LOLTMNT05_176994,LEC,2026-02-20 17:49:11,Red,Karmine Corp,complete,1988,True,-4321.0,243.0,-39.0,-2.0,0,-1957.0,909.0,0.0
LOLTMNT05_175986,LEC,2026-02-20 18:50:14,Blue,G2 Esports,complete,2993,True,3750.0,2831.0,51.0,5.0,1,-102.0,1002.0,10.0
LOLTMNT05_175986,LEC,2026-02-20 18:50:14,Red,Karmine Corp,complete,2993,True,-3750.0,-2831.0,-51.0,-5.0,0,102.0,-1002.0,-10.0
LOLTMNT03_345132,LCS,2026-02-20 21:09:00,Blue,Team Liquid,complete,2054,True,2084.0,848.0,-1.0,0.0,1,2457.0,2340.0,10.0
LOLTMNT03_345132,LCS,2026-02-20 21:09:00,Red,Disguised,complete,2054,True,-2084.0,-848.0,1.0,0.0,0,-2457.0,-2340.0,-10.0
LOLTMNT03_344208,LCS,2026-02-20 22:01:48,Blue,Team Liquid,complete,1444,True,5430.0,5039.0,58.0,5.0,1,4767.0,3985.0,21.0
LOLTMNT03_344208,LCS,2026-02-20 22:01:48,Red,Disguised,complete,1444,True,-5430.0,-5039.0,-58.0,-5.0,0,-4767.0,-3985.0,-21.0
LOLTMNT03_345140,LCS,2026-02-20 22:45:31,Blue,Team Liquid,complete,1846,True,-656.0,-2933.0,16.0,-4.0,1,486.0,-591.0,14.0
LOLTMNT03_345140,LCS,2026-02-20 22:45:31,Red,Disguised,complete,1846,True,656.0,2933.0,-16.0,4.0,0,-486.0,591.0,-14.0
LOLTMNT02_356695,LCK,2026-02-21 08:08:52,Blue,Gen.G,complete,1906,True,1681.0,1490.0,9.0,0.0,1,1121.0,410.0,4.0
LOLTMNT02_356695,LCK,2026-02-21 08:08:52,Red,BNK FEARX,complete,1906,True,-1681.0,-1490.0,-9.0,0.0,0,-1121.0,-410.0,-4.0
LOLTMNT02_355782,LCK,2026-02-21 09:07:41,Blue,Gen.G,complete,2014,True,1993.0,1210.0,84.0,-3.0,1,1362.0,179.0,13.0
LOLTMNT02_355782,LCK,2026-02-21 09:07:41,Red,BNK FEARX,complete,2014,True,-1993.0,-1210.0,-84.0,3.0,0,-1362.0,-179.0,-13.0
LOLTMNT02_356711,LCK,2026-02-21 10:03:38,Blue,Gen.G,complete,1717,True,171.0,1622.0,54.0,-1.0,1,-457.0,73.0,25.0
LOLTMNT02_356711,LCK,2026-02-21 10:03:38,Red,BNK FEARX,complete,1717,True,-171.0,-1622.0,-54.0,1.0,0,457.0,-73.0,-25.0
LOLTMNT02_355793,LCK,2026-02-21 10:56:33,Blue,Gen.G,complete,1395,True,12137.0,8169.0,120.0,12.0,1,3795.0,3318.0,43.0
LOLTMNT02_355793,LCK,2026-02-21 10:56:33,Red,BNK FEARX,complete,1395,True,-12137.0,-8169.0,-120.0,-12.0,0,-3795.0,-3318.0,-43.0
LOLTMNT05_177016,LEC,2026-02-21 15:52:26,Blue,GiantX,complete,1847,True,-268.0,-588.0,-27.0,0.0,1,-244.0,-988.0,-13.0
LOLTMNT05_177016,LEC,2026-02-21 15:52:26,Red,Team Heretics,complete,1847,True,268.0,588.0,27.0,0.0,0,244.0,988.0,13.0
LOLTMNT03_344348,CBLOL,2026-02-21 16:10:18,Blue,LOUD,complete,2013,True,-528.0,-1037.0,-5.0,-3.0,1,113.0,-237.0,7.0
LOLTMNT03_344348,CBLOL,2026-02-21 16:10:18,Red,RED Canids,complete,2013,True,528.0,1037.0,5.0,3.0,0,-113.0,237.0,-7.0
LOLTMNT05_178010,LEC,2026-02-21 16:43:34,Blue,GiantX,complete,2285,True,142.0,1662.0,0.0,1.0,1,205.0,1963.0,9.0
LOLTMNT05_178010,LEC,2026-02-21 16:43:34,Red,Team Heretics,complete,2285,True,-142.0,-1662.0,0.0,-1.0,0,-205.0,-1963.0,-9.0
LOLTMNT03_345296,CBLOL,2026-02-21 17:02:03,Blue,RED Canids,complete,1986,True,-1461.0,-758.0,-7.0,0.0,1,-2147.0,-666.0,2.0
LOLTMNT03_345296,CBLOL,2026-02-21 17:02:03,Red,LOUD,complete,1986,True,1461.0,758.0,7.0,0.0,0,2147.0,666.0,-2.0
LOLTMNT05_177019,LEC,2026-02-21 17:51:35,Blue,GiantX,complete,1788,True,3798.0,2758.0,59.0,2.0,1,1085.0,1386.0,33.0
LOLTMNT05_177019,LEC,2026-02-21 17:51:35,Red,Team Heretics,complete,1788,True,-3798.0,-2758.0,-59.0,-2.0,0,-1085.0,-1386.0,-33.0
LOLTMNT03_345300,CBLOL,2026-02-21 17:53:49,Blue,RED Canids,complete,2210,True,-2268.0,-1595.0,-57.0,0.0,1,-36.0,854.0,6.0
LOLTMNT03_345300,CBLOL,2026-02-21 17:53:49,Red,LOUD,complete,2210,True,2268.0,1595.0,57.0,0.0,0,36.0,-854.0,-6.0
LOLTMNT05_177030,LEC,2026-02-21 18:44:19,Blue,Team Vitality,complete,1984,True,3283.0,3678.0,109.0,0.0,1,507.0,1274.0,25.0
LOLTMNT05_177030,LEC,2026-02-21 18:44:19,Red,Fnatic,complete,1984,True,-3283.0,-3678.0,-109.0,0.0,0,-507.0,-1274.0,-25.0
LOLTMNT03_345308,CBLOL,2026-02-21 18:50:31,Blue,RED Canids,complete,2461,True,-25.0,818.0,34.0,-1.0,1,1201.0,2162.0,31.0
LOLTMNT03_345308,CBLOL,2026-02-21 18:50:31,Red,LOUD,complete,2461,True,25.0,-818.0,-34.0,1.0,0,-1201.0,-2162.0,-31.0
LOLTMNT05_178014,LEC,2026-02-21 19:42:25,Blue,Team Vitality,complete,2180,True,4313.0,857.0,64.0,1.0,1,2498.0,-608.0,30.0
LOLTMNT05_178014,LEC,2026-02-21 19:42:25,Red,Fnatic,complete,2180,True,-4313.0,-857.0,-64.0,-1.0,0,-2498.0,608.0,-30.0
LOLTMNT03_344400,LCS,2026-02-21 21:08:42,Blue,LYON,complete,1800,True,7359.0,5534.0,100.0,7.0,1,2419.0,1749.0,50.0
LOLTMNT03_344400,LCS,2026-02-21 21:08:42,Red,FlyQuest,complete,1800,True,-7359.0,-5534.0,-100.0,-7.0,0,-2419.0,-1749.0,-50.0
LOLTMNT03_344407,LCS,2026-02-21 21:59:21,Blue,LYON,complete,2306,True,1194.0,549.0,15.0,1.0,1,-265.0,-988.0,19.0
LOLTMNT03_344407,LCS,2026-02-21 21:59:21,Red,FlyQuest,complete,2306,True,-1194.0,-549.0,-15.0,-1.0,0,265.0,988.0,-19.0
LOLTMNT03_344416,LCS,2026-02-21 22:57:01,Blue,LYON,complete,1727,True,2518.0,2598.0,6.0,5.0,1,1107.0,1718.0,17.0
LOLTMNT03_344416,LCS,2026-02-21 22:57:01,Red,FlyQuest,complete,1727,True,-2518.0,-2598.0,-6.0,-5.0,0,-1107.0,-1718.0,-17.0
LOLTMNT02_356869,LCK,2026-02-22 08:08:41,Blue,Dplus Kia,complete,2097,True,-3847.0,-1563.0,30.0,-4.0,1,-3551.0,-1636.0,11.0
LOLTMNT02_356869,LCK,2026-02-22 08:08:41,Red,T1,complete,2097,True,3847.0,1563.0,-30.0,4.0,0,3551.0,1636.0,-11.0
LOLTMNT02_356875,LCK,2026-02-22 09:08:21,Blue,Dplus Kia,complete,1744,True,-2560.0,-2324.0,-62.0,-4.0,1,-2063.0,-2194.0,-24.0
LOLTMNT02_356875,LCK,2026-02-22 09:08:21,Red,T1,complete,1744,True,2560.0,2324.0,62.0,4.0,0,2063.0,2194.0,24.0
LOLTMNT02_356881,LCK,2026-02-22 10:01:38,Blue,T1,complete,2351,True,3778.0,856.0,-19.0,2.0,1,1998.0,-259.0,1.0
LOLTMNT02_356881,LCK,2026-02-22 10:01:38,Red,Dplus Kia,complete,2351,True,-3778.0,-856.0,19.0,-2.0,0,-1998.0,259.0,-1.0
LOLTMNT02_355917,LCK,2026-02-22 11:04:59,Blue,Dplus Kia,complete,2033,True,812.0,721.0,25.0,-4.0,1,2288.0,1181.0,-4.0
LOLTMNT02_355917,LCK,2026-02-22 11:04:59,Red,T1,complete,2033,True,-812.0,-721.0,-25.0,4.0,0,-2288.0,-1181.0,4.0
LOLTMNT02_356890,LCK,2026-02-22 12:02:50,Blue,Dplus Kia,complete,1893,True,930.0,849.0,-23.0,2.0,1,1731.0,805.0,1.0
LOLTMNT02_356890,LCK,2026-02-22 12:02:50,Red,T1,complete,1893,True,-930.0,-849.0,23.0,-2.0,0,-1731.0,-805.0,-1.0
LOLTMNT05_177049,LEC,2026-02-22 15:53:15,Blue,Natus Vincere,complete,2143,True,4730.0,3755.0,67.0,2.0,1,1807.0,1029.0,17.0
LOLTMNT05_177049,LEC,2026-02-22 15:53:15,Red,GiantX,complete,2143,True,-4730.0,-3755.0,-67.0,-2.0,0,-1807.0,-1029.0,-17.0
LOLTMNT03_344554,CBLOL,2026-02-22 16:12:41,Blue,LØS,complete,1993,True,-1692.0,-837.0,-17.0,1.0,1,-2624.0,-1917.0,-14.0
LOLTMNT03_344554,CBLOL,2026-02-22 16:12:41,Red,FURIA,complete,1993,True,1692.0,837.0,17.0,-1.0,0,2624.0,1917.0,14.0
LOLTMNT05_178021,LEC,2026-02-22 16:48:38,Blue,Natus Vincere,complete,1799,True,3394.0,2323.0,45.0,0.0,1,1871.0,159.0,11.0
LOLTMNT05_178021,LEC,2026-02-22 16:48:38,Red,GiantX,complete,1799,True,-3394.0,-2323.0,-45.0,0.0,0,-1871.0,-159.0,-11.0
LOLTMNT03_345473,CBLOL,2026-02-22 17:04:24,Blue,LØS,complete,2287,True,1685.0,-549.0,27.0,-1.0,1,744.0,-899.0,-24.0
LOLTMNT03_345473,CBLOL,2026-02-22 17:04:24,Red,FURIA,complete,2287,True,-1685.0,549.0,-27.0,1.0,0,-744.0,899.0,24.0
LOLTMNT05_178023,LEC,2026-02-22 17:38:52,Blue,GiantX,complete,2185,True,3798.0,3399.0,53.0,3.0,1,1639.0,765.0,25.0
LOLTMNT05_178023,LEC,2026-02-22 17:38:52,Red,Natus Vincere,complete,2185,True,-3798.0,-3399.0,-53.0,-3.0,0,-1639.0,-765.0,-25.0
LOLTMNT03_344579,CBLOL,2026-02-22 18:01:04,Blue,LØS,complete,1984,True,1543.0,1333.0,64.0,2.0,1,403.0,344.0,18.0
LOLTMNT03_344579,CBLOL,2026-02-22 18:01:04,Red,FURIA,complete,1984,True,-1543.0,-1333.0,-64.0,-2.0,0,-403.0,-344.0,-18.0
LOLTMNT05_177060,LEC,2026-02-22 18:41:27,Blue,Team Vitality,complete,2329,True,246.0,-2434.0,-29.0,-1.0,1,1323.0,-701.0,-20.0
LOLTMNT05_177060,LEC,2026-02-22 18:41:27,Red,Karmine Corp,complete,2329,True,-246.0,2434.0,29.0,1.0,0,-1323.0,701.0,20.0
LOLTMNT03_345495,CBLOL,2026-02-22 18:53:07,Blue,LØS,complete,2021,True,634.0,-2075.0,-12.0,-2.0,1,-214.0,-2573.0,-43.0
LOLTMNT03_345495,CBLOL,2026-02-22 18:53:07,Red,FURIA,complete,2021,True,-634.0,2075.0,12.0,2.0,0,214.0,2573.0,43.0
LOLTMNT05_178032,LEC,2026-02-22 19:39:32,Blue,Team Vitality,complete,2067,True,1276.0,1964.0,0.0,1.0,1,437.0,923.0,26.0
LOLTMNT05_178032,LEC,2026-02-22 19:39:32,Red,Karmine Corp,complete,2067,True,-1276.0,-1964.0,0.0,-1.0,0,-437.0,-923.0,-26.0
LOLTMNT05_177061,LEC,2026-02-22 20:35:48,Blue,Team Vitality,complete,1534,True,-8474.0,-7782.0,-78.0,-10.0,1,-1344.0,-1134.0,-9.0
LOLTMNT05_177061,LEC,2026-02-22 20:35:48,Red,Karmine Corp,complete,1534,True,8474.0,7782.0,78.0,10.0,0,1344.0,1134.0,9.0
LOLTMNT03_344603,LCS,2026-02-22 21:09:24,Blue,Sentinels,complete,1933,True,-3588.0,-1169.0,-6.0,-2.0,1,-1956.0,-1508.0,-11.0
LOLTMNT03_344603,LCS,2026-02-22 21:09:24,Red,Cloud9,complete,1933,True,3588.0,1169.0,6.0,2.0,0,1956.0,1508.0,11.0
LOLTMNT03_345516,LCS,2026-02-22 22:01:04,Blue,Cloud9,complete,1794,True,856.0,1135.0,60.0,-3.0,1,1768.0,751.0,4.0
LOLTMNT03_345516,LCS,2026-02-22 22:01:04,Red,Sentinels,complete,1794,True,-856.0,-1135.0,-60.0,3.0,0,-1768.0,-751.0,-4.0
LOLTMNT03_344604,LCS,2026-02-22 23:02:24,Blue,Cloud9,complete,1415,True,10215.0,7696.0,88.0,9.0,1,7576.0,6130.0,48.0
LOLTMNT03_344604,LCS,2026-02-22 23:02:24,Red,Sentinels,complete,1415,True,-10215.0,-7696.0,-88.0,-9.0,0,-7576.0,-6130.0,-48.0
LOLTMNT05_178056,LEC,2026-02-23 15:56:51,Blue,G2 Esports,complete,2032,True,150.0,811.0,2.0,0.0,1,288.0,847.0,-1.0
LOLTMNT05_178056,LEC,2026-02-23 15:56:51,Red,Movistar KOI,complete,2032,True,-150.0,-811.0,-2.0,0.0,0,-288.0,-847.0,1.0
LOLTMNT05_178057,LEC,2026-02-23 16:52:39,Blue,G2 Esports,complete,1639,True,3747.0,2223.0,23.0,4.0,1,932.0,-1038.0,12.0
LOLTMNT05_178057,LEC,2026-02-23 16:52:39,Red,Movistar KOI,complete,1639,True,-3747.0,-2223.0,-23.0,-4.0,0,-932.0,1038.0,-12.0
LOLTMNT05_177077,LEC,2026-02-23 17:40:36,Blue,G2 Esports,complete,2199,True,1326.0,2003.0,-6.0,1.0,1,3580.0,2241.0,-8.0
LOLTMNT05_177077,LEC,2026-02-23 17:40:36,Red,Movistar KOI,complete,2199,True,-1326.0,-2003.0,6.0,-1.0,0,-3580.0,-2241.0,8.0
13121-13121_game_1,LPL,2026-02-24 06:10:45,Blue,Top Esports,complete,1796,True,-2237.0,-1197.0,-49.0,-3.0,1,-552.0,-1333.0,-17.0
13121-13121_game_1,LPL,2026-02-24 06:10:45,Red,JD Gaming,complete,1796,True,2237.0,1197.0,49.0,3.0,0,552.0,1333.0,17.0
13121-13121_game_2,LPL,2026-02-24 07:04:44,Blue,Top Esports,complete,1384,True,-7569.0,-7070.0,-77.0,-9.0,1,-5202.0,-6336.0,-26.0
13121-13121_game_2,LPL,2026-02-24 07:04:44,Red,JD Gaming,complete,1384,True,7569.0,7070.0,77.0,9.0,0,5202.0,6336.0,26.0
13121-13121_game_3,LPL,2026-02-24 07:51:36,Blue,JD Gaming,complete,2157,True,-1566.0,-535.0,-4.0,-1.0,1,-1238.0,-1017.0,-17.0
13121-13121_game_3,LPL,2026-02-24 07:51:36,Red,Top Esports,complete,2157,True,1566.0,535.0,4.0,1.0,0,1238.0,1017.0,17.0
13121-13121_game_4,LPL,2026-02-24 08:49:42,Blue,JD Gaming,complete,1978,True,3186.0,143.0,-36.0,8.0,1,-753.0,-2905.0,-27.0
13121-13121_game_4,LPL,2026-02-24 08:49:42,Red,Top Esports,complete,1978,True,-3186.0,-143.0,36.0,-8.0,0,753.0,2905.0,27.0
13121-13121_game_5,LPL,2026-02-24 09:45:40,Blue,JD Gaming,complete,1786,True,2294.0,76.0,4.0,1.0,1,2202.0,-185.0,-14.0
13121-13121_game_5,LPL,2026-02-24 09:45:40,Red,Top Esports,complete,1786,True,-2294.0,-76.0,-4.0,-1.0,0,-2202.0,185.0,14.0
13122-13122_game_1,LPL,2026-02-24 11:12:57,Blue,Team WE,complete,1592,True,-7900.0,-6412.0,-118.0,-4.0,1,-4728.0,-2602.0,-18.0
13122-13122_game_1,LPL,2026-02-24 11:12:57,Red,Anyone's Legend,complete,1592,True,7900.0,6412.0,118.0,4.0,0,4728.0,2602.0,18.0
13122-13122_game_2,LPL,2026-02-24 12:03:06,Blue,Anyone's Legend,complete,1559,True,8596.0,5160.0,54.0,10.0,1,5544.0,3801.0,11.0
13122-13122_game_2,LPL,2026-02-24 12:03:06,Red,Team WE,complete,1559,True,-8596.0,-5160.0,-54.0,-10.0,0,-5544.0,-3801.0,-11.0
13122-13122_game_3,LPL,2026-02-24 12:52:59,Blue,Anyone's Legend,complete,1318,True,11284.0,8587.0,55.0,18.0,1,4134.0,476.0,-11.0
13122-13122_game_3,LPL,2026-02-24 12:52:59,Red,Team WE,complete,1318,True,-11284.0,-8587.0,-55.0,-18.0,0,-4134.0,-476.0,11.0
13123-13123_game_1,LPL,2026-02-25 06:11:42,Blue,Invictus Gaming,complete,2695,True,-2517.0,-1465.0,40.0,-6.0,1,-1077.0,677.0,47.0
13123-13123_game_1,LPL,2026-02-25 06:11:42,Red,Weibo Gaming,complete,2695,True,2517.0,1465.0,-40.0,6.0,0,1077.0,-677.0,-47.0
13123-13123_game_2,LPL,2026-02-25 07:19:27,Blue,Weibo Gaming,complete,1626,True,-2012.0,-1116.0,-13.0,1.0,1,-1394.0,-351.0,18.0
13123-13123_game_2,LPL,2026-02-25 07:19:27,Red,Invictus Gaming,complete,1626,True,2012.0,1116.0,13.0,-1.0,0,1394.0,351.0,-18.0
13123-13123_game_3,LPL,2026-02-25 08:13:35,Blue,Weibo Gaming,partial,2071,False,,,,,1,,,
13123-13123_game_3,LPL,2026-02-25 08:13:35,Red,Invictus Gaming,partial,2071,False,,,,,0,,,
13124-13124_game_1,LPL,2026-02-25 09:30:11,Blue,Bilibili Gaming,complete,1644,True,4274.0,3198.0,42.0,3.0,1,2130.0,911.0,13.0
13124-13124_game_1,LPL,2026-02-25 09:30:11,Red,Ninjas in Pyjamas,complete,1644,True,-4274.0,-3198.0,-42.0,-3.0,0,-2130.0,-911.0,-13.0
13124-13124_game_2,LPL,2026-02-25 10:24:57,Blue,Bilibili Gaming,partial,1846,False,,,,,1,,,
13124-13124_game_2,LPL,2026-02-25 10:24:57,Red,Ninjas in Pyjamas,partial,1846,False,,,,,0,,,
13124-13124_game_3,LPL,2026-02-25 11:20:16,Blue,Bilibili Gaming,complete,1875,True,2576.0,1556.0,10.0,8.0,1,1826.0,-676.0,-12.0
13124-13124_game_3,LPL,2026-02-25 11:20:16,Red,Ninjas in Pyjamas,complete,1875,True,-2576.0,-1556.0,-10.0,-8.0,0,-1826.0,676.0,12.0
LOLTMNT02_358282,LCP,2026-02-26 06:12:02,Blue,Team Secret Whales,complete,1619,True,2541.0,3852.0,7.0,5.0,1,4296.0,3299.0,36.0
LOLTMNT02_358282,LCP,2026-02-26 06:12:02,Red,Deep Cross Gaming,complete,1619,True,-2541.0,-3852.0,-7.0,-5.0,0,-4296.0,-3299.0,-36.0
LOLTMNT02_358287,LCP,2026-02-26 06:59:49,Blue,Team Secret Whales,complete,1642,True,2058.0,1220.0,-16.0,4.0,1,-108.0,63.0,7.0
LOLTMNT02_358287,LCP,2026-02-26 06:59:49,Red,Deep Cross Gaming,complete,1642,True,-2058.0,-1220.0,16.0,-4.0,0,108.0,-63.0,-7.0
LOLTMNT02_357412,LCP,2026-02-26 07:46:41,Blue,Team Secret Whales,complete,1942,True,-2532.0,-1285.0,-74.0,-3.0,1,362.0,2091.0,-5.0
LOLTMNT02_357412,LCP,2026-02-26 07:46:41,Red,Deep Cross Gaming,complete,1942,True,2532.0,1285.0,74.0,3.0,0,-362.0,-2091.0,5.0
LOLTMNT02_358308,LCP,2026-02-26 08:38:37,Blue,Deep Cross Gaming,complete,1757,True,3932.0,6127.0,18.0,7.0,1,2135.0,2448.0,-1.0
LOLTMNT02_358308,LCP,2026-02-26 08:38:37,Red,Team Secret Whales,complete,1757,True,-3932.0,-6127.0,-18.0,-7.0,0,-2135.0,-2448.0,1.0
13125-13125_game_1,LPL,2026-02-26 09:13:13,Blue,Anyone's Legend,complete,1830,True,7367.0,5066.0,58.0,8.0,1,2516.0,1255.0,14.0
13125-13125_game_1,LPL,2026-02-26 09:13:13,Red,JD Gaming,complete,1830,True,-7367.0,-5066.0,-58.0,-8.0,0,-2516.0,-1255.0,-14.0
LOLTMNT02_358311,LCP,2026-02-26 09:28:14,Blue,Deep Cross Gaming,complete,1892,True,-3292.0,-2838.0,-24.0,-3.0,1,-2031.0,-1911.0,-18.0
LOLTMNT02_358311,LCP,2026-02-26 09:28:14,Red,Team Secret Whales,complete,1892,True,3292.0,2838.0,24.0,3.0,0,2031.0,1911.0,18.0
13125-13125_game_2,LPL,2026-02-26 10:08:15,Blue,Anyone's Legend,partial,2027,False,,,,,1,,,
13125-13125_game_2,LPL,2026-02-26 10:08:15,Red,JD Gaming,partial,2027,False,,,,,0,,,
13125-13125_game_3,LPL,2026-02-26 11:05:57,Blue,JD Gaming,complete,2108,True,-1629.0,-1185.0,-55.0,1.0,1,-495.0,376.0,-13.0
13125-13125_game_3,LPL,2026-02-26 11:05:57,Red,Anyone's Legend,complete,2108,True,1629.0,1185.0,55.0,-1.0,0,495.0,-376.0,13.0
13125-13125_game_4,LPL,2026-02-26 12:05:34,Blue,JD Gaming,complete,1591,True,-2851.0,-2538.0,28.0,-4.0,1,-1036.0,-1753.0,-9.0
13125-13125_game_4,LPL,2026-02-26 12:05:34,Red,Anyone's Legend,complete,1591,True,2851.0,2538.0,-28.0,4.0,0,1036.0,1753.0,9.0
13125-13125_game_5,LPL,2026-02-26 12:55:32,Blue,Anyone's Legend,complete,2288,True,-2696.0,-382.0,14.0,-1.0,1,-411.0,373.0,32.0
13125-13125_game_5,LPL,2026-02-26 12:55:32,Red,JD Gaming,complete,2288,True,2696.0,382.0,-14.0,1.0,0,411.0,-373.0,-32.0
LOLTMNT02_359054,LCP,2026-02-27 06:21:35,Blue,Ground Zero Gaming,complete,2046,True,-617.0,-39.0,3.0,-3.0,1,532.0,766.0,11.0
LOLTMNT02_359054,LCP,2026-02-27 06:21:35,Red,Fukuoka SoftBank HAWKS gaming,complete,2046,True,617.0,39.0,-3.0,3.0,0,-532.0,-766.0,-11.0
LOLTMNT02_359058,LCP,2026-02-27 07:16:34,Blue,Fukuoka SoftBank HAWKS gaming,complete,2199,True,2629.0,2251.0,55.0,5.0,1,168.0,693.0,10.0
LOLTMNT02_359058,LCP,2026-02-27 07:16:34,Red,Ground Zero Gaming,complete,2199,True,-2629.0,-2251.0,-55.0,-5.0,0,-168.0,-693.0,-10.0
LOLTMNT02_359061,LCP,2026-02-27 08:15:57,Blue,Fukuoka SoftBank HAWKS gaming,complete,1446,True,-3626.0,-3900.0,-84.0,-4.0,1,-462.0,-1297.0,-13.0
LOLTMNT02_359061,LCP,2026-02-27 08:15:57,Red,Ground Zero Gaming,complete,1446,True,3626.0,3900.0,84.0,4.0,0,462.0,1297.0,13.0
LOLTMNT02_359064,LCP,2026-02-27 09:01:12,Blue,Ground Zero Gaming,complete,1957,True,-4026.0,-3191.0,-15.0,-1.0,1,-2580.0,-2117.0,-19.0
LOLTMNT02_359064,LCP,2026-02-27 09:01:12,Red,Fukuoka SoftBank HAWKS gaming,complete,1957,True,4026.0,3191.0,15.0,1.0,0,2580.0,2117.0,19.0
13126-13126_game_1,LPL,2026-02-27 09:14:17,Blue,Bilibili Gaming,complete,1947,True,984.0,-54.0,41.0,-2.0,1,832.0,-1359.0,20.0
13126-13126_game_1,LPL,2026-02-27 09:14:17,Red,Weibo Gaming,complete,1947,True,-984.0,54.0,-41.0,2.0,0,-832.0,1359.0,-20.0
13126-13126_game_2,LPL,2026-02-27 10:10:57,Blue,Bilibili Gaming,complete,1453,True,7846.0,6066.0,137.0,11.0,1,4460.0,3555.0,53.0
13126-13126_game_2,LPL,2026-02-27 10:10:57,Red,Weibo Gaming,complete,1453,True,-7846.0,-6066.0,-137.0,-11.0,0,-4460.0,-3555.0,-53.0
13126-13126_game_3,LPL,2026-02-27 10:59:24,Blue,Bilibili Gaming,complete,1569,True,8635.0,4607.0,142.0,6.0,1,856.0,-73.0,28.0
13126-13126_game_3,LPL,2026-02-27 10:59:24,Red,Weibo Gaming,complete,1569,True,-8635.0,-4607.0,-142.0,-6.0,0,-856.0,73.0,-28.0
LOLTMNT05_180071,LEC,2026-02-27 16:21:14,Blue,GiantX,complete,1974,True,-1442.0,-3109.0,-6.0,-2.0,1,-1622.0,-3772.0,-28.0
LOLTMNT05_180071,LEC,2026-02-27 16:21:14,Red,Karmine Corp,complete,1974,True,1442.0,3109.0,6.0,2.0,0,1622.0,3772.0,28.0
LOLTMNT05_180072,LEC,2026-02-27 17:16:06,Blue,GiantX,complete,1894,True,-3969.0,-4494.0,-54.0,-6.0,1,1030.0,-738.0,0.0
LOLTMNT05_180072,LEC,2026-02-27 17:16:06,Red,Karmine Corp,complete,1894,True,3969.0,4494.0,54.0,6.0,0,-1030.0,738.0,0.0
LOLTMNT05_179080,LEC,2026-02-27 18:09:35,Blue,GiantX,complete,2496,True,2737.0,3448.0,36.0,2.0,1,1530.0,2525.0,-5.0
LOLTMNT05_179080,LEC,2026-02-27 18:09:35,Red,Karmine Corp,complete,2496,True,-2737.0,-3448.0,-36.0,-2.0,0,-1530.0,-2525.0,5.0
LOLTMNT03_351286,LCS,2026-02-27 21:09:38,Blue,Team Liquid,complete,2228,True,-853.0,-558.0,-36.0,-2.0,1,-1107.0,-849.0,5.0
LOLTMNT03_351286,LCS,2026-02-27 21:09:38,Red,LYON,complete,2228,True,853.0,558.0,36.0,2.0,0,1107.0,849.0,-5.0
LOLTMNT03_350273,LCS,2026-02-27 22:07:00,Blue,LYON,complete,1985,True,-5766.0,-4548.0,-42.0,-7.0,1,-2382.0,-2588.0,-5.0
LOLTMNT03_350273,LCS,2026-02-27 22:07:00,Red,Team Liquid,complete,1985,True,5766.0,4548.0,42.0,7.0,0,2382.0,2588.0,5.0
LOLTMNT03_351304,LCS,2026-02-27 23:00:10,Blue,Team Liquid,complete,1667,True,999.0,196.0,0.0,0.0,1,2459.0,2084.0,10.0
LOLTMNT03_351304,LCS,2026-02-27 23:00:10,Red,LYON,complete,1667,True,-999.0,-196.0,0.0,0.0,0,-2459.0,-2084.0,-10.0
LOLTMNT03_351308,LCS,2026-02-27 23:47:08,Blue,LYON,complete,2090,True,2081.0,1832.0,65.0,0.0,1,-194.0,93.0,11.0
LOLTMNT03_351308,LCS,2026-02-27 23:47:08,Red,Team Liquid,complete,2090,True,-2081.0,-1832.0,-65.0,0.0,0,194.0,-93.0,-11.0
LOLTMNT02_359214,LCP,2026-02-28 06:15:05,Blue,Fukuoka SoftBank HAWKS gaming,complete,1772,True,4492.0,3232.0,12.0,5.0,1,3112.0,1845.0,-25.0
LOLTMNT02_359214,LCP,2026-02-28 06:15:05,Red,Deep Cross Gaming,complete,1772,True,-4492.0,-3232.0,-12.0,-5.0,0,-3112.0,-1845.0,25.0
LOLTMNT02_359242,LCP,2026-02-28 07:05:36,Blue,Fukuoka SoftBank HAWKS gaming,complete,2084,True,4717.0,3751.0,65.0,3.0,1,4744.0,5229.0,48.0
LOLTMNT02_359242,LCP,2026-02-28 07:05:36,Red,Deep Cross Gaming,complete,2084,True,-4717.0,-3751.0,-65.0,-3.0,0,-4744.0,-5229.0,-48.0
LOLTMNT02_360174,LCP,2026-02-28 08:00:30,Blue,Fukuoka SoftBank HAWKS gaming,complete,1868,True,-2390.0,-918.0,5.0,-3.0,1,-1070.0,-1645.0,-4.0
LOLTMNT02_360174,LCP,2026-02-28 08:00:30,Red,Deep Cross Gaming,complete,1868,True,2390.0,918.0,-5.0,3.0,0,1070.0,1645.0,4.0
LOLTMNT02_360177,LCK,2026-02-28 08:23:00,Blue,Dplus Kia,complete,1733,True,-4341.0,-1764.0,-58.0,-3.0,1,-2902.0,-1264.0,-34.0
LOLTMNT02_360177,LCK,2026-02-28 08:23:00,Red,BNK FEARX,complete,1733,True,4341.0,1764.0,58.0,3.0,0,2902.0,1264.0,34.0
LOLTMNT02_360179,LCP,2026-02-28 08:53:29,Blue,Deep Cross Gaming,complete,2086,True,353.0,-425.0,23.0,-2.0,1,2636.0,1312.0,35.0
LOLTMNT02_360179,LCP,2026-02-28 08:53:29,Red,Fukuoka SoftBank HAWKS gaming,complete,2086,True,-353.0,425.0,-23.0,2.0,0,-2636.0,-1312.0,-35.0
13127-13127_game_1,LPL,2026-02-28 09:10:38,Blue,Team WE,complete,1788,True,784.0,190.0,3.0,2.0,1,1738.0,1488.0,-14.0
13127-13127_game_1,LPL,2026-02-28 09:10:38,Red,Top Esports,complete,1788,True,-784.0,-190.0,-3.0,-2.0,0,-1738.0,-1488.0,14.0
LOLTMNT02_360180,LCK,2026-02-28 09:16:16,Blue,BNK FEARX,complete,2096,True,1030.0,491.0,-29.0,2.0,1,1763.0,2095.0,-3.0
LOLTMNT02_360180,LCK,2026-02-28 09:16:16,Red,Dplus Kia,complete,2096,True,-1030.0,-491.0,29.0,-2.0,0,-1763.0,-2095.0,3.0
LOLTMNT02_360181,LCP,2026-02-28 09:49:59,Blue,Deep Cross Gaming,complete,1498,True,5742.0,3456.0,78.0,4.0,1,1333.0,320.0,7.0
LOLTMNT02_360181,LCP,2026-02-28 09:49:59,Red,Fukuoka SoftBank HAWKS gaming,complete,1498,True,-5742.0,-3456.0,-78.0,-4.0,0,-1333.0,-320.0,-7.0
13127-13127_game_2,LPL,2026-02-28 10:03:23,Blue,Team WE,complete,1806,True,-1729.0,-1593.0,-29.0,-2.0,1,71.0,57.0,-9.0
13127-13127_game_2,LPL,2026-02-28 10:03:23,Red,Top Esports,complete,1806,True,1729.0,1593.0,29.0,2.0,0,-71.0,-57.0,9.0
LOLTMNT02_360183,LCK,2026-02-28 10:13:45,Blue,BNK FEARX,complete,1854,True,5428.0,4501.0,7.0,8.0,1,5153.0,4754.0,24.0
LOLTMNT02_360183,LCK,2026-02-28 10:13:45,Red,Dplus Kia,complete,1854,True,-5428.0,-4501.0,-7.0,-8.0,0,-5153.0,-4754.0,-24.0
13127-13127_game_3,LPL,2026-02-28 10:55:27,Blue,Team WE,complete,1691,True,-3795.0,-5353.0,-4.0,-9.0,1,-3258.0,-4945.0,-30.0
13127-13127_game_3,LPL,2026-02-28 10:55:27,Red,Top Esports,complete,1691,True,3795.0,5353.0,4.0,9.0,0,3258.0,4945.0,30.0
LOLTMNT03_351452,CBLOL,2026-02-28 16:12:34,Blue,RED Canids,complete,2196,True,2480.0,2954.0,24.0,2.0,1,381.0,951.0,7.0
LOLTMNT03_351452,CBLOL,2026-02-28 16:12:34,Red,FURIA,complete,2196,True,-2480.0,-2954.0,-24.0,-2.0,0,-381.0,-951.0,-7.0
LOLTMNT05_179108,LEC,2026-02-28 16:20:06,Blue,Movistar KOI,complete,2075,True,599.0,829.0,1.0,-2.0,1,1359.0,997.0,20.0
LOLTMNT05_179108,LEC,2026-02-28 16:20:06,Red,Karmine Corp,complete,2075,True,-599.0,-829.0,-1.0,2.0,0,-1359.0,-997.0,-20.0
LOLTMNT03_351477,CBLOL,2026-02-28 17:10:23,Blue,FURIA,complete,2296,True,4139.0,1690.0,19.0,3.0,1,1480.0,30.0,-11.0
LOLTMNT03_351477,CBLOL,2026-02-28 17:10:23,Red,RED Canids,complete,2296,True,-4139.0,-1690.0,-19.0,-3.0,0,-1480.0,-30.0,11.0
LOLTMNT05_180085,LEC,2026-02-28 17:19:02,Blue,Movistar KOI,complete,1545,True,-8445.0,-6947.0,-59.0,-10.0,1,-3349.0,-4110.0,-27.0
LOLTMNT05_180085,LEC,2026-02-28 17:19:02,Red,Karmine Corp,complete,1545,True,8445.0,6947.0,59.0,10.0,0,3349.0,4110.0,27.0
LOLTMNT03_350424,CBLOL,2026-02-28 18:07:43,Blue,FURIA,complete,1956,True,697.0,1222.0,72.0,1.0,1,-296.0,92.0,9.0
LOLTMNT03_350424,CBLOL,2026-02-28 18:07:43,Red,RED Canids,complete,1956,True,-697.0,-1222.0,-72.0,-1.0,0,296.0,-92.0,-9.0
LOLTMNT05_180086,LEC,2026-02-28 18:09:20,Blue,Movistar KOI,complete,1778,True,4975.0,2948.0,22.0,3.0,1,2406.0,556.0,18.0
LOLTMNT05_180086,LEC,2026-02-28 18:09:20,Red,Karmine Corp,complete,1778,True,-4975.0,-2948.0,-22.0,-3.0,0,-2406.0,-556.0,-18.0
LOLTMNT03_350428,CBLOL,2026-02-28 19:01:43,Blue,FURIA,complete,1892,True,508.0,-1727.0,-16.0,2.0,1,-1045.0,-2196.0,-13.0
LOLTMNT03_350428,CBLOL,2026-02-28 19:01:43,Red,RED Canids,complete,1892,True,-508.0,1727.0,16.0,-2.0,0,1045.0,2196.0,13.0
LOLTMNT05_179109,LEC,2026-02-28 19:01:45,Blue,Movistar KOI,complete,2029,True,-1649.0,-4071.0,-86.0,-2.0,1,-1809.0,-2543.0,-62.0
LOLTMNT05_179109,LEC,2026-02-28 19:01:45,Red,Karmine Corp,complete,2029,True,1649.0,4071.0,86.0,2.0,0,1809.0,2543.0,62.0
LOLTMNT05_180087,LEC,2026-02-28 19:59:59,Blue,Movistar KOI,complete,1512,True,-7740.0,-5984.0,-110.0,-7.0,1,-2533.0,-1781.0,-35.0
LOLTMNT05_180087,LEC,2026-02-28 19:59:59,Red,Karmine Corp,complete,1512,True,7740.0,5984.0,110.0,7.0,0,2533.0,1781.0,35.0
LOLTMNT03_350449,LCS,2026-02-28 21:09:01,Blue,LYON,complete,1863,True,5004.0,1283.0,60.0,3.0,1,2106.0,-69.0,20.0
LOLTMNT03_350449,LCS,2026-02-28 21:09:01,Red,Sentinels,complete,1863,True,-5004.0,-1283.0,-60.0,-3.0,0,-2106.0,69.0,-20.0
LOLTMNT03_351519,LCS,2026-02-28 21:59:18,Blue,LYON,complete,2231,True,5124.0,4477.0,48.0,6.0,1,1845.0,374.0,10.0
LOLTMNT03_351519,LCS,2026-02-28 21:59:18,Red,Sentinels,complete,2231,True,-5124.0,-4477.0,-48.0,-6.0,0,-1845.0,-374.0,-10.0
LOLTMNT03_350455,LCS,2026-02-28 23:06:24,Blue,LYON,complete,2067,True,2843.0,512.0,28.0,2.0,1,121.0,-398.0,20.0
LOLTMNT03_350455,LCS,2026-02-28 23:06:24,Red,Sentinels,complete,2067,True,-2843.0,-512.0,-28.0,-2.0,0,-121.0,398.0,-20.0
LOLTMNT03_350458,LCS,2026-03-01 00:00:08,Blue,Sentinels,complete,2317,True,482.0,580.0,21.0,1.0,1,1238.0,1864.0,5.0
LOLTMNT03_350458,LCS,2026-03-01 00:00:08,Red,LYON,complete,2317,True,-482.0,-580.0,-21.0,-1.0,0,-1238.0,-1864.0,-5.0
LOLTMNT02_360259,LCP,2026-03-01 06:12:56,Blue,Team Secret Whales,complete,1774,True,7644.0,6599.0,90.0,9.0,1,3379.0,2906.0,36.0
LOLTMNT02_360259,LCP,2026-03-01 06:12:56,Red,Deep Cross Gaming,complete,1774,True,-7644.0,-6599.0,-90.0,-9.0,0,-3379.0,-2906.0,-36.0
LOLTMNT02_359319,LCP,2026-03-01 07:01:59,Blue,Team Secret Whales,complete,2084,True,2586.0,589.0,23.0,3.0,1,1379.0,447.0,2.0
LOLTMNT02_359319,LCP,2026-03-01 07:01:59,Red,Deep Cross Gaming,complete,2084,True,-2586.0,-589.0,-23.0,-3.0,0,-1379.0,-447.0,-2.0
LOLTMNT02_359320,LCP,2026-03-01 07:57:07,Blue,Team Secret Whales,complete,1371,True,8739.0,7519.0,16.0,13.0,1,7043.0,6481.0,21.0
LOLTMNT02_359320,LCP,2026-03-01 07:57:07,Red,Deep Cross Gaming,complete,1371,True,-8739.0,-7519.0,-16.0,-13.0,0,-7043.0,-6481.0,-21.0
LOLTMNT02_360283,LCK,2026-03-01 08:22:46,Blue,Gen.G,complete,1673,True,350.0,-11.0,29.0,0.0,1,-255.0,-377.0,23.0
LOLTMNT02_360283,LCK,2026-03-01 08:22:46,Red,BNK FEARX,complete,1673,True,-350.0,11.0,-29.0,0.0,0,255.0,377.0,-23.0
13128-13128_game_1,LPL,2026-03-01 09:11:06,Blue,Invictus Gaming,complete,2188,True,3431.0,2550.0,48.0,4.0,1,-72.0,-205.0,4.0
13128-13128_game_1,LPL,2026-03-01 09:11:06,Red,Ninjas in Pyjamas,complete,2188,True,-3431.0,-2550.0,-48.0,-4.0,0,72.0,205.0,-4.0
LOLTMNT02_360285,LCK,2026-03-01 09:14:27,Blue,Gen.G,complete,1447,True,2755.0,4098.0,-11.0,2.0,1,4143.0,4003.0,8.0
LOLTMNT02_360285,LCK,2026-03-01 09:14:27,Red,BNK FEARX,complete,1447,True,-2755.0,-4098.0,11.0,-2.0,0,-4143.0,-4003.0,-8.0
LOLTMNT02_360286,LCK,2026-03-01 10:01:17,Blue,Gen.G,complete,1854,True,2768.0,3660.0,73.0,4.0,1,860.0,2294.0,16.0
LOLTMNT02_360286,LCK,2026-03-01 10:01:17,Red,BNK FEARX,complete,1854,True,-2768.0,-3660.0,-73.0,-4.0,0,-860.0,-2294.0,-16.0
13128-13128_game_2,LPL,2026-03-01 10:09:54,Blue,Invictus Gaming,complete,2508,True,-2676.0,939.0,14.0,-2.0,1,-165.0,1624.0,8.0
13128-13128_game_2,LPL,2026-03-01 10:09:54,Red,Ninjas in Pyjamas,complete,2508,True,2676.0,-939.0,-14.0,2.0,0,165.0,-1624.0,-8.0
13128-13128_game_3,LPL,2026-03-01 11:15:44,Blue,Invictus Gaming,complete,1620,True,657.0,1338.0,38.0,3.0,1,-2434.0,70.0,29.0
13128-13128_game_3,LPL,2026-03-01 11:15:44,Red,Ninjas in Pyjamas,complete,1620,True,-657.0,-1338.0,-38.0,-3.0,0,2434.0,-70.0,-29.0
13128-13128_game_4,LPL,2026-03-01 12:10:43,Blue,Invictus Gaming,partial,2361,False,,,,,1,,,
13128-13128_game_4,LPL,2026-03-01 12:10:43,Red,Ninjas in Pyjamas,partial,2361,False,,,,,0,,,
LOLTMNT05_180114,LEC,2026-03-01 16:19:58,Blue,G2 Esports,complete,2056,True,788.0,1445.0,14.0,2.0,1,-91.0,-610.0,-13.0
LOLTMNT05_180114,LEC,2026-03-01 16:19:58,Red,Karmine Corp,complete,2056,True,-788.0,-1445.0,-14.0,-2.0,0,91.0,610.0,13.0
LOLTMNT03_350598,CBLOL,2026-03-01 16:20:44,Blue,LOUD,complete,2235,True,1261.0,136.0,-1.0,-1.0,1,1522.0,503.0,-3.0
LOLTMNT03_350598,CBLOL,2026-03-01 16:20:44,Red,RED Canids,complete,2235,True,-1261.0,-136.0,1.0,1.0,0,-1522.0,-503.0,3.0
LOLTMNT03_350603,CBLOL,2026-03-01 17:16:40,Blue,RED Canids,complete,1763,True,-4379.0,-4078.0,-42.0,-4.0,1,-2278.0,-1752.0,-18.0
LOLTMNT03_350603,CBLOL,2026-03-01 17:16:40,Red,LOUD,complete,1763,True,4379.0,4078.0,42.0,4.0,0,2278.0,1752.0,18.0
LOLTMNT05_180115,LEC,2026-03-01 17:23:48,Blue,G2 Esports,complete,1957,True,2099.0,2823.0,21.0,4.0,1,1853.0,1847.0,22.0
LOLTMNT05_180115,LEC,2026-03-01 17:23:48,Red,Karmine Corp,complete,1957,True,-2099.0,-2823.0,-21.0,-4.0,0,-1853.0,-1847.0,-22.0
LOLTMNT03_351685,CBLOL,2026-03-01 18:04:57,Blue,RED Canids,complete,2157,True,4514.0,1430.0,-10.0,4.0,1,1783.0,691.0,-2.0
LOLTMNT03_351685,CBLOL,2026-03-01 18:04:57,Red,LOUD,complete,2157,True,-4514.0,-1430.0,10.0,-4.0,0,-1783.0,-691.0,2.0
LOLTMNT05_179123,LEC,2026-03-01 18:20:14,Blue,G2 Esports,complete,1937,True,-3006.0,-2951.0,-33.0,0.0,1,-2029.0,-1840.0,11.0
LOLTMNT05_179123,LEC,2026-03-01 18:20:14,Red,Karmine Corp,complete,1937,True,3006.0,2951.0,33.0,0.0,0,2029.0,1840.0,-11.0
LOLTMNT05_179124,LEC,2026-03-01 19:15:05,Blue,G2 Esports,complete,2165,True,4597.0,3967.0,28.0,4.0,1,1782.0,848.0,-19.0
LOLTMNT05_179124,LEC,2026-03-01 19:15:05,Red,Karmine Corp,complete,2165,True,-4597.0,-3967.0,-28.0,-4.0,0,-1782.0,-848.0,19.0
LOLTMNT05_179126,LEC,2026-03-01 20:19:40,Blue,G2 Esports,complete,2783,True,3962.0,1895.0,42.0,5.0,1,807.0,-529.0,1.0
LOLTMNT05_179126,LEC,2026-03-01 20:19:40,Red,Karmine Corp,complete,2783,True,-3962.0,-1895.0,-42.0,-5.0,0,-807.0,529.0,-1.0
LOLTMNT03_350640,LCS,2026-03-01 21:16:53,Blue,LYON,complete,2253,True,-1802.0,-505.0,16.0,-2.0,1,-1934.0,-1064.0,-8.0
LOLTMNT03_350640,LCS,2026-03-01 21:16:53,Red,Cloud9,complete,2253,True,1802.0,505.0,-16.0,2.0,0,1934.0,1064.0,8.0
LOLTMNT03_351697,LCS,2026-03-01 22:18:14,Blue,Cloud9,complete,2121,True,-2560.0,-1407.0,-13.0,-3.0,1,-553.0,365.0,13.0
LOLTMNT03_351697,LCS,2026-03-01 22:18:14,Red,LYON,complete,2121,True,2560.0,1407.0,13.0,3.0,0,553.0,-365.0,-13.0
LOLTMNT03_351699,LCS,2026-03-01 23:12:40,Blue,LYON,complete,2471,True,894.0,954.0,1.0,2.0,1,-631.0,-1103.0,-2.0
LOLTMNT03_351699,LCS,2026-03-01 23:12:40,Red,Cloud9,complete,2471,True,-894.0,-954.0,-1.0,-2.0,0,631.0,1103.0,2.0
LOLTMNT03_350644,LCS,2026-03-02 00:22:41,Blue,LYON,complete,1864,True,209.0,65.0,-3.0,0.0,1,-1551.0,-612.0,2.0
LOLTMNT03_350644,LCS,2026-03-02 00:22:41,Red,Cloud9,complete,1864,True,-209.0,-65.0,3.0,0.0,0,1551.0,612.0,-2.0
13129-13129_game_1,LPL,2026-03-02 09:10:40,Blue,Weibo Gaming,complete,1863,True,1468.0,62.0,3.0,3.0,1,-1114.0,-809.0,-15.0
13129-13129_game_1,LPL,2026-03-02 09:10:40,Red,Top Esports,complete,1863,True,-1468.0,-62.0,-3.0,-3.0,0,1114.0,809.0,15.0
13129-13129_game_2,LPL,2026-03-02 10:05:06,Blue,Weibo Gaming,complete,1995,True,-542.0,-1248.0,-22.0,2.0,1,-1292.0,-646.0,-29.0
13129-13129_game_2,LPL,2026-03-02 10:05:06,Red,Top Esports,complete,1995,True,542.0,1248.0,22.0,-2.0,0,1292.0,646.0,29.0
13129-13129_game_3,LPL,2026-03-02 11:01:53,Blue,Weibo Gaming,complete,1964,True,602.0,2970.0,42.0,0.0,1,1079.0,1040.0,12.0
13129-13129_game_3,LPL,2026-03-02 11:01:53,Red,Top Esports,complete,1964,True,-602.0,-2970.0,-42.0,0.0,0,-1079.0,-1040.0,-12.0
13129-13129_game_4,LPL,2026-03-02 11:58:44,Blue,Weibo Gaming,complete,1837,True,-1173.0,-3667.0,-40.0,-2.0,1,-3094.0,-3471.0,-22.0
13129-13129_game_4,LPL,2026-03-02 11:58:44,Red,Top Esports,complete,1837,True,1173.0,3667.0,40.0,2.0,0,3094.0,3471.0,22.0
13129-13129_game_5,LPL,2026-03-02 12:52:33,Blue,Weibo Gaming,complete,2103,True,3963.0,5145.0,11.0,9.0,1,1623.0,2190.0,0.0
13129-13129_game_5,LPL,2026-03-02 12:52:33,Red,Top Esports,complete,2103,True,-3963.0,-5145.0,-11.0,-9.0,0,-1623.0,-2190.0,0.0
13130-13130_game_1,LPL,2026-03-03 09:11:11,Blue,Invictus Gaming,partial,1606,False,,,,,1,,,
13130-13130_game_1,LPL,2026-03-03 09:11:11,Red,Anyone's Legend,partial,1606,False,,,,,0,,,
13130-13130_game_2,LPL,2026-03-03 10:03:06,Blue,Anyone's Legend,partial,1871,False,,,,,1,,,
13130-13130_game_2,LPL,2026-03-03 10:03:06,Red,Invictus Gaming,partial,1871,False,,,,,0,,,
13130-13130_game_3,LPL,2026-03-03 10:56:54,Blue,Invictus Gaming,partial,1826,False,,,,,1,,,
13130-13130_game_3,LPL,2026-03-03 10:56:54,Red,Anyone's Legend,partial,1826,False,,,,,0,,,
13130-13130_game_4,LPL,2026-03-03 11:50:49,Blue,Anyone's Legend,partial,1421,False,,,,,1,,,
13130-13130_game_4,LPL,2026-03-03 11:50:49,Red,Invictus Gaming,partial,1421,False,,,,,0,,,
13131-13131_game_1,LPL,2026-03-04 09:12:44,Blue,JD Gaming,complete,2353,True,-2257.0,-1270.0,-10.0,-2.0,1,-1177.0,-737.0,-7.0
13131-13131_game_1,LPL,2026-03-04 09:12:44,Red,Bilibili Gaming,complete,2353,True,2257.0,1270.0,10.0,2.0,0,1177.0,737.0,7.0
13131-13131_game_2,LPL,2026-03-04 10:18:43,Blue,JD Gaming,complete,2025,True,1178.0,577.0,-19.0,1.0,1,1435.0,639.0,-6.0
13131-13131_game_2,LPL,2026-03-04 10:18:43,Red,Bilibili Gaming,complete,2025,True,-1178.0,-577.0,19.0,-1.0,0,-1435.0,-639.0,6.0
13131-13131_game_3,LPL,2026-03-04 11:17:43,Blue,Bilibili Gaming,complete,2146,True,3068.0,2611.0,74.0,6.0,1,-676.0,-148.0,13.0
13131-13131_game_3,LPL,2026-03-04 11:17:43,Red,JD Gaming,complete,2146,True,-3068.0,-2611.0,-74.0,-6.0,0,676.0,148.0,-13.0
13131-13131_game_4,LPL,2026-03-04 12:17:40,Blue,JD Gaming,complete,1819,True,-7967.0,-5040.0,-95.0,-7.0,1,-3044.0,-696.0,-23.0
13131-13131_game_4,LPL,2026-03-04 12:17:40,Red,Bilibili Gaming,complete,1819,True,7967.0,5040.0,95.0,7.0,0,3044.0,696.0,23.0
13131-13131_game_5,LPL,2026-03-04 13:12:43,Blue,Bilibili Gaming,complete,1769,True,2722.0,1406.0,46.0,1.0,1,1211.0,892.0,-4.0
13131-13131_game_5,LPL,2026-03-04 13:12:43,Red,JD Gaming,complete,1769,True,-2722.0,-1406.0,-46.0,-1.0,0,-1211.0,-892.0,4.0
13132-13132_game_1,LPL,2026-03-05 09:12:47,Blue,Anyone's Legend,complete,2045,True,-218.0,-1865.0,-17.0,0.0,1,-1144.0,-1743.0,-10.0
13132-13132_game_1,LPL,2026-03-05 09:12:47,Red,Weibo Gaming,complete,2045,True,218.0,1865.0,17.0,0.0,0,1144.0,1743.0,10.0
13132-13132_game_2,LPL,2026-03-05 10:10:05,Blue,Weibo Gaming,complete,2160,True,-330.0,403.0,-33.0,2.0,1,453.0,668.0,-5.0
13132-13132_game_2,LPL,2026-03-05 10:10:05,Red,Anyone's Legend,complete,2160,True,330.0,-403.0,33.0,-2.0,0,-453.0,-668.0,5.0
13132-13132_game_3,LPL,2026-03-05 11:09:49,Blue,Weibo Gaming,complete,1952,True,536.0,-749.0,-20.0,2.0,1,746.0,757.0,7.0
13132-13132_game_3,LPL,2026-03-05 11:09:49,Red,Anyone's Legend,complete,1952,True,-536.0,749.0,20.0,-2.0,0,-746.0,-757.0,-7.0
13132-13132_game_4,LPL,2026-03-05 12:06:06,Blue,Anyone's Legend,complete,1985,True,-1101.0,-144.0,31.0,-3.0,1,-1477.0,-1538.0,-1.0
13132-13132_game_4,LPL,2026-03-05 12:06:06,Red,Weibo Gaming,complete,1985,True,1101.0,144.0,-31.0,3.0,0,1477.0,1538.0,1.0
13133-13133_game_1,LPL,2026-03-07 09:12:06,Blue,JD Gaming,complete,1963,True,2241.0,-317.0,36.0,1.0,1,646.0,-2338.0,-4.0
13133-13133_game_1,LPL,2026-03-07 09:12:06,Red,Weibo Gaming,complete,1963,True,-2241.0,317.0,-36.0,-1.0,0,-646.0,2338.0,4.0
13133-13133_game_2,LPL,2026-03-07 10:09:15,Blue,JD Gaming,complete,2130,True,1537.0,1909.0,23.0,3.0,1,1991.0,2410.0,10.0
13133-13133_game_2,LPL,2026-03-07 10:09:15,Red,Weibo Gaming,complete,2130,True,-1537.0,-1909.0,-23.0,-3.0,0,-1991.0,-2410.0,-10.0
13133-13133_game_3,LPL,2026-03-07 11:07:43,Blue,JD Gaming,complete,1665,True,-617.0,535.0,66.0,-3.0,1,-894.0,-1914.0,-18.0
13133-13133_game_3,LPL,2026-03-07 11:07:43,Red,Weibo Gaming,complete,1665,True,617.0,-535.0,-66.0,3.0,0,894.0,1914.0,18.0
13134-13134_game_1,LPL,2026-03-08 09:17:50,Blue,Bilibili Gaming,complete,2130,True,1805.0,2621.0,42.0,0.0,1,3073.0,3354.0,16.0
13134-13134_game_1,LPL,2026-03-08 09:17:50,Red,JD Gaming,complete,2130,True,-1805.0,-2621.0,-42.0,0.0,0,-3073.0,-3354.0,-16.0
13134-13134_game_2,LPL,2026-03-08 10:16:46,Blue,Bilibili Gaming,complete,1795,True,5676.0,4401.0,32.0,9.0,1,3425.0,1728.0,-7.0
13134-13134_game_2,LPL,2026-03-08 10:16:46,Red,JD Gaming,complete,1795,True,-5676.0,-4401.0,-32.0,-9.0,0,-3425.0,-1728.0,7.0
13134-13134_game_3,LPL,2026-03-08 11:10:12,Blue,Bilibili Gaming,complete,1576,True,-1463.0,-3385.0,-62.0,-4.0,1,-749.0,-2109.0,-18.0
13134-13134_game_3,LPL,2026-03-08 11:10:12,Red,JD Gaming,complete,1576,True,1463.0,3385.0,62.0,4.0,0,749.0,2109.0,18.0
13134-13134_game_4,LPL,2026-03-08 12:04:35,Blue,JD Gaming,complete,2021,True,-2740.0,-977.0,-8.0,-5.0,1,-1613.0,-2584.0,-5.0
13134-13134_game_4,LPL,2026-03-08 12:04:35,Red,Bilibili Gaming,complete,2021,True,2740.0,977.0,8.0,5.0,0,1613.0,2584.0,5.0
LOLTMNT05_184082,LEC,2026-03-28 13:10:54,Blue,GiantX,complete,1562,True,1289.0,1770.0,24.0,5.0,1,-790.0,-652.0,-5.0
LOLTMNT05_184082,LEC,2026-03-28 13:10:54,Red,Fnatic,complete,1562,True,-1289.0,-1770.0,-24.0,-5.0,0,790.0,652.0,5.0
LOLTMNT05_184084,LEC,2026-03-28 13:59:09,Blue,GiantX,complete,2017,True,-3170.0,-363.0,-9.0,-2.0,1,-778.0,-1983.0,-15.0
LOLTMNT05_184084,LEC,2026-03-28 13:59:09,Red,Fnatic,complete,2017,True,3170.0,363.0,9.0,2.0,0,778.0,1983.0,15.0
LOLTMNT05_184086,LEC,2026-03-28 14:52:52,Blue,GiantX,complete,2117,True,2400.0,2951.0,94.0,0.0,1,984.0,970.0,16.0
LOLTMNT05_184086,LEC,2026-03-28 14:52:52,Red,Fnatic,complete,2117,True,-2400.0,-2951.0,-94.0,0.0,0,-984.0,-970.0,-16.0
LOLTMNT05_183065,LEC,2026-03-28 15:53:30,Blue,Team Vitality,complete,1805,True,5130.0,1507.0,15.0,4.0,1,739.0,-1631.0,-21.0
LOLTMNT05_183065,LEC,2026-03-28 15:53:30,Red,Karmine Corp,complete,1805,True,-5130.0,-1507.0,-15.0,-4.0,0,-739.0,1631.0,21.0
LOLTMNT02_373306,CBLOL,2026-03-28 16:14:08,Blue,RED Canids,complete,2764,True,1336.0,1223.0,-40.0,6.0,1,1316.0,-3.0,-16.0
LOLTMNT02_373306,CBLOL,2026-03-28 16:14:08,Red,LOUD,complete,2764,True,-1336.0,-1223.0,40.0,-6.0,0,-1316.0,3.0,16.0
LOLTMNT05_183066,LEC,2026-03-28 16:44:59,Blue,Team Vitality,complete,3245,True,3525.0,684.0,-11.0,2.0,1,535.0,-358.0,-15.0
LOLTMNT05_183066,LEC,2026-03-28 16:44:59,Red,Karmine Corp,complete,3245,True,-3525.0,-684.0,11.0,-2.0,0,-535.0,358.0,15.0
LOLTMNT02_373323,CBLOL,2026-03-28 17:19:09,Blue,RED Canids,complete,1790,True,2564.0,1629.0,-4.0,4.0,1,-520.0,-909.0,-5.0
LOLTMNT02_373323,CBLOL,2026-03-28 17:19:09,Red,LOUD,complete,1790,True,-2564.0,-1629.0,4.0,-4.0,0,520.0,909.0,5.0
LOLTMNT05_184096,LEC,2026-03-28 18:03:08,Blue,Team Vitality,complete,1965,True,-1957.0,-1934.0,-50.0,-1.0,1,-715.0,-889.0,-24.0
LOLTMNT05_184096,LEC,2026-03-28 18:03:08,Red,Karmine Corp,complete,1965,True,1957.0,1934.0,50.0,1.0,0,715.0,889.0,24.0
LOLTMNT02_372377,CBLOL,2026-03-28 18:13:04,Blue,FURIA,complete,1724,True,-5263.0,-2206.0,-62.0,-5.0,1,-1178.0,102.0,-31.0
LOLTMNT02_372377,CBLOL,2026-03-28 18:13:04,Red,LØS,complete,1724,True,5263.0,2206.0,62.0,5.0,0,1178.0,-102.0,31.0
LOLTMNT02_372392,CBLOL,2026-03-28 18:59:21,Blue,FURIA,complete,1891,True,1681.0,899.0,-27.0,3.0,1,217.0,1237.0,5.0
LOLTMNT02_372392,CBLOL,2026-03-28 18:59:21,Red,LØS,complete,1891,True,-1681.0,-899.0,27.0,-3.0,0,-217.0,-1237.0,-5.0
LOLTMNT05_183084,LEC,2026-03-28 19:01:25,Blue,Movistar KOI,complete,2042,True,-469.0,-447.0,53.0,-2.0,1,-2554.0,-1893.0,20.0
LOLTMNT05_183084,LEC,2026-03-28 19:01:25,Red,Natus Vincere,complete,2042,True,469.0,447.0,-53.0,2.0,0,2554.0,1893.0,-20.0
LOLTMNT02_373347,CBLOL,2026-03-28 19:49:20,Blue,LØS,complete,2287,True,2499.0,1081.0,-21.0,4.0,1,342.0,-345.0,-32.0
LOLTMNT02_373347,CBLOL,2026-03-28 19:49:20,Red,FURIA,complete,2287,True,-2499.0,-1081.0,21.0,-4.0,0,-342.0,345.0,32.0
LOLTMNT05_183085,LEC,2026-03-28 19:59:01,Blue,Movistar KOI,complete,1736,True,4406.0,2611.0,41.0,4.0,1,2085.0,2295.0,4.0
LOLTMNT05_183085,LEC,2026-03-28 19:59:01,Red,Natus Vincere,complete,1736,True,-4406.0,-2611.0,-41.0,-4.0,0,-2085.0,-2295.0,-4.0
LOLTMNT05_184106,LEC,2026-03-28 20:48:34,Blue,Movistar KOI,complete,2181,True,115.0,212.0,9.0,0.0,1,1780.0,1881.0,10.0
LOLTMNT05_184106,LEC,2026-03-28 20:48:34,Red,Natus Vincere,complete,2181,True,-115.0,-212.0,-9.0,0.0,0,-1780.0,-1881.0,-10.0
LOLTMNT05_184124,LEC,2026-03-29 15:07:54,Blue,Team Heretics,complete,2251,True,4878.0,4306.0,59.0,4.0,1,919.0,1857.0,9.0
LOLTMNT05_184124,LEC,2026-03-29 15:07:54,Red,SK Gaming,complete,2251,True,-4878.0,-4306.0,-59.0,-4.0,0,-919.0,-1857.0,-9.0
LOLTMNT05_184135,LEC,2026-03-29 16:05:57,Blue,SK Gaming,complete,1979,True,-2989.0,-2185.0,-13.0,-4.0,1,-2033.0,-2063.0,-9.0
LOLTMNT05_184135,LEC,2026-03-29 16:05:57,Red,Team Heretics,complete,1979,True,2989.0,2185.0,13.0,4.0,0,2033.0,2063.0,9.0
LOLTMNT02_372711,CBLOL,2026-03-29 16:15:54,Blue,Vivo Keyd Stars,complete,1943,True,1996.0,2501.0,10.0,3.0,1,1290.0,1751.0,8.0
LOLTMNT02_372711,CBLOL,2026-03-29 16:15:54,Red,paiN Gaming,complete,1943,True,-1996.0,-2501.0,-10.0,-3.0,0,-1290.0,-1751.0,-8.0
LOLTMNT05_184139,LEC,2026-03-29 17:00:07,Blue,SK Gaming,complete,1854,True,-8196.0,-8405.0,-75.0,-13.0,1,-2573.0,-3409.0,-11.0
LOLTMNT05_184139,LEC,2026-03-29 17:00:07,Red,Team Heretics,complete,1854,True,8196.0,8405.0,75.0,13.0,0,2573.0,3409.0,11.0
LOLTMNT02_373718,CBLOL,2026-03-29 17:08:43,Blue,Vivo Keyd Stars,complete,1625,True,7367.0,6094.0,18.0,7.0,1,4848.0,3514.0,31.0
LOLTMNT02_373718,CBLOL,2026-03-29 17:08:43,Red,paiN Gaming,complete,1625,True,-7367.0,-6094.0,-18.0,-7.0,0,-4848.0,-3514.0,-31.0
LOLTMNT05_183138,LEC,2026-03-29 17:57:57,Blue,Movistar KOI,complete,1908,True,6237.0,6708.0,108.0,7.0,1,3851.0,1894.0,42.0
LOLTMNT05_183138,LEC,2026-03-29 17:57:57,Red,Fnatic,complete,1908,True,-6237.0,-6708.0,-108.0,-7.0,0,-3851.0,-1894.0,-42.0
LOLTMNT02_373750,CBLOL,2026-03-29 17:59:21,Blue,Fluxo W7M,complete,1799,True,5729.0,6332.0,55.0,7.0,1,3530.0,3726.0,27.0
LOLTMNT02_373750,CBLOL,2026-03-29 17:59:21,Red,Leviatan,complete,1799,True,-5729.0,-6332.0,-55.0,-7.0,0,-3530.0,-3726.0,-27.0
LOLTMNT02_372775,CBLOL,2026-03-29 18:47:43,Blue,Fluxo W7M,complete,2415,True,-1288.0,-354.0,-19.0,3.0,1,-3114.0,-2358.0,-2.0
LOLTMNT02_372775,CBLOL,2026-03-29 18:47:43,Red,Leviatan,complete,2415,True,1288.0,354.0,19.0,-3.0,0,3114.0,2358.0,2.0
LOLTMNT05_183148,LEC,2026-03-29 18:50:24,Blue,Movistar KOI,complete,1971,True,2088.0,865.0,37.0,1.0,1,2529.0,896.0,5.0
LOLTMNT05_183148,LEC,2026-03-29 18:50:24,Red,Fnatic,complete,1971,True,-2088.0,-865.0,-37.0,-1.0,0,-2529.0,-896.0,-5.0
LOLTMNT05_184178,LEC,2026-03-30 15:08:27,Blue,SK Gaming,complete,2032,True,-1826.0,-2084.0,-70.0,1.0,1,31.0,-199.0,-29.0
LOLTMNT05_184178,LEC,2026-03-30 15:08:27,Red,Natus Vincere,complete,2032,True,1826.0,2084.0,70.0,-1.0,0,-31.0,199.0,29.0
LOLTMNT05_183165,LEC,2026-03-30 16:02:51,Blue,SK Gaming,complete,2577,True,-5186.0,-4358.0,-19.0,-7.0,1,-1865.0,-1171.0,-25.0
LOLTMNT05_183165,LEC,2026-03-30 16:02:51,Red,Natus Vincere,complete,2577,True,5186.0,4358.0,19.0,7.0,0,1865.0,1171.0,25.0
LOLTMNT05_184193,LEC,2026-03-30 17:18:47,Blue,SK Gaming,complete,2445,True,-6316.0,-4840.0,-79.0,-4.0,1,-4298.0,-2530.0,-13.0
LOLTMNT05_184193,LEC,2026-03-30 17:18:47,Red,Natus Vincere,complete,2445,True,6316.0,4840.0,79.0,4.0,0,4298.0,2530.0,13.0
LOLTMNT05_184204,LEC,2026-03-30 18:23:37,Blue,Team Vitality,complete,2368,True,-607.0,-2031.0,-29.0,-3.0,1,460.0,-1020.0,-21.0
LOLTMNT05_184204,LEC,2026-03-30 18:23:37,Red,Team Heretics,complete,2368,True,607.0,2031.0,29.0,3.0,0,-460.0,1020.0,21.0
LOLTMNT05_183186,LEC,2026-03-30 19:23:52,Blue,Team Vitality,complete,1765,True,7614.0,5278.0,107.0,7.0,1,3897.0,2724.0,27.0
LOLTMNT05_183186,LEC,2026-03-30 19:23:52,Red,Team Heretics,complete,1765,True,-7614.0,-5278.0,-107.0,-7.0,0,-3897.0,-2724.0,-27.0
LOLTMNT02_375568,LCK,2026-04-01 08:11:43,Blue,HANJIN BRION,complete,1927,True,-5963.0,-2334.0,-48.0,-5.0,1,-975.0,-346.0,-20.0
LOLTMNT02_375568,LCK,2026-04-01 08:11:43,Red,Hanwha Life Esports,complete,1927,True,5963.0,2334.0,48.0,5.0,0,975.0,346.0,20.0
LOLTMNT02_375577,LCK,2026-04-01 09:05:37,Blue,Hanwha Life Esports,complete,1774,True,7309.0,4000.0,21.0,4.0,1,4216.0,1118.0,-7.0
LOLTMNT02_375577,LCK,2026-04-01 09:05:37,Red,HANJIN BRION,complete,1774,True,-7309.0,-4000.0,-21.0,-4.0,0,-4216.0,-1118.0,7.0
LOLTMNT02_374657,LCK,2026-04-01 10:23:34,Blue,KT Rolster,complete,1440,True,5365.0,3932.0,76.0,5.0,1,2246.0,2173.0,24.0
LOLTMNT02_374657,LCK,2026-04-01 10:23:34,Red,T1,complete,1440,True,-5365.0,-3932.0,-76.0,-5.0,0,-2246.0,-2173.0,-24.0
LOLTMNT02_374671,LCK,2026-04-01 11:09:27,Blue,KT Rolster,complete,2434,True,1837.0,-76.0,4.0,4.0,1,1721.0,1115.0,-21.0
LOLTMNT02_374671,LCK,2026-04-01 11:09:27,Red,T1,complete,2434,True,-1837.0,76.0,-4.0,-4.0,0,-1721.0,-1115.0,21.0
LOLTMNT02_374985,LCK,2026-04-02 08:08:29,Blue,Nongshim RedForce,complete,1979,True,7644.0,6246.0,109.0,7.0,1,2642.0,2977.0,37.0
LOLTMNT02_374985,LCK,2026-04-02 08:08:29,Red,Dplus Kia,complete,1979,True,-7644.0,-6246.0,-109.0,-7.0,0,-2642.0,-2977.0,-37.0
LOLTMNT02_374997,LCK,2026-04-02 09:03:28,Blue,Nongshim RedForce,complete,1406,True,6556.0,6034.0,33.0,8.0,1,3910.0,2978.0,-5.0
LOLTMNT02_374997,LCK,2026-04-02 09:03:28,Red,Dplus Kia,complete,1406,True,-6556.0,-6034.0,-33.0,-8.0,0,-3910.0,-2978.0,5.0
LOLTMNT02_376019,LCK,2026-04-02 10:15:16,Blue,Kiwoom DRX,complete,1999,True,-523.0,-848.0,5.0,-2.0,1,1120.0,1736.0,22.0
LOLTMNT02_376019,LCK,2026-04-02 10:15:16,Red,DN SOOPers,complete,1999,True,523.0,848.0,-5.0,2.0,0,-1120.0,-1736.0,-22.0
LOLTMNT02_376026,LCK,2026-04-02 11:09:57,Blue,Kiwoom DRX,complete,1795,True,-760.0,-2779.0,-10.0,-3.0,1,-2545.0,-3292.0,-4.0
LOLTMNT02_376026,LCK,2026-04-02 11:09:57,Red,DN SOOPers,complete,1795,True,760.0,2779.0,10.0,3.0,0,2545.0,3292.0,4.0
LOLTMNT02_377156,LCK,2026-04-03 08:10:24,Blue,KT Rolster,complete,1553,True,3817.0,-257.0,22.0,2.0,1,2496.0,135.0,-18.0
LOLTMNT02_377156,LCK,2026-04-03 08:10:24,Red,Gen.G,complete,1553,True,-3817.0,257.0,-22.0,-2.0,0,-2496.0,-135.0,18.0
LOLTMNT02_376203,LCK,2026-04-03 08:58:48,Blue,Gen.G,complete,1717,True,9291.0,6483.0,90.0,10.0,1,5349.0,3485.0,29.0
LOLTMNT02_376203,LCK,2026-04-03 08:58:48,Red,KT Rolster,complete,1717,True,-9291.0,-6483.0,-90.0,-10.0,0,-5349.0,-3485.0,-29.0
LOLTMNT02_376207,LCK,2026-04-03 09:48:35,Blue,Gen.G,complete,1982,True,-995.0,-2494.0,82.0,-4.0,1,-832.0,-1589.0,32.0
LOLTMNT02_376207,LCK,2026-04-03 09:48:35,Red,KT Rolster,complete,1982,True,995.0,2494.0,-82.0,4.0,0,832.0,1589.0,-32.0
LOLTMNT02_376241,LCK,2026-04-03 11:10:37,Blue,HANJIN BRION,complete,2506,True,4443.0,4436.0,28.0,6.0,1,3096.0,2661.0,-1.0
LOLTMNT02_376241,LCK,2026-04-03 11:10:37,Red,BNK FEARX,complete,2506,True,-4443.0,-4436.0,-28.0,-6.0,0,-3096.0,-2661.0,1.0
LOLTMNT02_377199,LCK,2026-04-03 12:14:25,Blue,BNK FEARX,complete,1874,True,1257.0,56.0,40.0,-2.0,1,-360.0,-1272.0,-14.0
LOLTMNT02_377199,LCK,2026-04-03 12:14:25,Red,HANJIN BRION,complete,1874,True,-1257.0,-56.0,-40.0,2.0,0,360.0,1272.0,14.0
13208-13208_game_1,LPL,2026-04-04 07:13:58,Blue,Invictus Gaming,complete,1862,True,3583.0,2254.0,-10.0,4.0,1,3739.0,3194.0,-5.0
13208-13208_game_1,LPL,2026-04-04 07:13:58,Red,Top Esports,complete,1862,True,-3583.0,-2254.0,10.0,-4.0,0,-3739.0,-3194.0,5.0
LOLTMNT02_376401,LCK,2026-04-04 08:08:38,Blue,Hanwha Life Esports,complete,2194,True,-3422.0,-851.0,-6.0,-3.0,1,-2594.0,-946.0,-5.0
LOLTMNT02_376401,LCK,2026-04-04 08:08:38,Red,T1,complete,2194,True,3422.0,851.0,6.0,3.0,0,2594.0,946.0,5.0
13208-13208_game_2,LPL,2026-04-04 08:16:41,Blue,Invictus Gaming,complete,1527,True,7165.0,6052.0,19.0,13.0,1,1213.0,1170.0,-5.0
13208-13208_game_2,LPL,2026-04-04 08:16:41,Red,Top Esports,complete,1527,True,-7165.0,-6052.0,-19.0,-13.0,0,-1213.0,-1170.0,5.0
LOLTMNT02_376413,LCK,2026-04-04 09:08:12,Blue,T1,complete,2073,True,1755.0,2340.0,-31.0,3.0,1,1725.0,1033.0,-12.0
LOLTMNT02_376413,LCK,2026-04-04 09:08:12,Red,Hanwha Life Esports,complete,2073,True,-1755.0,-2340.0,31.0,-3.0,0,-1725.0,-1033.0,12.0
LOLTMNT01_354729,LCP,2026-04-04 09:17:19,Blue,DetonatioN FocusMe,complete,2053,True,-738.0,-1916.0,-51.0,2.0,1,-2349.0,-2136.0,-19.0
LOLTMNT01_354729,LCP,2026-04-04 09:17:19,Red,Ground Zero Gaming,complete,2053,True,738.0,1916.0,51.0,-2.0,0,2349.0,2136.0,19.0
13209-13209_game_1,LPL,2026-04-04 09:31:10,Blue,Anyone's Legend,complete,1722,True,2090.0,3388.0,8.0,5.0,1,875.0,2461.0,19.0
13209-13209_game_1,LPL,2026-04-04 09:31:10,Red,Weibo Gaming,complete,1722,True,-2090.0,-3388.0,-8.0,-5.0,0,-875.0,-2461.0,-19.0
LOLTMNT01_354740,LCP,2026-04-04 10:13:03,Blue,Ground Zero Gaming,complete,1880,True,8200.0,7755.0,144.0,10.0,1,1582.0,1335.0,50.0
LOLTMNT01_354740,LCP,2026-04-04 10:13:03,Red,DetonatioN FocusMe,complete,1880,True,-8200.0,-7755.0,-144.0,-10.0,0,-1582.0,-1335.0,-50.0
13209-13209_game_2,LPL,2026-04-04 10:23:57,Blue,Anyone's Legend,complete,1912,True,998.0,1579.0,15.0,3.0,1,-148.0,-232.0,-10.0
13209-13209_game_2,LPL,2026-04-04 10:23:57,Red,Weibo Gaming,complete,1912,True,-998.0,-1579.0,-15.0,-3.0,0,148.0,232.0,10.0
LOLTMNT02_377394,LCK,2026-04-04 10:30:33,Blue,Dplus Kia,complete,1771,True,6729.0,4038.0,95.0,4.0,1,3401.0,1965.0,29.0
LOLTMNT02_377394,LCK,2026-04-04 10:30:33,Red,Kiwoom DRX,complete,1771,True,-6729.0,-4038.0,-95.0,-4.0,0,-3401.0,-1965.0,-29.0
LOLTMNT01_356478,LCP,2026-04-04 11:24:09,Blue,Deep Cross Gaming,complete,1786,True,4457.0,4328.0,69.0,3.0,1,3051.0,2458.0,42.0
LOLTMNT01_356478,LCP,2026-04-04 11:24:09,Red,MVK Esports,complete,1786,True,-4457.0,-4328.0,-69.0,-3.0,0,-3051.0,-2458.0,-42.0
LOLTMNT02_376440,LCK,2026-04-04 11:29:13,Blue,Dplus Kia,complete,2267,True,-187.0,-2335.0,37.0,-3.0,1,-1393.0,-2296.0,-17.0
LOLTMNT02_376440,LCK,2026-04-04 11:29:13,Red,Kiwoom DRX,complete,2267,True,187.0,2335.0,-37.0,3.0,0,1393.0,2296.0,17.0
13210-13210_game_1,LPL,2026-04-04 11:31:14,Blue,Team WE,complete,1922,True,-4793.0,-4554.0,-60.0,-6.0,1,-1783.0,-1116.0,-15.0
13210-13210_game_1,LPL,2026-04-04 11:31:14,Red,Ninjas in Pyjamas,complete,1922,True,4793.0,4554.0,60.0,6.0,0,1783.0,1116.0,15.0
LOLTMNT04_156054,LEC,2026-04-04 12:10:23,Blue,SK Gaming,complete,1504,True,3580.0,3404.0,35.0,2.0,1,2551.0,1865.0,20.0
LOLTMNT04_156054,LEC,2026-04-04 12:10:23,Red,Shifters,complete,1504,True,-3580.0,-3404.0,-35.0,-2.0,0,-2551.0,-1865.0,-20.0
LOLTMNT01_356503,LCP,2026-04-04 12:13:25,Blue,Deep Cross Gaming,complete,1572,True,-715.0,418.0,24.0,-3.0,1,1051.0,2633.0,19.0
LOLTMNT01_356503,LCP,2026-04-04 12:13:25,Red,MVK Esports,complete,1572,True,715.0,-418.0,-24.0,3.0,0,-1051.0,-2633.0,-19.0
13210-13210_game_2,LPL,2026-04-04 12:31:00,Blue,Ninjas in Pyjamas,complete,1357,True,9390.0,7914.0,90.0,13.0,1,5664.0,5360.0,42.0
13210-13210_game_2,LPL,2026-04-04 12:31:00,Red,Team WE,complete,1357,True,-9390.0,-7914.0,-90.0,-13.0,0,-5664.0,-5360.0,-42.0
LOLTMNT04_155065,LEC,2026-04-04 12:55:30,Blue,SK Gaming,complete,2592,True,2265.0,592.0,8.0,1.0,1,1241.0,260.0,8.0
LOLTMNT04_155065,LEC,2026-04-04 12:55:30,Red,Shifters,complete,2592,True,-2265.0,-592.0,-8.0,-1.0,0,-1241.0,-260.0,-8.0
LOLTMNT01_354796,LCP,2026-04-04 13:00:22,Blue,MVK Esports,complete,1996,True,-1548.0,338.0,-9.0,-1.0,1,-1071.0,-613.0,3.0
LOLTMNT01_354796,LCP,2026-04-04 13:00:22,Red,Deep Cross Gaming,complete,1996,True,1548.0,-338.0,9.0,1.0,0,1071.0,613.0,-3.0
LOLTMNT04_156068,LEC,2026-04-04 14:05:07,Blue,G2 Esports,complete,2251,True,262.0,1579.0,50.0,-1.0,1,1154.0,1621.0,20.0
LOLTMNT04_156068,LEC,2026-04-04 14:05:07,Red,Team Heretics,complete,2251,True,-262.0,-1579.0,-50.0,1.0,0,-1154.0,-1621.0,-20.0
LOLTMNT04_156070,LEC,2026-04-04 15:03:54,Blue,G2 Esports,complete,1791,True,1902.0,1311.0,24.0,0.0,1,1135.0,538.0,1.0
LOLTMNT04_156070,LEC,2026-04-04 15:03:54,Red,Team Heretics,complete,1791,True,-1902.0,-1311.0,-24.0,0.0,0,-1135.0,-538.0,-1.0
LOLTMNT04_155085,LEC,2026-04-04 15:58:13,Blue,Team Vitality,complete,1892,True,5593.0,2692.0,0.0,6.0,1,4059.0,2939.0,26.0
LOLTMNT04_155085,LEC,2026-04-04 15:58:13,Red,Natus Vincere,complete,1892,True,-5593.0,-2692.0,0.0,-6.0,0,-4059.0,-2939.0,-26.0
LOLTMNT01_356558,CBLOL,2026-04-04 16:10:27,Blue,Fluxo W7M,complete,1737,True,-3848.0,-1773.0,-24.0,-5.0,1,-2037.0,-668.0,-7.0
LOLTMNT01_356558,CBLOL,2026-04-04 16:10:27,Red,RED Canids,complete,1737,True,3848.0,1773.0,24.0,5.0,0,2037.0,668.0,7.0
LOLTMNT04_155087,LEC,2026-04-04 16:50:20,Blue,Team Vitality,complete,3034,True,-1150.0,-2432.0,14.0,-2.0,1,-1705.0,-1669.0,-13.0
LOLTMNT04_155087,LEC,2026-04-04 16:50:20,Red,Natus Vincere,complete,3034,True,1150.0,2432.0,-14.0,2.0,0,1705.0,1669.0,13.0
LOLTMNT01_354869,CBLOL,2026-04-04 17:00:34,Blue,RED Canids,complete,2179,True,2066.0,988.0,23.0,3.0,1,1817.0,1862.0,25.0
LOLTMNT01_354869,CBLOL,2026-04-04 17:00:34,Red,Fluxo W7M,complete,2179,True,-2066.0,-988.0,-23.0,-3.0,0,-1817.0,-1862.0,-25.0
LOLTMNT01_356590,CBLOL,2026-04-04 17:58:41,Blue,LOUD,complete,1645,True,3494.0,2843.0,30.0,1.0,1,2410.0,850.0,1.0
LOLTMNT01_356590,CBLOL,2026-04-04 17:58:41,Red,paiN Gaming,complete,1645,True,-3494.0,-2843.0,-30.0,-1.0,0,-2410.0,-850.0,-1.0
LOLTMNT01_354900,CBLOL,2026-04-04 18:43:58,Blue,LOUD,complete,1707,True,10453.0,6690.0,140.0,8.0,1,2556.0,1374.0,32.0
LOLTMNT01_354900,CBLOL,2026-04-04 18:43:58,Red,paiN Gaming,complete,1707,True,-10453.0,-6690.0,-140.0,-8.0,0,-2556.0,-1374.0,-32.0
LOLTMNT01_356643,LCS,2026-04-04 20:17:46,Blue,LYON,complete,2075,True,2584.0,297.0,56.0,1.0,1,233.0,-1085.0,29.0
LOLTMNT01_356643,LCS,2026-04-04 20:17:46,Red,Cloud9,complete,2075,True,-2584.0,-297.0,-56.0,-1.0,0,-233.0,1085.0,-29.0
LOLTMNT01_354955,LCS,2026-04-04 21:09:17,Blue,LYON,complete,1952,True,878.0,1183.0,75.0,-2.0,1,142.0,-19.0,13.0
LOLTMNT01_354955,LCS,2026-04-04 21:09:17,Red,Cloud9,complete,1952,True,-878.0,-1183.0,-75.0,2.0,0,-142.0,19.0,-13.0
LOLTMNT01_356663,LCS,2026-04-04 22:00:50,Blue,Cloud9,complete,1827,True,783.0,-490.0,-1.0,0.0,1,690.0,-116.0,5.0
LOLTMNT01_356663,LCS,2026-04-04 22:00:50,Red,LYON,complete,1827,True,-783.0,490.0,1.0,0.0,0,-690.0,116.0,-5.0
LOLTMNT01_354974,LCS,2026-04-04 22:56:08,Blue,Disguised,complete,1944,True,-2601.0,-1928.0,-28.0,-1.0,1,-1662.0,-1623.0,-16.0
LOLTMNT01_354974,LCS,2026-04-04 22:56:08,Red,Sentinels,complete,1944,True,2601.0,1928.0,28.0,1.0,0,1662.0,1623.0,16.0
LOLTMNT01_354981,LCS,2026-04-04 23:46:48,Blue,Sentinels,complete,2353,True,-1270.0,-2490.0,-19.0,0.0,1,-353.0,-1389.0,-36.0
LOLTMNT01_354981,LCS,2026-04-04 23:46:48,Red,Disguised,complete,2353,True,1270.0,2490.0,19.0,0.0,0,353.0,1389.0,36.0
LOLTMNT01_354987,LCS,2026-04-05 00:42:52,Blue,Disguised,complete,1827,True,3919.0,-237.0,-3.0,6.0,1,1025.0,-1356.0,-12.0
LOLTMNT01_354987,LCS,2026-04-05 00:42:52,Red,Sentinels,complete,1827,True,-3919.0,237.0,3.0,-6.0,0,-1025.0,1356.0,12.0
LOLTMNT02_377509,LCK,2026-04-05 08:10:33,Blue,Nongshim RedForce,complete,1958,True,-2570.0,-3674.0,-13.0,-5.0,1,-292.0,-1520.0,-19.0
LOLTMNT02_377509,LCK,2026-04-05 08:10:33,Red,DN SOOPers,complete,1958,True,2570.0,3674.0,13.0,5.0,0,292.0,1520.0,19.0
LOLTMNT02_377512,LCK,2026-04-05 09:04:05,Blue,Nongshim RedForce,complete,1988,True,5660.0,5564.0,78.0,4.0,1,2767.0,3308.0,10.0
LOLTMNT02_377512,LCK,2026-04-05 09:04:05,Red,DN SOOPers,complete,1988,True,-5660.0,-5564.0,-78.0,-4.0,0,-2767.0,-3308.0,-10.0
13211-13211_game_1,LPL,2026-04-05 09:14:57,Blue,JD Gaming,partial,1601,False,,,,,1,,,
13211-13211_game_1,LPL,2026-04-05 09:14:57,Red,Bilibili Gaming,partial,1601,False,,,,,0,,,
LOLTMNT01_356758,LCP,2026-04-05 09:18:11,Blue,Fukuoka SoftBank HAWKS gaming,complete,1607,True,5859.0,2763.0,31.0,7.0,1,2004.0,-123.0,-8.0
LOLTMNT01_356758,LCP,2026-04-05 09:18:11,Red,CTBC Flying Oyster,complete,1607,True,-5859.0,-2763.0,-31.0,-7.0,0,-2004.0,123.0,8.0
13211-13211_game_2,LPL,2026-04-05 10:06:34,Blue,Bilibili Gaming,partial,1757,False,,,,,1,,,
13211-13211_game_2,LPL,2026-04-05 10:06:34,Red,JD Gaming,partial,1757,False,,,,,0,,,
LOLTMNT01_356767,LCP,2026-04-05 10:12:37,Blue,Fukuoka SoftBank HAWKS gaming,complete,1521,True,8153.0,6211.0,63.0,10.0,1,2425.0,1586.0,25.0
LOLTMNT01_356767,LCP,2026-04-05 10:12:37,Red,CTBC Flying Oyster,complete,1521,True,-8153.0,-6211.0,-63.0,-10.0,0,-2425.0,-1586.0,-25.0
LOLTMNT02_376564,LCK,2026-04-05 10:22:53,Blue,Gen.G,complete,1641,True,2837.0,2444.0,44.0,4.0,1,-838.0,-627.0,22.0
LOLTMNT02_376564,LCK,2026-04-05 10:22:53,Red,BNK FEARX,complete,1641,True,-2837.0,-2444.0,-44.0,-4.0,0,838.0,627.0,-22.0
13211-13211_game_3,LPL,2026-04-05 11:00:46,Blue,JD Gaming,partial,2409,False,,,,,1,,,
13211-13211_game_3,LPL,2026-04-05 11:00:46,Red,Bilibili Gaming,partial,2409,False,,,,,0,,,
LOLTMNT02_376566,LCK,2026-04-05 11:13:31,Blue,Gen.G,complete,1894,True,3415.0,3304.0,40.0,4.0,1,2713.0,3386.0,20.0
LOLTMNT02_376566,LCK,2026-04-05 11:13:31,Red,BNK FEARX,complete,1894,True,-3415.0,-3304.0,-40.0,-4.0,0,-2713.0,-3386.0,-20.0
LOLTMNT01_357081,LCP,2026-04-05 11:20:10,Blue,GAM Esports,complete,1611,True,-1316.0,-4095.0,-28.0,-3.0,1,-1412.0,-2039.0,-5.0
LOLTMNT01_357081,LCP,2026-04-05 11:20:10,Red,Team Secret Whales,complete,1611,True,1316.0,4095.0,28.0,3.0,0,1412.0,2039.0,5.0
LOLTMNT01_357107,LCP,2026-04-05 12:06:46,Blue,Team Secret Whales,complete,1886,True,4281.0,1370.0,23.0,5.0,1,1528.0,208.0,11.0
LOLTMNT01_357107,LCP,2026-04-05 12:06:46,Red,GAM Esports,complete,1886,True,-4281.0,-1370.0,-23.0,-5.0,0,-1528.0,-208.0,-11.0
13212-13212_game_1,LPL,2026-04-05 12:18:17,Blue,Top Esports,complete,2237,True,3238.0,5006.0,63.0,3.0,1,1306.0,1065.0,16.0
13212-13212_game_1,LPL,2026-04-05 12:18:17,Red,Anyone's Legend,complete,2237,True,-3238.0,-5006.0,-63.0,-3.0,0,-1306.0,-1065.0,-16.0
13212-13212_game_2,LPL,2026-04-05 13:18:03,Blue,Top Esports,complete,1525,True,4568.0,3381.0,35.0,6.0,1,-599.0,-1102.0,1.0
13212-13212_game_2,LPL,2026-04-05 13:18:03,Red,Anyone's Legend,complete,1525,True,-4568.0,-3381.0,-35.0,-6.0,0,599.0,1102.0,-1.0
LOLTMNT04_155098,LEC,2026-04-05 15:07:26,Blue,GiantX,complete,2131,True,3345.0,4244.0,7.0,6.0,1,619.0,1509.0,15.0
LOLTMNT04_155098,LEC,2026-04-05 15:07:26,Red,SK Gaming,complete,2131,True,-3345.0,-4244.0,-7.0,-6.0,0,-619.0,-1509.0,-15.0
LOLTMNT04_156104,LEC,2026-04-05 16:03:43,Blue,GiantX,complete,2030,True,-1557.0,-3115.0,32.0,-2.0,1,-1574.0,-3563.0,-10.0
LOLTMNT04_156104,LEC,2026-04-05 16:03:43,Red,SK Gaming,complete,2030,True,1557.0,3115.0,-32.0,2.0,0,1574.0,3563.0,10.0
LOLTMNT01_357201,CBLOL,2026-04-05 16:09:15,Blue,LØS,complete,1689,True,4232.0,3103.0,31.0,5.0,1,2090.0,939.0,4.0
LOLTMNT01_357201,CBLOL,2026-04-05 16:09:15,Red,Leviatan,complete,1689,True,-4232.0,-3103.0,-31.0,-5.0,0,-2090.0,-939.0,-4.0
LOLTMNT01_357213,CBLOL,2026-04-05 16:54:13,Blue,LØS,complete,1720,True,4255.0,2635.0,85.0,1.0,1,2637.0,1473.0,15.0
LOLTMNT01_357213,CBLOL,2026-04-05 16:54:13,Red,Leviatan,complete,1720,True,-4255.0,-2635.0,-85.0,-1.0,0,-2637.0,-1473.0,-15.0
LOLTMNT04_155108,LEC,2026-04-05 17:01:55,Blue,G2 Esports,complete,1470,True,3710.0,3352.0,76.0,3.0,1,2120.0,1515.0,32.0
LOLTMNT04_155108,LEC,2026-04-05 17:01:55,Red,Fnatic,complete,1470,True,-3710.0,-3352.0,-76.0,-3.0,0,-2120.0,-1515.0,-32.0
LOLTMNT04_155109,LEC,2026-04-05 17:46:19,Blue,G2 Esports,complete,1736,True,-3225.0,-2784.0,-10.0,-7.0,1,-501.0,-1764.0,-10.0
LOLTMNT04_155109,LEC,2026-04-05 17:46:19,Red,Fnatic,complete,1736,True,3225.0,2784.0,10.0,7.0,0,501.0,1764.0,10.0
LOLTMNT01_356942,CBLOL,2026-04-05 17:48:38,Blue,Vivo Keyd Stars,complete,1559,True,-6206.0,-4526.0,-31.0,-5.0,1,-3943.0,-3463.0,-43.0
LOLTMNT01_356942,CBLOL,2026-04-05 17:48:38,Red,FURIA,complete,1559,True,6206.0,4526.0,31.0,5.0,0,3943.0,3463.0,43.0
LOLTMNT04_155110,LEC,2026-04-05 18:36:23,Blue,G2 Esports,complete,1887,True,-6059.0,-3608.0,-37.0,-8.0,1,-2286.0,-1174.0,-22.0
LOLTMNT04_155110,LEC,2026-04-05 18:36:23,Red,Fnatic,complete,1887,True,6059.0,3608.0,37.0,8.0,0,2286.0,1174.0,22.0
LOLTMNT01_357250,CBLOL,2026-04-05 18:36:37,Blue,Vivo Keyd Stars,complete,1935,True,-2753.0,-375.0,-16.0,-2.0,1,-1042.0,172.0,-9.0
LOLTMNT01_357250,CBLOL,2026-04-05 18:36:37,Red,FURIA,complete,1935,True,2753.0,375.0,16.0,2.0,0,1042.0,-172.0,9.0
LOLTMNT01_356999,LCS,2026-04-05 20:11:05,Blue,Team Liquid,complete,1897,True,3141.0,1450.0,26.0,2.0,1,101.0,8.0,8.0
LOLTMNT01_356999,LCS,2026-04-05 20:11:05,Red,FlyQuest,complete,1897,True,-3141.0,-1450.0,-26.0,-2.0,0,-101.0,-8.0,-8.0
LOLTMNT01_358005,LCS,2026-04-05 21:02:01,Blue,Team Liquid,complete,1748,True,-530.0,-2146.0,-29.0,-3.0,1,984.0,968.0,17.0
LOLTMNT01_358005,LCS,2026-04-05 21:02:01,Red,FlyQuest,complete,1748,True,530.0,2146.0,29.0,3.0,0,-984.0,-968.0,-17.0
LOLTMNT01_358010,LCS,2026-04-05 21:51:16,Blue,Team Liquid,complete,1610,True,995.0,2012.0,7.0,3.0,1,949.0,2397.0,-1.0
LOLTMNT01_358010,LCS,2026-04-05 21:51:16,Red,FlyQuest,complete,1610,True,-995.0,-2012.0,-7.0,-3.0,0,-949.0,-2397.0,1.0
LOLTMNT01_358026,LCS,2026-04-05 22:44:14,Blue,Dignitas,complete,2011,True,-1263.0,-1063.0,29.0,-7.0,1,2090.0,1688.0,21.0
LOLTMNT01_358026,LCS,2026-04-05 22:44:14,Red,Shopify Rebellion,complete,2011,True,1263.0,1063.0,-29.0,7.0,0,-2090.0,-1688.0,-21.0
LOLTMNT01_357301,LCS,2026-04-05 23:45:44,Blue,Dignitas,complete,1441,True,-8609.0,-3919.0,-69.0,-9.0,1,-1489.0,1061.0,1.0
LOLTMNT01_357301,LCS,2026-04-05 23:45:44,Red,Shopify Rebellion,complete,1441,True,8609.0,3919.0,69.0,9.0,0,1489.0,-1061.0,-1.0
LOLTMNT04_156150,LEC,2026-04-06 15:10:07,Blue,GiantX,complete,1659,True,4891.0,3303.0,74.0,3.0,1,1108.0,-200.0,30.0
LOLTMNT04_156150,LEC,2026-04-06 15:10:07,Red,Team Heretics,complete,1659,True,-4891.0,-3303.0,-74.0,-3.0,0,-1108.0,200.0,-30.0
LOLTMNT04_155128,LEC,2026-04-06 15:56:22,Blue,GiantX,complete,2277,True,-2155.0,-1586.0,5.0,-3.0,1,-1704.0,-2246.0,-25.0
LOLTMNT04_155128,LEC,2026-04-06 15:56:22,Red,Team Heretics,complete,2277,True,2155.0,1586.0,-5.0,3.0,0,1704.0,2246.0,25.0
LOLTMNT04_155130,LEC,2026-04-06 16:53:56,Blue,GiantX,complete,1762,True,5039.0,3628.0,14.0,4.0,1,3389.0,2731.0,18.0
LOLTMNT04_155130,LEC,2026-04-06 16:53:56,Red,Team Heretics,complete,1762,True,-5039.0,-3628.0,-14.0,-4.0,0,-3389.0,-2731.0,-18.0
LOLTMNT04_156161,LEC,2026-04-06 17:48:19,Blue,Movistar KOI,complete,1869,True,-6189.0,-4533.0,-60.0,-7.0,1,-2477.0,-2456.0,-24.0
LOLTMNT04_156161,LEC,2026-04-06 17:48:19,Red,Team Vitality,complete,1869,True,6189.0,4533.0,60.0,7.0,0,2477.0,2456.0,24.0
LOLTMNT04_155137,LEC,2026-04-06 18:39:06,Blue,Team Vitality,complete,1984,True,-88.0,-2219.0,-8.0,0.0,1,-1592.0,-2827.0,-14.0
LOLTMNT04_155137,LEC,2026-04-06 18:39:06,Red,Movistar KOI,complete,1984,True,88.0,2219.0,8.0,0.0,0,1592.0,2827.0,14.0
LOLTMNT04_156164,LEC,2026-04-06 19:32:40,Blue,Movistar KOI,complete,2185,True,3155.0,1141.0,40.0,2.0,1,1428.0,356.0,-4.0
LOLTMNT04_156164,LEC,2026-04-06 19:32:40,Red,Team Vitality,complete,2185,True,-3155.0,-1141.0,-40.0,-2.0,0,-1428.0,-356.0,4.0
LOLTMNT01_360022,LCK,2026-04-08 08:06:29,Blue,Hanwha Life Esports,complete,2222,True,4532.0,2326.0,45.0,4.0,1,1813.0,796.0,6.0
LOLTMNT01_360022,LCK,2026-04-08 08:06:29,Red,Dplus Kia,complete,2222,True,-4532.0,-2326.0,-45.0,-4.0,0,-1813.0,-796.0,-6.0
LOLTMNT01_360035,LCK,2026-04-08 09:04:42,Blue,Hanwha Life Esports,complete,1605,True,4662.0,272.0,35.0,3.0,1,1202.0,-171.0,17.0
LOLTMNT01_360035,LCK,2026-04-08 09:04:42,Red,Dplus Kia,complete,1605,True,-4662.0,-272.0,-35.0,-3.0,0,-1202.0,171.0,-17.0
13213-13213_game_1,LPL,2026-04-08 09:15:14,Blue,Invictus Gaming,partial,2028,False,,,,,1,,,
13213-13213_game_1,LPL,2026-04-08 09:15:14,Red,Ninjas in Pyjamas,partial,2028,False,,,,,0,,,
LOLTMNT01_360054,LCK,2026-04-08 10:19:02,Blue,Gen.G,complete,1552,True,1074.0,3995.0,9.0,2.0,1,2558.0,3312.0,19.0
LOLTMNT01_360054,LCK,2026-04-08 10:19:02,Red,T1,complete,1552,True,-1074.0,-3995.0,-9.0,-2.0,0,-2558.0,-3312.0,-19.0
13213-13213_game_2,LPL,2026-04-08 10:23:55,Blue,Ninjas in Pyjamas,complete,1979,True,5771.0,5336.0,61.0,7.0,1,520.0,1767.0,31.0
13213-13213_game_2,LPL,2026-04-08 10:23:55,Red,Invictus Gaming,complete,1979,True,-5771.0,-5336.0,-61.0,-7.0,0,-520.0,-1767.0,-31.0
LOLTMNT01_360067,LCK,2026-04-08 11:07:42,Blue,Gen.G,complete,1746,True,5726.0,4352.0,86.0,3.0,1,3683.0,2985.0,39.0
LOLTMNT01_360067,LCK,2026-04-08 11:07:42,Red,T1,complete,1746,True,-5726.0,-4352.0,-86.0,-3.0,0,-3683.0,-2985.0,-39.0
13213-13213_game_3,LPL,2026-04-08 11:21:42,Blue,Invictus Gaming,complete,1854,True,3567.0,193.0,24.0,6.0,1,232.0,-923.0,16.0
13213-13213_game_3,LPL,2026-04-08 11:21:42,Red,Ninjas in Pyjamas,complete,1854,True,-3567.0,-193.0,-24.0,-6.0,0,-232.0,923.0,-16.0
13214-13214_game_1,LPL,2026-04-08 12:29:51,Blue,Top Esports,complete,2415,True,6276.0,4528.0,19.0,10.0,1,2513.0,1985.0,16.0
13214-13214_game_1,LPL,2026-04-08 12:29:51,Red,Team WE,complete,2415,True,-6276.0,-4528.0,-19.0,-10.0,0,-2513.0,-1985.0,-16.0
13214-13214_game_2,LPL,2026-04-08 13:43:56,Blue,Top Esports,complete,1818,True,2919.0,3069.0,61.0,2.0,1,2098.0,2470.0,27.0
13214-13214_game_2,LPL,2026-04-08 13:43:56,Red,Team WE,complete,1818,True,-2919.0,-3069.0,-61.0,-2.0,0,-2098.0,-2470.0,-27.0
LOLTMNT01_359784,LCK,2026-04-09 08:06:21,Blue,Kiwoom DRX,complete,1836,True,-887.0,-2974.0,15.0,-5.0,1,-392.0,-2458.0,-16.0
LOLTMNT01_359784,LCK,2026-04-09 08:06:21,Red,HANJIN BRION,complete,1836,True,887.0,2974.0,-15.0,5.0,0,392.0,2458.0,16.0
LOLTMNT01_359808,LCK,2026-04-09 09:00:11,Blue,HANJIN BRION,complete,2868,True,4998.0,3508.0,50.0,5.0,1,1622.0,697.0,33.0
LOLTMNT01_359808,LCK,2026-04-09 09:00:11,Red,Kiwoom DRX,complete,2868,True,-4998.0,-3508.0,-50.0,-5.0,0,-1622.0,-697.0,-33.0
13215-13215_game_1,LPL,2026-04-09 09:12:12,Blue,Weibo Gaming,complete,1922,True,2062.0,2005.0,39.0,1.0,1,740.0,-121.0,1.0
13215-13215_game_1,LPL,2026-04-09 09:12:12,Red,Ninjas in Pyjamas,complete,1922,True,-2062.0,-2005.0,-39.0,-1.0,0,-740.0,121.0,-1.0
13215-13215_game_2,LPL,2026-04-09 10:07:15,Blue,Weibo Gaming,complete,2067,True,-1565.0,-1321.0,-21.0,-1.0,1,-2826.0,-1739.0,-8.0
13215-13215_game_2,LPL,2026-04-09 10:07:15,Red,Ninjas in Pyjamas,complete,2067,True,1565.0,1321.0,21.0,1.0,0,2826.0,1739.0,8.0
LOLTMNT01_359829,LCK,2026-04-09 10:10:03,Blue,Kiwoom DRX,complete,1674,True,3817.0,1956.0,10.0,4.0,1,2483.0,1656.0,-16.0
LOLTMNT01_359829,LCK,2026-04-09 10:10:03,Red,HANJIN BRION,complete,1674,True,-3817.0,-1956.0,-10.0,-4.0,0,-2483.0,-1656.0,16.0
13215-13215_game_3,LPL,2026-04-09 11:05:35,Blue,Ninjas in Pyjamas,complete,1778,True,4190.0,1087.0,32.0,2.0,1,769.0,426.0,1.0
13215-13215_game_3,LPL,2026-04-09 11:05:35,Red,Weibo Gaming,complete,1778,True,-4190.0,-1087.0,-32.0,-2.0,0,-769.0,-426.0,-1.0
LOLTMNT01_359892,LCK,2026-04-09 11:25:00,Blue,Nongshim RedForce,complete,2275,True,-1920.0,-4859.0,5.0,-5.0,1,-2560.0,-4407.0,-23.0
LOLTMNT01_359892,LCK,2026-04-09 11:25:00,Red,KT Rolster,complete,2275,True,1920.0,4859.0,-5.0,5.0,0,2560.0,4407.0,23.0
13216-13216_game_1,LPL,2026-04-09 12:15:02,Blue,Team WE,complete,1535,True,-2708.0,-7487.0,-54.0,-5.0,1,-2004.0,-4614.0,-40.0
13216-13216_game_1,LPL,2026-04-09 12:15:02,Red,Bilibili Gaming,complete,1535,True,2708.0,7487.0,54.0,5.0,0,2004.0,4614.0,40.0
LOLTMNT01_359914,LCK,2026-04-09 12:25:37,Blue,KT Rolster,complete,1728,True,4857.0,5026.0,92.0,7.0,1,1476.0,2159.0,33.0
LOLTMNT01_359914,LCK,2026-04-09 12:25:37,Red,Nongshim RedForce,complete,1728,True,-4857.0,-5026.0,-92.0,-7.0,0,-1476.0,-2159.0,-33.0
13216-13216_game_2,LPL,2026-04-09 13:07:10,Blue,Bilibili Gaming,complete,1514,True,3198.0,2546.0,68.0,-2.0,1,2852.0,1659.0,22.0
13216-13216_game_2,LPL,2026-04-09 13:07:10,Red,Team WE,complete,1514,True,-3198.0,-2546.0,-68.0,2.0,0,-2852.0,-1659.0,-22.0
LOLTMNT01_362027,LCK,2026-04-10 08:09:34,Blue,DN SOOPers,complete,1760,True,-2232.0,-1871.0,-30.0,-3.0,1,809.0,640.0,-3.0
LOLTMNT01_362027,LCK,2026-04-10 08:09:34,Red,T1,complete,1760,True,2232.0,1871.0,30.0,3.0,0,-809.0,-640.0,3.0
LOLTMNT01_361274,LCK,2026-04-10 09:00:46,Blue,T1,complete,1450,True,-1361.0,-1824.0,4.0,-5.0,1,-723.0,-1343.0,-9.0
LOLTMNT01_361274,LCK,2026-04-10 09:00:46,Red,DN SOOPers,complete,1450,True,1361.0,1824.0,-4.0,5.0,0,723.0,1343.0,9.0
13217-13217_game_1,LPL,2026-04-10 09:12:32,Blue,LNG Esports,complete,2357,True,-2982.0,-69.0,-6.0,-1.0,1,-2385.0,-1214.0,-15.0
13217-13217_game_1,LPL,2026-04-10 09:12:32,Red,EDward Gaming,complete,2357,True,2982.0,69.0,6.0,1.0,0,2385.0,1214.0,15.0
LOLTMNT01_362077,LCK,2026-04-10 10:10:47,Blue,BNK FEARX,complete,1482,True,-9311.0,-5700.0,-69.0,-6.0,1,-7744.0,-3915.0,-17.0
LOLTMNT01_362077,LCK,2026-04-10 10:10:47,Red,Hanwha Life Esports,complete,1482,True,9311.0,5700.0,69.0,6.0,0,7744.0,3915.0,17.0
13217-13217_game_2,LPL,2026-04-10 10:17:13,Blue,LNG Esports,complete,2261,True,-701.0,-404.0,-7.0,0.0,1,-656.0,-372.0,3.0
13217-13217_game_2,LPL,2026-04-10 10:17:13,Red,EDward Gaming,complete,2261,True,701.0,404.0,7.0,0.0,0,656.0,372.0,-3.0
LOLTMNT01_361313,LCK,2026-04-10 10:57:44,Blue,Hanwha Life Esports,complete,1642,True,1581.0,571.0,17.0,-1.0,1,-759.0,-203.0,21.0
LOLTMNT01_361313,LCK,2026-04-10 10:57:44,Red,BNK FEARX,complete,1642,True,-1581.0,-571.0,-17.0,1.0,0,759.0,203.0,-21.0
13217-13217_game_3,LPL,2026-04-10 11:20:44,Blue,EDward Gaming,complete,2065,True,-1173.0,-1869.0,-33.0,-1.0,1,-406.0,-1113.0,8.0
13217-13217_game_3,LPL,2026-04-10 11:20:44,Red,LNG Esports,complete,2065,True,1173.0,1869.0,33.0,1.0,0,406.0,1113.0,-8.0
LOLTMNT01_361350,LCK,2026-04-10 11:46:50,Blue,BNK FEARX,complete,1425,True,-6949.0,-6820.0,-119.0,-6.0,1,-4258.0,-3361.0,-50.0
LOLTMNT01_361350,LCK,2026-04-10 11:46:50,Red,Hanwha Life Esports,complete,1425,True,6949.0,6820.0,119.0,6.0,0,4258.0,3361.0,50.0
13218-13218_game_1,LPL,2026-04-10 12:28:13,Blue,JD Gaming,complete,1987,True,2623.0,4461.0,50.0,3.0,1,888.0,1902.0,29.0
13218-13218_game_1,LPL,2026-04-10 12:28:13,Red,Anyone's Legend,complete,1987,True,-2623.0,-4461.0,-50.0,-3.0,0,-888.0,-1902.0,-29.0
13218-13218_game_2,LPL,2026-04-10 13:27:20,Blue,Anyone's Legend,complete,1771,True,-5657.0,-3625.0,-56.0,-5.0,1,-1862.0,-1142.0,-19.0
13218-13218_game_2,LPL,2026-04-10 13:27:20,Red,JD Gaming,complete,1771,True,5657.0,3625.0,56.0,5.0,0,1862.0,1142.0,19.0
LOLTMNT01_362622,LCK,2026-04-11 08:06:17,Blue,Kiwoom DRX,complete,1964,True,-1858.0,956.0,-13.0,-2.0,1,1051.0,1568.0,-5.0
LOLTMNT01_362622,LCK,2026-04-11 08:06:17,Red,Nongshim RedForce,complete,1964,True,1858.0,-956.0,13.0,2.0,0,-1051.0,-1568.0,5.0
LOLTMNT01_362650,LCK,2026-04-11 08:59:12,Blue,Kiwoom DRX,complete,1701,True,-397.0,837.0,47.0,-1.0,1,-1541.0,-989.0,17.0
LOLTMNT01_362650,LCK,2026-04-11 08:59:12,Red,Nongshim RedForce,complete,1701,True,397.0,-837.0,-47.0,1.0,0,1541.0,989.0,-17.0
13219-13219_game_1,LPL,2026-04-11 09:14:28,Blue,Invictus Gaming,complete,1918,True,491.0,831.0,18.0,1.0,1,1103.0,1642.0,9.0
13219-13219_game_1,LPL,2026-04-11 09:14:28,Red,Team WE,complete,1918,True,-491.0,-831.0,-18.0,-1.0,0,-1103.0,-1642.0,-9.0
LOLTMNT01_361888,LCP,2026-04-11 09:18:53,Blue,CTBC Flying Oyster,complete,2131,True,-1428.0,-3909.0,-32.0,-3.0,1,-1725.0,-2446.0,-8.0
LOLTMNT01_361888,LCP,2026-04-11 09:18:53,Red,DetonatioN FocusMe,complete,2131,True,1428.0,3909.0,32.0,3.0,0,1725.0,2446.0,8.0
LOLTMNT01_361913,LCP,2026-04-11 10:14:48,Blue,DetonatioN FocusMe,complete,1617,True,-4591.0,-4739.0,-31.0,-5.0,1,-3624.0,-4800.0,-20.0
LOLTMNT01_361913,LCP,2026-04-11 10:14:48,Red,CTBC Flying Oyster,complete,1617,True,4591.0,4739.0,31.0,5.0,0,3624.0,4800.0,20.0
LOLTMNT01_361912,LCK,2026-04-11 10:14:53,Blue,Dplus Kia,complete,1742,True,-1324.0,-3025.0,-19.0,-2.0,1,-1497.0,-3356.0,-43.0
LOLTMNT01_361912,LCK,2026-04-11 10:14:53,Red,Gen.G,complete,1742,True,1324.0,3025.0,19.0,2.0,0,1497.0,3356.0,43.0
13219-13219_game_2,LPL,2026-04-11 10:17:54,Blue,Invictus Gaming,complete,1823,True,-1125.0,985.0,-9.0,-1.0,1,-336.0,-225.0,-3.0
13219-13219_game_2,LPL,2026-04-11 10:17:54,Red,Team WE,complete,1823,True,1125.0,-985.0,9.0,1.0,0,336.0,225.0,3.0
LOLTMNT01_362683,LCP,2026-04-11 11:02:21,Blue,CTBC Flying Oyster,complete,1349,True,12236.0,6601.0,109.0,14.0,1,4404.0,3951.0,39.0
LOLTMNT01_362683,LCP,2026-04-11 11:02:21,Red,DetonatioN FocusMe,complete,1349,True,-12236.0,-6601.0,-109.0,-14.0,0,-4404.0,-3951.0,-39.0
LOLTMNT01_361920,LCK,2026-04-11 11:07:33,Blue,Gen.G,complete,2253,True,-224.0,935.0,-4.0,0.0,1,491.0,1910.0,14.0
LOLTMNT01_361920,LCK,2026-04-11 11:07:33,Red,Dplus Kia,complete,2253,True,224.0,-935.0,4.0,0.0,0,-491.0,-1910.0,-14.0
13220-13220_game_1,LPL,2026-04-11 11:29:17,Blue,JD Gaming,complete,1929,True,2010.0,1644.0,7.0,2.0,1,3383.0,1740.0,13.0
13220-13220_game_1,LPL,2026-04-11 11:29:17,Red,Top Esports,complete,1929,True,-2010.0,-1644.0,-7.0,-2.0,0,-3383.0,-1740.0,-13.0
LOLTMNT01_361963,LCP,2026-04-11 12:02:31,Blue,MVK Esports,complete,2176,True,-2772.0,-3973.0,-63.0,-1.0,1,133.0,-2151.0,-32.0
LOLTMNT01_361963,LCP,2026-04-11 12:02:31,Red,GAM Esports,complete,2176,True,2772.0,3973.0,63.0,1.0,0,-133.0,2151.0,32.0
LOLTMNT04_156536,LEC,2026-04-11 12:08:41,Blue,Natus Vincere,complete,1864,True,-663.0,236.0,-16.0,1.0,1,183.0,980.0,1.0
LOLTMNT04_156536,LEC,2026-04-11 12:08:41,Red,Team Heretics,complete,1864,True,663.0,-236.0,16.0,-1.0,0,-183.0,-980.0,-1.0
13220-13220_game_2,LPL,2026-04-11 12:25:00,Blue,JD Gaming,complete,1768,True,520.0,279.0,2.0,0.0,1,-54.0,-336.0,3.0
13220-13220_game_2,LPL,2026-04-11 12:25:00,Red,Top Esports,complete,1768,True,-520.0,-279.0,-2.0,0.0,0,54.0,336.0,-3.0
LOLTMNT01_361987,LCP,2026-04-11 12:58:20,Blue,GAM Esports,complete,1872,True,255.0,327.0,-38.0,2.0,1,1755.0,1640.0,-3.0
LOLTMNT01_361987,LCP,2026-04-11 12:58:20,Red,MVK Esports,complete,1872,True,-255.0,-327.0,38.0,-2.0,0,-1755.0,-1640.0,3.0
LOLTMNT04_156545,LEC,2026-04-11 12:59:32,Blue,Natus Vincere,complete,1830,True,4675.0,2679.0,22.0,7.0,1,2969.0,2923.0,29.0
LOLTMNT04_156545,LEC,2026-04-11 12:59:32,Red,Team Heretics,complete,1830,True,-4675.0,-2679.0,-22.0,-7.0,0,-2969.0,-2923.0,-29.0
LOLTMNT01_362761,LCP,2026-04-11 13:49:23,Blue,GAM Esports,complete,2819,True,-917.0,143.0,18.0,-1.0,1,-794.0,825.0,15.0
LOLTMNT01_362761,LCP,2026-04-11 13:49:23,Red,MVK Esports,complete,2819,True,917.0,-143.0,-18.0,1.0,0,794.0,-825.0,-15.0
LOLTMNT04_155498,LEC,2026-04-11 14:00:25,Blue,Team Vitality,complete,3125,True,210.0,-931.0,-19.0,1.0,1,-306.0,-1632.0,-10.0
LOLTMNT04_155498,LEC,2026-04-11 14:00:25,Red,G2 Esports,complete,3125,True,-210.0,931.0,19.0,-1.0,0,306.0,1632.0,10.0
LOLTMNT04_156560,LEC,2026-04-11 15:14:30,Blue,Team Vitality,complete,2088,True,-2287.0,-1746.0,-35.0,1.0,1,-683.0,976.0,18.0
LOLTMNT04_156560,LEC,2026-04-11 15:14:30,Red,G2 Esports,complete,2088,True,2287.0,1746.0,35.0,-1.0,0,683.0,-976.0,-18.0
LOLTMNT04_155503,LEC,2026-04-11 16:09:20,Blue,G2 Esports,complete,1957,True,-1578.0,-2001.0,-8.0,-2.0,1,-355.0,-712.0,-8.0
LOLTMNT04_155503,LEC,2026-04-11 16:09:20,Red,Team Vitality,complete,1957,True,1578.0,2001.0,8.0,2.0,0,355.0,712.0,8.0
LOLTMNT01_362809,CBLOL,2026-04-11 16:10:46,Blue,Leviatan,complete,2519,True,2699.0,3762.0,20.0,5.0,1,1577.0,1947.0,-1.0
LOLTMNT01_362809,CBLOL,2026-04-11 16:10:46,Red,FURIA,complete,2519,True,-2699.0,-3762.0,-20.0,-5.0,0,-1577.0,-1947.0,1.0
LOLTMNT04_155512,LEC,2026-04-11 17:05:50,Blue,SK Gaming,complete,2452,True,-772.0,-2471.0,-34.0,-1.0,1,-120.0,-612.0,-24.0
LOLTMNT04_155512,LEC,2026-04-11 17:05:50,Red,Movistar KOI,complete,2452,True,772.0,2471.0,34.0,1.0,0,120.0,612.0,24.0
LOLTMNT01_363063,CBLOL,2026-04-11 17:11:53,Blue,Leviatan,complete,1588,True,-5764.0,-6658.0,-74.0,-8.0,1,-4683.0,-5206.0,-46.0
LOLTMNT01_363063,CBLOL,2026-04-11 17:11:53,Red,FURIA,complete,1588,True,5764.0,6658.0,74.0,8.0,0,4683.0,5206.0,46.0
LOLTMNT01_362850,CBLOL,2026-04-11 18:05:38,Blue,paiN Gaming,complete,1533,True,-8781.0,-8825.0,-73.0,-10.0,1,-3999.0,-3562.0,-21.0
LOLTMNT01_362850,CBLOL,2026-04-11 18:05:38,Red,RED Canids,complete,1533,True,8781.0,8825.0,73.0,10.0,0,3999.0,3562.0,21.0
LOLTMNT04_155520,LEC,2026-04-11 18:08:42,Blue,Movistar KOI,complete,2186,True,-3768.0,-1533.0,28.0,-5.0,1,-3581.0,-2149.0,-26.0
LOLTMNT04_155520,LEC,2026-04-11 18:08:42,Red,SK Gaming,complete,2186,True,3768.0,1533.0,-28.0,5.0,0,3581.0,2149.0,26.0
LOLTMNT01_362860,CBLOL,2026-04-11 18:51:45,Blue,RED Canids,complete,1667,True,3111.0,3599.0,59.0,5.0,1,-577.0,-502.0,7.0
LOLTMNT01_362860,CBLOL,2026-04-11 18:51:45,Red,paiN Gaming,complete,1667,True,-3111.0,-3599.0,-59.0,-5.0,0,577.0,502.0,-7.0
LOLTMNT01_362898,LCS,2026-04-11 20:08:26,Blue,Team Liquid,complete,1492,True,10782.0,8633.0,11.0,15.0,1,7582.0,6305.0,20.0
LOLTMNT01_362898,LCS,2026-04-11 20:08:26,Red,Shopify Rebellion,complete,1492,True,-10782.0,-8633.0,-11.0,-15.0,0,-7582.0,-6305.0,-20.0
LOLTMNT01_363148,LCS,2026-04-11 20:55:34,Blue,Team Liquid,complete,2251,True,-479.0,-1201.0,50.0,-3.0,1,-2008.0,-966.0,9.0
LOLTMNT01_363148,LCS,2026-04-11 20:55:34,Red,Shopify Rebellion,complete,2251,True,479.0,1201.0,-50.0,3.0,0,2008.0,966.0,-9.0
LOLTMNT01_362920,LCS,2026-04-11 21:54:03,Blue,LYON,complete,1956,True,-1886.0,-2871.0,-46.0,-2.0,1,-1936.0,-3389.0,-43.0
LOLTMNT01_362920,LCS,2026-04-11 21:54:03,Red,Dignitas,complete,1956,True,1886.0,2871.0,46.0,2.0,0,1936.0,3389.0,43.0
LOLTMNT01_362925,LCS,2026-04-11 22:44:28,Blue,Dignitas,complete,2163,True,-1932.0,-459.0,-57.0,0.0,1,0.0,230.0,-23.0
LOLTMNT01_362925,LCS,2026-04-11 22:44:28,Red,LYON,complete,2163,True,1932.0,459.0,57.0,0.0,0,0.0,-230.0,23.0
LOLTMNT01_363170,LCS,2026-04-11 23:40:13,Blue,LYON,complete,1789,True,7179.0,4805.0,45.0,6.0,1,4275.0,1786.0,26.0
LOLTMNT01_363170,LCS,2026-04-11 23:40:13,Red,Dignitas,complete,1789,True,-7179.0,-4805.0,-45.0,-6.0,0,-4275.0,-1786.0,-26.0
LOLTMNT01_364097,LCK,2026-04-12 08:05:05,Blue,BNK FEARX,complete,1816,True,4433.0,844.0,-8.0,5.0,1,606.0,-2837.0,-46.0
LOLTMNT01_364097,LCK,2026-04-12 08:05:05,Red,DN SOOPers,complete,1816,True,-4433.0,-844.0,8.0,-5.0,0,-606.0,2837.0,46.0
LOLTMNT01_363354,LCK,2026-04-12 08:56:52,Blue,BNK FEARX,complete,1562,True,2064.0,1656.0,7.0,-1.0,1,3031.0,1814.0,13.0
LOLTMNT01_363354,LCK,2026-04-12 08:56:52,Red,DN SOOPers,complete,1562,True,-2064.0,-1656.0,-7.0,1.0,0,-3031.0,-1814.0,-13.0
13221-13221_game_1,LPL,2026-04-12 09:13:07,Blue,Oh My God,complete,1753,True,3653.0,785.0,29.0,3.0,1,392.0,-548.0,16.0
13221-13221_game_1,LPL,2026-04-12 09:13:07,Red,LGD Gaming,complete,1753,True,-3653.0,-785.0,-29.0,-3.0,0,-392.0,548.0,-16.0
LOLTMNT01_364122,LCP,2026-04-12 09:21:22,Blue,Fukuoka SoftBank HAWKS gaming,complete,2113,True,287.0,1257.0,-31.0,4.0,1,-1546.0,-704.0,-33.0
LOLTMNT01_364122,LCP,2026-04-12 09:21:22,Red,Ground Zero Gaming,complete,2113,True,-287.0,-1257.0,31.0,-4.0,0,1546.0,704.0,33.0
13221-13221_game_2,LPL,2026-04-12 10:04:07,Blue,Oh My God,complete,1684,True,-1534.0,-1335.0,22.0,-3.0,1,-1774.0,-2141.0,-6.0
13221-13221_game_2,LPL,2026-04-12 10:04:07,Red,LGD Gaming,complete,1684,True,1534.0,1335.0,-22.0,3.0,0,1774.0,2141.0,6.0
LOLTMNT01_364137,LCK,2026-04-12 10:09:24,Blue,KT Rolster,complete,1485,True,5988.0,5436.0,60.0,9.0,1,1414.0,1367.0,7.0
LOLTMNT01_364137,LCK,2026-04-12 10:09:24,Red,HANJIN BRION,complete,1485,True,-5988.0,-5436.0,-60.0,-9.0,0,-1414.0,-1367.0,-7.0
LOLTMNT01_363374,LCP,2026-04-12 10:18:19,Blue,Fukuoka SoftBank HAWKS gaming,complete,2664,True,-3086.0,-2323.0,-75.0,0.0,1,-1422.0,-1711.0,-34.0
LOLTMNT01_363374,LCP,2026-04-12 10:18:19,Red,Ground Zero Gaming,complete,2664,True,3086.0,2323.0,75.0,0.0,0,1422.0,1711.0,34.0
13221-13221_game_3,LPL,2026-04-12 10:54:26,Blue,LGD Gaming,complete,1819,True,4623.0,1114.0,32.0,4.0,1,1956.0,672.0,14.0
13221-13221_game_3,LPL,2026-04-12 10:54:26,Red,Oh My God,complete,1819,True,-4623.0,-1114.0,-32.0,-4.0,0,-1956.0,-672.0,-14.0
LOLTMNT01_364149,LCK,2026-04-12 10:55:22,Blue,KT Rolster,complete,2001,True,4344.0,4828.0,45.0,7.0,1,2088.0,2544.0,40.0
LOLTMNT01_364149,LCK,2026-04-12 10:55:22,Red,HANJIN BRION,complete,2001,True,-4344.0,-4828.0,-45.0,-7.0,0,-2088.0,-2544.0,-40.0
LOLTMNT01_363403,LCP,2026-04-12 11:43:21,Blue,Team Secret Whales,complete,2597,True,-377.0,-1211.0,13.0,0.0,1,199.0,-219.0,-6.0
LOLTMNT01_363403,LCP,2026-04-12 11:43:21,Red,Deep Cross Gaming,complete,2597,True,377.0,1211.0,-13.0,0.0,0,-199.0,219.0,6.0
13222-13222_game_1,LPL,2026-04-12 12:03:04,Blue,Weibo Gaming,complete,2421,True,-1092.0,-188.0,-83.0,1.0,1,2000.0,2682.0,-10.0
13222-13222_game_1,LPL,2026-04-12 12:03:04,Red,Bilibili Gaming,complete,2421,True,1092.0,188.0,83.0,-1.0,0,-2000.0,-2682.0,10.0
LOLTMNT01_364181,LCP,2026-04-12 12:48:16,Blue,Team Secret Whales,complete,1760,True,2311.0,1910.0,24.0,1.0,1,2436.0,1619.0,-4.0
LOLTMNT01_364181,LCP,2026-04-12 12:48:16,Red,Deep Cross Gaming,complete,1760,True,-2311.0,-1910.0,-24.0,-1.0,0,-2436.0,-1619.0,4.0
13222-13222_game_2,LPL,2026-04-12 13:06:44,Blue,Bilibili Gaming,complete,1626,True,1936.0,2244.0,29.0,1.0,1,10.0,202.0,-6.0
13222-13222_game_2,LPL,2026-04-12 13:06:44,Red,Weibo Gaming,complete,1626,True,-1936.0,-2244.0,-29.0,-1.0,0,-10.0,-202.0,6.0
LOLTMNT04_155589,LEC,2026-04-12 15:08:52,Blue,Team Vitality,complete,2004,True,-5314.0,-4695.0,-49.0,-6.0,1,-1960.0,-2605.0,-25.0
LOLTMNT04_155589,LEC,2026-04-12 15:08:52,Red,Shifters,complete,2004,True,5314.0,4695.0,49.0,6.0,0,1960.0,2605.0,25.0
LOLTMNT04_155590,LEC,2026-04-12 16:04:09,Blue,Team Vitality,complete,1741,True,2284.0,1370.0,7.0,4.0,1,1947.0,2719.0,38.0
LOLTMNT04_155590,LEC,2026-04-12 16:04:09,Red,Shifters,complete,1741,True,-2284.0,-1370.0,-7.0,-4.0,0,-1947.0,-2719.0,-38.0
LOLTMNT01_364253,CBLOL,2026-04-12 16:10:37,Blue,Fluxo W7M,complete,2476,True,-5639.0,-3176.0,-46.0,-4.0,1,-2427.0,-506.0,-16.0
LOLTMNT01_364253,CBLOL,2026-04-12 16:10:37,Red,Vivo Keyd Stars,complete,2476,True,5639.0,3176.0,46.0,4.0,0,2427.0,506.0,16.0
LOLTMNT04_155593,LEC,2026-04-12 16:55:45,Blue,Team Vitality,complete,1830,True,4896.0,4621.0,8.0,6.0,1,2839.0,3174.0,25.0
LOLTMNT04_155593,LEC,2026-04-12 16:55:45,Red,Shifters,complete,1830,True,-4896.0,-4621.0,-8.0,-6.0,0,-2839.0,-3174.0,-25.0
LOLTMNT01_364269,CBLOL,2026-04-12 17:11:17,Blue,Vivo Keyd Stars,complete,1823,True,6248.0,2547.0,26.0,6.0,1,1951.0,-29.0,-29.0
LOLTMNT01_364269,CBLOL,2026-04-12 17:11:17,Red,Fluxo W7M,complete,1823,True,-6248.0,-2547.0,-26.0,-6.0,0,-1951.0,29.0,29.0
LOLTMNT04_156641,LEC,2026-04-12 17:50:27,Blue,Team Heretics,complete,1418,True,-8923.0,-6798.0,-65.0,-9.0,1,-6161.0,-5080.0,-50.0
LOLTMNT04_156641,LEC,2026-04-12 17:50:27,Red,Karmine Corp,complete,1418,True,8923.0,6798.0,65.0,9.0,0,6161.0,5080.0,50.0
LOLTMNT01_363540,CBLOL,2026-04-12 18:02:55,Blue,LOUD,complete,1951,True,2943.0,4842.0,52.0,3.0,1,2792.0,2262.0,23.0
LOLTMNT01_363540,CBLOL,2026-04-12 18:02:55,Red,LØS,complete,1951,True,-2943.0,-4842.0,-52.0,-3.0,0,-2792.0,-2262.0,-23.0
LOLTMNT04_155609,LEC,2026-04-12 18:35:08,Blue,Team Heretics,complete,1429,True,-8871.0,-7670.0,-111.0,-11.0,1,-2678.0,-2404.0,-39.0
LOLTMNT04_155609,LEC,2026-04-12 18:35:08,Red,Karmine Corp,complete,1429,True,8871.0,7670.0,111.0,11.0,0,2678.0,2404.0,39.0
LOLTMNT01_364308,CBLOL,2026-04-12 18:53:54,Blue,LOUD,complete,2068,True,-2809.0,326.0,-32.0,-3.0,1,-434.0,637.0,-15.0
LOLTMNT01_364308,CBLOL,2026-04-12 18:53:54,Red,LØS,complete,2068,True,2809.0,-326.0,32.0,3.0,0,434.0,-637.0,15.0
LOLTMNT01_363584,LCS,2026-04-12 20:11:56,Blue,FlyQuest,complete,1805,True,7476.0,7895.0,96.0,7.0,1,5049.0,3505.0,28.0
LOLTMNT01_363584,LCS,2026-04-12 20:11:56,Red,Disguised,complete,1805,True,-7476.0,-7895.0,-96.0,-7.0,0,-5049.0,-3505.0,-28.0
LOLTMNT01_364351,LCS,2026-04-12 21:00:02,Blue,FlyQuest,complete,1594,True,5232.0,5991.0,-16.0,8.0,1,1444.0,1087.0,-33.0
LOLTMNT01_364351,LCS,2026-04-12 21:00:02,Red,Disguised,complete,1594,True,-5232.0,-5991.0,16.0,-8.0,0,-1444.0,-1087.0,33.0
LOLTMNT01_364361,LCS,2026-04-12 21:46:22,Blue,Cloud9,complete,1989,True,1975.0,2340.0,40.0,1.0,1,2238.0,2327.0,32.0
LOLTMNT01_364361,LCS,2026-04-12 21:46:22,Red,Sentinels,complete,1989,True,-1975.0,-2340.0,-40.0,-1.0,0,-2238.0,-2327.0,-32.0
LOLTMNT01_363607,LCS,2026-04-12 22:36:30,Blue,Cloud9,complete,2049,True,1668.0,2909.0,55.0,2.0,1,1595.0,1701.0,6.0
LOLTMNT01_363607,LCS,2026-04-12 22:36:30,Red,Sentinels,complete,2049,True,-1668.0,-2909.0,-55.0,-2.0,0,-1595.0,-1701.0,-6.0
LOLTMNT01_364374,LCS,2026-04-12 23:30:01,Blue,Sentinels,complete,1856,True,-2444.0,-1462.0,-10.0,-2.0,1,-1923.0,-1482.0,-30.0
LOLTMNT01_364374,LCS,2026-04-12 23:30:01,Red,Cloud9,complete,1856,True,2444.0,1462.0,10.0,2.0,0,1923.0,1482.0,30.0
LOLTMNT04_156669,LEC,2026-04-13 15:06:40,Blue,SK Gaming,complete,3387,True,317.0,-293.0,35.0,-1.0,1,403.0,-243.0,-6.0
LOLTMNT04_156669,LEC,2026-04-13 15:06:40,Red,Fnatic,complete,3387,True,-317.0,293.0,-35.0,1.0,0,-403.0,243.0,6.0
LOLTMNT04_156674,LEC,2026-04-13 16:23:12,Blue,SK Gaming,complete,2242,True,-16.0,-203.0,-26.0,-3.0,1,1631.0,676.0,-8.0
LOLTMNT04_156674,LEC,2026-04-13 16:23:12,Red,Fnatic,complete,2242,True,16.0,203.0,26.0,3.0,0,-1631.0,-676.0,8.0
LOLTMNT04_156685,LEC,2026-04-13 17:26:16,Blue,GiantX,complete,2013,True,-4921.0,-4074.0,-52.0,-4.0,1,-4289.0,-3785.0,-28.0
LOLTMNT04_156685,LEC,2026-04-13 17:26:16,Red,Shifters,complete,2013,True,4921.0,4074.0,52.0,4.0,0,4289.0,3785.0,28.0
LOLTMNT04_156690,LEC,2026-04-13 18:19:48,Blue,Shifters,complete,1881,True,-3548.0,-3912.0,0.0,-8.0,1,-2628.0,-2280.0,-32.0
LOLTMNT04_156690,LEC,2026-04-13 18:19:48,Red,GiantX,complete,1881,True,3548.0,3912.0,0.0,8.0,0,2628.0,2280.0,32.0
LOLTMNT01_363940,CBLOL,2026-04-13 21:10:33,Blue,FURIA,complete,2431,True,883.0,-1781.0,24.0,0.0,1,-37.0,-883.0,12.0
LOLTMNT01_363940,CBLOL,2026-04-13 21:10:33,Red,paiN Gaming,complete,2431,True,-883.0,1781.0,-24.0,0.0,0,37.0,883.0,-12.0
LOLTMNT01_364718,CBLOL,2026-04-13 22:11:02,Blue,FURIA,complete,2319,True,72.0,-1302.0,-39.0,1.0,1,-1106.0,-2561.0,-54.0
LOLTMNT01_364718,CBLOL,2026-04-13 22:11:02,Red,paiN Gaming,complete,2319,True,-72.0,1302.0,39.0,-1.0,0,1106.0,2561.0,54.0
LOLTMNT01_363976,CBLOL,2026-04-13 23:09:33,Blue,paiN Gaming,complete,1824,True,-5269.0,-4252.0,-57.0,-3.0,1,-3128.0,-2660.0,-48.0
LOLTMNT01_363976,CBLOL,2026-04-13 23:09:33,Red,FURIA,complete,1824,True,5269.0,4252.0,57.0,3.0,0,3128.0,2660.0,48.0
LOLTMNT01_364000,CBLOL,2026-04-14 00:01:19,Blue,RED Canids,complete,1985,True,1850.0,-169.0,66.0,-4.0,1,-497.0,-267.0,34.0
LOLTMNT01_364000,CBLOL,2026-04-14 00:01:19,Red,Leviatan,complete,1985,True,-1850.0,169.0,-66.0,4.0,0,497.0,267.0,-34.0
LOLTMNT01_365007,CBLOL,2026-04-14 00:53:04,Blue,RED Canids,complete,1610,True,4370.0,4622.0,89.0,3.0,1,2534.0,1020.0,11.0
LOLTMNT01_365007,CBLOL,2026-04-14 00:53:04,Red,Leviatan,complete,1610,True,-4370.0,-4622.0,-89.0,-3.0,0,-2534.0,-1020.0,-11.0
LOLTMNT01_366097,CBLOL,2026-04-14 21:09:37,Blue,Vivo Keyd Stars,complete,2634,True,-2657.0,-3347.0,-62.0,-1.0,1,-705.0,-849.0,-25.0
LOLTMNT01_366097,CBLOL,2026-04-14 21:09:37,Red,LØS,complete,2634,True,2657.0,3347.0,62.0,1.0,0,705.0,849.0,25.0
LOLTMNT01_366110,CBLOL,2026-04-14 22:13:14,Blue,Vivo Keyd Stars,complete,1711,True,-5313.0,-5271.0,-118.0,-1.0,1,-2645.0,-3419.0,-30.0
LOLTMNT01_366110,CBLOL,2026-04-14 22:13:14,Red,LØS,complete,1711,True,5313.0,5271.0,118.0,1.0,0,2645.0,3419.0,30.0
LOLTMNT01_366117,CBLOL,2026-04-14 23:00:57,Blue,Vivo Keyd Stars,complete,2004,True,-3325.0,-2404.0,36.0,-6.0,1,-1542.0,721.0,29.0
LOLTMNT01_366117,CBLOL,2026-04-14 23:00:57,Red,LØS,complete,2004,True,3325.0,2404.0,-36.0,6.0,0,1542.0,-721.0,-29.0
LOLTMNT01_365377,CBLOL,2026-04-14 23:56:01,Blue,LOUD,complete,1825,True,5436.0,2902.0,74.0,2.0,1,2765.0,1402.0,26.0
LOLTMNT01_365377,CBLOL,2026-04-14 23:56:01,Red,Fluxo W7M,complete,1825,True,-5436.0,-2902.0,-74.0,-2.0,0,-2765.0,-1402.0,-26.0
LOLTMNT01_366135,CBLOL,2026-04-15 00:43:47,Blue,LOUD,complete,1938,True,-2038.0,-2007.0,-39.0,-2.0,1,-1026.0,-1146.0,-19.0
LOLTMNT01_366135,CBLOL,2026-04-15 00:43:47,Red,Fluxo W7M,complete,1938,True,2038.0,2007.0,39.0,2.0,0,1026.0,1146.0,19.0
LOLTMNT01_366137,CBLOL,2026-04-15 01:33:27,Blue,Fluxo W7M,complete,1524,True,4648.0,1967.0,17.0,5.0,1,1746.0,714.0,14.0
LOLTMNT01_366137,CBLOL,2026-04-15 01:33:27,Red,LOUD,complete,1524,True,-4648.0,-1967.0,-17.0,-5.0,0,-1746.0,-714.0,-14.0
LOLTMNT01_365453,LCK,2026-04-15 08:04:27,Blue,BNK FEARX,complete,1597,True,-2401.0,-55.0,3.0,-5.0,1,1102.0,2203.0,10.0
LOLTMNT01_365453,LCK,2026-04-15 08:04:27,Red,Nongshim RedForce,complete,1597,True,2401.0,55.0,-3.0,5.0,0,-1102.0,-2203.0,-10.0
LOLTMNT01_365467,LCK,2026-04-15 08:53:44,Blue,BNK FEARX,complete,1794,True,-4026.0,-7210.0,-33.0,-11.0,1,-1016.0,-4921.0,-38.0
LOLTMNT01_365467,LCK,2026-04-15 08:53:44,Red,Nongshim RedForce,complete,1794,True,4026.0,7210.0,33.0,11.0,0,1016.0,4921.0,38.0
13223-13223_game_1,LPL,2026-04-15 09:12:33,Blue,Ultra Prime,complete,2056,True,-3242.0,-2568.0,-27.0,-4.0,1,-2363.0,-3272.0,-11.0
13223-13223_game_1,LPL,2026-04-15 09:12:33,Red,ThunderTalk Gaming,complete,2056,True,3242.0,2568.0,27.0,4.0,0,2363.0,3272.0,11.0
13223-13223_game_2,LPL,2026-04-15 10:10:14,Blue,ThunderTalk Gaming,complete,1706,True,6776.0,5492.0,87.0,5.0,1,4580.0,2848.0,49.0
13223-13223_game_2,LPL,2026-04-15 10:10:14,Red,Ultra Prime,complete,1706,True,-6776.0,-5492.0,-87.0,-5.0,0,-4580.0,-2848.0,-49.0
LOLTMNT01_366241,LCK,2026-04-15 10:10:22,Blue,Dplus Kia,complete,1914,True,2306.0,1474.0,24.0,2.0,1,800.0,1568.0,29.0
LOLTMNT01_366241,LCK,2026-04-15 10:10:22,Red,KT Rolster,complete,1914,True,-2306.0,-1474.0,-24.0,-2.0,0,-800.0,-1568.0,-29.0
LOLTMNT01_366261,LCK,2026-04-15 11:04:40,Blue,KT Rolster,complete,2424,True,-87.0,413.0,-19.0,7.0,1,-312.0,654.0,-13.0
LOLTMNT01_366261,LCK,2026-04-15 11:04:40,Red,Dplus Kia,complete,2424,True,87.0,-413.0,19.0,-7.0,0,312.0,-654.0,13.0
13224-13224_game_1,LPL,2026-04-15 11:14:10,Blue,Invictus Gaming,complete,1985,True,534.0,720.0,-1.0,4.0,1,-856.0,-1235.0,-20.0
13224-13224_game_1,LPL,2026-04-15 11:14:10,Red,Weibo Gaming,complete,1985,True,-534.0,-720.0,1.0,-4.0,0,856.0,1235.0,20.0
LOLTMNT01_366284,LCK,2026-04-15 12:08:03,Blue,KT Rolster,complete,2728,True,-3765.0,-1451.0,-43.0,-2.0,1,238.0,2145.0,14.0
LOLTMNT01_366284,LCK,2026-04-15 12:08:03,Red,Dplus Kia,complete,2728,True,3765.0,1451.0,43.0,2.0,0,-238.0,-2145.0,-14.0
13224-13224_game_2,LPL,2026-04-15 12:10:39,Blue,Invictus Gaming,complete,2311,True,1192.0,2514.0,63.0,-1.0,1,2397.0,2554.0,34.0
13224-13224_game_2,LPL,2026-04-15 12:10:39,Red,Weibo Gaming,complete,2311,True,-1192.0,-2514.0,-63.0,1.0,0,-2397.0,-2554.0,-34.0
13224-13224_game_3,LPL,2026-04-15 13:12:53,Blue,Invictus Gaming,complete,2178,True,-1967.0,-2019.0,-66.0,3.0,1,-1905.0,-1150.0,-19.0
13224-13224_game_3,LPL,2026-04-15 13:12:53,Red,Weibo Gaming,complete,2178,True,1967.0,2019.0,66.0,-3.0,0,1905.0,1150.0,19.0
LOLTMNT01_366570,LCK,2026-04-16 08:07:45,Blue,HANJIN BRION,complete,1751,True,2252.0,-1024.0,14.0,1.0,1,-1788.0,-2196.0,-25.0
LOLTMNT01_366570,LCK,2026-04-16 08:07:45,Red,Gen.G,complete,1751,True,-2252.0,1024.0,-14.0,-1.0,0,1788.0,2196.0,25.0
LOLTMNT01_365803,LCK,2026-04-16 09:01:02,Blue,Gen.G,complete,1943,True,5721.0,4422.0,130.0,2.0,1,3269.0,2710.0,30.0
LOLTMNT01_365803,LCK,2026-04-16 09:01:02,Red,HANJIN BRION,complete,1943,True,-5721.0,-4422.0,-130.0,-2.0,0,-3269.0,-2710.0,-30.0
13225-13225_game_1,LPL,2026-04-16 09:13:08,Blue,Team WE,complete,1712,True,-4450.0,-5905.0,-56.0,-7.0,1,-2187.0,-1973.0,1.0
13225-13225_game_1,LPL,2026-04-16 09:13:08,Red,Anyone's Legend,complete,1712,True,4450.0,5905.0,56.0,7.0,0,2187.0,1973.0,-1.0
13225-13225_game_2,LPL,2026-04-16 10:05:53,Blue,Anyone's Legend,complete,2863,True,363.0,3429.0,60.0,0.0,1,755.0,2063.0,24.0
13225-13225_game_2,LPL,2026-04-16 10:05:53,Red,Team WE,complete,2863,True,-363.0,-3429.0,-60.0,0.0,0,-755.0,-2063.0,-24.0
LOLTMNT01_366617,LCK,2026-04-16 10:19:53,Blue,DN SOOPers,complete,1366,True,-12277.0,-9458.0,-123.0,-15.0,1,-5577.0,-4187.0,-47.0
LOLTMNT01_366617,LCK,2026-04-16 10:19:53,Red,Hanwha Life Esports,complete,1366,True,12277.0,9458.0,123.0,15.0,0,5577.0,4187.0,47.0
LOLTMNT01_365830,LCK,2026-04-16 11:03:24,Blue,Hanwha Life Esports,complete,1924,True,1226.0,-520.0,23.0,-5.0,1,1035.0,182.0,4.0
LOLTMNT01_365830,LCK,2026-04-16 11:03:24,Red,DN SOOPers,complete,1924,True,-1226.0,520.0,-23.0,5.0,0,-1035.0,-182.0,-4.0
13226-13226_game_1,LPL,2026-04-16 11:32:14,Blue,Top Esports,complete,2064,True,5309.0,4128.0,39.0,4.0,1,1360.0,296.0,-9.0
13226-13226_game_1,LPL,2026-04-16 11:32:14,Red,Bilibili Gaming,complete,2064,True,-5309.0,-4128.0,-39.0,-4.0,0,-1360.0,-296.0,9.0
13226-13226_game_2,LPL,2026-04-16 12:32:21,Blue,Top Esports,complete,1801,True,-1443.0,-2116.0,-18.0,-4.0,1,-2531.0,-2142.0,-14.0
13226-13226_game_2,LPL,2026-04-16 12:32:21,Red,Bilibili Gaming,complete,1801,True,1443.0,2116.0,18.0,4.0,0,2531.0,2142.0,14.0
LOLTMNT01_367097,LCK,2026-04-17 08:09:20,Blue,BNK FEARX,complete,1461,True,7644.0,5832.0,29.0,9.0,1,4022.0,3329.0,15.0
LOLTMNT01_367097,LCK,2026-04-17 08:09:20,Red,Kiwoom DRX,complete,1461,True,-7644.0,-5832.0,-29.0,-9.0,0,-4022.0,-3329.0,-15.0
LOLTMNT01_367103,LCK,2026-04-17 08:56:00,Blue,BNK FEARX,complete,2046,True,-2865.0,-3927.0,-53.0,-1.0,1,-2344.0,-2758.0,-20.0
LOLTMNT01_367103,LCK,2026-04-17 08:56:00,Red,Kiwoom DRX,complete,2046,True,2865.0,3927.0,53.0,1.0,0,2344.0,2758.0,20.0
13227-13227_game_1,LPL,2026-04-17 09:11:55,Blue,Oh My God,complete,1879,True,1524.0,1882.0,17.0,1.0,1,2153.0,962.0,7.0
13227-13227_game_1,LPL,2026-04-17 09:11:55,Red,ThunderTalk Gaming,complete,1879,True,-1524.0,-1882.0,-17.0,-1.0,0,-2153.0,-962.0,-7.0
13227-13227_game_2,LPL,2026-04-17 10:07:51,Blue,ThunderTalk Gaming,complete,1798,True,2785.0,5904.0,53.0,3.0,1,2678.0,4045.0,29.0
13227-13227_game_2,LPL,2026-04-17 10:07:51,Red,Oh My God,complete,1798,True,-2785.0,-5904.0,-53.0,-3.0,0,-2678.0,-4045.0,-29.0
LOLTMNT01_367128,LCK,2026-04-17 10:18:08,Blue,T1,complete,2045,True,-2362.0,-647.0,27.0,-5.0,1,537.0,-187.0,31.0
LOLTMNT01_367128,LCK,2026-04-17 10:18:08,Red,Dplus Kia,complete,2045,True,2362.0,647.0,-27.0,5.0,0,-537.0,187.0,-31.0
13227-13227_game_3,LPL,2026-04-17 11:01:20,Blue,ThunderTalk Gaming,complete,1894,True,5658.0,1653.0,8.0,6.0,1,1921.0,-593.0,-1.0
13227-13227_game_3,LPL,2026-04-17 11:01:20,Red,Oh My God,complete,1894,True,-5658.0,-1653.0,-8.0,-6.0,0,-1921.0,593.0,1.0
LOLTMNT01_367136,LCK,2026-04-17 11:14:57,Blue,Dplus Kia,complete,1773,True,-2004.0,458.0,-7.0,-2.0,1,-632.0,191.0,-4.0
LOLTMNT01_367136,LCK,2026-04-17 11:14:57,Red,T1,complete,1773,True,2004.0,-458.0,7.0,2.0,0,632.0,-191.0,4.0
LOLTMNT01_366902,LCK,2026-04-17 12:07:48,Blue,T1,complete,2161,True,3390.0,163.0,22.0,4.0,1,718.0,66.0,31.0
LOLTMNT01_366902,LCK,2026-04-17 12:07:48,Red,Dplus Kia,complete,2161,True,-3390.0,-163.0,-22.0,-4.0,0,-718.0,-66.0,-31.0
13228-13228_game_1,LPL,2026-04-17 12:10:59,Blue,Ninjas in Pyjamas,complete,1603,True,2437.0,1446.0,5.0,4.0,1,2604.0,818.0,-6.0
13228-13228_game_1,LPL,2026-04-17 12:10:59,Red,JD Gaming,complete,1603,True,-2437.0,-1446.0,-5.0,-4.0,0,-2604.0,-818.0,6.0
13228-13228_game_2,LPL,2026-04-17 12:59:52,Blue,Ninjas in Pyjamas,complete,2140,True,-2554.0,-942.0,-2.0,-2.0,1,-2088.0,120.0,28.0
13228-13228_game_2,LPL,2026-04-17 12:59:52,Red,JD Gaming,complete,2140,True,2554.0,942.0,2.0,2.0,0,2088.0,-120.0,-28.0
LOLTMNT01_368128,LCK,2026-04-18 08:07:24,Blue,Gen.G,complete,1773,True,-6543.0,-6696.0,-39.0,-11.0,1,-4574.0,-5054.0,-27.0
LOLTMNT01_368128,LCK,2026-04-18 08:07:24,Red,Hanwha Life Esports,complete,1773,True,6543.0,6696.0,39.0,11.0,0,4574.0,5054.0,27.0
LOLTMNT01_368133,LCK,2026-04-18 09:00:18,Blue,Hanwha Life Esports,complete,2004,True,1721.0,917.0,-31.0,5.0,1,1335.0,1184.0,0.0
LOLTMNT01_368133,LCK,2026-04-18 09:00:18,Red,Gen.G,complete,2004,True,-1721.0,-917.0,31.0,-5.0,0,-1335.0,-1184.0,0.0
13229-13229_game_1,LPL,2026-04-18 09:14:31,Blue,Invictus Gaming,complete,2074,True,-3476.0,-4724.0,-76.0,-2.0,1,-965.0,-2057.0,-28.0
13229-13229_game_1,LPL,2026-04-18 09:14:31,Red,Bilibili Gaming,complete,2074,True,3476.0,4724.0,76.0,2.0,0,965.0,2057.0,28.0
LOLTMNT02_378671,LCP,2026-04-18 09:26:51,Blue,CTBC Flying Oyster,complete,1599,True,-2660.0,-4297.0,-49.0,-1.0,1,-2772.0,-3352.0,-8.0
LOLTMNT02_378671,LCP,2026-04-18 09:26:51,Red,Deep Cross Gaming,complete,1599,True,2660.0,4297.0,49.0,1.0,0,2772.0,3352.0,8.0
LOLTMNT02_378681,LCP,2026-04-18 10:13:48,Blue,Deep Cross Gaming,complete,1642,True,117.0,1351.0,61.0,-4.0,1,-1157.0,-736.0,18.0
LOLTMNT02_378681,LCP,2026-04-18 10:13:48,Red,CTBC Flying Oyster,complete,1642,True,-117.0,-1351.0,-61.0,4.0,0,1157.0,736.0,-18.0
13229-13229_game_2,LPL,2026-04-18 10:14:03,Blue,Invictus Gaming,complete,1808,True,280.0,297.0,-17.0,3.0,1,31.0,71.0,-15.0
13229-13229_game_2,LPL,2026-04-18 10:14:03,Red,Bilibili Gaming,complete,1808,True,-280.0,-297.0,17.0,-3.0,0,-31.0,-71.0,15.0
LOLTMNT01_368165,LCK,2026-04-18 10:19:42,Blue,DN SOOPers,complete,1688,True,-4802.0,-3100.0,-60.0,-2.0,1,-1426.0,-801.0,-12.0
LOLTMNT01_368165,LCK,2026-04-18 10:19:42,Red,KT Rolster,complete,1688,True,4802.0,3100.0,60.0,2.0,0,1426.0,801.0,12.0
LOLTMNT02_380692,LCP,2026-04-18 11:01:05,Blue,CTBC Flying Oyster,complete,2354,True,-2795.0,-4155.0,-29.0,-4.0,1,-5962.0,-6392.0,-51.0
LOLTMNT02_380692,LCP,2026-04-18 11:01:05,Red,Deep Cross Gaming,complete,2354,True,2795.0,4155.0,29.0,4.0,0,5962.0,6392.0,51.0
13229-13229_game_3,LPL,2026-04-18 11:10:12,Blue,Invictus Gaming,complete,1616,True,-5176.0,-4631.0,-90.0,-5.0,1,-3484.0,-3205.0,-24.0
13229-13229_game_3,LPL,2026-04-18 11:10:12,Red,Bilibili Gaming,complete,1616,True,5176.0,4631.0,90.0,5.0,0,3484.0,3205.0,24.0
LOLTMNT01_367338,LCK,2026-04-18 11:10:20,Blue,KT Rolster,complete,1646,True,5420.0,3262.0,78.0,4.0,1,2843.0,2010.0,42.0
LOLTMNT01_367338,LCK,2026-04-18 11:10:20,Red,DN SOOPers,complete,1646,True,-5420.0,-3262.0,-78.0,-4.0,0,-2843.0,-2010.0,-42.0
13230-13230_game_1,LPL,2026-04-18 12:14:22,Blue,Weibo Gaming,complete,2444,True,4907.0,5090.0,62.0,6.0,1,2889.0,2711.0,41.0
13230-13230_game_1,LPL,2026-04-18 12:14:22,Red,JD Gaming,complete,2444,True,-4907.0,-5090.0,-62.0,-6.0,0,-2889.0,-2711.0,-41.0
LOLTMNT02_378714,LCP,2026-04-18 12:17:58,Blue,DetonatioN FocusMe,complete,1501,True,-3739.0,-3050.0,-36.0,-1.0,1,-2647.0,-1933.0,-13.0
LOLTMNT02_378714,LCP,2026-04-18 12:17:58,Red,MVK Esports,complete,1501,True,3739.0,3050.0,36.0,1.0,0,2647.0,1933.0,13.0
LOLTMNT02_378731,LCP,2026-04-18 13:03:18,Blue,DetonatioN FocusMe,complete,2133,True,-2190.0,-2650.0,-55.0,-1.0,1,-1466.0,-2205.0,-27.0
LOLTMNT02_378731,LCP,2026-04-18 13:03:18,Red,MVK Esports,complete,2133,True,2190.0,2650.0,55.0,1.0,0,1466.0,2205.0,27.0
13230-13230_game_2,LPL,2026-04-18 13:18:45,Blue,Weibo Gaming,complete,2050,True,-2540.0,-3000.0,-72.0,0.0,1,-1590.0,-3374.0,-60.0
13230-13230_game_2,LPL,2026-04-18 13:18:45,Red,JD Gaming,complete,2050,True,2540.0,3000.0,72.0,0.0,0,1590.0,3374.0,60.0
13230-13230_game_3,LPL,2026-04-18 14:16:24,Blue,JD Gaming,complete,2002,True,2565.0,3245.0,34.0,4.0,1,-52.0,646.0,2.0
13230-13230_game_3,LPL,2026-04-18 14:16:24,Red,Weibo Gaming,complete,2002,True,-2565.0,-3245.0,-34.0,-4.0,0,52.0,-646.0,-2.0
LOLTMNT05_185066,LEC,2026-04-18 15:07:28,Blue,Natus Vincere,complete,1902,True,-4958.0,-1545.0,-2.0,-8.0,1,-2392.0,-923.0,12.0
LOLTMNT05_185066,LEC,2026-04-18 15:07:28,Red,GiantX,complete,1902,True,4958.0,1545.0,2.0,8.0,0,2392.0,923.0,-12.0
LOLTMNT05_185069,LEC,2026-04-18 16:00:49,Blue,Natus Vincere,complete,1668,True,4106.0,2662.0,-11.0,7.0,1,2599.0,1064.0,18.0
LOLTMNT05_185069,LEC,2026-04-18 16:00:49,Red,GiantX,complete,1668,True,-4106.0,-2662.0,11.0,-7.0,0,-2599.0,-1064.0,-18.0
LOLTMNT02_380819,CBLOL,2026-04-18 16:11:01,Blue,Fluxo W7M,complete,1865,True,2495.0,3447.0,40.0,2.0,1,3471.0,2756.0,56.0
LOLTMNT02_380819,CBLOL,2026-04-18 16:11:01,Red,FURIA,complete,1865,True,-2495.0,-3447.0,-40.0,-2.0,0,-3471.0,-2756.0,-56.0
LOLTMNT05_185072,LEC,2026-04-18 16:53:20,Blue,Natus Vincere,complete,1847,True,3714.0,2708.0,1.0,6.0,1,2172.0,2234.0,20.0
LOLTMNT05_185072,LEC,2026-04-18 16:53:20,Red,GiantX,complete,1847,True,-3714.0,-2708.0,-1.0,-6.0,0,-2172.0,-2234.0,-20.0
LOLTMNT02_378802,CBLOL,2026-04-18 17:00:55,Blue,Fluxo W7M,complete,1808,True,1346.0,1017.0,31.0,1.0,1,-1931.0,-1819.0,15.0
LOLTMNT02_378802,CBLOL,2026-04-18 17:00:55,Red,FURIA,complete,1808,True,-1346.0,-1017.0,-31.0,-1.0,0,1931.0,1819.0,-15.0
LOLTMNT05_185085,LEC,2026-04-18 17:51:56,Blue,SK Gaming,complete,2391,True,-135.0,-1318.0,-26.0,1.0,1,-748.0,-1883.0,10.0
LOLTMNT05_185085,LEC,2026-04-18 17:51:56,Red,G2 Esports,complete,2391,True,135.0,1318.0,26.0,-1.0,0,748.0,1883.0,-10.0
LOLTMNT02_378819,CBLOL,2026-04-18 17:53:25,Blue,LØS,complete,1925,True,-1304.0,-1836.0,1.0,-3.0,1,-142.0,-623.0,5.0
LOLTMNT02_378819,CBLOL,2026-04-18 17:53:25,Red,paiN Gaming,complete,1925,True,1304.0,1836.0,-1.0,3.0,0,142.0,623.0,-5.0
LOLTMNT02_378836,CBLOL,2026-04-18 18:45:09,Blue,LØS,complete,2117,True,-2404.0,-2645.0,-16.0,-3.0,1,-1778.0,-2005.0,-36.0
LOLTMNT02_378836,CBLOL,2026-04-18 18:45:09,Red,paiN Gaming,complete,2117,True,2404.0,2645.0,16.0,3.0,0,1778.0,2005.0,36.0
LOLTMNT05_186054,LEC,2026-04-18 18:51:00,Blue,G2 Esports,complete,2025,True,1345.0,2538.0,14.0,3.0,1,-464.0,23.0,-3.0
LOLTMNT05_186054,LEC,2026-04-18 18:51:00,Red,SK Gaming,complete,2025,True,-1345.0,-2538.0,-14.0,-3.0,0,464.0,-23.0,3.0
LOLTMNT02_378847,CBLOL,2026-04-18 19:39:54,Blue,LØS,complete,1888,True,1786.0,-30.0,4.0,3.0,1,603.0,-865.0,-4.0
LOLTMNT02_378847,CBLOL,2026-04-18 19:39:54,Red,paiN Gaming,complete,1888,True,-1786.0,30.0,-4.0,-3.0,0,-603.0,865.0,4.0
LOLTMNT02_380889,LCS,2026-04-18 20:07:45,Blue,Cloud9,complete,1480,True,4560.0,4466.0,19.0,9.0,1,3377.0,4261.0,12.0
LOLTMNT02_380889,LCS,2026-04-18 20:07:45,Red,Disguised,complete,1480,True,-4560.0,-4466.0,-19.0,-9.0,0,-3377.0,-4261.0,-12.0
LOLTMNT02_378878,LCS,2026-04-18 20:49:34,Blue,Cloud9,complete,1502,True,6998.0,6742.0,33.0,8.0,1,3615.0,3397.0,-5.0
LOLTMNT02_378878,LCS,2026-04-18 20:49:34,Red,Disguised,complete,1502,True,-6998.0,-6742.0,-33.0,-8.0,0,-3615.0,-3397.0,5.0
LOLTMNT02_378891,LCS,2026-04-18 21:34:17,Blue,FlyQuest,complete,1804,True,-4462.0,-1233.0,-23.0,-4.0,1,-2480.0,-1182.0,-3.0
LOLTMNT02_378891,LCS,2026-04-18 21:34:17,Red,Sentinels,complete,1804,True,4462.0,1233.0,23.0,4.0,0,2480.0,1182.0,3.0
LOLTMNT02_380912,LCS,2026-04-18 22:25:30,Blue,Sentinels,complete,1858,True,-4139.0,-5702.0,-89.0,-4.0,1,-1700.0,-1655.0,-31.0
LOLTMNT02_380912,LCS,2026-04-18 22:25:30,Red,FlyQuest,complete,1858,True,4139.0,5702.0,89.0,4.0,0,1700.0,1655.0,31.0
LOLTMNT02_380920,LCS,2026-04-18 23:15:41,Blue,FlyQuest,complete,2313,True,-1854.0,-4259.0,-10.0,-5.0,1,-3180.0,-4661.0,-34.0
LOLTMNT02_380920,LCS,2026-04-18 23:15:41,Red,Sentinels,complete,2313,True,1854.0,4259.0,10.0,5.0,0,3180.0,4661.0,34.0
LOLTMNT01_368322,LCK,2026-04-19 08:06:04,Blue,HANJIN BRION,complete,2207,True,1383.0,1467.0,-35.0,6.0,1,374.0,966.0,-10.0
LOLTMNT01_368322,LCK,2026-04-19 08:06:04,Red,Nongshim RedForce,complete,2207,True,-1383.0,-1467.0,35.0,-6.0,0,-374.0,-966.0,10.0
LOLTMNT01_367468,LCK,2026-04-19 09:06:05,Blue,Nongshim RedForce,complete,2008,True,260.0,842.0,24.0,-1.0,1,194.0,-1297.0,-26.0
LOLTMNT01_367468,LCK,2026-04-19 09:06:05,Red,HANJIN BRION,complete,2008,True,-260.0,-842.0,-24.0,1.0,0,-194.0,1297.0,26.0
13231-13231_game_1,LPL,2026-04-19 09:12:01,Blue,Invictus Gaming,complete,2001,True,2386.0,1947.0,-23.0,4.0,1,2231.0,970.0,-17.0
13231-13231_game_1,LPL,2026-04-19 09:12:01,Red,Top Esports,complete,2001,True,-2386.0,-1947.0,23.0,-4.0,0,-2231.0,-970.0,17.0
LOLTMNT02_378992,LCP,2026-04-19 09:21:46,Blue,Fukuoka SoftBank HAWKS gaming,complete,2806,True,2780.0,401.0,-28.0,5.0,1,1480.0,764.0,-17.0
LOLTMNT02_378992,LCP,2026-04-19 09:21:46,Red,Team Secret Whales,complete,2806,True,-2780.0,-401.0,28.0,-5.0,0,-1480.0,-764.0,17.0
LOLTMNT01_368343,LCK,2026-04-19 10:01:26,Blue,HANJIN BRION,complete,2187,True,761.0,1083.0,-41.0,5.0,1,919.0,1577.0,-22.0
LOLTMNT01_368343,LCK,2026-04-19 10:01:26,Red,Nongshim RedForce,complete,2187,True,-761.0,-1083.0,41.0,-5.0,0,-919.0,-1577.0,22.0
13231-13231_game_2,LPL,2026-04-19 10:12:15,Blue,Invictus Gaming,complete,1850,True,-2252.0,-1602.0,3.0,-5.0,1,-1758.0,-2653.0,-15.0
13231-13231_game_2,LPL,2026-04-19 10:12:15,Red,Top Esports,complete,1850,True,2252.0,1602.0,-3.0,5.0,0,1758.0,2653.0,15.0
LOLTMNT02_382001,LCP,2026-04-19 10:29:48,Blue,Fukuoka SoftBank HAWKS gaming,complete,2718,True,-1570.0,1089.0,23.0,-2.0,1,-458.0,303.0,26.0
LOLTMNT02_382001,LCP,2026-04-19 10:29:48,Red,Team Secret Whales,complete,2718,True,1570.0,-1089.0,-23.0,2.0,0,458.0,-303.0,-26.0
13232-13232_game_1,LPL,2026-04-19 11:22:40,Blue,Bilibili Gaming,complete,1925,True,2649.0,2618.0,-6.0,4.0,1,1399.0,1758.0,33.0
13232-13232_game_1,LPL,2026-04-19 11:22:40,Red,Anyone's Legend,complete,1925,True,-2649.0,-2618.0,6.0,-4.0,0,-1399.0,-1758.0,-33.0
LOLTMNT01_368366,LCK,2026-04-19 11:23:50,Blue,T1,complete,1911,True,4012.0,3091.0,27.0,3.0,1,1195.0,986.0,-15.0
LOLTMNT01_368366,LCK,2026-04-19 11:23:50,Red,Kiwoom DRX,complete,1911,True,-4012.0,-3091.0,-27.0,-3.0,0,-1195.0,-986.0,15.0
LOLTMNT02_381059,LCP,2026-04-19 11:35:35,Blue,Team Secret Whales,complete,1682,True,378.0,94.0,1.0,-1.0,1,149.0,-272.0,9.0
LOLTMNT02_381059,LCP,2026-04-19 11:35:35,Red,Fukuoka SoftBank HAWKS gaming,complete,1682,True,-378.0,-94.0,-1.0,1.0,0,-149.0,272.0,-9.0
LOLTMNT01_368375,LCK,2026-04-19 12:15:21,Blue,T1,complete,2235,True,2263.0,186.0,41.0,0.0,1,822.0,-131.0,1.0
LOLTMNT01_368375,LCK,2026-04-19 12:15:21,Red,Kiwoom DRX,complete,2235,True,-2263.0,-186.0,-41.0,0.0,0,-822.0,131.0,-1.0
13232-13232_game_2,LPL,2026-04-19 12:17:25,Blue,Anyone's Legend,complete,2191,True,-16.0,895.0,11.0,0.0,1,1179.0,1532.0,19.0
13232-13232_game_2,LPL,2026-04-19 12:17:25,Red,Bilibili Gaming,complete,2191,True,16.0,-895.0,-11.0,0.0,0,-1179.0,-1532.0,-19.0
LOLTMNT02_382079,LCP,2026-04-19 12:40:46,Blue,GAM Esports,complete,2117,True,6213.0,3421.0,61.0,5.0,1,2603.0,1378.0,8.0
LOLTMNT02_382079,LCP,2026-04-19 12:40:46,Red,Ground Zero Gaming,complete,2117,True,-6213.0,-3421.0,-61.0,-5.0,0,-2603.0,-1378.0,-8.0
LOLTMNT02_382107,LCP,2026-04-19 13:35:31,Blue,GAM Esports,complete,2184,True,5295.0,5071.0,109.0,4.0,1,5290.0,6893.0,73.0
LOLTMNT02_382107,LCP,2026-04-19 13:35:31,Red,Ground Zero Gaming,complete,2184,True,-5295.0,-5071.0,-109.0,-4.0,0,-5290.0,-6893.0,-73.0
LOLTMNT05_185104,LEC,2026-04-19 15:08:47,Blue,Team Vitality,complete,2015,True,1082.0,-2191.0,29.0,-3.0,1,-947.0,-2819.0,-28.0
LOLTMNT05_185104,LEC,2026-04-19 15:08:47,Red,GiantX,complete,2015,True,-1082.0,2191.0,-29.0,3.0,0,947.0,2819.0,28.0
LOLTMNT05_186068,LEC,2026-04-19 16:01:53,Blue,Team Vitality,complete,1559,True,4144.0,1536.0,64.0,1.0,1,1004.0,-179.0,30.0
LOLTMNT05_186068,LEC,2026-04-19 16:01:53,Red,GiantX,complete,1559,True,-4144.0,-1536.0,-64.0,-1.0,0,-1004.0,179.0,-30.0
LOLTMNT02_382172,CBLOL,2026-04-19 16:10:45,Blue,LOUD,complete,1905,True,1140.0,-184.0,33.0,0.0,1,1332.0,440.0,20.0
LOLTMNT02_382172,CBLOL,2026-04-19 16:10:45,Red,Leviatan,complete,1905,True,-1140.0,184.0,-33.0,0.0,0,-1332.0,-440.0,-20.0
LOLTMNT05_186082,LEC,2026-04-19 16:58:43,Blue,Movistar KOI,complete,1951,True,5210.0,2729.0,82.0,2.0,1,1416.0,139.0,-2.0
LOLTMNT05_186082,LEC,2026-04-19 16:58:43,Red,Team Heretics,complete,1951,True,-5210.0,-2729.0,-82.0,-2.0,0,-1416.0,-139.0,2.0
LOLTMNT02_382188,CBLOL,2026-04-19 17:01:20,Blue,LOUD,complete,2389,True,-1217.0,-605.0,41.0,-1.0,1,-2870.0,-2216.0,-4.0
LOLTMNT02_382188,CBLOL,2026-04-19 17:01:20,Red,Leviatan,complete,2389,True,1217.0,605.0,-41.0,1.0,0,2870.0,2216.0,4.0
LOLTMNT05_186083,LEC,2026-04-19 17:50:34,Blue,Movistar KOI,complete,1804,True,2783.0,2544.0,30.0,-1.0,1,3115.0,3650.0,8.0
LOLTMNT05_186083,LEC,2026-04-19 17:50:34,Red,Team Heretics,complete,1804,True,-2783.0,-2544.0,-30.0,1.0,0,-3115.0,-3650.0,-8.0
LOLTMNT02_381206,CBLOL,2026-04-19 18:00:51,Blue,LOUD,complete,1988,True,-1698.0,-1580.0,9.0,-6.0,1,1295.0,292.0,-20.0
LOLTMNT02_381206,CBLOL,2026-04-19 18:00:51,Red,Leviatan,complete,1988,True,1698.0,1580.0,-9.0,6.0,0,-1295.0,-292.0,20.0
LOLTMNT02_382217,CBLOL,2026-04-19 18:58:29,Blue,Vivo Keyd Stars,complete,2063,True,-194.0,-1877.0,-34.0,-3.0,1,892.0,1383.0,10.0
LOLTMNT02_382217,CBLOL,2026-04-19 18:58:29,Red,RED Canids,complete,2063,True,194.0,1877.0,34.0,3.0,0,-892.0,-1383.0,-10.0
LOLTMNT02_381239,CBLOL,2026-04-19 19:51:25,Blue,Vivo Keyd Stars,complete,1737,True,-3149.0,-2641.0,-30.0,-2.0,1,-513.0,-251.0,-8.0
LOLTMNT02_381239,CBLOL,2026-04-19 19:51:25,Red,RED Canids,complete,1737,True,3149.0,2641.0,30.0,2.0,0,513.0,251.0,8.0
LOLTMNT02_381247,LCS,2026-04-19 20:07:34,Blue,Shopify Rebellion,complete,1863,True,1210.0,1637.0,22.0,4.0,1,123.0,80.0,12.0
LOLTMNT02_381247,LCS,2026-04-19 20:07:34,Red,LYON,complete,1863,True,-1210.0,-1637.0,-22.0,-4.0,0,-123.0,-80.0,-12.0
LOLTMNT02_381251,CBLOL,2026-04-19 20:39:24,Blue,RED Canids,complete,1838,True,3388.0,3949.0,46.0,3.0,1,2874.0,2440.0,22.0
LOLTMNT02_381251,CBLOL,2026-04-19 20:39:24,Red,Vivo Keyd Stars,complete,1838,True,-3388.0,-3949.0,-46.0,-3.0,0,-2874.0,-2440.0,-22.0
LOLTMNT02_382257,LCS,2026-04-19 20:57:13,Blue,LYON,complete,1799,True,3479.0,3554.0,27.0,3.0,1,3566.0,3540.0,17.0
LOLTMNT02_382257,LCS,2026-04-19 20:57:13,Red,Shopify Rebellion,complete,1799,True,-3479.0,-3554.0,-27.0,-3.0,0,-3566.0,-3540.0,-17.0
LOLTMNT02_381269,LCS,2026-04-19 21:49:48,Blue,Team Liquid,complete,2643,True,1540.0,-894.0,0.0,-2.0,1,848.0,-658.0,2.0
LOLTMNT02_381269,LCS,2026-04-19 21:49:48,Red,Dignitas,complete,2643,True,-1540.0,894.0,0.0,2.0,0,-848.0,658.0,-2.0
LOLTMNT02_382276,LCS,2026-04-19 22:55:00,Blue,Team Liquid,complete,2361,True,573.0,1332.0,41.0,-2.0,1,522.0,-364.0,-8.0
LOLTMNT02_382276,LCS,2026-04-19 22:55:00,Red,Dignitas,complete,2361,True,-573.0,-1332.0,-41.0,2.0,0,-522.0,364.0,8.0
LOLTMNT02_382280,LCS,2026-04-19 23:52:55,Blue,Dignitas,complete,1568,True,-1979.0,-414.0,-12.0,-3.0,1,-1310.0,-899.0,5.0
LOLTMNT02_382280,LCS,2026-04-19 23:52:55,Red,Team Liquid,complete,1568,True,1979.0,414.0,12.0,3.0,0,1310.0,899.0,-5.0
LOLTMNT05_186098,LEC,2026-04-20 15:08:33,Blue,G2 Esports,complete,2308,True,-1337.0,-738.0,32.0,-3.0,1,-1597.0,-1168.0,-6.0
LOLTMNT05_186098,LEC,2026-04-20 15:08:33,Red,Shifters,complete,2308,True,1337.0,738.0,-32.0,3.0,0,1597.0,1168.0,6.0
LOLTMNT05_185133,LEC,2026-04-20 16:07:09,Blue,G2 Esports,complete,2334,True,2189.0,1496.0,50.0,2.0,1,-1292.0,-2143.0,19.0
LOLTMNT05_185133,LEC,2026-04-20 16:07:09,Red,Shifters,complete,2334,True,-2189.0,-1496.0,-50.0,-2.0,0,1292.0,2143.0,-19.0
LOLTMNT05_185144,LEC,2026-04-20 17:18:17,Blue,SK Gaming,complete,1470,True,-4377.0,-3779.0,-9.0,-7.0,1,-2465.0,-1409.0,-9.0
LOLTMNT05_185144,LEC,2026-04-20 17:18:17,Red,Karmine Corp,complete,1470,True,4377.0,3779.0,9.0,7.0,0,2465.0,1409.0,9.0
LOLTMNT05_185146,LEC,2026-04-20 18:01:52,Blue,SK Gaming,complete,1787,True,-4117.0,-4144.0,-57.0,-4.0,1,-842.0,-1084.0,-4.0
LOLTMNT05_185146,LEC,2026-04-20 18:01:52,Red,Karmine Corp,complete,1787,True,4117.0,4144.0,57.0,4.0,0,842.0,1084.0,4.0
LOLTMNT02_384269,LCK,2026-04-22 08:04:37,Blue,Kiwoom DRX,complete,2220,True,1756.0,3149.0,-29.0,5.0,1,1278.0,2516.0,10.0
LOLTMNT02_384269,LCK,2026-04-22 08:04:37,Red,KT Rolster,complete,2220,True,-1756.0,-3149.0,29.0,-5.0,0,-1278.0,-2516.0,-10.0
LOLTMNT02_383295,LCK,2026-04-22 09:04:09,Blue,Kiwoom DRX,complete,1493,True,-4489.0,-3770.0,-66.0,-7.0,1,-1260.0,-2276.0,-13.0
LOLTMNT02_383295,LCK,2026-04-22 09:04:09,Red,KT Rolster,complete,1493,True,4489.0,3770.0,66.0,7.0,0,1260.0,2276.0,13.0
13233-13233_game_1,LPL,2026-04-22 09:14:11,Blue,Weibo Gaming,complete,1866,True,808.0,3206.0,60.0,1.0,1,-516.0,217.0,7.0
13233-13233_game_1,LPL,2026-04-22 09:14:11,Red,Team WE,complete,1866,True,-808.0,-3206.0,-60.0,-1.0,0,516.0,-217.0,-7.0
13233-13233_game_2,LPL,2026-04-22 10:08:38,Blue,Weibo Gaming,complete,1649,True,5996.0,4721.0,82.0,5.0,1,1559.0,2213.0,45.0
13233-13233_game_2,LPL,2026-04-22 10:08:38,Red,Team WE,complete,1649,True,-5996.0,-4721.0,-82.0,-5.0,0,-1559.0,-2213.0,-45.0
LOLTMNT02_383315,LCK,2026-04-22 10:16:00,Blue,Hanwha Life Esports,complete,1729,True,5281.0,772.0,28.0,6.0,1,3280.0,2535.0,16.0
LOLTMNT02_383315,LCK,2026-04-22 10:16:00,Red,Nongshim RedForce,complete,1729,True,-5281.0,-772.0,-28.0,-6.0,0,-3280.0,-2535.0,-16.0
LOLTMNT02_384348,LCK,2026-04-22 11:06:38,Blue,Hanwha Life Esports,complete,2168,True,1467.0,2413.0,0.0,0.0,1,1401.0,2662.0,-17.0
LOLTMNT02_384348,LCK,2026-04-22 11:06:38,Red,Nongshim RedForce,complete,2168,True,-1467.0,-2413.0,0.0,0.0,0,-1401.0,-2662.0,17.0
13234-13234_game_1,LPL,2026-04-22 11:17:14,Blue,Ninjas in Pyjamas,complete,2231,True,985.0,-632.0,14.0,-3.0,1,1238.0,783.0,29.0
13234-13234_game_1,LPL,2026-04-22 11:17:14,Red,Anyone's Legend,complete,2231,True,-985.0,632.0,-14.0,3.0,0,-1238.0,-783.0,-29.0
LOLTMNT02_384385,LCK,2026-04-22 12:05:40,Blue,Nongshim RedForce,complete,1849,True,914.0,942.0,6.0,-1.0,1,1144.0,2277.0,15.0
LOLTMNT02_384385,LCK,2026-04-22 12:05:40,Red,Hanwha Life Esports,complete,1849,True,-914.0,-942.0,-6.0,1.0,0,-1144.0,-2277.0,-15.0
13234-13234_game_2,LPL,2026-04-22 12:17:24,Blue,Anyone's Legend,complete,1781,True,6983.0,5887.0,78.0,4.0,1,4229.0,3995.0,32.0
13234-13234_game_2,LPL,2026-04-22 12:17:24,Red,Ninjas in Pyjamas,complete,1781,True,-6983.0,-5887.0,-78.0,-4.0,0,-4229.0,-3995.0,-32.0
LOLTMNT05_186248,LCK,2026-04-23 08:05:27,Blue,HANJIN BRION,complete,2200,True,218.0,2234.0,-11.0,1.0,1,374.0,778.0,-32.0
LOLTMNT05_186248,LCK,2026-04-23 08:05:27,Red,Dplus Kia,complete,2200,True,-218.0,-2234.0,11.0,-1.0,0,-374.0,-778.0,32.0
LOLTMNT05_186249,LCK,2026-04-23 09:03:37,Blue,Dplus Kia,complete,1553,True,12731.0,7643.0,132.0,12.0,1,5615.0,4327.0,53.0
LOLTMNT05_186249,LCK,2026-04-23 09:03:37,Red,HANJIN BRION,complete,1553,True,-12731.0,-7643.0,-132.0,-12.0,0,-5615.0,-4327.0,-53.0
13235-13235_game_1,LPL,2026-04-23 09:12:44,Blue,LGD Gaming,complete,1591,True,2638.0,3178.0,24.0,1.0,1,1371.0,1047.0,4.0
13235-13235_game_1,LPL,2026-04-23 09:12:44,Red,EDward Gaming,complete,1591,True,-2638.0,-3178.0,-24.0,-1.0,0,-1371.0,-1047.0,-4.0
13235-13235_game_2,LPL,2026-04-23 10:02:41,Blue,LGD Gaming,complete,2994,True,881.0,3492.0,20.0,1.0,1,1161.0,2347.0,11.0
13235-13235_game_2,LPL,2026-04-23 10:02:41,Red,EDward Gaming,complete,2994,True,-881.0,-3492.0,-20.0,-1.0,0,-1161.0,-2347.0,-11.0
LOLTMNT05_186273,LCK,2026-04-23 10:15:14,Blue,DN SOOPers,complete,2277,True,-1633.0,-805.0,-13.0,-1.0,1,-904.0,-294.0,-5.0
LOLTMNT05_186273,LCK,2026-04-23 10:15:14,Red,Gen.G,complete,2277,True,1633.0,805.0,13.0,1.0,0,904.0,294.0,5.0
LOLTMNT05_186277,LCK,2026-04-23 11:13:51,Blue,Gen.G,complete,1536,True,2900.0,1264.0,43.0,2.0,1,1156.0,1454.0,24.0
LOLTMNT05_186277,LCK,2026-04-23 11:13:51,Red,DN SOOPers,complete,1536,True,-2900.0,-1264.0,-43.0,-2.0,0,-1156.0,-1454.0,-24.0
13236-13236_game_1,LPL,2026-04-23 11:49:04,Blue,Ninjas in Pyjamas,complete,2033,True,-2982.0,-3606.0,-42.0,-5.0,1,-1737.0,-2168.0,-40.0
13236-13236_game_1,LPL,2026-04-23 11:49:04,Red,Bilibili Gaming,complete,2033,True,2982.0,3606.0,42.0,5.0,0,1737.0,2168.0,40.0
13236-13236_game_2,LPL,2026-04-23 12:45:41,Blue,Ninjas in Pyjamas,complete,1893,True,1953.0,919.0,-12.0,4.0,1,-172.0,-1157.0,-13.0
13236-13236_game_2,LPL,2026-04-23 12:45:41,Red,Bilibili Gaming,complete,1893,True,-1953.0,-919.0,12.0,-4.0,0,172.0,1157.0,13.0
LOLTMNT05_185400,LCK,2026-04-24 08:07:08,Blue,BNK FEARX,complete,2696,True,-3579.0,-1914.0,-26.0,-5.0,1,-781.0,-454.0,13.0
LOLTMNT05_185400,LCK,2026-04-24 08:07:08,Red,KT Rolster,complete,2696,True,3579.0,1914.0,26.0,5.0,0,781.0,454.0,-13.0
13237-13237_game_1,LPL,2026-04-24 09:13:50,Blue,Oh My God,complete,1849,True,-4709.0,-6445.0,-42.0,-5.0,1,-3516.0,-4161.0,-60.0
13237-13237_game_1,LPL,2026-04-24 09:13:50,Red,LNG Esports,complete,1849,True,4709.0,6445.0,42.0,5.0,0,3516.0,4161.0,60.0
LOLTMNT05_185401,LCK,2026-04-24 09:15:07,Blue,BNK FEARX,complete,1892,True,-3595.0,-1081.0,-49.0,-7.0,1,2695.0,2930.0,6.0
LOLTMNT05_185401,LCK,2026-04-24 09:15:07,Red,KT Rolster,complete,1892,True,3595.0,1081.0,49.0,7.0,0,-2695.0,-2930.0,-6.0
13237-13237_game_2,LPL,2026-04-24 10:08:44,Blue,LNG Esports,complete,1930,True,4288.0,2510.0,65.0,2.0,1,3492.0,1171.0,3.0
13237-13237_game_2,LPL,2026-04-24 10:08:44,Red,Oh My God,complete,1930,True,-4288.0,-2510.0,-65.0,-2.0,0,-3492.0,-1171.0,-3.0
LOLTMNT05_186436,LCK,2026-04-24 10:32:53,Blue,Kiwoom DRX,complete,1969,True,-2511.0,-390.0,-21.0,-3.0,1,-1756.0,322.0,6.0
LOLTMNT05_186436,LCK,2026-04-24 10:32:53,Red,Hanwha Life Esports,complete,1969,True,2511.0,390.0,21.0,3.0,0,1756.0,-322.0,-6.0
13238-13238_game_1,LPL,2026-04-24 11:19:04,Blue,JD Gaming,complete,1871,True,2546.0,368.0,2.0,0.0,1,2568.0,1040.0,10.0
13238-13238_game_1,LPL,2026-04-24 11:19:04,Red,Invictus Gaming,complete,1871,True,-2546.0,-368.0,-2.0,0.0,0,-2568.0,-1040.0,-10.0
LOLTMNT05_185414,LCK,2026-04-24 11:29:42,Blue,Hanwha Life Esports,complete,1580,True,5688.0,2372.0,93.0,1.0,1,4776.0,1346.0,7.0
LOLTMNT05_185414,LCK,2026-04-24 11:29:42,Red,Kiwoom DRX,complete,1580,True,-5688.0,-2372.0,-93.0,-1.0,0,-4776.0,-1346.0,-7.0
13238-13238_game_2,LPL,2026-04-24 12:14:59,Blue,JD Gaming,complete,1594,True,5071.0,5520.0,10.0,9.0,1,4844.0,4826.0,38.0
13238-13238_game_2,LPL,2026-04-24 12:14:59,Red,Invictus Gaming,complete,1594,True,-5071.0,-5520.0,-10.0,-9.0,0,-4844.0,-4826.0,-38.0
LOLTMNT05_186470,LEC,2026-04-24 15:13:43,Blue,Shifters,complete,2238,True,3586.0,1278.0,16.0,2.0,1,1042.0,632.0,15.0
LOLTMNT05_186470,LEC,2026-04-24 15:13:43,Red,Fnatic,complete,2238,True,-3586.0,-1278.0,-16.0,-2.0,0,-1042.0,-632.0,-15.0
LOLTMNT05_186480,LEC,2026-04-24 16:30:41,Blue,Shifters,complete,2062,True,2580.0,1437.0,29.0,-1.0,1,801.0,1371.0,12.0
LOLTMNT05_186480,LEC,2026-04-24 16:30:41,Red,Fnatic,complete,2062,True,-2580.0,-1437.0,-29.0,1.0,0,-801.0,-1371.0,-12.0
LOLTMNT05_185468,LEC,2026-04-24 17:45:31,Blue,Natus Vincere,complete,2364,True,-213.0,-839.0,-1.0,0.0,1,-1633.0,-1896.0,-5.0
LOLTMNT05_185468,LEC,2026-04-24 17:45:31,Red,Karmine Corp,complete,2364,True,213.0,839.0,1.0,0.0,0,1633.0,1896.0,5.0
LOLTMNT05_185471,LEC,2026-04-24 18:49:39,Blue,Natus Vincere,complete,1780,True,778.0,1049.0,-24.0,2.0,1,-351.0,28.0,-2.0
LOLTMNT05_185471,LEC,2026-04-24 18:49:39,Red,Karmine Corp,complete,1780,True,-778.0,-1049.0,24.0,-2.0,0,351.0,-28.0,2.0
13239-13239_game_1,LPL,2026-04-25 07:14:50,Blue,Top Esports,complete,1839,True,1861.0,1353.0,65.0,0.0,1,1042.0,253.0,14.0
13239-13239_game_1,LPL,2026-04-25 07:14:50,Red,Ninjas in Pyjamas,complete,1839,True,-1861.0,-1353.0,-65.0,0.0,0,-1042.0,-253.0,-14.0
13239-13239_game_2,LPL,2026-04-25 08:07:13,Blue,Top Esports,complete,1961,True,1283.0,180.0,20.0,1.0,1,1559.0,2045.0,28.0
13239-13239_game_2,LPL,2026-04-25 08:07:13,Red,Ninjas in Pyjamas,complete,1961,True,-1283.0,-180.0,-20.0,-1.0,0,-1559.0,-2045.0,-28.0
LOLTMNT02_388457,LCK,2026-04-25 08:07:29,Blue,HANJIN BRION,complete,2887,True,-1742.0,1009.0,-6.0,-1.0,1,-1786.0,99.0,-25.0
LOLTMNT02_388457,LCK,2026-04-25 08:07:29,Red,T1,complete,2887,True,1742.0,-1009.0,6.0,1.0,0,1786.0,-99.0,25.0
LOLTMNT02_387639,LCP,2026-04-25 09:16:43,Blue,GAM Esports,complete,1533,True,6239.0,2872.0,31.0,6.0,1,2709.0,1665.0,11.0
LOLTMNT02_387639,LCP,2026-04-25 09:16:43,Red,DetonatioN FocusMe,complete,1533,True,-6239.0,-2872.0,-31.0,-6.0,0,-2709.0,-1665.0,-11.0
13240-13240_game_1,LPL,2026-04-25 09:18:25,Blue,JD Gaming,complete,2256,True,1294.0,91.0,45.0,1.0,1,-2018.0,-2100.0,-3.0
13240-13240_game_1,LPL,2026-04-25 09:18:25,Red,Team WE,complete,2256,True,-1294.0,-91.0,-45.0,-1.0,0,2018.0,2100.0,3.0
LOLTMNT02_388485,LCK,2026-04-25 09:20:29,Blue,T1,complete,2632,True,2628.0,-1412.0,7.0,0.0,1,1056.0,-507.0,-15.0
LOLTMNT02_388485,LCK,2026-04-25 09:20:29,Red,HANJIN BRION,complete,2632,True,-2628.0,1412.0,-7.0,0.0,0,-1056.0,507.0,15.0
LOLTMNT02_388510,LCP,2026-04-25 10:12:45,Blue,DetonatioN FocusMe,complete,2681,True,1299.0,-2013.0,7.0,1.0,1,-2905.0,-3869.0,-27.0
LOLTMNT02_388510,LCP,2026-04-25 10:12:45,Red,GAM Esports,complete,2681,True,-1299.0,2013.0,-7.0,-1.0,0,2905.0,3869.0,27.0
13240-13240_game_2,LPL,2026-04-25 10:18:37,Blue,JD Gaming,complete,1632,True,6846.0,4343.0,103.0,3.0,1,2130.0,677.0,19.0
13240-13240_game_2,LPL,2026-04-25 10:18:37,Red,Team WE,complete,1632,True,-6846.0,-4343.0,-103.0,-3.0,0,-2130.0,-677.0,-19.0
LOLTMNT05_185498,LCK,2026-04-25 10:52:42,Blue,Dplus Kia,complete,1672,True,6245.0,3611.0,19.0,6.0,1,2384.0,1401.0,19.0
LOLTMNT05_185498,LCK,2026-04-25 10:52:42,Red,DN SOOPers,complete,1672,True,-6245.0,-3611.0,-19.0,-6.0,0,-2384.0,-1401.0,-19.0
LOLTMNT02_387684,LCP,2026-04-25 11:18:12,Blue,DetonatioN FocusMe,complete,1848,True,-3884.0,-2463.0,-93.0,-2.0,1,-1522.0,-1101.0,-25.0
LOLTMNT02_387684,LCP,2026-04-25 11:18:12,Red,GAM Esports,complete,1848,True,3884.0,2463.0,93.0,2.0,0,1522.0,1101.0,25.0
13241-13241_game_1,LPL,2026-04-25 11:20:53,Blue,Weibo Gaming,complete,1625,True,-63.0,-1657.0,38.0,-4.0,1,-1429.0,-1962.0,-26.0
13241-13241_game_1,LPL,2026-04-25 11:20:53,Red,Anyone's Legend,complete,1625,True,63.0,1657.0,-38.0,4.0,0,1429.0,1962.0,26.0
LOLTMNT05_185506,LCK,2026-04-25 11:43:02,Blue,Dplus Kia,complete,2024,True,3105.0,3738.0,40.0,4.0,1,3376.0,3692.0,28.0
LOLTMNT05_185506,LCK,2026-04-25 11:43:02,Red,DN SOOPers,complete,2024,True,-3105.0,-3738.0,-40.0,-4.0,0,-3376.0,-3692.0,-28.0
13241-13241_game_2,LPL,2026-04-25 12:10:23,Blue,Anyone's Legend,complete,1559,True,-3370.0,-2605.0,-29.0,-6.0,1,1185.0,449.0,-16.0
13241-13241_game_2,LPL,2026-04-25 12:10:23,Red,Weibo Gaming,complete,1559,True,3370.0,2605.0,29.0,6.0,0,-1185.0,-449.0,16.0
LOLTMNT02_387764,LCP,2026-04-25 12:29:09,Blue,Team Secret Whales,complete,1521,True,2548.0,1193.0,60.0,3.0,1,910.0,1177.0,44.0
LOLTMNT02_387764,LCP,2026-04-25 12:29:09,Red,Ground Zero Gaming,complete,1521,True,-2548.0,-1193.0,-60.0,-3.0,0,-910.0,-1177.0,-44.0
13241-13241_game_3,LPL,2026-04-25 12:58:47,Blue,Weibo Gaming,complete,2035,True,1679.0,-913.0,62.0,0.0,1,-367.0,-2450.0,10.0
13241-13241_game_3,LPL,2026-04-25 12:58:47,Red,Anyone's Legend,complete,2035,True,-1679.0,913.0,-62.0,0.0,0,367.0,2450.0,-10.0
LOLTMNT02_388646,LCP,2026-04-25 13:14:39,Blue,Ground Zero Gaming,complete,1889,True,-3627.0,-1842.0,-43.0,-4.0,1,-1085.0,-1640.0,-12.0
LOLTMNT02_388646,LCP,2026-04-25 13:14:39,Red,Team Secret Whales,complete,1889,True,3627.0,1842.0,43.0,4.0,0,1085.0,1640.0,12.0
LOLTMNT05_186550,LEC,2026-04-25 15:17:05,Blue,Natus Vincere,complete,2277,True,1725.0,516.0,-10.0,0.0,1,-58.0,-1292.0,-26.0
LOLTMNT05_186550,LEC,2026-04-25 15:17:05,Red,Fnatic,complete,2277,True,-1725.0,-516.0,10.0,0.0,0,58.0,1292.0,26.0
LOLTMNT02_387934,CBLOL,2026-04-25 16:10:07,Blue,LØS,complete,2361,True,-637.0,-1313.0,-22.0,-1.0,1,411.0,117.0,0.0
LOLTMNT02_387934,CBLOL,2026-04-25 16:10:07,Red,RED Canids,complete,2361,True,637.0,1313.0,22.0,1.0,0,-411.0,-117.0,0.0
LOLTMNT05_186551,LEC,2026-04-25 16:20:19,Blue,Natus Vincere,complete,2353,True,2964.0,2188.0,39.0,1.0,1,925.0,-220.0,5.0
LOLTMNT05_186551,LEC,2026-04-25 16:20:19,Red,Fnatic,complete,2353,True,-2964.0,-2188.0,-39.0,-1.0,0,-925.0,220.0,-5.0
LOLTMNT02_388821,CBLOL,2026-04-25 17:06:51,Blue,RED Canids,complete,1756,True,623.0,438.0,10.0,1.0,1,-1681.0,-2328.0,-26.0
LOLTMNT02_388821,CBLOL,2026-04-25 17:06:51,Red,LØS,complete,1756,True,-623.0,-438.0,-10.0,-1.0,0,1681.0,2328.0,26.0
LOLTMNT05_185529,LEC,2026-04-25 17:25:47,Blue,Natus Vincere,complete,2763,True,-705.0,68.0,39.0,-3.0,1,-464.0,-1162.0,-15.0
LOLTMNT05_185529,LEC,2026-04-25 17:25:47,Red,Fnatic,complete,2763,True,705.0,-68.0,-39.0,3.0,0,464.0,1162.0,15.0
LOLTMNT02_387999,CBLOL,2026-04-25 17:59:25,Blue,paiN Gaming,complete,2032,True,-388.0,-1614.0,44.0,-3.0,1,-785.0,-2585.0,-5.0
LOLTMNT02_387999,CBLOL,2026-04-25 17:59:25,Red,Fluxo W7M,complete,2032,True,388.0,1614.0,-44.0,3.0,0,785.0,2585.0,5.0
LOLTMNT05_185539,LEC,2026-04-25 18:46:53,Blue,Karmine Corp,complete,1749,True,8671.0,8060.0,86.0,9.0,1,5133.0,3799.0,40.0
LOLTMNT05_185539,LEC,2026-04-25 18:46:53,Red,Shifters,complete,1749,True,-8671.0,-8060.0,-86.0,-9.0,0,-5133.0,-3799.0,-40.0
LOLTMNT02_388863,CBLOL,2026-04-25 18:52:16,Blue,Fluxo W7M,complete,1712,True,232.0,379.0,-23.0,0.0,1,1876.0,205.0,-28.0
LOLTMNT02_388863,CBLOL,2026-04-25 18:52:16,Red,paiN Gaming,complete,1712,True,-232.0,-379.0,23.0,0.0,0,-1876.0,-205.0,28.0
LOLTMNT05_186562,LEC,2026-04-25 19:39:22,Blue,Shifters,complete,2432,True,1828.0,484.0,9.0,-1.0,1,702.0,964.0,-9.0
LOLTMNT05_186562,LEC,2026-04-25 19:39:22,Red,Karmine Corp,complete,2432,True,-1828.0,-484.0,-9.0,1.0,0,-702.0,-964.0,9.0
LOLTMNT02_389093,LCS,2026-04-25 20:09:02,Blue,Dignitas,complete,1582,True,-19.0,-1972.0,1.0,0.0,1,-630.0,-1774.0,8.0
LOLTMNT02_389093,LCS,2026-04-25 20:09:02,Red,FlyQuest,complete,1582,True,19.0,1972.0,-1.0,0.0,0,630.0,1774.0,-8.0
LOLTMNT05_185540,LEC,2026-04-25 20:46:35,Blue,Karmine Corp,complete,2194,True,3083.0,2447.0,-12.0,4.0,1,3333.0,2280.0,7.0
LOLTMNT05_185540,LEC,2026-04-25 20:46:35,Red,Shifters,complete,2194,True,-3083.0,-2447.0,12.0,-4.0,0,-3333.0,-2280.0,-7.0
LOLTMNT02_389113,LCS,2026-04-25 20:56:15,Blue,FlyQuest,complete,2567,True,-593.0,2428.0,-12.0,1.0,1,1361.0,2514.0,-1.0
LOLTMNT02_389113,LCS,2026-04-25 20:56:15,Red,Dignitas,complete,2567,True,593.0,-2428.0,12.0,-1.0,0,-1361.0,-2514.0,1.0
LOLTMNT02_389144,LCS,2026-04-25 22:08:21,Blue,Shopify Rebellion,complete,2148,True,-2217.0,-2558.0,-53.0,-3.0,1,-983.0,-1598.0,-25.0
LOLTMNT02_389144,LCS,2026-04-25 22:08:21,Red,Cloud9,complete,2148,True,2217.0,2558.0,53.0,3.0,0,983.0,1598.0,25.0
LOLTMNT02_388989,LCS,2026-04-25 23:00:25,Blue,Cloud9,complete,1414,True,9576.0,9800.0,130.0,11.0,1,5923.0,6002.0,68.0
LOLTMNT02_388989,LCS,2026-04-25 23:00:25,Red,Shopify Rebellion,complete,1414,True,-9576.0,-9800.0,-130.0,-11.0,0,-5923.0,-6002.0,-68.0
LOLTMNT02_390173,LCK,2026-04-26 08:06:17,Blue,BNK FEARX,complete,1417,True,-7402.0,-3592.0,-91.0,-6.0,1,-1877.0,359.0,-30.0
LOLTMNT02_390173,LCK,2026-04-26 08:06:17,Red,T1,complete,1417,True,7402.0,3592.0,91.0,6.0,0,1877.0,-359.0,30.0
LOLTMNT02_390189,LCK,2026-04-26 08:50:58,Blue,BNK FEARX,complete,2247,True,2784.0,4047.0,-51.0,8.0,1,1492.0,389.0,-32.0
LOLTMNT02_390189,LCK,2026-04-26 08:50:58,Red,T1,complete,2247,True,-2784.0,-4047.0,51.0,-8.0,0,-1492.0,-389.0,32.0
13242-13242_game_1,LPL,2026-04-26 09:12:56,Blue,Ultra Prime,complete,2381,True,-2136.0,-389.0,-48.0,-3.0,1,2407.0,2169.0,0.0
13242-13242_game_1,LPL,2026-04-26 09:12:56,Red,LGD Gaming,complete,2381,True,2136.0,389.0,48.0,3.0,0,-2407.0,-2169.0,0.0
LOLTMNT02_389380,LCP,2026-04-26 09:23:18,Blue,Fukuoka SoftBank HAWKS gaming,complete,2607,True,-857.0,1043.0,-9.0,2.0,1,536.0,2327.0,7.0
LOLTMNT02_389380,LCP,2026-04-26 09:23:18,Red,Deep Cross Gaming,complete,2607,True,857.0,-1043.0,9.0,-2.0,0,-536.0,-2327.0,-7.0
13242-13242_game_2,LPL,2026-04-26 10:13:28,Blue,Ultra Prime,complete,2184,True,-3197.0,81.0,21.0,-1.0,1,-2503.0,-1097.0,-6.0
13242-13242_game_2,LPL,2026-04-26 10:13:28,Red,LGD Gaming,complete,2184,True,3197.0,-81.0,-21.0,1.0,0,2503.0,1097.0,6.0
LOLTMNT05_185559,LCK,2026-04-26 10:15:14,Blue,Nongshim RedForce,complete,1868,True,-412.0,-1436.0,19.0,-6.0,1,496.0,-1106.0,8.0
LOLTMNT05_185559,LCK,2026-04-26 10:15:14,Red,Gen.G,complete,1868,True,412.0,1436.0,-19.0,6.0,0,-496.0,1106.0,-8.0
LOLTMNT02_389401,LCP,2026-04-26 10:27:33,Blue,Fukuoka SoftBank HAWKS gaming,complete,1795,True,5744.0,3703.0,9.0,5.0,1,2706.0,619.0,-10.0
LOLTMNT02_389401,LCP,2026-04-26 10:27:33,Red,Deep Cross Gaming,complete,1795,True,-5744.0,-3703.0,-9.0,-5.0,0,-2706.0,-619.0,10.0
LOLTMNT05_185563,LCK,2026-04-26 11:09:55,Blue,Nongshim RedForce,complete,1573,True,-6647.0,-2903.0,-96.0,-2.0,1,-2793.0,-1539.0,-42.0
LOLTMNT05_185563,LCK,2026-04-26 11:09:55,Red,Gen.G,complete,1573,True,6647.0,2903.0,96.0,2.0,0,2793.0,1539.0,42.0
13243-13243_game_1,LPL,2026-04-26 11:30:40,Blue,Bilibili Gaming,complete,1671,True,643.0,1632.0,-1.0,-1.0,1,2683.0,2449.0,19.0
13243-13243_game_1,LPL,2026-04-26 11:30:40,Red,Weibo Gaming,complete,1671,True,-643.0,-1632.0,1.0,1.0,0,-2683.0,-2449.0,-19.0
LOLTMNT02_389437,LCP,2026-04-26 11:41:25,Blue,CTBC Flying Oyster,complete,2109,True,-337.0,86.0,-45.0,-2.0,1,2669.0,2190.0,-6.0
LOLTMNT02_389437,LCP,2026-04-26 11:41:25,Red,MVK Esports,complete,2109,True,337.0,-86.0,45.0,2.0,0,-2669.0,-2190.0,6.0
13243-13243_game_2,LPL,2026-04-26 12:20:44,Blue,Weibo Gaming,complete,2108,True,-834.0,-1083.0,-15.0,-1.0,1,-1088.0,-712.0,7.0
13243-13243_game_2,LPL,2026-04-26 12:20:44,Red,Bilibili Gaming,complete,2108,True,834.0,1083.0,15.0,1.0,0,1088.0,712.0,-7.0
LOLTMNT02_389476,LCP,2026-04-26 12:37:30,Blue,CTBC Flying Oyster,complete,1935,True,-3117.0,-1579.0,-94.0,0.0,1,-4473.0,-531.0,-18.0
LOLTMNT02_389476,LCP,2026-04-26 12:37:30,Red,MVK Esports,complete,1935,True,3117.0,1579.0,94.0,0.0,0,4473.0,531.0,18.0
LOLTMNT05_185596,LEC,2026-04-26 15:15:52,Blue,Natus Vincere,complete,2666,True,981.0,-765.0,19.0,1.0,1,-875.0,-2051.0,21.0
LOLTMNT05_185596,LEC,2026-04-26 15:15:52,Red,Shifters,complete,2666,True,-981.0,765.0,-19.0,-1.0,0,875.0,2051.0,-21.0
LOLTMNT02_389612,CBLOL,2026-04-26 16:10:23,Blue,FURIA,complete,2556,True,2787.0,2949.0,34.0,3.0,1,2808.0,1865.0,17.0
LOLTMNT02_389612,CBLOL,2026-04-26 16:10:23,Red,LOUD,complete,2556,True,-2787.0,-2949.0,-34.0,-3.0,0,-2808.0,-1865.0,-17.0
LOLTMNT05_185599,LEC,2026-04-26 16:25:18,Blue,Natus Vincere,complete,1877,True,-8416.0,-5642.0,-51.0,-9.0,1,-6358.0,-5080.0,-20.0
LOLTMNT05_185599,LEC,2026-04-26 16:25:18,Red,Shifters,complete,1877,True,8416.0,5642.0,51.0,9.0,0,6358.0,5080.0,20.0
LOLTMNT02_389640,CBLOL,2026-04-26 17:11:45,Blue,LOUD,complete,2287,True,2552.0,1698.0,27.0,0.0,1,1188.0,-118.0,-17.0
LOLTMNT02_389640,CBLOL,2026-04-26 17:11:45,Red,FURIA,complete,2287,True,-2552.0,-1698.0,-27.0,0.0,0,-1188.0,118.0,17.0
LOLTMNT05_186617,LEC,2026-04-26 17:21:11,Blue,Natus Vincere,complete,2202,True,6042.0,4327.0,31.0,5.0,1,2726.0,2572.0,31.0
LOLTMNT05_186617,LEC,2026-04-26 17:21:11,Red,Shifters,complete,2202,True,-6042.0,-4327.0,-31.0,-5.0,0,-2726.0,-2572.0,-31.0
LOLTMNT02_390531,CBLOL,2026-04-26 18:08:36,Blue,FURIA,complete,1633,True,6022.0,5247.0,55.0,5.0,1,1277.0,1516.0,16.0
LOLTMNT02_390531,CBLOL,2026-04-26 18:08:36,Red,LOUD,complete,1633,True,-6022.0,-5247.0,-55.0,-5.0,0,-1277.0,-1516.0,-16.0
LOLTMNT05_185611,LEC,2026-04-26 18:35:23,Blue,Karmine Corp,complete,1874,True,-3474.0,-1932.0,0.0,-9.0,1,111.0,-449.0,-11.0
LOLTMNT05_185611,LEC,2026-04-26 18:35:23,Red,Fnatic,complete,1874,True,3474.0,1932.0,0.0,9.0,0,-111.0,449.0,11.0
LOLTMNT02_390565,CBLOL,2026-04-26 18:57:12,Blue,Vivo Keyd Stars,complete,2284,True,1907.0,185.0,43.0,6.0,1,-4823.0,-4231.0,-31.0
LOLTMNT02_390565,CBLOL,2026-04-26 18:57:12,Red,Leviatan,complete,2284,True,-1907.0,-185.0,-43.0,-6.0,0,4823.0,4231.0,31.0
LOLTMNT05_185612,LEC,2026-04-26 19:35:08,Blue,Karmine Corp,complete,2327,True,-1481.0,-371.0,29.0,-6.0,1,257.0,-137.0,20.0
LOLTMNT05_185612,LEC,2026-04-26 19:35:08,Red,Fnatic,complete,2327,True,1481.0,371.0,-29.0,6.0,0,-257.0,137.0,-20.0
LOLTMNT02_390601,CBLOL,2026-04-26 19:52:56,Blue,Vivo Keyd Stars,complete,1927,True,3397.0,3944.0,58.0,5.0,1,1072.0,2247.0,31.0
LOLTMNT02_390601,CBLOL,2026-04-26 19:52:56,Red,Leviatan,complete,1927,True,-3397.0,-3944.0,-58.0,-5.0,0,-1072.0,-2247.0,-31.0
LOLTMNT02_390611,LCS,2026-04-26 20:07:03,Blue,Disguised,complete,2233,True,-228.0,-1498.0,16.0,-2.0,1,-1517.0,-1418.0,-13.0
LOLTMNT02_390611,LCS,2026-04-26 20:07:03,Red,LYON,complete,2233,True,228.0,1498.0,-16.0,2.0,0,1517.0,1418.0,13.0
LOLTMNT05_185613,LEC,2026-04-26 20:41:34,Blue,Fnatic,complete,1962,True,-3509.0,-3019.0,-60.0,-1.0,1,-1647.0,-1971.0,-26.0
LOLTMNT05_185613,LEC,2026-04-26 20:41:34,Red,Karmine Corp,complete,1962,True,3509.0,3019.0,60.0,1.0,0,1647.0,1971.0,26.0
LOLTMNT02_390623,LCS,2026-04-26 21:06:20,Blue,LYON,complete,1790,True,4119.0,2935.0,41.0,4.0,1,686.0,1217.0,0.0
LOLTMNT02_390623,LCS,2026-04-26 21:06:20,Red,Disguised,complete,1790,True,-4119.0,-2935.0,-41.0,-4.0,0,-686.0,-1217.0,0.0
LOLTMNT02_390637,LCS,2026-04-26 21:56:04,Blue,Team Liquid,complete,1421,True,4236.0,4454.0,20.0,6.0,1,2897.0,3692.0,33.0
LOLTMNT02_390637,LCS,2026-04-26 21:56:04,Red,Sentinels,complete,1421,True,-4236.0,-4454.0,-20.0,-6.0,0,-2897.0,-3692.0,-33.0
LOLTMNT02_390647,LCS,2026-04-26 22:39:07,Blue,Team Liquid,complete,2906,True,2682.0,2022.0,75.0,-2.0,1,2045.0,764.0,-9.0
LOLTMNT02_390647,LCS,2026-04-26 22:39:07,Red,Sentinels,complete,2906,True,-2682.0,-2022.0,-75.0,2.0,0,-2045.0,-764.0,9.0
LOLTMNT02_390651,LCS,2026-04-26 23:48:02,Blue,Team Liquid,complete,1797,True,1939.0,903.0,54.0,-2.0,1,-613.0,-834.0,-8.0
LOLTMNT02_390651,LCS,2026-04-26 23:48:02,Red,Sentinels,complete,1797,True,-1939.0,-903.0,-54.0,2.0,0,613.0,834.0,8.0
13244-13244_game_1,LPL,2026-04-28 09:13:28,Blue,Invictus Gaming,complete,1627,True,-1250.0,-2526.0,-26.0,-3.0,1,-2134.0,-3416.0,-44.0
13244-13244_game_1,LPL,2026-04-28 09:13:28,Red,Anyone's Legend,complete,1627,True,1250.0,2526.0,26.0,3.0,0,2134.0,3416.0,44.0
13244-13244_game_2,LPL,2026-04-28 10:06:13,Blue,Anyone's Legend,complete,2336,True,-187.0,1361.0,78.0,-1.0,1,-634.0,511.0,25.0
13244-13244_game_2,LPL,2026-04-28 10:06:13,Red,Invictus Gaming,complete,2336,True,187.0,-1361.0,-78.0,1.0,0,634.0,-511.0,-25.0
13245-13245_game_1,LPL,2026-04-28 11:23:55,Blue,Top Esports,complete,2281,True,-1503.0,-1782.0,-7.0,-2.0,1,-593.0,-1754.0,-29.0
13245-13245_game_1,LPL,2026-04-28 11:23:55,Red,Weibo Gaming,complete,2281,True,1503.0,1782.0,7.0,2.0,0,593.0,1754.0,29.0
13245-13245_game_2,LPL,2026-04-28 12:25:38,Blue,Top Esports,complete,2161,True,-3880.0,-2418.0,-16.0,-7.0,1,-767.0,-567.0,-5.0
13245-13245_game_2,LPL,2026-04-28 12:25:38,Red,Weibo Gaming,complete,2161,True,3880.0,2418.0,16.0,7.0,0,767.0,567.0,5.0
LOLTMNT05_185757,LCK,2026-04-29 08:05:12,Blue,Nongshim RedForce,complete,1789,True,-4787.0,-4018.0,-39.0,-6.0,1,-2175.0,-2287.0,-14.0
LOLTMNT05_185757,LCK,2026-04-29 08:05:12,Red,T1,complete,1789,True,4787.0,4018.0,39.0,6.0,0,2175.0,2287.0,14.0
LOLTMNT05_185758,LCK,2026-04-29 08:56:14,Blue,T1,complete,1787,True,5807.0,2507.0,17.0,5.0,1,3763.0,2718.0,19.0
LOLTMNT05_185758,LCK,2026-04-29 08:56:14,Red,Nongshim RedForce,complete,1787,True,-5807.0,-2507.0,-17.0,-5.0,0,-3763.0,-2718.0,-19.0
13246-13246_game_1,LPL,2026-04-29 09:19:47,Blue,JD Gaming,complete,1861,True,1560.0,1073.0,36.0,1.0,1,14.0,-484.0,8.0
13246-13246_game_1,LPL,2026-04-29 09:19:47,Red,Ninjas in Pyjamas,complete,1861,True,-1560.0,-1073.0,-36.0,-1.0,0,-14.0,484.0,-8.0
LOLTMNT05_185774,LCK,2026-04-29 10:15:19,Blue,KT Rolster,complete,1750,True,-1417.0,-2918.0,-10.0,-2.0,1,-791.0,-659.0,-6.0
LOLTMNT05_185774,LCK,2026-04-29 10:15:19,Red,Hanwha Life Esports,complete,1750,True,1417.0,2918.0,10.0,2.0,0,791.0,659.0,6.0
13246-13246_game_2,LPL,2026-04-29 10:16:40,Blue,Ninjas in Pyjamas,complete,2246,True,81.0,-264.0,-4.0,-1.0,1,489.0,657.0,-5.0
13246-13246_game_2,LPL,2026-04-29 10:16:40,Red,JD Gaming,complete,2246,True,-81.0,264.0,4.0,1.0,0,-489.0,-657.0,5.0
LOLTMNT05_185776,LCK,2026-04-29 11:07:22,Blue,Hanwha Life Esports,complete,1878,True,5236.0,1922.0,0.0,7.0,1,2209.0,1328.0,-6.0
LOLTMNT05_185776,LCK,2026-04-29 11:07:22,Red,KT Rolster,complete,1878,True,-5236.0,-1922.0,0.0,-7.0,0,-2209.0,-1328.0,6.0
13247-13247_game_1,LPL,2026-04-29 11:33:11,Blue,Bilibili Gaming,complete,2050,True,6597.0,6849.0,119.0,2.0,1,5819.0,5759.0,56.0
13247-13247_game_1,LPL,2026-04-29 11:33:11,Red,Team WE,complete,2050,True,-6597.0,-6849.0,-119.0,-2.0,0,-5819.0,-5759.0,-56.0
13247-13247_game_2,LPL,2026-04-29 12:35:06,Blue,Team WE,complete,2591,True,1025.0,528.0,-3.0,4.0,1,160.0,509.0,2.0
13247-13247_game_2,LPL,2026-04-29 12:35:06,Red,Bilibili Gaming,complete,2591,True,-1025.0,-528.0,3.0,-4.0,0,-160.0,-509.0,-2.0
LOLTMNT02_394110,LCK,2026-04-30 08:06:44,Blue,Gen.G,complete,1573,True,6869.0,4048.0,71.0,8.0,1,3047.0,2496.0,42.0
LOLTMNT02_394110,LCK,2026-04-30 08:06:44,Red,Kiwoom DRX,complete,1573,True,-6869.0,-4048.0,-71.0,-8.0,0,-3047.0,-2496.0,-42.0
LOLTMNT02_395085,LCK,2026-04-30 08:55:13,Blue,Kiwoom DRX,complete,1840,True,4427.0,2781.0,-27.0,8.0,1,539.0,-1937.0,-27.0
LOLTMNT02_395085,LCK,2026-04-30 08:55:13,Red,Gen.G,complete,1840,True,-4427.0,-2781.0,27.0,-8.0,0,-539.0,1937.0,27.0
13248-13248_game_1,LPL,2026-04-30 09:13:37,Blue,ThunderTalk Gaming,complete,1628,True,4780.0,867.0,46.0,3.0,1,1099.0,-144.0,4.0
13248-13248_game_1,LPL,2026-04-30 09:13:37,Red,LGD Gaming,complete,1628,True,-4780.0,-867.0,-46.0,-3.0,0,-1099.0,144.0,-4.0
LOLTMNT02_395093,LCK,2026-04-30 09:47:45,Blue,Kiwoom DRX,complete,2272,True,-2391.0,-1741.0,-79.0,0.0,1,-1632.0,-1048.0,-34.0
LOLTMNT02_395093,LCK,2026-04-30 09:47:45,Red,Gen.G,complete,2272,True,2391.0,1741.0,79.0,0.0,0,1632.0,1048.0,34.0
13248-13248_game_2,LPL,2026-04-30 10:02:35,Blue,ThunderTalk Gaming,complete,1590,True,-1582.0,-2395.0,10.0,-2.0,1,-1304.0,-2117.0,-2.0
13248-13248_game_2,LPL,2026-04-30 10:02:35,Red,LGD Gaming,complete,1590,True,1582.0,2395.0,-10.0,2.0,0,1304.0,2117.0,2.0
13248-13248_game_3,LPL,2026-04-30 10:52:15,Blue,LGD Gaming,complete,2085,True,994.0,-757.0,-60.0,2.0,1,-348.0,-1566.0,-38.0
13248-13248_game_3,LPL,2026-04-30 10:52:15,Red,ThunderTalk Gaming,complete,2085,True,-994.0,757.0,60.0,-2.0,0,348.0,1566.0,38.0
LOLTMNT02_394154,LCK,2026-04-30 11:13:48,Blue,BNK FEARX,complete,1924,True,-1788.0,-2136.0,-10.0,-4.0,1,-1309.0,-2572.0,-22.0
LOLTMNT02_394154,LCK,2026-04-30 11:13:48,Red,Dplus Kia,complete,1924,True,1788.0,2136.0,10.0,4.0,0,1309.0,2572.0,22.0
13249-13249_game_1,LPL,2026-04-30 12:06:50,Blue,EDward Gaming,complete,1853,True,4442.0,1820.0,109.0,0.0,1,1888.0,-777.0,25.0
13249-13249_game_1,LPL,2026-04-30 12:06:50,Red,Ultra Prime,complete,1853,True,-4442.0,-1820.0,-109.0,0.0,0,-1888.0,777.0,-25.0
LOLTMNT02_395149,LCK,2026-04-30 12:08:17,Blue,BNK FEARX,complete,1694,True,-2794.0,-1539.0,-61.0,-1.0,1,-2668.0,-1593.0,-38.0
LOLTMNT02_395149,LCK,2026-04-30 12:08:17,Red,Dplus Kia,complete,1694,True,2794.0,1539.0,61.0,1.0,0,2668.0,1593.0,38.0
13249-13249_game_2,LPL,2026-04-30 12:58:42,Blue,EDward Gaming,complete,2373,True,82.0,-949.0,0.0,-2.0,1,893.0,730.0,21.0
13249-13249_game_2,LPL,2026-04-30 12:58:42,Red,Ultra Prime,complete,2373,True,-82.0,949.0,0.0,2.0,0,-893.0,-730.0,-21.0
13249-13249_game_3,LPL,2026-04-30 14:04:33,Blue,EDward Gaming,complete,2187,True,2216.0,612.0,12.0,2.0,1,-858.0,-1132.0,-8.0
13249-13249_game_3,LPL,2026-04-30 14:04:33,Red,Ultra Prime,complete,2187,True,-2216.0,-612.0,-12.0,-2.0,0,858.0,1132.0,8.0
LOLTMNT02_395369,LCK,2026-05-01 08:06:11,Blue,HANJIN BRION,complete,1853,True,4018.0,1997.0,35.0,4.0,1,1804.0,1361.0,29.0
LOLTMNT02_395369,LCK,2026-05-01 08:06:11,Red,DN SOOPers,complete,1853,True,-4018.0,-1997.0,-35.0,-4.0,0,-1804.0,-1361.0,-29.0
LOLTMNT02_394364,LCK,2026-05-01 08:58:55,Blue,HANJIN BRION,complete,2139,True,2300.0,1562.0,-19.0,3.0,1,3021.0,1604.0,14.0
LOLTMNT02_394364,LCK,2026-05-01 08:58:55,Red,DN SOOPers,complete,2139,True,-2300.0,-1562.0,19.0,-3.0,0,-3021.0,-1604.0,-14.0
13250-13250_game_1,LPL,2026-05-01 09:14:43,Blue,Anyone's Legend,complete,1967,True,-768.0,-885.0,-30.0,1.0,1,-1257.0,-1847.0,-26.0
13250-13250_game_1,LPL,2026-05-01 09:14:43,Red,Top Esports,complete,1967,True,768.0,885.0,30.0,-1.0,0,1257.0,1847.0,26.0
13250-13250_game_2,LPL,2026-05-01 10:12:33,Blue,Anyone's Legend,complete,1903,True,5356.0,5130.0,13.0,10.0,1,499.0,466.0,-16.0
13250-13250_game_2,LPL,2026-05-01 10:12:33,Red,Top Esports,complete,1903,True,-5356.0,-5130.0,-13.0,-10.0,0,-499.0,-466.0,16.0
LOLTMNT02_395396,LCK,2026-05-01 10:22:34,Blue,Hanwha Life Esports,complete,2007,True,-462.0,-394.0,-14.0,-5.0,1,1646.0,2012.0,12.0
LOLTMNT02_395396,LCK,2026-05-01 10:22:34,Red,T1,complete,2007,True,462.0,394.0,14.0,5.0,0,-1646.0,-2012.0,-12.0
LOLTMNT02_395404,LCK,2026-05-01 11:19:40,Blue,Hanwha Life Esports,complete,2088,True,2471.0,2768.0,43.0,3.0,1,2603.0,2031.0,25.0
LOLTMNT02_395404,LCK,2026-05-01 11:19:40,Red,T1,complete,2088,True,-2471.0,-2768.0,-43.0,-3.0,0,-2603.0,-2031.0,-25.0
13251-13251_game_1,LPL,2026-05-01 11:34:18,Blue,Invictus Gaming,complete,2170,True,-606.0,2106.0,-3.0,1.0,1,-483.0,305.0,-14.0
13251-13251_game_1,LPL,2026-05-01 11:34:18,Red,Weibo Gaming,complete,2170,True,606.0,-2106.0,3.0,-1.0,0,483.0,-305.0,14.0
LOLTMNT02_395414,LCK,2026-05-01 12:17:37,Blue,T1,complete,1806,True,-4069.0,-2666.0,-72.0,-2.0,1,-444.0,756.0,4.0
LOLTMNT02_395414,LCK,2026-05-01 12:17:37,Red,Hanwha Life Esports,complete,1806,True,4069.0,2666.0,72.0,2.0,0,444.0,-756.0,-4.0
13251-13251_game_2,LPL,2026-05-01 12:34:20,Blue,Weibo Gaming,complete,2028,True,-3011.0,-3093.0,-7.0,-3.0,1,-1520.0,-1221.0,11.0
13251-13251_game_2,LPL,2026-05-01 12:34:20,Red,Invictus Gaming,complete,2028,True,3011.0,3093.0,7.0,3.0,0,1520.0,1221.0,-11.0
13251-13251_game_3,LPL,2026-05-01 13:30:27,Blue,Invictus Gaming,complete,1608,True,4424.0,4.0,-28.0,7.0,1,1546.0,-1088.0,-12.0
13251-13251_game_3,LPL,2026-05-01 13:30:27,Red,Weibo Gaming,complete,1608,True,-4424.0,-4.0,28.0,-7.0,0,-1546.0,1088.0,12.0
13252-13252_game_1,LPL,2026-05-02 07:12:44,Blue,Team WE,complete,2247,True,2905.0,2687.0,-31.0,7.0,1,4873.0,4244.0,32.0
13252-13252_game_1,LPL,2026-05-02 07:12:44,Red,JD Gaming,complete,2247,True,-2905.0,-2687.0,31.0,-7.0,0,-4873.0,-4244.0,-32.0
LOLTMNT02_395585,LCK,2026-05-02 08:06:29,Blue,Dplus Kia,complete,1635,True,656.0,-2243.0,-10.0,-1.0,1,-501.0,-1790.0,3.0
LOLTMNT02_395585,LCK,2026-05-02 08:06:29,Red,Gen.G,complete,1635,True,-656.0,2243.0,10.0,1.0,0,501.0,1790.0,-3.0
13252-13252_game_2,LPL,2026-05-02 08:11:32,Blue,JD Gaming,complete,1649,True,10730.0,8497.0,115.0,7.0,1,4211.0,4288.0,15.0
13252-13252_game_2,LPL,2026-05-02 08:11:32,Red,Team WE,complete,1649,True,-10730.0,-8497.0,-115.0,-7.0,0,-4211.0,-4288.0,-15.0
LOLTMNT02_395589,LCK,2026-05-02 08:55:15,Blue,Gen.G,complete,1888,True,-3095.0,-3469.0,-50.0,0.0,1,-2058.0,-1896.0,-17.0
LOLTMNT02_395589,LCK,2026-05-02 08:55:15,Red,Dplus Kia,complete,1888,True,3095.0,3469.0,50.0,0.0,0,2058.0,1896.0,17.0
13252-13252_game_3,LPL,2026-05-02 09:03:51,Blue,JD Gaming,complete,1669,True,5600.0,3963.0,64.0,9.0,1,2398.0,2513.0,23.0
13252-13252_game_3,LPL,2026-05-02 09:03:51,Red,Team WE,complete,1669,True,-5600.0,-3963.0,-64.0,-9.0,0,-2398.0,-2513.0,-23.0
LOLTMNT01_369770,LCP,2026-05-02 09:19:22,Blue,Ground Zero Gaming,complete,1804,True,-1690.0,-191.0,-46.0,-1.0,1,840.0,1156.0,-1.0
LOLTMNT01_369770,LCP,2026-05-02 09:19:22,Red,MVK Esports,complete,1804,True,1690.0,191.0,46.0,1.0,0,-840.0,-1156.0,1.0
LOLTMNT02_394531,LCK,2026-05-02 09:50:07,Blue,Dplus Kia,complete,1624,True,-5921.0,-4877.0,-50.0,-4.0,1,-3369.0,-2240.0,-12.0
LOLTMNT02_394531,LCK,2026-05-02 09:50:07,Red,Gen.G,complete,1624,True,5921.0,4877.0,50.0,4.0,0,3369.0,2240.0,12.0
LOLTMNT01_369789,LCP,2026-05-02 10:09:44,Blue,Ground Zero Gaming,complete,1808,True,-3315.0,-3685.0,-23.0,-5.0,1,-3152.0,-3773.0,-37.0
LOLTMNT01_369789,LCP,2026-05-02 10:09:44,Red,MVK Esports,complete,1808,True,3315.0,3685.0,23.0,5.0,0,3152.0,3773.0,37.0
13253-13253_game_1,LPL,2026-05-02 10:17:29,Blue,Weibo Gaming,complete,1555,True,-4998.0,-4963.0,-40.0,-9.0,1,-3641.0,-4979.0,-23.0
13253-13253_game_1,LPL,2026-05-02 10:17:29,Red,Top Esports,complete,1555,True,4998.0,4963.0,40.0,9.0,0,3641.0,4979.0,23.0
LOLTMNT02_394554,LCK,2026-05-02 11:03:54,Blue,Kiwoom DRX,complete,1712,True,3479.0,2511.0,-3.0,6.0,1,3943.0,3637.0,2.0
LOLTMNT02_394554,LCK,2026-05-02 11:03:54,Red,Nongshim RedForce,complete,1712,True,-3479.0,-2511.0,3.0,-6.0,0,-3943.0,-3637.0,-2.0
13253-13253_game_2,LPL,2026-05-02 11:08:56,Blue,Top Esports,complete,1742,True,5214.0,2693.0,10.0,5.0,1,3252.0,1397.0,10.0
13253-13253_game_2,LPL,2026-05-02 11:08:56,Red,Weibo Gaming,complete,1742,True,-5214.0,-2693.0,-10.0,-5.0,0,-3252.0,-1397.0,-10.0
LOLTMNT01_369848,LCP,2026-05-02 11:17:30,Blue,Deep Cross Gaming,complete,2074,True,-3862.0,-683.0,-11.0,-4.0,1,-715.0,713.0,-7.0
LOLTMNT01_369848,LCP,2026-05-02 11:17:30,Red,GAM Esports,complete,2074,True,3862.0,683.0,11.0,4.0,0,715.0,-713.0,7.0
LOLTMNT02_395635,LCK,2026-05-02 11:52:31,Blue,Kiwoom DRX,complete,2273,True,-103.0,772.0,-11.0,3.0,1,-101.0,279.0,-12.0
LOLTMNT02_395635,LCK,2026-05-02 11:52:31,Red,Nongshim RedForce,complete,2273,True,103.0,-772.0,11.0,-3.0,0,101.0,-279.0,12.0
LOLTMNT01_370826,LCP,2026-05-02 12:10:57,Blue,Deep Cross Gaming,complete,1983,True,-2530.0,-4601.0,-8.0,-2.0,1,-2065.0,-1708.0,16.0
LOLTMNT01_370826,LCP,2026-05-02 12:10:57,Red,GAM Esports,complete,1983,True,2530.0,4601.0,8.0,2.0,0,2065.0,1708.0,-16.0
13254-13254_game_1,LPL,2026-05-02 12:18:27,Blue,Invictus Gaming,complete,1519,True,-3674.0,-3529.0,-37.0,-7.0,1,-1267.0,-2098.0,-4.0
13254-13254_game_1,LPL,2026-05-02 12:18:27,Red,Anyone's Legend,complete,1519,True,3674.0,3529.0,37.0,7.0,0,1267.0,2098.0,4.0
LOLTMNT01_370868,LCP,2026-05-02 13:03:46,Blue,Deep Cross Gaming,complete,1827,True,1253.0,872.0,39.0,0.0,1,1752.0,844.0,20.0
LOLTMNT01_370868,LCP,2026-05-02 13:03:46,Red,GAM Esports,complete,1827,True,-1253.0,-872.0,-39.0,0.0,0,-1752.0,-844.0,-20.0
13254-13254_game_2,LPL,2026-05-02 13:07:58,Blue,Anyone's Legend,complete,1679,True,2009.0,5582.0,10.0,6.0,1,3582.0,5023.0,29.0
13254-13254_game_2,LPL,2026-05-02 13:07:58,Red,Invictus Gaming,complete,1679,True,-2009.0,-5582.0,-10.0,-6.0,0,-3582.0,-5023.0,-29.0
LOLTMNT04_159184,LEC,2026-05-02 15:08:13,Blue,Team Heretics,complete,1792,True,-3545.0,-268.0,-33.0,-1.0,1,-1343.0,-325.0,-6.0
LOLTMNT04_159184,LEC,2026-05-02 15:08:13,Red,Fnatic,complete,1792,True,3545.0,268.0,33.0,1.0,0,1343.0,325.0,6.0
LOLTMNT04_160146,LEC,2026-05-02 15:57:13,Blue,Fnatic,complete,2249,True,-1318.0,-1017.0,-46.0,-1.0,1,-1922.0,-2687.0,-27.0
LOLTMNT04_160146,LEC,2026-05-02 15:57:13,Red,Team Heretics,complete,2249,True,1318.0,1017.0,46.0,1.0,0,1922.0,2687.0,27.0
LOLTMNT01_372029,CBLOL,2026-05-02 16:10:24,Blue,paiN Gaming,complete,1584,True,4331.0,3446.0,45.0,2.0,1,3976.0,2841.0,34.0
LOLTMNT01_372029,CBLOL,2026-05-02 16:10:24,Red,Leviatan,complete,1584,True,-4331.0,-3446.0,-45.0,-2.0,0,-3976.0,-2841.0,-34.0
LOLTMNT01_371126,CBLOL,2026-05-02 16:56:25,Blue,paiN Gaming,complete,1904,True,4125.0,3671.0,13.0,5.0,1,1909.0,101.0,18.0
LOLTMNT01_371126,CBLOL,2026-05-02 16:56:25,Red,Leviatan,complete,1904,True,-4125.0,-3671.0,-13.0,-5.0,0,-1909.0,-101.0,-18.0
LOLTMNT04_159194,LEC,2026-05-02 16:58:51,Blue,SK Gaming,complete,1890,True,-4357.0,-2803.0,-43.0,-3.0,1,-3687.0,-3259.0,-24.0
LOLTMNT04_159194,LEC,2026-05-02 16:58:51,Red,Team Vitality,complete,1890,True,4357.0,2803.0,43.0,3.0,0,3687.0,3259.0,24.0
LOLTMNT04_159202,LEC,2026-05-02 17:50:11,Blue,SK Gaming,complete,1518,True,-169.0,-242.0,32.0,-2.0,1,-1589.0,-876.0,20.0
LOLTMNT04_159202,LEC,2026-05-02 17:50:11,Red,Team Vitality,complete,1518,True,169.0,242.0,-32.0,2.0,0,1589.0,876.0,-20.0
LOLTMNT01_372135,CBLOL,2026-05-02 18:00:16,Blue,RED Canids,complete,2415,True,2959.0,28.0,47.0,0.0,1,-150.0,-2401.0,-20.0
LOLTMNT01_372135,CBLOL,2026-05-02 18:00:16,Red,FURIA,complete,2415,True,-2959.0,-28.0,-47.0,0.0,0,150.0,2401.0,20.0
LOLTMNT04_160164,LEC,2026-05-02 18:34:28,Blue,Team Vitality,complete,2024,True,694.0,1031.0,-58.0,3.0,1,1347.0,1702.0,-2.0
LOLTMNT04_160164,LEC,2026-05-02 18:34:28,Red,SK Gaming,complete,2024,True,-694.0,-1031.0,58.0,-3.0,0,-1347.0,-1702.0,2.0
LOLTMNT01_371216,CBLOL,2026-05-02 19:02:00,Blue,RED Canids,complete,2277,True,-604.0,-850.0,3.0,-3.0,1,-1277.0,-1522.0,-4.0
LOLTMNT01_371216,CBLOL,2026-05-02 19:02:00,Red,FURIA,complete,2277,True,604.0,850.0,-3.0,3.0,0,1277.0,1522.0,4.0
LOLTMNT01_371263,CBLOL,2026-05-02 20:01:51,Blue,FURIA,complete,2477,True,1281.0,3026.0,-7.0,3.0,1,-414.0,1721.0,14.0
LOLTMNT01_371263,CBLOL,2026-05-02 20:01:51,Red,RED Canids,complete,2477,True,-1281.0,-3026.0,7.0,-3.0,0,414.0,-1721.0,-14.0
LOLTMNT01_372225,LCS,2026-05-02 20:10:20,Blue,Dignitas,complete,1909,True,1808.0,-610.0,-10.0,1.0,1,734.0,-516.0,-12.0
LOLTMNT01_372225,LCS,2026-05-02 20:10:20,Red,Cloud9,complete,1909,True,-1808.0,610.0,10.0,-1.0,0,-734.0,516.0,12.0
LOLTMNT01_372247,LCS,2026-05-02 21:02:28,Blue,Cloud9,complete,2100,True,4161.0,2793.0,104.0,2.0,1,1656.0,771.0,25.0
LOLTMNT01_372247,LCS,2026-05-02 21:02:28,Red,Dignitas,complete,2100,True,-4161.0,-2793.0,-104.0,-2.0,0,-1656.0,-771.0,-25.0
LOLTMNT01_372285,LCS,2026-05-02 21:55:51,Blue,Dignitas,complete,1910,True,-3283.0,-1572.0,-45.0,-2.0,1,-1173.0,-330.0,-18.0
LOLTMNT01_372285,LCS,2026-05-02 21:55:51,Red,Cloud9,complete,1910,True,3283.0,1572.0,45.0,2.0,0,1173.0,330.0,18.0
LOLTMNT01_372303,LCS,2026-05-02 22:47:57,Blue,Disguised,complete,1794,True,3109.0,2446.0,95.0,0.0,1,1594.0,972.0,26.0
LOLTMNT01_372303,LCS,2026-05-02 22:47:57,Red,Team Liquid,complete,1794,True,-3109.0,-2446.0,-95.0,0.0,0,-1594.0,-972.0,-26.0
LOLTMNT01_372312,LCS,2026-05-02 23:35:43,Blue,Team Liquid,complete,1995,True,-2073.0,-1087.0,10.0,-1.0,1,-2425.0,-3035.0,-9.0
LOLTMNT01_372312,LCS,2026-05-02 23:35:43,Red,Disguised,complete,1995,True,2073.0,1087.0,-10.0,1.0,0,2425.0,3035.0,9.0
LOLTMNT02_395698,LCK,2026-05-03 08:05:43,Blue,KT Rolster,complete,2446,True,-2303.0,-1353.0,4.0,-3.0,1,-2365.0,-1567.0,-1.0
LOLTMNT02_395698,LCK,2026-05-03 08:05:43,Red,HANJIN BRION,complete,2446,True,2303.0,1353.0,-4.0,3.0,0,2365.0,1567.0,1.0
LOLTMNT02_395710,LCK,2026-05-03 09:08:53,Blue,HANJIN BRION,complete,1853,True,-605.0,-369.0,30.0,-1.0,1,-178.0,-897.0,4.0
LOLTMNT02_395710,LCK,2026-05-03 09:08:53,Red,KT Rolster,complete,1853,True,605.0,369.0,-30.0,1.0,0,178.0,897.0,-4.0
13255-13255_game_1,LPL,2026-05-03 09:12:07,Blue,LNG Esports,partial,1691,False,,,,,1,,,
13255-13255_game_1,LPL,2026-05-03 09:12:07,Red,ThunderTalk Gaming,partial,1691,False,,,,,0,,,
LOLTMNT01_372417,LCP,2026-05-03 09:22:40,Blue,Fukuoka SoftBank HAWKS gaming,complete,1917,True,5625.0,4026.0,58.0,4.0,1,4242.0,2632.0,27.0
LOLTMNT01_372417,LCP,2026-05-03 09:22:40,Red,DetonatioN FocusMe,complete,1917,True,-5625.0,-4026.0,-58.0,-4.0,0,-4242.0,-2632.0,-27.0
13255-13255_game_2,LPL,2026-05-03 10:03:59,Blue,LNG Esports,partial,1970,False,,,,,1,,,
13255-13255_game_2,LPL,2026-05-03 10:03:59,Red,ThunderTalk Gaming,partial,1970,False,,,,,0,,,
LOLTMNT01_372420,LCP,2026-05-03 10:14:33,Blue,DetonatioN FocusMe,complete,2466,True,-464.0,1195.0,-35.0,0.0,1,579.0,2220.0,-23.0
LOLTMNT01_372420,LCP,2026-05-03 10:14:33,Red,Fukuoka SoftBank HAWKS gaming,complete,2466,True,464.0,-1195.0,35.0,0.0,0,-579.0,-2220.0,23.0
LOLTMNT02_395739,LCK,2026-05-03 10:24:27,Blue,BNK FEARX,complete,1635,True,3082.0,3782.0,23.0,3.0,1,4358.0,4643.0,26.0
LOLTMNT02_395739,LCK,2026-05-03 10:24:27,Red,DN SOOPers,complete,1635,True,-3082.0,-3782.0,-23.0,-3.0,0,-4358.0,-4643.0,-26.0
13255-13255_game_3,LPL,2026-05-03 10:59:13,Blue,ThunderTalk Gaming,complete,1408,True,-3093.0,-3492.0,-26.0,-7.0,1,1317.0,196.0,-27.0
13255-13255_game_3,LPL,2026-05-03 10:59:13,Red,LNG Esports,complete,1408,True,3093.0,3492.0,26.0,7.0,0,-1317.0,-196.0,27.0
LOLTMNT02_395741,LCK,2026-05-03 11:12:34,Blue,BNK FEARX,complete,1802,True,6937.0,4350.0,100.0,8.0,1,758.0,994.0,25.0
LOLTMNT02_395741,LCK,2026-05-03 11:12:34,Red,DN SOOPers,complete,1802,True,-6937.0,-4350.0,-100.0,-8.0,0,-758.0,-994.0,-25.0
LOLTMNT01_371561,LCP,2026-05-03 11:17:00,Blue,DetonatioN FocusMe,complete,1874,True,1504.0,509.0,14.0,1.0,1,1682.0,1042.0,-2.0
LOLTMNT01_371561,LCP,2026-05-03 11:17:00,Red,Fukuoka SoftBank HAWKS gaming,complete,1874,True,-1504.0,-509.0,-14.0,-1.0,0,-1682.0,-1042.0,2.0
13256-13256_game_1,LPL,2026-05-03 12:00:48,Blue,Ninjas in Pyjamas,complete,2367,True,-5449.0,-3789.0,-54.0,-7.0,1,-2960.0,-3365.0,-50.0
13256-13256_game_1,LPL,2026-05-03 12:00:48,Red,Bilibili Gaming,complete,2367,True,5449.0,3789.0,54.0,7.0,0,2960.0,3365.0,50.0
LOLTMNT01_371607,LCP,2026-05-03 12:29:32,Blue,CTBC Flying Oyster,complete,2111,True,575.0,2182.0,-52.0,3.0,1,2655.0,2488.0,-10.0
LOLTMNT01_371607,LCP,2026-05-03 12:29:32,Red,Team Secret Whales,complete,2111,True,-575.0,-2182.0,52.0,-3.0,0,-2655.0,-2488.0,10.0
13256-13256_game_2,LPL,2026-05-03 13:04:42,Blue,Bilibili Gaming,complete,2035,True,577.0,4806.0,27.0,2.0,1,1440.0,2815.0,10.0
13256-13256_game_2,LPL,2026-05-03 13:04:42,Red,Ninjas in Pyjamas,complete,2035,True,-577.0,-4806.0,-27.0,-2.0,0,-1440.0,-2815.0,-10.0
LOLTMNT01_371645,LCP,2026-05-03 13:24:21,Blue,CTBC Flying Oyster,complete,2297,True,-1759.0,-1637.0,-26.0,1.0,1,-1705.0,-484.0,9.0
LOLTMNT01_371645,LCP,2026-05-03 13:24:21,Red,Team Secret Whales,complete,2297,True,1759.0,1637.0,26.0,-1.0,0,1705.0,484.0,-9.0
13256-13256_game_3,LPL,2026-05-03 14:00:43,Blue,Ninjas in Pyjamas,complete,2134,True,-2722.0,-2495.0,-64.0,-2.0,1,-1973.0,-1760.0,-19.0
13256-13256_game_3,LPL,2026-05-03 14:00:43,Red,Bilibili Gaming,complete,2134,True,2722.0,2495.0,64.0,2.0,0,1973.0,1760.0,19.0
LOLTMNT01_372566,LCP,2026-05-03 14:23:19,Blue,Team Secret Whales,complete,1870,True,4718.0,4482.0,85.0,7.0,1,-396.0,407.0,9.0
LOLTMNT01_372566,LCP,2026-05-03 14:23:19,Red,CTBC Flying Oyster,complete,1870,True,-4718.0,-4482.0,-85.0,-7.0,0,396.0,-407.0,-9.0
LOLTMNT04_159240,LEC,2026-05-03 15:08:24,Blue,Team Heretics,complete,2608,True,-710.0,-2860.0,-23.0,-1.0,1,-894.0,-1930.0,-29.0
LOLTMNT04_159240,LEC,2026-05-03 15:08:24,Red,Shifters,complete,2608,True,710.0,2860.0,23.0,1.0,0,894.0,1930.0,29.0
LOLTMNT01_372643,CBLOL,2026-05-03 16:10:33,Blue,Fluxo W7M,complete,1565,True,-6016.0,-3642.0,-76.0,-3.0,1,-2566.0,-636.0,10.0
LOLTMNT01_372643,CBLOL,2026-05-03 16:10:33,Red,LØS,complete,1565,True,6016.0,3642.0,76.0,3.0,0,2566.0,636.0,-10.0
LOLTMNT04_159248,LEC,2026-05-03 16:12:33,Blue,Team Heretics,complete,1799,True,-3112.0,-2817.0,1.0,-4.0,1,-3222.0,-4306.0,-23.0
LOLTMNT04_159248,LEC,2026-05-03 16:12:33,Red,Shifters,complete,1799,True,3112.0,2817.0,-1.0,4.0,0,3222.0,4306.0,23.0
LOLTMNT01_371752,CBLOL,2026-05-03 16:54:21,Blue,LØS,complete,1948,True,485.0,-322.0,4.0,-2.0,1,-634.0,-1408.0,-7.0
LOLTMNT01_371752,CBLOL,2026-05-03 16:54:21,Red,Fluxo W7M,complete,1948,True,-485.0,322.0,-4.0,2.0,0,634.0,1408.0,7.0
LOLTMNT04_159260,LEC,2026-05-03 17:08:21,Blue,Natus Vincere,complete,1773,True,2295.0,-412.0,4.0,1.0,1,65.0,-2162.0,-16.0
LOLTMNT04_159260,LEC,2026-05-03 17:08:21,Red,G2 Esports,complete,1773,True,-2295.0,412.0,-4.0,-1.0,0,-65.0,2162.0,16.0
LOLTMNT01_371784,CBLOL,2026-05-03 17:44:00,Blue,LØS,complete,1889,True,1591.0,-275.0,10.0,1.0,1,-225.0,-1180.0,-26.0
LOLTMNT01_371784,CBLOL,2026-05-03 17:44:00,Red,Fluxo W7M,complete,1889,True,-1591.0,275.0,-10.0,-1.0,0,225.0,1180.0,26.0
LOLTMNT04_159264,LEC,2026-05-03 17:57:56,Blue,G2 Esports,complete,2117,True,2428.0,160.0,25.0,2.0,1,2051.0,506.0,-3.0
LOLTMNT04_159264,LEC,2026-05-03 17:57:56,Red,Natus Vincere,complete,2117,True,-2428.0,-160.0,-25.0,-2.0,0,-2051.0,-506.0,3.0
LOLTMNT01_371808,CBLOL,2026-05-03 18:38:53,Blue,LOUD,complete,2582,True,-893.0,-3305.0,-24.0,-3.0,1,1051.0,-543.0,-1.0
LOLTMNT01_371808,CBLOL,2026-05-03 18:38:53,Red,Vivo Keyd Stars,complete,2582,True,893.0,3305.0,24.0,3.0,0,-1051.0,543.0,1.0
LOLTMNT01_372735,CBLOL,2026-05-03 19:41:41,Blue,LOUD,complete,1805,True,6188.0,2958.0,54.0,3.0,1,954.0,458.0,2.0
LOLTMNT01_372735,CBLOL,2026-05-03 19:41:41,Red,Vivo Keyd Stars,complete,1805,True,-6188.0,-2958.0,-54.0,-3.0,0,-954.0,-458.0,-2.0
LOLTMNT01_371869,LCS,2026-05-03 20:08:44,Blue,LYON,complete,2208,True,-1347.0,-1298.0,-16.0,-1.0,1,-794.0,-1211.0,-32.0
LOLTMNT01_371869,LCS,2026-05-03 20:08:44,Red,Sentinels,complete,2208,True,1347.0,1298.0,16.0,1.0,0,794.0,1211.0,32.0
LOLTMNT01_372786,LCS,2026-05-03 21:04:01,Blue,LYON,complete,2617,True,836.0,-159.0,-15.0,1.0,1,-302.0,-1082.0,-23.0
LOLTMNT01_372786,LCS,2026-05-03 21:04:01,Red,Sentinels,complete,2617,True,-836.0,159.0,15.0,-1.0,0,302.0,1082.0,23.0
LOLTMNT01_372810,LCS,2026-05-03 22:07:59,Blue,Shopify Rebellion,complete,1842,True,937.0,-1361.0,-20.0,2.0,1,816.0,-1410.0,-3.0
LOLTMNT01_372810,LCS,2026-05-03 22:07:59,Red,FlyQuest,complete,1842,True,-937.0,1361.0,20.0,-2.0,0,-816.0,1410.0,3.0
LOLTMNT01_371921,LCS,2026-05-03 22:55:24,Blue,Shopify Rebellion,complete,1921,True,640.0,266.0,-48.0,0.0,1,4128.0,3964.0,-12.0
LOLTMNT01_371921,LCS,2026-05-03 22:55:24,Red,FlyQuest,complete,1921,True,-640.0,-266.0,48.0,0.0,0,-4128.0,-3964.0,12.0
LOLTMNT01_371932,LCS,2026-05-03 23:45:49,Blue,Shopify Rebellion,complete,2063,True,-3618.0,-3277.0,-32.0,-6.0,1,-1597.0,-1329.0,-20.0
LOLTMNT01_371932,LCS,2026-05-03 23:45:49,Red,FlyQuest,complete,2063,True,3618.0,3277.0,32.0,6.0,0,1597.0,1329.0,20.0
LOLTMNT04_159286,LEC,2026-05-04 15:08:12,Blue,Team Vitality,complete,2060,True,2122.0,2484.0,4.0,3.0,1,817.0,1136.0,-9.0
LOLTMNT04_159286,LEC,2026-05-04 15:08:12,Red,Fnatic,complete,2060,True,-2122.0,-2484.0,-4.0,-3.0,0,-817.0,-1136.0,9.0
LOLTMNT04_159287,LEC,2026-05-04 16:03:08,Blue,Fnatic,complete,2321,True,-3799.0,-585.0,-32.0,-2.0,1,-1321.0,671.0,-19.0
LOLTMNT04_159287,LEC,2026-05-04 16:03:08,Red,Team Vitality,complete,2321,True,3799.0,585.0,32.0,2.0,0,1321.0,-671.0,19.0
LOLTMNT04_160242,LEC,2026-05-04 17:01:22,Blue,Team Vitality,complete,1959,True,3348.0,3769.0,65.0,3.0,1,877.0,337.0,6.0
LOLTMNT04_160242,LEC,2026-05-04 17:01:22,Red,Fnatic,complete,1959,True,-3348.0,-3769.0,-65.0,-3.0,0,-877.0,-337.0,-6.0
LOLTMNT04_159298,LEC,2026-05-04 17:58:25,Blue,Movistar KOI,complete,2187,True,-1930.0,-2180.0,-41.0,0.0,1,-931.0,-1260.0,-4.0
LOLTMNT04_159298,LEC,2026-05-04 17:58:25,Red,Shifters,complete,2187,True,1930.0,2180.0,41.0,0.0,0,931.0,1260.0,4.0
LOLTMNT04_159302,LEC,2026-05-04 18:54:20,Blue,Movistar KOI,complete,2018,True,-220.0,3041.0,-14.0,0.0,1,2561.0,4320.0,2.0
LOLTMNT04_159302,LEC,2026-05-04 18:54:20,Red,Shifters,complete,2018,True,220.0,-3041.0,14.0,0.0,0,-2561.0,-4320.0,-2.0
LOLTMNT04_159303,LEC,2026-05-04 19:47:06,Blue,Movistar KOI,complete,1909,True,-1461.0,-64.0,24.0,-5.0,1,980.0,1372.0,18.0
LOLTMNT04_159303,LEC,2026-05-04 19:47:06,Red,Shifters,complete,1909,True,1461.0,64.0,-24.0,5.0,0,-980.0,-1372.0,-18.0
LOLTMNT01_375534,LCK,2026-05-06 08:06:15,Blue,Nongshim RedForce,complete,2536,True,649.0,-11.0,-15.0,0.0,1,1181.0,745.0,-9.0
LOLTMNT01_375534,LCK,2026-05-06 08:06:15,Red,Gen.G,complete,2536,True,-649.0,11.0,15.0,0.0,0,-1181.0,-745.0,9.0
LOLTMNT01_375573,LCK,2026-05-06 09:11:56,Blue,Gen.G,complete,2174,True,739.0,-48.0,18.0,4.0,1,-1143.0,-1378.0,5.0
LOLTMNT01_375573,LCK,2026-05-06 09:11:56,Red,Nongshim RedForce,complete,2174,True,-739.0,48.0,-18.0,-4.0,0,1143.0,1378.0,-5.0
13257-13257_game_1,LPL,2026-05-06 09:13:56,Blue,Team WE,complete,1967,True,-2237.0,-4407.0,4.0,-6.0,1,-2621.0,-3962.0,-23.0
13257-13257_game_1,LPL,2026-05-06 09:13:56,Red,Invictus Gaming,complete,1967,True,2237.0,4407.0,-4.0,6.0,0,2621.0,3962.0,23.0
13257-13257_game_2,LPL,2026-05-06 10:10:32,Blue,Team WE,complete,1382,True,-8502.0,-3718.0,-50.0,-10.0,1,-2743.0,-697.0,-25.0
13257-13257_game_2,LPL,2026-05-06 10:10:32,Red,Invictus Gaming,complete,1382,True,8502.0,3718.0,50.0,10.0,0,2743.0,697.0,25.0
LOLTMNT01_376550,LCK,2026-05-06 10:34:43,Blue,DN SOOPers,complete,1590,True,-7104.0,-7885.0,-64.0,-7.0,1,-5720.0,-6171.0,-51.0
LOLTMNT01_376550,LCK,2026-05-06 10:34:43,Red,Hanwha Life Esports,complete,1590,True,7104.0,7885.0,64.0,7.0,0,5720.0,6171.0,51.0
13257-13257_game_3,LPL,2026-05-06 10:59:19,Blue,Team WE,complete,1746,True,5759.0,5102.0,15.0,8.0,1,1692.0,1493.0,-2.0
13257-13257_game_3,LPL,2026-05-06 10:59:19,Red,Invictus Gaming,complete,1746,True,-5759.0,-5102.0,-15.0,-8.0,0,-1692.0,-1493.0,2.0
LOLTMNT01_376585,LCK,2026-05-06 11:22:02,Blue,Hanwha Life Esports,complete,2141,True,2361.0,-282.0,-10.0,-1.0,1,1580.0,-927.0,4.0
LOLTMNT01_376585,LCK,2026-05-06 11:22:02,Red,DN SOOPers,complete,2141,True,-2361.0,282.0,10.0,1.0,0,-1580.0,927.0,-4.0
13258-13258_game_1,LPL,2026-05-06 12:08:59,Blue,JD Gaming,complete,1584,True,7640.0,7581.0,44.0,10.0,1,2978.0,2170.0,20.0
13258-13258_game_1,LPL,2026-05-06 12:08:59,Red,Top Esports,complete,1584,True,-7640.0,-7581.0,-44.0,-10.0,0,-2978.0,-2170.0,-20.0
13258-13258_game_2,LPL,2026-05-06 12:59:35,Blue,JD Gaming,complete,1444,True,-2186.0,-4168.0,-49.0,0.0,1,-4282.0,-4141.0,-62.0
13258-13258_game_2,LPL,2026-05-06 12:59:35,Red,Top Esports,complete,1444,True,2186.0,4168.0,49.0,0.0,0,4282.0,4141.0,62.0
13258-13258_game_3,LPL,2026-05-06 13:47:26,Blue,JD Gaming,complete,1592,True,4138.0,4760.0,46.0,5.0,1,1376.0,2348.0,30.0
13258-13258_game_3,LPL,2026-05-06 13:47:26,Red,Top Esports,complete,1592,True,-4138.0,-4760.0,-46.0,-5.0,0,-1376.0,-2348.0,-30.0
LOLTMNT01_378089,LCK,2026-05-07 08:07:34,Blue,KT Rolster,complete,1915,True,-1572.0,-2385.0,-6.0,-1.0,1,-583.0,-683.0,1.0
LOLTMNT01_378089,LCK,2026-05-07 08:07:34,Red,Dplus Kia,complete,1915,True,1572.0,2385.0,6.0,1.0,0,583.0,683.0,-1.0
LOLTMNT01_378106,LCK,2026-05-07 09:01:55,Blue,KT Rolster,complete,2454,True,-5691.0,-4748.0,-97.0,-4.0,1,-1490.0,-1468.0,-18.0
LOLTMNT01_378106,LCK,2026-05-07 09:01:55,Red,Dplus Kia,complete,2454,True,5691.0,4748.0,97.0,4.0,0,1490.0,1468.0,18.0
13259-13259_game_1,LPL,2026-05-07 09:12:07,Blue,Team WE,complete,2160,True,2212.0,-942.0,11.0,4.0,1,907.0,-916.0,28.0
13259-13259_game_1,LPL,2026-05-07 09:12:07,Red,Weibo Gaming,complete,2160,True,-2212.0,942.0,-11.0,-4.0,0,-907.0,916.0,-28.0
13259-13259_game_2,LPL,2026-05-07 10:10:59,Blue,Team WE,complete,1980,True,2246.0,2065.0,23.0,1.0,1,1443.0,1759.0,21.0
13259-13259_game_2,LPL,2026-05-07 10:10:59,Red,Weibo Gaming,complete,1980,True,-2246.0,-2065.0,-23.0,-1.0,0,-1443.0,-1759.0,-21.0
LOLTMNT01_378144,LCK,2026-05-07 10:30:17,Blue,BNK FEARX,complete,1760,True,-6285.0,-3500.0,-53.0,-6.0,1,-3522.0,-2202.0,-33.0
LOLTMNT01_378144,LCK,2026-05-07 10:30:17,Red,HANJIN BRION,complete,1760,True,6285.0,3500.0,53.0,6.0,0,3522.0,2202.0,33.0
LOLTMNT01_378170,LCK,2026-05-07 11:22:31,Blue,HANJIN BRION,complete,2071,True,-3077.0,-2712.0,-7.0,-6.0,1,-3344.0,-1782.0,-1.0
LOLTMNT01_378170,LCK,2026-05-07 11:22:31,Red,BNK FEARX,complete,2071,True,3077.0,2712.0,7.0,6.0,0,3344.0,1782.0,1.0
13259-13259_game_3,LPL,2026-05-07 11:23:30,Blue,Team WE,complete,2132,True,936.0,2576.0,33.0,2.0,1,1258.0,2588.0,32.0
13259-13259_game_3,LPL,2026-05-07 11:23:30,Red,Weibo Gaming,complete,2132,True,-936.0,-2576.0,-33.0,-2.0,0,-1258.0,-2588.0,-32.0
13260-13260_game_1,LPL,2026-05-07 12:39:41,Blue,Anyone's Legend,complete,2020,True,-1022.0,-862.0,65.0,-4.0,1,-217.0,589.0,24.0
13260-13260_game_1,LPL,2026-05-07 12:39:41,Red,Ninjas in Pyjamas,complete,2020,True,1022.0,862.0,-65.0,4.0,0,217.0,-589.0,-24.0
13260-13260_game_2,LPL,2026-05-07 13:36:42,Blue,Ninjas in Pyjamas,complete,1869,True,3167.0,1805.0,53.0,4.0,1,-451.0,262.0,23.0
13260-13260_game_2,LPL,2026-05-07 13:36:42,Red,Anyone's Legend,complete,1869,True,-3167.0,-1805.0,-53.0,-4.0,0,451.0,-262.0,-23.0
LOLTMNT01_378734,LCK,2026-05-08 08:05:48,Blue,T1,complete,1530,True,4186.0,3999.0,37.0,6.0,1,3146.0,4031.0,45.0
LOLTMNT01_378734,LCK,2026-05-08 08:05:48,Red,DN SOOPers,complete,1530,True,-4186.0,-3999.0,-37.0,-6.0,0,-3146.0,-4031.0,-45.0
LOLTMNT01_378764,LCK,2026-05-08 08:52:21,Blue,T1,complete,1485,True,9987.0,6880.0,97.0,8.0,1,3717.0,2355.0,24.0
LOLTMNT01_378764,LCK,2026-05-08 08:52:21,Red,DN SOOPers,complete,1485,True,-9987.0,-6880.0,-97.0,-8.0,0,-3717.0,-2355.0,-24.0
13261-13261_game_1,LPL,2026-05-08 09:19:29,Blue,LNG Esports,complete,1806,True,5699.0,5467.0,12.0,5.0,1,4665.0,4617.0,23.0
13261-13261_game_1,LPL,2026-05-08 09:19:29,Red,Ultra Prime,complete,1806,True,-5699.0,-5467.0,-12.0,-5.0,0,-4665.0,-4617.0,-23.0
13261-13261_game_2,LPL,2026-05-08 10:15:33,Blue,LNG Esports,complete,2360,True,71.0,-1838.0,70.0,-3.0,1,-113.0,-596.0,5.0
13261-13261_game_2,LPL,2026-05-08 10:15:33,Red,Ultra Prime,complete,2360,True,-71.0,1838.0,-70.0,3.0,0,113.0,596.0,-5.0
LOLTMNT01_378900,LCK,2026-05-08 10:40:52,Blue,Gen.G,complete,1679,True,9587.0,8112.0,49.0,13.0,1,5169.0,3449.0,13.0
LOLTMNT01_378900,LCK,2026-05-08 10:40:52,Red,Kiwoom DRX,complete,1679,True,-9587.0,-8112.0,-49.0,-13.0,0,-5169.0,-3449.0,-13.0
13261-13261_game_3,LPL,2026-05-08 11:17:03,Blue,LNG Esports,complete,1813,True,-600.0,-2372.0,12.0,-6.0,1,-865.0,-2536.0,-13.0
13261-13261_game_3,LPL,2026-05-08 11:17:03,Red,Ultra Prime,complete,1813,True,600.0,2372.0,-12.0,6.0,0,865.0,2536.0,13.0
LOLTMNT01_377874,LCK,2026-05-08 11:32:42,Blue,Gen.G,complete,1791,True,5239.0,3652.0,52.0,5.0,1,3384.0,2025.0,19.0
LOLTMNT01_377874,LCK,2026-05-08 11:32:42,Red,Kiwoom DRX,complete,1791,True,-5239.0,-3652.0,-52.0,-5.0,0,-3384.0,-2025.0,-19.0
13262-13262_game_1,LPL,2026-05-08 12:26:50,Blue,JD Gaming,partial,2331,False,,,,,1,,,
13262-13262_game_1,LPL,2026-05-08 12:26:50,Red,Bilibili Gaming,partial,2331,False,,,,,0,,,
13262-13262_game_2,LPL,2026-05-08 13:29:02,Blue,JD Gaming,partial,1715,False,,,,,1,,,
13262-13262_game_2,LPL,2026-05-08 13:29:02,Red,Bilibili Gaming,partial,1715,False,,,,,0,,,
LOLTMNT04_162255,LEC,2026-05-08 14:13:17,Blue,G2 Esports,complete,1709,True,5123.0,3311.0,29.0,4.0,1,4388.0,2126.0,1.0
LOLTMNT04_162255,LEC,2026-05-08 14:13:17,Red,Karmine Corp,complete,1709,True,-5123.0,-3311.0,-29.0,-4.0,0,-4388.0,-2126.0,-1.0
LOLTMNT04_162268,LEC,2026-05-08 15:06:42,Blue,G2 Esports,complete,1833,True,-1014.0,675.0,39.0,-4.0,1,-1051.0,-1574.0,13.0
LOLTMNT04_162268,LEC,2026-05-08 15:06:42,Red,Karmine Corp,complete,1833,True,1014.0,-675.0,-39.0,4.0,0,1051.0,1574.0,-13.0
LOLTMNT04_161335,LEC,2026-05-08 16:15:39,Blue,Movistar KOI,complete,2013,True,-316.0,1360.0,29.0,-3.0,1,512.0,829.0,-2.0
LOLTMNT04_161335,LEC,2026-05-08 16:15:39,Red,GiantX,complete,2013,True,316.0,-1360.0,-29.0,3.0,0,-512.0,-829.0,2.0
LOLTMNT04_161346,LEC,2026-05-08 17:24:09,Blue,Movistar KOI,complete,1596,True,306.0,-317.0,0.0,3.0,1,-3739.0,-3199.0,-3.0
LOLTMNT04_161346,LEC,2026-05-08 17:24:09,Red,GiantX,complete,1596,True,-306.0,317.0,0.0,-3.0,0,3739.0,3199.0,3.0
LOLTMNT01_380497,LCK,2026-05-09 08:06:41,Blue,KT Rolster,complete,1854,True,-4740.0,-4805.0,-24.0,-6.0,1,-3175.0,-2443.0,-26.0
LOLTMNT01_380497,LCK,2026-05-09 08:06:41,Red,BNK FEARX,complete,1854,True,4740.0,4805.0,24.0,6.0,0,3175.0,2443.0,26.0
LOLTMNT01_380553,LCK,2026-05-09 08:59:58,Blue,KT Rolster,complete,1728,True,-3177.0,-1951.0,-34.0,-2.0,1,-766.0,1360.0,1.0
LOLTMNT01_380553,LCK,2026-05-09 08:59:58,Red,BNK FEARX,complete,1728,True,3177.0,1951.0,34.0,2.0,0,766.0,-1360.0,-1.0
13263-13263_game_1,LPL,2026-05-09 09:13:03,Blue,Invictus Gaming,complete,2059,True,1908.0,1320.0,48.0,2.0,1,-610.0,489.0,5.0
13263-13263_game_1,LPL,2026-05-09 09:13:03,Red,Ninjas in Pyjamas,complete,2059,True,-1908.0,-1320.0,-48.0,-2.0,0,610.0,-489.0,-5.0
LOLTMNT01_380568,LCP,2026-05-09 09:20:11,Blue,Ground Zero Gaming,complete,1679,True,-2344.0,-5000.0,11.0,-7.0,1,-2373.0,-5881.0,-47.0
LOLTMNT01_380568,LCP,2026-05-09 09:20:11,Red,CTBC Flying Oyster,complete,1679,True,2344.0,5000.0,-11.0,7.0,0,2373.0,5881.0,47.0
LOLTMNT01_380601,LCP,2026-05-09 10:09:13,Blue,CTBC Flying Oyster,complete,2104,True,842.0,1690.0,-5.0,-1.0,1,2233.0,2282.0,4.0
LOLTMNT01_380601,LCP,2026-05-09 10:09:13,Red,Ground Zero Gaming,complete,2104,True,-842.0,-1690.0,5.0,1.0,0,-2233.0,-2282.0,-4.0
13263-13263_game_2,LPL,2026-05-09 10:12:07,Blue,Ninjas in Pyjamas,complete,1630,True,-653.0,-1263.0,-69.0,2.0,1,186.0,-1419.0,-24.0
13263-13263_game_2,LPL,2026-05-09 10:12:07,Red,Invictus Gaming,complete,1630,True,653.0,1263.0,69.0,-2.0,0,-186.0,1419.0,24.0
LOLTMNT01_379647,LCK,2026-05-09 10:15:45,Blue,HANJIN BRION,complete,2059,True,1541.0,1698.0,25.0,2.0,1,438.0,-254.0,-3.0
LOLTMNT01_379647,LCK,2026-05-09 10:15:45,Red,Nongshim RedForce,complete,2059,True,-1541.0,-1698.0,-25.0,-2.0,0,-438.0,254.0,3.0
LOLTMNT01_380657,LCK,2026-05-09 11:12:58,Blue,HANJIN BRION,complete,1817,True,1425.0,1209.0,17.0,0.0,1,1406.0,230.0,-25.0
LOLTMNT01_380657,LCK,2026-05-09 11:12:58,Red,Nongshim RedForce,complete,1817,True,-1425.0,-1209.0,-17.0,0.0,0,-1406.0,-230.0,25.0
13264-13264_game_1,LPL,2026-05-09 11:17:46,Blue,Team WE,complete,2098,True,663.0,-1119.0,-30.0,0.0,1,156.0,-1261.0,-5.0
13264-13264_game_1,LPL,2026-05-09 11:17:46,Red,Top Esports,complete,2098,True,-663.0,1119.0,30.0,0.0,0,-156.0,1261.0,5.0
LOLTMNT01_379675,LCP,2026-05-09 11:24:17,Blue,Team Secret Whales,complete,2187,True,835.0,268.0,15.0,-1.0,1,366.0,494.0,4.0
LOLTMNT01_379675,LCP,2026-05-09 11:24:17,Red,MVK Esports,complete,2187,True,-835.0,-268.0,-15.0,1.0,0,-366.0,-494.0,-4.0
LOLTMNT01_380699,LCP,2026-05-09 12:19:47,Blue,Team Secret Whales,complete,1393,True,13204.0,12239.0,121.0,15.0,1,5906.0,5708.0,36.0
LOLTMNT01_380699,LCP,2026-05-09 12:19:47,Red,MVK Esports,complete,1393,True,-13204.0,-12239.0,-121.0,-15.0,0,-5906.0,-5708.0,-36.0
13264-13264_game_2,LPL,2026-05-09 12:22:29,Blue,Team WE,complete,1569,True,-2247.0,-1909.0,15.0,-5.0,1,-825.0,-803.0,30.0
13264-13264_game_2,LPL,2026-05-09 12:22:29,Red,Top Esports,complete,1569,True,2247.0,1909.0,-15.0,5.0,0,825.0,803.0,-30.0
LOLTMNT04_161451,LEC,2026-05-09 14:14:24,Blue,GiantX,complete,1785,True,-7295.0,-6445.0,-75.0,-8.0,1,-1725.0,-2041.0,-18.0
LOLTMNT04_161451,LEC,2026-05-09 14:14:24,Red,G2 Esports,complete,1785,True,7295.0,6445.0,75.0,8.0,0,1725.0,2041.0,18.0
LOLTMNT04_162397,LEC,2026-05-09 15:15:42,Blue,G2 Esports,complete,1953,True,1908.0,2961.0,40.0,1.0,1,399.0,1239.0,11.0
LOLTMNT04_162397,LEC,2026-05-09 15:15:42,Red,GiantX,complete,1953,True,-1908.0,-2961.0,-40.0,-1.0,0,-399.0,-1239.0,-11.0
LOLTMNT01_379828,CBLOL,2026-05-09 16:15:58,Blue,LOUD,complete,2238,True,4046.0,1963.0,50.0,3.0,1,774.0,601.0,9.0
LOLTMNT01_379828,CBLOL,2026-05-09 16:15:58,Red,Vivo Keyd Stars,complete,2238,True,-4046.0,-1963.0,-50.0,-3.0,0,-774.0,-601.0,-9.0
LOLTMNT04_162417,LEC,2026-05-09 16:32:21,Blue,Karmine Corp,complete,2555,True,-461.0,-654.0,-21.0,3.0,1,-1452.0,-2114.0,-38.0
LOLTMNT04_162417,LEC,2026-05-09 16:32:21,Red,Movistar KOI,complete,2555,True,461.0,654.0,21.0,-3.0,0,1452.0,2114.0,38.0
LOLTMNT01_379870,CBLOL,2026-05-09 17:12:38,Blue,LOUD,complete,1616,True,78.0,4241.0,-9.0,5.0,1,271.0,2031.0,-2.0
LOLTMNT01_379870,CBLOL,2026-05-09 17:12:38,Red,Vivo Keyd Stars,complete,1616,True,-78.0,-4241.0,9.0,-5.0,0,-271.0,-2031.0,2.0
LOLTMNT04_161471,LEC,2026-05-09 17:37:14,Blue,Karmine Corp,complete,1545,True,-8126.0,-8115.0,-62.0,-11.0,1,-2597.0,-3041.0,-18.0
LOLTMNT04_161471,LEC,2026-05-09 17:37:14,Red,Movistar KOI,complete,1545,True,8126.0,8115.0,62.0,11.0,0,2597.0,3041.0,18.0
LOLTMNT01_379888,CBLOL,2026-05-09 17:59:07,Blue,LOUD,complete,2272,True,2024.0,227.0,27.0,0.0,1,-730.0,-1478.0,-13.0
LOLTMNT01_379888,CBLOL,2026-05-09 17:59:07,Red,Vivo Keyd Stars,complete,2272,True,-2024.0,-227.0,-27.0,0.0,0,730.0,1478.0,13.0
LOLTMNT04_161482,LEC,2026-05-09 18:26:50,Blue,Movistar KOI,complete,2077,True,-1491.0,-401.0,-2.0,-1.0,1,989.0,3239.0,12.0
LOLTMNT04_161482,LEC,2026-05-09 18:26:50,Red,Karmine Corp,complete,2077,True,1491.0,401.0,2.0,1.0,0,-989.0,-3239.0,-12.0
LOLTMNT01_379914,CBLOL,2026-05-09 18:57:22,Blue,Vivo Keyd Stars,complete,1769,True,-1821.0,-60.0,19.0,-1.0,1,-872.0,394.0,-3.0
LOLTMNT01_379914,CBLOL,2026-05-09 18:57:22,Red,LOUD,complete,1769,True,1821.0,60.0,-19.0,1.0,0,872.0,-394.0,3.0
LOLTMNT01_379961,LCS,2026-05-09 20:08:09,Blue,Shopify Rebellion,complete,2352,True,-1969.0,-976.0,-59.0,-1.0,1,-622.0,-254.0,-18.0
LOLTMNT01_379961,LCS,2026-05-09 20:08:09,Red,Sentinels,complete,2352,True,1969.0,976.0,59.0,1.0,0,622.0,254.0,18.0
LOLTMNT01_379978,LCS,2026-05-09 21:05:30,Blue,Shopify Rebellion,complete,1913,True,-325.0,-1751.0,0.0,-1.0,1,269.0,-1737.0,-24.0
LOLTMNT01_379978,LCS,2026-05-09 21:05:30,Red,Sentinels,complete,1913,True,325.0,1751.0,0.0,1.0,0,-269.0,1737.0,24.0
LOLTMNT01_380953,LCS,2026-05-09 22:00:36,Blue,Dignitas,complete,1535,True,-3175.0,-2106.0,-42.0,-3.0,1,-2210.0,-1610.0,-20.0
LOLTMNT01_380953,LCS,2026-05-09 22:00:36,Red,Disguised,complete,1535,True,3175.0,2106.0,42.0,3.0,0,2210.0,1610.0,20.0
LOLTMNT01_379997,LCS,2026-05-09 22:43:18,Blue,Disguised,complete,2567,True,30.0,441.0,-21.0,1.0,1,536.0,308.0,-22.0
LOLTMNT01_379997,LCS,2026-05-09 22:43:18,Red,Dignitas,complete,2567,True,-30.0,-441.0,21.0,-1.0,0,-536.0,-308.0,22.0
LOLTMNT01_382057,LCK,2026-05-10 08:09:29,Blue,T1,complete,1531,True,4232.0,2952.0,-1.0,2.0,1,3574.0,2970.0,-13.0
LOLTMNT01_382057,LCK,2026-05-10 08:09:29,Red,Dplus Kia,complete,1531,True,-4232.0,-2952.0,1.0,-2.0,0,-3574.0,-2970.0,13.0
LOLTMNT01_382071,LCK,2026-05-10 08:58:19,Blue,T1,complete,2138,True,361.0,634.0,44.0,-2.0,1,565.0,-30.0,-3.0
LOLTMNT01_382071,LCK,2026-05-10 08:58:19,Red,Dplus Kia,complete,2138,True,-361.0,-634.0,-44.0,2.0,0,-565.0,30.0,3.0
13265-13265_game_1,LPL,2026-05-10 09:11:28,Blue,Ninjas in Pyjamas,complete,2416,True,-601.0,-740.0,-35.0,-1.0,1,546.0,513.0,-16.0
13265-13265_game_1,LPL,2026-05-10 09:11:28,Red,Weibo Gaming,complete,2416,True,601.0,740.0,35.0,1.0,0,-546.0,-513.0,16.0
LOLTMNT01_381153,LCP,2026-05-10 09:19:39,Blue,DetonatioN FocusMe,complete,1651,True,-9111.0,-7764.0,-121.0,-7.0,1,-2239.0,-2415.0,-35.0
LOLTMNT01_381153,LCP,2026-05-10 09:19:39,Red,Deep Cross Gaming,complete,1651,True,9111.0,7764.0,121.0,7.0,0,2239.0,2415.0,35.0
LOLTMNT01_381189,LCP,2026-05-10 10:07:25,Blue,Deep Cross Gaming,complete,1729,True,2995.0,834.0,22.0,5.0,1,-1515.0,-1777.0,-3.0
LOLTMNT01_381189,LCP,2026-05-10 10:07:25,Red,DetonatioN FocusMe,complete,1729,True,-2995.0,-834.0,-22.0,-5.0,0,1515.0,1777.0,3.0
13265-13265_game_2,LPL,2026-05-10 10:12:35,Blue,Weibo Gaming,complete,2187,True,1055.0,988.0,-3.0,4.0,1,-720.0,-750.0,-22.0
13265-13265_game_2,LPL,2026-05-10 10:12:35,Red,Ninjas in Pyjamas,complete,2187,True,-1055.0,-988.0,3.0,-4.0,0,720.0,750.0,22.0
LOLTMNT01_382136,LCK,2026-05-10 10:31:52,Blue,Kiwoom DRX,complete,1568,True,2236.0,2195.0,12.0,3.0,1,2965.0,3850.0,15.0
LOLTMNT01_382136,LCK,2026-05-10 10:31:52,Red,Hanwha Life Esports,complete,1568,True,-2236.0,-2195.0,-12.0,-3.0,0,-2965.0,-3850.0,-15.0
LOLTMNT01_381223,LCP,2026-05-10 11:13:52,Blue,Fukuoka SoftBank HAWKS gaming,complete,1501,True,-5561.0,-5703.0,-15.0,-8.0,1,-3783.0,-3573.0,-31.0
LOLTMNT01_381223,LCP,2026-05-10 11:13:52,Red,GAM Esports,complete,1501,True,5561.0,5703.0,15.0,8.0,0,3783.0,3573.0,31.0
LOLTMNT01_382172,LCK,2026-05-10 11:20:52,Blue,Kiwoom DRX,complete,1483,True,-9769.0,-9035.0,-108.0,-14.0,1,-5089.0,-3986.0,-40.0
LOLTMNT01_382172,LCK,2026-05-10 11:20:52,Red,Hanwha Life Esports,complete,1483,True,9769.0,9035.0,108.0,14.0,0,5089.0,3986.0,40.0
13266-13266_game_1,LPL,2026-05-10 11:25:42,Blue,JD Gaming,complete,2596,True,-137.0,2816.0,41.0,0.0,1,297.0,2471.0,14.0
13266-13266_game_1,LPL,2026-05-10 11:25:42,Red,Anyone's Legend,complete,2596,True,137.0,-2816.0,-41.0,0.0,0,-297.0,-2471.0,-14.0
LOLTMNT01_382186,LCP,2026-05-10 11:59:06,Blue,Fukuoka SoftBank HAWKS gaming,complete,1749,True,-3343.0,-3145.0,-86.0,-1.0,1,-2080.0,-1966.0,-39.0
LOLTMNT01_382186,LCP,2026-05-10 11:59:06,Red,GAM Esports,complete,1749,True,3343.0,3145.0,86.0,1.0,0,2080.0,1966.0,39.0
LOLTMNT01_382190,LCK,2026-05-10 12:06:37,Blue,Hanwha Life Esports,complete,1527,True,2694.0,266.0,32.0,2.0,1,1145.0,498.0,0.0
LOLTMNT01_382190,LCK,2026-05-10 12:06:37,Red,Kiwoom DRX,complete,1527,True,-2694.0,-266.0,-32.0,-2.0,0,-1145.0,-498.0,0.0
13266-13266_game_2,LPL,2026-05-10 12:30:06,Blue,Anyone's Legend,complete,1739,True,2512.0,601.0,26.0,5.0,1,-154.0,-266.0,-28.0
13266-13266_game_2,LPL,2026-05-10 12:30:06,Red,JD Gaming,complete,1739,True,-2512.0,-601.0,-26.0,-5.0,0,154.0,266.0,28.0
LOLTMNT04_162485,LEC,2026-05-10 13:12:38,Blue,GiantX,complete,1930,True,2776.0,1138.0,22.0,3.0,1,1106.0,670.0,4.0
LOLTMNT04_162485,LEC,2026-05-10 13:12:38,Red,Karmine Corp,complete,1930,True,-2776.0,-1138.0,-22.0,-3.0,0,-1106.0,-670.0,-4.0
13266-13266_game_3,LPL,2026-05-10 13:23:10,Blue,JD Gaming,complete,1489,True,6098.0,5581.0,61.0,5.0,1,3751.0,4399.0,28.0
13266-13266_game_3,LPL,2026-05-10 13:23:10,Red,Anyone's Legend,complete,1489,True,-6098.0,-5581.0,-61.0,-5.0,0,-3751.0,-4399.0,-28.0
LOLTMNT04_162494,LEC,2026-05-10 14:09:54,Blue,Karmine Corp,complete,2476,True,561.0,934.0,52.0,-4.0,1,1562.0,2309.0,28.0
LOLTMNT04_162494,LEC,2026-05-10 14:09:54,Red,GiantX,complete,2476,True,-561.0,-934.0,-52.0,4.0,0,-1562.0,-2309.0,-28.0
LOLTMNT04_161556,LEC,2026-05-10 15:17:18,Blue,Karmine Corp,complete,1926,True,2290.0,1709.0,88.0,-2.0,1,607.0,182.0,36.0
LOLTMNT04_161556,LEC,2026-05-10 15:17:18,Red,GiantX,complete,1926,True,-2290.0,-1709.0,-88.0,2.0,0,-607.0,-182.0,-36.0
LOLTMNT01_381383,CBLOL,2026-05-10 16:13:26,Blue,Fluxo W7M,complete,1507,True,3165.0,3987.0,-11.0,9.0,1,1639.0,2494.0,6.0
LOLTMNT01_381383,CBLOL,2026-05-10 16:13:26,Red,LØS,complete,1507,True,-3165.0,-3987.0,11.0,-9.0,0,-1639.0,-2494.0,-6.0
LOLTMNT04_162542,LEC,2026-05-10 16:29:07,Blue,G2 Esports,complete,1778,True,-1070.0,-1596.0,1.0,-5.0,1,-2757.0,-4187.0,-28.0
LOLTMNT04_162542,LEC,2026-05-10 16:29:07,Red,Movistar KOI,complete,1778,True,1070.0,1596.0,-1.0,5.0,0,2757.0,4187.0,28.0
LOLTMNT01_382343,CBLOL,2026-05-10 16:56:11,Blue,Fluxo W7M,complete,1672,True,-4760.0,-3720.0,-97.0,-6.0,1,1228.0,936.0,-24.0
LOLTMNT01_382343,CBLOL,2026-05-10 16:56:11,Red,LØS,complete,1672,True,4760.0,3720.0,97.0,6.0,0,-1228.0,-936.0,24.0
LOLTMNT01_381407,CBLOL,2026-05-10 17:41:02,Blue,Fluxo W7M,complete,1935,True,5665.0,7303.0,89.0,8.0,1,2183.0,2655.0,36.0
LOLTMNT01_381407,CBLOL,2026-05-10 17:41:02,Red,LØS,complete,1935,True,-5665.0,-7303.0,-89.0,-8.0,0,-2183.0,-2655.0,-36.0
LOLTMNT04_161575,LEC,2026-05-10 17:41:45,Blue,Movistar KOI,complete,1971,True,449.0,58.0,-33.0,1.0,1,2144.0,1834.0,12.0
LOLTMNT04_161575,LEC,2026-05-10 17:41:45,Red,G2 Esports,complete,1971,True,-449.0,-58.0,33.0,-1.0,0,-2144.0,-1834.0,-12.0
LOLTMNT01_382368,CBLOL,2026-05-10 18:31:21,Blue,Fluxo W7M,complete,1731,True,-2789.0,-897.0,1.0,-3.0,1,-2303.0,-1494.0,0.0
LOLTMNT01_382368,CBLOL,2026-05-10 18:31:21,Red,LØS,complete,1731,True,2789.0,897.0,-1.0,3.0,0,2303.0,1494.0,0.0
LOLTMNT04_162551,LEC,2026-05-10 18:37:55,Blue,G2 Esports,complete,2575,True,1386.0,-424.0,36.0,-2.0,1,-1577.0,-3227.0,-14.0
LOLTMNT04_162551,LEC,2026-05-10 18:37:55,Red,Movistar KOI,complete,2575,True,-1386.0,424.0,-36.0,2.0,0,1577.0,3227.0,14.0
LOLTMNT01_382387,CBLOL,2026-05-10 19:20:07,Blue,Fluxo W7M,complete,2243,True,2516.0,4039.0,46.0,3.0,1,3113.0,3136.0,31.0
LOLTMNT01_382387,CBLOL,2026-05-10 19:20:07,Red,LØS,complete,2243,True,-2516.0,-4039.0,-46.0,-3.0,0,-3113.0,-3136.0,-31.0
LOLTMNT01_382416,LCS,2026-05-10 20:07:16,Blue,FlyQuest,complete,2387,True,-607.0,4.0,-3.0,0.0,1,-725.0,-895.0,-15.0
LOLTMNT01_382416,LCS,2026-05-10 20:07:16,Red,Cloud9,complete,2387,True,607.0,-4.0,3.0,0.0,0,725.0,895.0,15.0
LOLTMNT01_382428,LCS,2026-05-10 21:06:20,Blue,FlyQuest,complete,2236,True,2257.0,2413.0,9.0,5.0,1,532.0,1107.0,-14.0
LOLTMNT01_382428,LCS,2026-05-10 21:06:20,Red,Cloud9,complete,2236,True,-2257.0,-2413.0,-9.0,-5.0,0,-532.0,-1107.0,14.0
LOLTMNT01_382435,LCS,2026-05-10 22:02:15,Blue,Cloud9,complete,1627,True,2542.0,-2220.0,16.0,0.0,1,238.0,-1876.0,28.0
LOLTMNT01_382435,LCS,2026-05-10 22:02:15,Red,FlyQuest,complete,1627,True,-2542.0,2220.0,-16.0,0.0,0,-238.0,1876.0,-28.0
LOLTMNT01_382446,LCS,2026-05-10 22:54:27,Blue,Team Liquid,complete,2070,True,-5060.0,-2298.0,-55.0,-3.0,1,-2006.0,-328.0,-3.0
LOLTMNT01_382446,LCS,2026-05-10 22:54:27,Red,LYON,complete,2070,True,5060.0,2298.0,55.0,3.0,0,2006.0,328.0,3.0
LOLTMNT01_382451,LCS,2026-05-10 23:47:40,Blue,LYON,complete,2253,True,286.0,-332.0,12.0,0.0,1,69.0,-349.0,5.0
LOLTMNT01_382451,LCS,2026-05-10 23:47:40,Red,Team Liquid,complete,2253,True,-286.0,332.0,-12.0,0.0,0,-69.0,349.0,-5.0
LOLTMNT01_382460,LCS,2026-05-11 00:44:19,Blue,Team Liquid,complete,2408,True,636.0,-1289.0,-53.0,3.0,1,-134.0,-1133.0,-32.0
LOLTMNT01_382460,LCS,2026-05-11 00:44:19,Red,LYON,complete,2408,True,-636.0,1289.0,53.0,-3.0,0,134.0,1133.0,32.0
13267-13267_game_1,LPL,2026-05-12 09:10:54,Blue,Ninjas in Pyjamas,complete,1801,True,3243.0,3408.0,37.0,3.0,1,2706.0,2552.0,15.0
13267-13267_game_1,LPL,2026-05-12 09:10:54,Red,Top Esports,complete,1801,True,-3243.0,-3408.0,-37.0,-3.0,0,-2706.0,-2552.0,-15.0
13267-13267_game_2,LPL,2026-05-12 10:02:59,Blue,Ninjas in Pyjamas,complete,1617,True,-3613.0,-1466.0,-109.0,0.0,1,-368.0,876.0,-17.0
13267-13267_game_2,LPL,2026-05-12 10:02:59,Red,Top Esports,complete,1617,True,3613.0,1466.0,109.0,0.0,0,368.0,-876.0,17.0
13267-13267_game_3,LPL,2026-05-12 10:52:49,Blue,Top Esports,complete,1769,True,2246.0,1736.0,42.0,4.0,1,441.0,-1235.0,-10.0
13267-13267_game_3,LPL,2026-05-12 10:52:49,Red,Ninjas in Pyjamas,complete,1769,True,-2246.0,-1736.0,-42.0,-4.0,0,-441.0,1235.0,10.0
13268-13268_game_1,LPL,2026-05-12 12:04:25,Blue,Bilibili Gaming,complete,2020,True,458.0,754.0,28.0,-3.0,1,2073.0,1129.0,9.0
13268-13268_game_1,LPL,2026-05-12 12:04:25,Red,Invictus Gaming,complete,2020,True,-458.0,-754.0,-28.0,3.0,0,-2073.0,-1129.0,-9.0
13268-13268_game_2,LPL,2026-05-12 13:03:54,Blue,Invictus Gaming,complete,1858,True,-5400.0,-5181.0,-32.0,-4.0,1,-4262.0,-4001.0,-8.0
13268-13268_game_2,LPL,2026-05-12 13:03:54,Red,Bilibili Gaming,complete,1858,True,5400.0,5181.0,32.0,4.0,0,4262.0,4001.0,8.0
13268-13268_game_3,LPL,2026-05-12 13:59:46,Blue,Bilibili Gaming,complete,1697,True,8874.0,6567.0,111.0,10.0,1,3168.0,1806.0,19.0
13268-13268_game_3,LPL,2026-05-12 13:59:46,Red,Invictus Gaming,complete,1697,True,-8874.0,-6567.0,-111.0,-10.0,0,-3168.0,-1806.0,-19.0
LOLTMNT01_384714,LCK,2026-05-13 08:06:21,Blue,T1,complete,1450,True,5865.0,6699.0,77.0,6.0,1,3398.0,4299.0,25.0
LOLTMNT01_384714,LCK,2026-05-13 08:06:21,Red,Nongshim RedForce,complete,1450,True,-5865.0,-6699.0,-77.0,-6.0,0,-3398.0,-4299.0,-25.0
LOLTMNT01_383765,LCK,2026-05-13 08:53:32,Blue,Nongshim RedForce,complete,1876,True,211.0,-2269.0,-68.0,2.0,1,1313.0,328.0,-35.0
LOLTMNT01_383765,LCK,2026-05-13 08:53:32,Red,T1,complete,1876,True,-211.0,2269.0,68.0,-2.0,0,-1313.0,-328.0,35.0
13269-13269_game_1,LPL,2026-05-13 09:10:08,Blue,EDward Gaming,complete,1760,True,427.0,2729.0,-2.0,5.0,1,1299.0,1620.0,7.0
13269-13269_game_1,LPL,2026-05-13 09:10:08,Red,Oh My God,complete,1760,True,-427.0,-2729.0,2.0,-5.0,0,-1299.0,-1620.0,-7.0
LOLTMNT01_384771,LCK,2026-05-13 10:12:11,Blue,Dplus Kia,complete,1548,True,8324.0,3873.0,59.0,9.0,1,2820.0,865.0,-1.0
LOLTMNT01_384771,LCK,2026-05-13 10:12:11,Red,DN SOOPers,complete,1548,True,-8324.0,-3873.0,-59.0,-9.0,0,-2820.0,-865.0,1.0
13269-13269_game_2,LPL,2026-05-13 10:14:37,Blue,EDward Gaming,complete,2152,True,-2376.0,-549.0,-38.0,-1.0,1,197.0,1361.0,-13.0
13269-13269_game_2,LPL,2026-05-13 10:14:37,Red,Oh My God,complete,2152,True,2376.0,549.0,38.0,1.0,0,-197.0,-1361.0,13.0
LOLTMNT01_383870,LCK,2026-05-13 11:00:26,Blue,Dplus Kia,complete,1575,True,4883.0,3528.0,91.0,2.0,1,2983.0,1254.0,15.0
LOLTMNT01_383870,LCK,2026-05-13 11:00:26,Red,DN SOOPers,complete,1575,True,-4883.0,-3528.0,-91.0,-2.0,0,-2983.0,-1254.0,-15.0
13269-13269_game_3,LPL,2026-05-13 11:13:02,Blue,Oh My God,complete,2230,True,-805.0,-1321.0,-36.0,1.0,1,233.0,-275.0,-12.0
13269-13269_game_3,LPL,2026-05-13 11:13:02,Red,EDward Gaming,complete,2230,True,805.0,1321.0,36.0,-1.0,0,-233.0,275.0,12.0
13270-13270_game_1,LPL,2026-05-13 12:27:16,Blue,Anyone's Legend,complete,1971,True,-2040.0,-134.0,44.0,-1.0,1,-962.0,150.0,23.0
13270-13270_game_1,LPL,2026-05-13 12:27:16,Red,Team WE,complete,1971,True,2040.0,134.0,-44.0,1.0,0,962.0,-150.0,-23.0
13270-13270_game_2,LPL,2026-05-13 13:22:39,Blue,Anyone's Legend,complete,1560,True,6135.0,7058.0,29.0,9.0,1,3230.0,3540.0,9.0
13270-13270_game_2,LPL,2026-05-13 13:22:39,Red,Team WE,complete,1560,True,-6135.0,-7058.0,-29.0,-9.0,0,-3230.0,-3540.0,-9.0
13270-13270_game_3,LPL,2026-05-13 14:09:41,Blue,Anyone's Legend,complete,2738,True,4730.0,3925.0,57.0,6.0,1,3240.0,3432.0,27.0
13270-13270_game_3,LPL,2026-05-13 14:09:41,Red,Team WE,complete,2738,True,-4730.0,-3925.0,-57.0,-6.0,0,-3240.0,-3432.0,-27.0
LOLTMNT01_387134,LCK,2026-05-14 08:07:03,Blue,BNK FEARX,complete,1908,True,-1030.0,-2231.0,-7.0,-2.0,1,-1760.0,-2753.0,-3.0
LOLTMNT01_387134,LCK,2026-05-14 08:07:03,Red,Gen.G,complete,1908,True,1030.0,2231.0,7.0,2.0,0,1760.0,2753.0,3.0
LOLTMNT01_388121,LCK,2026-05-14 09:00:54,Blue,BNK FEARX,complete,1768,True,-480.0,-517.0,3.0,-2.0,1,797.0,305.0,16.0
LOLTMNT01_388121,LCK,2026-05-14 09:00:54,Red,Gen.G,complete,1768,True,480.0,517.0,-3.0,2.0,0,-797.0,-305.0,-16.0
13271-13271_game_1,LPL,2026-05-14 09:10:34,Blue,LNG Esports,complete,1996,True,-1272.0,-725.0,-14.0,1.0,1,-423.0,-1149.0,-28.0
13271-13271_game_1,LPL,2026-05-14 09:10:34,Red,LGD Gaming,complete,1996,True,1272.0,725.0,14.0,-1.0,0,423.0,1149.0,28.0
13271-13271_game_2,LPL,2026-05-14 10:13:30,Blue,LNG Esports,complete,2320,True,5700.0,3906.0,76.0,7.0,1,2058.0,1917.0,29.0
13271-13271_game_2,LPL,2026-05-14 10:13:30,Red,LGD Gaming,complete,2320,True,-5700.0,-3906.0,-76.0,-7.0,0,-2058.0,-1917.0,-29.0
LOLTMNT01_387204,LCK,2026-05-14 10:15:56,Blue,Kiwoom DRX,complete,1446,True,-10679.0,-8089.0,-115.0,-12.0,1,-5880.0,-4637.0,-57.0
LOLTMNT01_387204,LCK,2026-05-14 10:15:56,Red,KT Rolster,complete,1446,True,10679.0,8089.0,115.0,12.0,0,5880.0,4637.0,57.0
LOLTMNT01_387218,LCK,2026-05-14 11:00:58,Blue,KT Rolster,complete,1879,True,-3966.0,-4490.0,-42.0,-6.0,1,-1714.0,-1204.0,2.0
LOLTMNT01_387218,LCK,2026-05-14 11:00:58,Red,Kiwoom DRX,complete,1879,True,3966.0,4490.0,42.0,6.0,0,1714.0,1204.0,-2.0
13272-13272_game_1,LPL,2026-05-14 11:30:07,Blue,JD Gaming,complete,2548,True,3740.0,1264.0,26.0,2.0,1,1067.0,-114.0,10.0
13272-13272_game_1,LPL,2026-05-14 11:30:07,Red,Weibo Gaming,complete,2548,True,-3740.0,-1264.0,-26.0,-2.0,0,-1067.0,114.0,-10.0
LOLTMNT01_388206,LCK,2026-05-14 11:54:30,Blue,Kiwoom DRX,complete,2062,True,-566.0,-148.0,28.0,-3.0,1,-812.0,257.0,-1.0
LOLTMNT01_388206,LCK,2026-05-14 11:54:30,Red,KT Rolster,complete,2062,True,566.0,148.0,-28.0,3.0,0,812.0,-257.0,1.0
13272-13272_game_2,LPL,2026-05-14 12:36:30,Blue,Weibo Gaming,complete,1782,True,-4289.0,-1492.0,18.0,-4.0,1,-890.0,211.0,26.0
13272-13272_game_2,LPL,2026-05-14 12:36:30,Red,JD Gaming,complete,1782,True,4289.0,1492.0,-18.0,4.0,0,890.0,-211.0,-26.0
13272-13272_game_3,LPL,2026-05-14 13:30:03,Blue,JD Gaming,complete,2190,True,-163.0,903.0,-15.0,3.0,1,9.0,23.0,-14.0
13272-13272_game_3,LPL,2026-05-14 13:30:03,Red,Weibo Gaming,complete,2190,True,163.0,-903.0,15.0,-3.0,0,-9.0,-23.0,14.0
LOLTMNT01_388455,LCK,2026-05-15 08:07:51,Blue,Hanwha Life Esports,complete,2250,True,-1748.0,995.0,-27.0,0.0,1,-2145.0,-16.0,-51.0
LOLTMNT01_388455,LCK,2026-05-15 08:07:51,Red,Dplus Kia,complete,2250,True,1748.0,-995.0,27.0,0.0,0,2145.0,16.0,51.0
LOLTMNT01_387607,LCK,2026-05-15 09:08:46,Blue,Hanwha Life Esports,complete,1505,True,-635.0,2754.0,45.0,-1.0,1,913.0,3216.0,11.0
LOLTMNT01_387607,LCK,2026-05-15 09:08:46,Red,Dplus Kia,complete,1505,True,635.0,-2754.0,-45.0,1.0,0,-913.0,-3216.0,-11.0
13273-13273_game_1,LPL,2026-05-15 09:09:24,Blue,Ultra Prime,complete,2232,True,2417.0,1953.0,45.0,3.0,1,731.0,-219.0,-8.0
13273-13273_game_1,LPL,2026-05-15 09:09:24,Red,Oh My God,complete,2232,True,-2417.0,-1953.0,-45.0,-3.0,0,-731.0,219.0,8.0
13273-13273_game_2,LPL,2026-05-15 10:06:44,Blue,Ultra Prime,complete,1885,True,1864.0,2026.0,-19.0,4.0,1,3222.0,2083.0,6.0
13273-13273_game_2,LPL,2026-05-15 10:06:44,Red,Oh My God,complete,1885,True,-1864.0,-2026.0,19.0,-4.0,0,-3222.0,-2083.0,-6.0
LOLTMNT01_388537,LCK,2026-05-15 10:22:39,Blue,HANJIN BRION,complete,1626,True,5652.0,4011.0,30.0,9.0,1,1362.0,953.0,-2.0
LOLTMNT01_388537,LCK,2026-05-15 10:22:39,Red,DN SOOPers,complete,1626,True,-5652.0,-4011.0,-30.0,-9.0,0,-1362.0,-953.0,2.0
LOLTMNT01_387661,LCK,2026-05-15 11:12:17,Blue,DN SOOPers,complete,1559,True,-3857.0,-2993.0,7.0,-6.0,1,-2149.0,-2033.0,-9.0
LOLTMNT01_387661,LCK,2026-05-15 11:12:17,Red,HANJIN BRION,complete,1559,True,3857.0,2993.0,-7.0,6.0,0,2149.0,2033.0,9.0
13274-13274_game_1,LPL,2026-05-15 11:19:40,Blue,Top Esports,complete,1910,True,-6457.0,-3105.0,-49.0,-11.0,1,-59.0,771.0,-4.0
13274-13274_game_1,LPL,2026-05-15 11:19:40,Red,Bilibili Gaming,complete,1910,True,6457.0,3105.0,49.0,11.0,0,59.0,-771.0,4.0
13274-13274_game_2,LPL,2026-05-15 12:14:12,Blue,Bilibili Gaming,complete,2360,True,3709.0,4081.0,65.0,1.0,1,1839.0,1474.0,19.0
13274-13274_game_2,LPL,2026-05-15 12:14:12,Red,Top Esports,complete,2360,True,-3709.0,-4081.0,-65.0,-1.0,0,-1839.0,-1474.0,-19.0
LOLTMNT01_387874,LCK,2026-05-16 08:05:55,Blue,Gen.G,complete,1629,True,3189.0,4810.0,48.0,6.0,1,1689.0,2251.0,7.0
LOLTMNT01_387874,LCK,2026-05-16 08:05:55,Red,T1,complete,1629,True,-3189.0,-4810.0,-48.0,-6.0,0,-1689.0,-2251.0,-7.0
LOLTMNT01_387878,LCK,2026-05-16 08:57:28,Blue,T1,complete,3013,True,-76.0,-1453.0,-28.0,-1.0,1,-1189.0,-1615.0,-4.0
LOLTMNT01_387878,LCK,2026-05-16 08:57:28,Red,Gen.G,complete,3013,True,76.0,1453.0,28.0,1.0,0,1189.0,1615.0,4.0
13275-13275_game_1,LPL,2026-05-16 09:11:04,Blue,ThunderTalk Gaming,complete,1848,True,-1110.0,-1395.0,11.0,-2.0,1,-1718.0,-1676.0,-13.0
13275-13275_game_1,LPL,2026-05-16 09:11:04,Red,EDward Gaming,complete,1848,True,1110.0,1395.0,-11.0,2.0,0,1718.0,1676.0,13.0
LOLTMNT02_402697,LCP,2026-05-16 09:16:45,Blue,Ground Zero Gaming,complete,2098,True,-4433.0,-3321.0,-39.0,-4.0,1,-3038.0,-3989.0,-65.0
LOLTMNT02_402697,LCP,2026-05-16 09:16:45,Red,Deep Cross Gaming,complete,2098,True,4433.0,3321.0,39.0,4.0,0,3038.0,3989.0,65.0
13275-13275_game_2,LPL,2026-05-16 10:03:30,Blue,ThunderTalk Gaming,complete,2108,True,-3124.0,1025.0,-16.0,-2.0,1,-715.0,1657.0,12.0
13275-13275_game_2,LPL,2026-05-16 10:03:30,Red,EDward Gaming,complete,2108,True,3124.0,-1025.0,16.0,2.0,0,715.0,-1657.0,-12.0
LOLTMNT01_387885,LCK,2026-05-16 10:10:31,Blue,T1,complete,2003,True,9517.0,8387.0,69.0,14.0,1,5582.0,5728.0,26.0
LOLTMNT01_387885,LCK,2026-05-16 10:10:31,Red,Gen.G,complete,2003,True,-9517.0,-8387.0,-69.0,-14.0,0,-5582.0,-5728.0,-26.0
LOLTMNT02_402712,LCP,2026-05-16 10:10:33,Blue,Ground Zero Gaming,complete,1674,True,1702.0,114.0,18.0,2.0,1,-333.0,-1238.0,0.0
LOLTMNT02_402712,LCP,2026-05-16 10:10:33,Red,Deep Cross Gaming,complete,1674,True,-1702.0,-114.0,-18.0,-2.0,0,333.0,1238.0,0.0
LOLTMNT02_401751,LCP,2026-05-16 10:58:46,Blue,Deep Cross Gaming,complete,1688,True,4437.0,6377.0,27.0,4.0,1,3525.0,5527.0,46.0
LOLTMNT02_401751,LCP,2026-05-16 10:58:46,Red,Ground Zero Gaming,complete,1688,True,-4437.0,-6377.0,-27.0,-4.0,0,-3525.0,-5527.0,-46.0
13275-13275_game_3,LPL,2026-05-16 11:01:15,Blue,EDward Gaming,complete,2222,True,38.0,-133.0,24.0,-2.0,1,577.0,-647.0,3.0
13275-13275_game_3,LPL,2026-05-16 11:01:15,Red,ThunderTalk Gaming,complete,2222,True,-38.0,133.0,-24.0,2.0,0,-577.0,647.0,-3.0
LOLTMNT01_387927,LCK,2026-05-16 11:30:05,Blue,BNK FEARX,complete,1930,True,-547.0,3921.0,-10.0,4.0,1,2143.0,5790.0,16.0
LOLTMNT01_387927,LCK,2026-05-16 11:30:05,Red,Nongshim RedForce,complete,1930,True,547.0,-3921.0,10.0,-4.0,0,-2143.0,-5790.0,-16.0
LOLTMNT02_402752,LCP,2026-05-16 12:06:39,Blue,Fukuoka SoftBank HAWKS gaming,complete,1959,True,-2939.0,-3088.0,-43.0,-1.0,1,-881.0,-615.0,-22.0
LOLTMNT02_402752,LCP,2026-05-16 12:06:39,Red,MVK Esports,complete,1959,True,2939.0,3088.0,43.0,1.0,0,881.0,615.0,22.0
LOLTMNT01_387933,LCK,2026-05-16 12:25:03,Blue,BNK FEARX,complete,2296,True,-1820.0,-1256.0,23.0,-5.0,1,517.0,610.0,10.0
LOLTMNT01_387933,LCK,2026-05-16 12:25:03,Red,Nongshim RedForce,complete,2296,True,1820.0,1256.0,-23.0,5.0,0,-517.0,-610.0,-10.0
13276-13276_game_1,LPL,2026-05-16 12:49:14,Blue,Team WE,complete,2482,True,-2805.0,-996.0,-36.0,-5.0,1,-2850.0,242.0,-4.0
13276-13276_game_1,LPL,2026-05-16 12:49:14,Red,Ninjas in Pyjamas,complete,2482,True,2805.0,996.0,36.0,5.0,0,2850.0,-242.0,4.0
LOLTMNT02_402773,LCP,2026-05-16 13:00:10,Blue,Fukuoka SoftBank HAWKS gaming,complete,1889,True,-484.0,1155.0,-11.0,2.0,1,-962.0,32.0,-31.0
LOLTMNT02_402773,LCP,2026-05-16 13:00:10,Red,MVK Esports,complete,1889,True,484.0,-1155.0,11.0,-2.0,0,962.0,-32.0,31.0
LOLTMNT02_401808,LCP,2026-05-16 13:51:46,Blue,Fukuoka SoftBank HAWKS gaming,complete,2334,True,-1081.0,-995.0,-43.0,3.0,1,-107.0,-272.0,-8.0
LOLTMNT02_401808,LCP,2026-05-16 13:51:46,Red,MVK Esports,complete,2334,True,1081.0,995.0,43.0,-3.0,0,107.0,272.0,8.0
13276-13276_game_2,LPL,2026-05-16 13:54:07,Blue,Team WE,complete,1631,True,-8519.0,-6318.0,-171.0,-4.0,1,-3985.0,-2205.0,-46.0
13276-13276_game_2,LPL,2026-05-16 13:54:07,Red,Ninjas in Pyjamas,complete,1631,True,8519.0,6318.0,171.0,4.0,0,3985.0,2205.0,46.0
13276-13276_game_3,LPL,2026-05-16 14:41:51,Blue,Team WE,complete,1427,True,-4277.0,-2909.0,-46.0,-5.0,1,-1129.0,-923.0,4.0
13276-13276_game_3,LPL,2026-05-16 14:41:51,Red,Ninjas in Pyjamas,complete,1427,True,4277.0,2909.0,46.0,5.0,0,1129.0,923.0,-4.0
LOLTMNT02_401866,CBLOL,2026-05-16 16:12:08,Blue,Fluxo W7M,complete,2659,True,-3197.0,-2381.0,-48.0,-1.0,1,-2083.0,-2238.0,-25.0
LOLTMNT02_401866,CBLOL,2026-05-16 16:12:08,Red,RED Canids,complete,2659,True,3197.0,2381.0,48.0,1.0,0,2083.0,2238.0,25.0
LOLTMNT02_401884,CBLOL,2026-05-16 17:17:55,Blue,Fluxo W7M,complete,2276,True,3179.0,2599.0,11.0,2.0,1,1454.0,-51.0,10.0
LOLTMNT02_401884,CBLOL,2026-05-16 17:17:55,Red,RED Canids,complete,2276,True,-3179.0,-2599.0,-11.0,-2.0,0,-1454.0,51.0,-10.0
LOLTMNT02_402882,CBLOL,2026-05-16 18:14:47,Blue,RED Canids,complete,1413,True,9098.0,4009.0,115.0,7.0,1,2263.0,83.0,13.0
LOLTMNT02_402882,CBLOL,2026-05-16 18:14:47,Red,Fluxo W7M,complete,1413,True,-9098.0,-4009.0,-115.0,-7.0,0,-2263.0,-83.0,-13.0
LOLTMNT02_401923,CBLOL,2026-05-16 18:58:04,Blue,RED Canids,complete,2239,True,-1375.0,-635.0,4.0,-2.0,1,-903.0,-13.0,6.0
LOLTMNT02_401923,CBLOL,2026-05-16 18:58:04,Red,Fluxo W7M,complete,2239,True,1375.0,635.0,-4.0,2.0,0,903.0,13.0,-6.0
LOLTMNT02_402931,LCS,2026-05-16 20:08:36,Blue,Cloud9,complete,2261,True,2268.0,-304.0,-35.0,3.0,1,1358.0,-598.0,-19.0
LOLTMNT02_402931,LCS,2026-05-16 20:08:36,Red,Team Liquid,complete,2261,True,-2268.0,304.0,35.0,-3.0,0,-1358.0,598.0,19.0
LOLTMNT02_401971,LCS,2026-05-16 21:09:15,Blue,Cloud9,complete,2040,True,-1864.0,-1119.0,-27.0,-2.0,1,1197.0,137.0,13.0
LOLTMNT02_401971,LCS,2026-05-16 21:09:15,Red,Team Liquid,complete,2040,True,1864.0,1119.0,27.0,2.0,0,-1197.0,-137.0,-13.0
LOLTMNT02_401990,LCS,2026-05-16 22:00:20,Blue,Shopify Rebellion,complete,1798,True,-164.0,-272.0,-14.0,0.0,1,-701.0,-1315.0,-33.0
LOLTMNT02_401990,LCS,2026-05-16 22:00:20,Red,Disguised,complete,1798,True,164.0,272.0,14.0,0.0,0,701.0,1315.0,33.0
LOLTMNT02_403001,LCS,2026-05-16 22:51:58,Blue,Shopify Rebellion,complete,2222,True,79.0,-738.0,-4.0,1.0,1,1868.0,1079.0,1.0
LOLTMNT02_403001,LCS,2026-05-16 22:51:58,Red,Disguised,complete,2222,True,-79.0,738.0,4.0,-1.0,0,-1868.0,-1079.0,-1.0
LOLTMNT01_390036,LCK,2026-05-17 08:05:58,Blue,KT Rolster,complete,1801,True,411.0,-919.0,12.0,0.0,1,-1110.0,-1041.0,7.0
LOLTMNT01_390036,LCK,2026-05-17 08:05:58,Red,Hanwha Life Esports,complete,1801,True,-411.0,919.0,-12.0,0.0,0,1110.0,1041.0,-7.0
LOLTMNT01_390048,LCK,2026-05-17 08:58:43,Blue,KT Rolster,complete,1584,True,-9056.0,-6432.0,-112.0,-6.0,1,-5628.0,-3593.0,-40.0
LOLTMNT01_390048,LCK,2026-05-17 08:58:43,Red,Hanwha Life Esports,complete,1584,True,9056.0,6432.0,112.0,6.0,0,5628.0,3593.0,40.0
13277-13277_game_1,LPL,2026-05-17 09:15:24,Blue,Invictus Gaming,complete,2225,True,3640.0,1982.0,33.0,1.0,1,1151.0,54.0,-9.0
13277-13277_game_1,LPL,2026-05-17 09:15:24,Red,JD Gaming,complete,2225,True,-3640.0,-1982.0,-33.0,-1.0,0,-1151.0,-54.0,9.0
LOLTMNT02_403066,LCP,2026-05-17 09:19:28,Blue,DetonatioN FocusMe,complete,1933,True,-5955.0,-5824.0,-94.0,-5.0,1,-3556.0,-2262.0,-40.0
LOLTMNT02_403066,LCP,2026-05-17 09:19:28,Red,Team Secret Whales,complete,1933,True,5955.0,5824.0,94.0,5.0,0,3556.0,2262.0,40.0
LOLTMNT01_390055,LCK,2026-05-17 09:48:07,Blue,KT Rolster,complete,1774,True,6457.0,3583.0,41.0,8.0,1,2024.0,153.0,5.0
LOLTMNT01_390055,LCK,2026-05-17 09:48:07,Red,Hanwha Life Esports,complete,1774,True,-6457.0,-3583.0,-41.0,-8.0,0,-2024.0,-153.0,-5.0
LOLTMNT02_403072,LCP,2026-05-17 10:19:01,Blue,Team Secret Whales,complete,2256,True,886.0,-337.0,7.0,-1.0,1,-528.0,-1822.0,-14.0
LOLTMNT02_403072,LCP,2026-05-17 10:19:01,Red,DetonatioN FocusMe,complete,2256,True,-886.0,337.0,-7.0,1.0,0,528.0,1822.0,14.0
13277-13277_game_2,LPL,2026-05-17 10:19:07,Blue,Invictus Gaming,complete,1738,True,-6846.0,-6915.0,-42.0,-8.0,1,-2945.0,-4229.0,11.0
13277-13277_game_2,LPL,2026-05-17 10:19:07,Red,JD Gaming,complete,1738,True,6846.0,6915.0,42.0,8.0,0,2945.0,4229.0,-11.0
LOLTMNT01_389120,LCK,2026-05-17 11:06:33,Blue,HANJIN BRION,complete,2509,True,-2155.0,-2965.0,-7.0,-1.0,1,-3624.0,-3614.0,-7.0
LOLTMNT01_389120,LCK,2026-05-17 11:06:33,Red,Kiwoom DRX,complete,2509,True,2155.0,2965.0,7.0,1.0,0,3624.0,3614.0,7.0
13277-13277_game_3,LPL,2026-05-17 11:15:37,Blue,JD Gaming,complete,1854,True,715.0,1934.0,38.0,0.0,1,1275.0,1487.0,13.0
13277-13277_game_3,LPL,2026-05-17 11:15:37,Red,Invictus Gaming,complete,1854,True,-715.0,-1934.0,-38.0,0.0,0,-1275.0,-1487.0,-13.0
LOLTMNT02_404088,LCP,2026-05-17 11:17:09,Blue,DetonatioN FocusMe,complete,1355,True,-8172.0,-6265.0,-101.0,-7.0,1,-4313.0,-3910.0,-22.0
LOLTMNT02_404088,LCP,2026-05-17 11:17:09,Red,Team Secret Whales,complete,1355,True,8172.0,6265.0,101.0,7.0,0,4313.0,3910.0,22.0
LOLTMNT01_390098,LCK,2026-05-17 12:10:36,Blue,HANJIN BRION,complete,1809,True,-4232.0,-4708.0,-28.0,-4.0,1,-4233.0,-3020.0,3.0
LOLTMNT01_390098,LCK,2026-05-17 12:10:36,Red,Kiwoom DRX,complete,1809,True,4232.0,4708.0,28.0,4.0,0,4233.0,3020.0,-3.0
LOLTMNT02_403119,LCP,2026-05-17 12:17:50,Blue,CTBC Flying Oyster,complete,1769,True,5052.0,4273.0,87.0,5.0,1,2966.0,2700.0,58.0
LOLTMNT02_403119,LCP,2026-05-17 12:17:50,Red,GAM Esports,complete,1769,True,-5052.0,-4273.0,-87.0,-5.0,0,-2966.0,-2700.0,-58.0
13278-13278_game_1,LPL,2026-05-17 12:31:46,Blue,Bilibili Gaming,partial,1994,False,,,,,1,,,
13278-13278_game_1,LPL,2026-05-17 12:31:46,Red,Anyone's Legend,partial,1994,False,,,,,0,,,
LOLTMNT01_389127,LCK,2026-05-17 13:04:35,Blue,Kiwoom DRX,complete,2188,True,-2647.0,-1544.0,-38.0,-2.0,1,-1812.0,-1727.0,-27.0
LOLTMNT01_389127,LCK,2026-05-17 13:04:35,Red,HANJIN BRION,complete,2188,True,2647.0,1544.0,38.0,2.0,0,1812.0,1727.0,27.0
LOLTMNT02_404155,LCP,2026-05-17 13:06:35,Blue,CTBC Flying Oyster,complete,1758,True,-616.0,-2672.0,27.0,-3.0,1,-2187.0,-3218.0,-5.0
LOLTMNT02_404155,LCP,2026-05-17 13:06:35,Red,GAM Esports,complete,1758,True,616.0,2672.0,-27.0,3.0,0,2187.0,3218.0,5.0
13278-13278_game_2,LPL,2026-05-17 13:35:18,Blue,Anyone's Legend,partial,1903,False,,,,,1,,,
13278-13278_game_2,LPL,2026-05-17 13:35:18,Red,Bilibili Gaming,partial,1903,False,,,,,0,,,
LOLTMNT02_403156,LCP,2026-05-17 13:56:03,Blue,CTBC Flying Oyster,complete,2055,True,-3376.0,-2487.0,-12.0,-2.0,1,-203.0,-184.0,-16.0
LOLTMNT02_403156,LCP,2026-05-17 13:56:03,Red,GAM Esports,complete,2055,True,3376.0,2487.0,12.0,2.0,0,203.0,184.0,16.0
LOLTMNT02_403221,CBLOL,2026-05-17 16:11:48,Blue,LOUD,complete,1942,True,-3114.0,-1614.0,-25.0,-5.0,1,-1180.0,-364.0,16.0
LOLTMNT02_403221,CBLOL,2026-05-17 16:11:48,Red,FURIA,complete,1942,True,3114.0,1614.0,25.0,5.0,0,1180.0,364.0,-16.0
LOLTMNT02_403233,CBLOL,2026-05-17 17:02:15,Blue,FURIA,complete,1929,True,-1804.0,-505.0,-16.0,-2.0,1,176.0,648.0,-21.0
LOLTMNT02_403233,CBLOL,2026-05-17 17:02:15,Red,LOUD,complete,1929,True,1804.0,505.0,16.0,2.0,0,-176.0,-648.0,21.0
LOLTMNT02_404258,CBLOL,2026-05-17 17:51:20,Blue,FURIA,complete,2045,True,-2407.0,60.0,-2.0,-1.0,1,-1196.0,583.0,14.0
LOLTMNT02_404258,CBLOL,2026-05-17 17:51:20,Red,LOUD,complete,2045,True,2407.0,-60.0,2.0,1.0,0,1196.0,-583.0,-14.0
LOLTMNT02_403298,LCS,2026-05-17 20:07:18,Blue,Dignitas,complete,1552,True,-7774.0,-4093.0,-88.0,-4.0,1,-3105.0,-1101.0,-12.0
LOLTMNT02_403298,LCS,2026-05-17 20:07:18,Red,Sentinels,complete,1552,True,7774.0,4093.0,88.0,4.0,0,3105.0,1101.0,12.0
LOLTMNT02_403310,LCS,2026-05-17 20:56:14,Blue,Sentinels,complete,1895,True,6655.0,4772.0,31.0,6.0,1,4500.0,3512.0,-8.0
LOLTMNT02_403310,LCS,2026-05-17 20:56:14,Red,Dignitas,complete,1895,True,-6655.0,-4772.0,-31.0,-6.0,0,-4500.0,-3512.0,8.0
LOLTMNT02_403327,LCS,2026-05-17 21:47:21,Blue,LYON,complete,2293,True,-1843.0,-2357.0,-55.0,1.0,1,-1197.0,-1568.0,-18.0
LOLTMNT02_403327,LCS,2026-05-17 21:47:21,Red,FlyQuest,complete,2293,True,1843.0,2357.0,55.0,-1.0,0,1197.0,1568.0,18.0
LOLTMNT02_403334,LCS,2026-05-17 22:50:22,Blue,FlyQuest,complete,1756,True,-1906.0,-2106.0,-32.0,-2.0,1,-1164.0,-1291.0,-18.0
LOLTMNT02_403334,LCS,2026-05-17 22:50:22,Red,LYON,complete,1756,True,1906.0,2106.0,32.0,2.0,0,1164.0,1291.0,18.0
LOLTMNT02_404341,LCS,2026-05-17 23:43:46,Blue,LYON,complete,1664,True,-4801.0,-5647.0,-21.0,-7.0,1,-3282.0,-3958.0,24.0
LOLTMNT02_404341,LCS,2026-05-17 23:43:46,Red,FlyQuest,complete,1664,True,4801.0,5647.0,21.0,7.0,0,3282.0,3958.0,-24.0
LOLTMNT02_406385,LCK,2026-05-20 08:05:29,Blue,T1,complete,1696,True,5544.0,4173.0,52.0,5.0,1,2675.0,1987.0,5.0
LOLTMNT02_406385,LCK,2026-05-20 08:05:29,Red,Kiwoom DRX,complete,1696,True,-5544.0,-4173.0,-52.0,-5.0,0,-2675.0,-1987.0,-5.0
LOLTMNT02_406405,LCK,2026-05-20 08:54:42,Blue,T1,complete,1865,True,-5676.0,-6043.0,0.0,-10.0,1,-2861.0,-1948.0,19.0
LOLTMNT02_406405,LCK,2026-05-20 08:54:42,Red,Kiwoom DRX,complete,1865,True,5676.0,6043.0,0.0,10.0,0,2861.0,1948.0,-19.0
LOLTMNT02_405485,LCK,2026-05-20 09:47:16,Blue,Kiwoom DRX,complete,1628,True,-5396.0,-2655.0,-38.0,-4.0,1,-2706.0,-2508.0,-5.0
LOLTMNT02_405485,LCK,2026-05-20 09:47:16,Red,T1,complete,1628,True,5396.0,2655.0,38.0,4.0,0,2706.0,2508.0,5.0
LOLTMNT02_406455,LCK,2026-05-20 11:01:11,Blue,Nongshim RedForce,complete,1427,True,8654.0,8290.0,69.0,9.0,1,5178.0,4291.0,16.0
LOLTMNT02_406455,LCK,2026-05-20 11:01:11,Red,KT Rolster,complete,1427,True,-8654.0,-8290.0,-69.0,-9.0,0,-5178.0,-4291.0,-16.0
LOLTMNT02_406485,LCK,2026-05-20 11:45:01,Blue,KT Rolster,complete,1832,True,1718.0,-1500.0,-24.0,3.0,1,96.0,-1604.0,-34.0
LOLTMNT02_406485,LCK,2026-05-20 11:45:01,Red,Nongshim RedForce,complete,1832,True,-1718.0,1500.0,24.0,-3.0,0,-96.0,1604.0,34.0
LOLTMNT02_406517,LCK,2026-05-20 12:36:35,Blue,KT Rolster,complete,2026,True,1889.0,2032.0,22.0,6.0,1,-1355.0,845.0,29.0
LOLTMNT02_406517,LCK,2026-05-20 12:36:35,Red,Nongshim RedForce,complete,2026,True,-1889.0,-2032.0,-22.0,-6.0,0,1355.0,-845.0,-29.0
LOLTMNT02_406958,LCK,2026-05-21 08:06:57,Blue,BNK FEARX,complete,2177,True,-5267.0,-5452.0,-51.0,-3.0,1,-5140.0,-4338.0,-28.0
LOLTMNT02_406958,LCK,2026-05-21 08:06:57,Red,Hanwha Life Esports,complete,2177,True,5267.0,5452.0,51.0,3.0,0,5140.0,4338.0,28.0
LOLTMNT02_407057,LCK,2026-05-21 09:05:50,Blue,Hanwha Life Esports,complete,1811,True,186.0,1388.0,65.0,-6.0,1,1110.0,1301.0,31.0
LOLTMNT02_407057,LCK,2026-05-21 09:05:50,Red,BNK FEARX,complete,1811,True,-186.0,-1388.0,-65.0,6.0,0,-1110.0,-1301.0,-31.0
LOLTMNT02_408013,LCK,2026-05-21 10:22:05,Blue,Dplus Kia,complete,2466,True,2469.0,3007.0,89.0,-1.0,1,1578.0,1369.0,28.0
LOLTMNT02_408013,LCK,2026-05-21 10:22:05,Red,HANJIN BRION,complete,2466,True,-2469.0,-3007.0,-89.0,1.0,0,-1578.0,-1369.0,-28.0
LOLTMNT02_407136,LCK,2026-05-21 11:23:10,Blue,HANJIN BRION,complete,2157,True,4389.0,3773.0,94.0,2.0,1,1234.0,1808.0,49.0
LOLTMNT02_407136,LCK,2026-05-21 11:23:10,Red,Dplus Kia,complete,2157,True,-4389.0,-3773.0,-94.0,-2.0,0,-1234.0,-1808.0,-49.0
LOLTMNT02_407167,LCK,2026-05-21 12:22:49,Blue,HANJIN BRION,complete,1808,True,-2553.0,-3464.0,-94.0,0.0,1,-2462.0,-2423.0,-73.0
LOLTMNT02_407167,LCK,2026-05-21 12:22:49,Red,Dplus Kia,complete,1808,True,2553.0,3464.0,94.0,0.0,0,2462.0,2423.0,73.0
LOLTMNT02_408582,LCK,2026-05-22 08:06:39,Blue,DN SOOPers,complete,2015,True,-2196.0,-2533.0,-24.0,-3.0,1,-1706.0,-1831.0,-32.0
LOLTMNT02_408582,LCK,2026-05-22 08:06:39,Red,Kiwoom DRX,complete,2015,True,2196.0,2533.0,24.0,3.0,0,1706.0,1831.0,32.0
LOLTMNT02_407674,LCK,2026-05-22 09:04:35,Blue,Kiwoom DRX,complete,1699,True,5415.0,4393.0,44.0,6.0,1,3183.0,3348.0,14.0
LOLTMNT02_407674,LCK,2026-05-22 09:04:35,Red,DN SOOPers,complete,1699,True,-5415.0,-4393.0,-44.0,-6.0,0,-3183.0,-3348.0,-14.0
LOLTMNT02_407714,LCK,2026-05-22 10:20:35,Blue,KT Rolster,complete,1670,True,-4394.0,-3621.0,-44.0,-8.0,1,-1400.0,-1074.0,-1.0
LOLTMNT02_407714,LCK,2026-05-22 10:20:35,Red,Gen.G,complete,1670,True,4394.0,3621.0,44.0,8.0,0,1400.0,1074.0,1.0
LOLTMNT02_407744,LCK,2026-05-22 11:11:42,Blue,KT Rolster,complete,1985,True,4182.0,2974.0,-2.0,5.0,1,354.0,402.0,-14.0
LOLTMNT02_407744,LCK,2026-05-22 11:11:42,Red,Gen.G,complete,1985,True,-4182.0,-2974.0,2.0,-5.0,0,-354.0,-402.0,14.0
13279-13279_game_1,LPL,2026-05-23 06:07:52,Blue,LNG Esports,complete,1816,True,-1855.0,-1262.0,-38.0,0.0,1,-2014.0,-892.0,-11.0
13279-13279_game_1,LPL,2026-05-23 06:07:52,Red,Team WE,complete,1816,True,1855.0,1262.0,38.0,0.0,0,2014.0,892.0,11.0
13279-13279_game_2,LPL,2026-05-23 07:00:14,Blue,Team WE,complete,2144,True,-2059.0,-995.0,-5.0,-2.0,1,-494.0,-876.0,-34.0
13279-13279_game_2,LPL,2026-05-23 07:00:14,Red,LNG Esports,complete,2144,True,2059.0,995.0,5.0,2.0,0,494.0,876.0,34.0
13279-13279_game_3,LPL,2026-05-23 07:58:42,Blue,LNG Esports,complete,1985,True,-852.0,-2744.0,-75.0,1.0,1,-2231.0,-2673.0,-35.0
13279-13279_game_3,LPL,2026-05-23 07:58:42,Red,Team WE,complete,1985,True,852.0,2744.0,75.0,-1.0,0,2231.0,2673.0,35.0
LOLTMNT02_409322,LCK,2026-05-23 08:06:07,Blue,Dplus Kia,complete,1901,True,3173.0,3032.0,81.0,0.0,1,2810.0,2417.0,31.0
LOLTMNT02_409322,LCK,2026-05-23 08:06:07,Red,BNK FEARX,complete,1901,True,-3173.0,-3032.0,-81.0,0.0,0,-2810.0,-2417.0,-31.0
13279-13279_game_4,LPL,2026-05-23 08:54:27,Blue,LNG Esports,complete,1665,True,-3073.0,-906.0,-1.0,-7.0,1,-886.0,143.0,-29.0
13279-13279_game_4,LPL,2026-05-23 08:54:27,Red,Team WE,complete,1665,True,3073.0,906.0,1.0,7.0,0,886.0,-143.0,29.0
LOLTMNT02_409387,LCK,2026-05-23 09:01:51,Blue,BNK FEARX,complete,1948,True,-270.0,2319.0,23.0,-2.0,1,628.0,636.0,-9.0
LOLTMNT02_409387,LCK,2026-05-23 09:01:51,Red,Dplus Kia,complete,1948,True,270.0,-2319.0,-23.0,2.0,0,-628.0,-636.0,9.0
LOLTMNT02_409399,LCP,2026-05-23 09:13:26,Blue,CTBC Flying Oyster,complete,2072,True,1449.0,-256.0,-3.0,-3.0,1,595.0,-1033.0,-15.0
LOLTMNT02_409399,LCP,2026-05-23 09:13:26,Red,MVK Esports,complete,2072,True,-1449.0,256.0,3.0,3.0,0,-595.0,1033.0,15.0
13279-13279_game_5,LPL,2026-05-23 09:45:05,Blue,LNG Esports,complete,2273,True,4137.0,1902.0,8.0,3.0,1,1235.0,132.0,-1.0
13279-13279_game_5,LPL,2026-05-23 09:45:05,Red,Team WE,complete,2273,True,-4137.0,-1902.0,-8.0,-3.0,0,-1235.0,-132.0,1.0
LOLTMNT02_409417,LCK,2026-05-23 09:58:25,Blue,Dplus Kia,complete,1796,True,96.0,175.0,9.0,1.0,1,-1401.0,-1119.0,-10.0
LOLTMNT02_409417,LCK,2026-05-23 09:58:25,Red,BNK FEARX,complete,1796,True,-96.0,-175.0,-9.0,-1.0,0,1401.0,1119.0,10.0
LOLTMNT02_409439,LCP,2026-05-23 10:10:44,Blue,CTBC Flying Oyster,complete,1705,True,-5566.0,-4434.0,-112.0,-1.0,1,-2707.0,-1159.0,-38.0
LOLTMNT02_409439,LCP,2026-05-23 10:10:44,Red,MVK Esports,complete,1705,True,5566.0,4434.0,112.0,1.0,0,2707.0,1159.0,38.0
13280-13280_game_1,LPL,2026-05-23 10:55:44,Blue,ThunderTalk Gaming,complete,1728,True,600.0,1043.0,8.0,0.0,1,282.0,1127.0,10.0
13280-13280_game_1,LPL,2026-05-23 10:55:44,Red,Invictus Gaming,complete,1728,True,-600.0,-1043.0,-8.0,0.0,0,-282.0,-1127.0,-10.0
LOLTMNT02_410530,LCP,2026-05-23 10:58:59,Blue,CTBC Flying Oyster,complete,2779,True,1148.0,840.0,-27.0,4.0,1,1253.0,749.0,16.0
LOLTMNT02_410530,LCP,2026-05-23 10:58:59,Red,MVK Esports,complete,2779,True,-1148.0,-840.0,27.0,-4.0,0,-1253.0,-749.0,-16.0
LOLTMNT02_409510,LCK,2026-05-23 11:15:14,Blue,Hanwha Life Esports,complete,1825,True,-1621.0,-756.0,23.0,-4.0,1,-723.0,-504.0,35.0
LOLTMNT02_409510,LCK,2026-05-23 11:15:14,Red,Nongshim RedForce,complete,1825,True,1621.0,756.0,-23.0,4.0,0,723.0,504.0,-35.0
13280-13280_game_2,LPL,2026-05-23 11:48:57,Blue,ThunderTalk Gaming,complete,1571,True,1677.0,-109.0,4.0,3.0,1,250.0,-929.0,24.0
13280-13280_game_2,LPL,2026-05-23 11:48:57,Red,Invictus Gaming,complete,1571,True,-1677.0,109.0,-4.0,-3.0,0,-250.0,929.0,-24.0
LOLTMNT02_409541,LCP,2026-05-23 12:05:10,Blue,CTBC Flying Oyster,complete,2006,True,-6190.0,-6329.0,-64.0,-7.0,1,-4879.0,-4514.0,-36.0
LOLTMNT02_409541,LCP,2026-05-23 12:05:10,Red,MVK Esports,complete,2006,True,6190.0,6329.0,64.0,7.0,0,4879.0,4514.0,36.0
LOLTMNT02_410580,LCK,2026-05-23 12:08:47,Blue,Nongshim RedForce,complete,1781,True,-3341.0,-5723.0,-61.0,-9.0,1,-2955.0,-5191.0,-56.0
LOLTMNT02_410580,LCK,2026-05-23 12:08:47,Red,Hanwha Life Esports,complete,1781,True,3341.0,5723.0,61.0,9.0,0,2955.0,5191.0,56.0
13280-13280_game_3,LPL,2026-05-23 12:38:43,Blue,Invictus Gaming,complete,1963,True,-3432.0,-3738.0,11.0,-4.0,1,-3053.0,-1605.0,-4.0
13280-13280_game_3,LPL,2026-05-23 12:38:43,Red,ThunderTalk Gaming,complete,1963,True,3432.0,3738.0,-11.0,4.0,0,3053.0,1605.0,4.0
LOLTMNT02_410661,LCP,2026-05-23 12:58:21,Blue,CTBC Flying Oyster,complete,2027,True,-1111.0,-7.0,-7.0,-1.0,1,-803.0,-959.0,-14.0
LOLTMNT02_410661,LCP,2026-05-23 12:58:21,Red,MVK Esports,complete,2027,True,1111.0,7.0,7.0,1.0,0,803.0,959.0,14.0
LOLTMNT02_410667,LCK,2026-05-23 12:59:35,Blue,Hanwha Life Esports,complete,1632,True,3114.0,3634.0,135.0,3.0,1,691.0,1081.0,55.0
LOLTMNT02_410667,LCK,2026-05-23 12:59:35,Red,Nongshim RedForce,complete,1632,True,-3114.0,-3634.0,-135.0,-3.0,0,-691.0,-1081.0,-55.0
LOLTMNT05_196094,LEC,2026-05-23 15:11:03,Blue,G2 Esports,complete,2655,True,4800.0,7413.0,79.0,7.0,1,1837.0,3953.0,24.0
LOLTMNT05_196094,LEC,2026-05-23 15:11:03,Red,Karmine Corp,complete,2655,True,-4800.0,-7413.0,-79.0,-7.0,0,-1837.0,-3953.0,-24.0
LOLTMNT02_409730,CBLOL,2026-05-23 16:12:43,Blue,LØS,complete,2292,True,4970.0,3025.0,7.0,6.0,1,1777.0,-616.0,-33.0
LOLTMNT02_409730,CBLOL,2026-05-23 16:12:43,Red,Vivo Keyd Stars,complete,2292,True,-4970.0,-3025.0,-7.0,-6.0,0,-1777.0,616.0,33.0
LOLTMNT05_195065,LEC,2026-05-23 16:16:33,Blue,G2 Esports,complete,1648,True,4287.0,1198.0,41.0,2.0,1,898.0,-1017.0,-1.0
LOLTMNT05_195065,LEC,2026-05-23 16:16:33,Red,Karmine Corp,complete,1648,True,-4287.0,-1198.0,-41.0,-2.0,0,-898.0,1017.0,1.0
LOLTMNT05_196109,LEC,2026-05-23 17:05:33,Blue,G2 Esports,complete,1843,True,57.0,1432.0,52.0,0.0,1,-3229.0,-2352.0,21.0
LOLTMNT05_196109,LEC,2026-05-23 17:05:33,Red,Karmine Corp,complete,1843,True,-57.0,-1432.0,-52.0,0.0,0,3229.0,2352.0,-21.0
LOLTMNT02_410851,CBLOL,2026-05-23 17:09:04,Blue,LØS,complete,2188,True,8248.0,6507.0,81.0,12.0,1,2760.0,2181.0,30.0
LOLTMNT02_410851,CBLOL,2026-05-23 17:09:04,Red,Vivo Keyd Stars,complete,2188,True,-8248.0,-6507.0,-81.0,-12.0,0,-2760.0,-2181.0,-30.0
LOLTMNT05_195074,LEC,2026-05-23 17:59:01,Blue,G2 Esports,complete,1566,True,7419.0,7077.0,123.0,9.0,1,-297.0,1240.0,45.0
LOLTMNT05_195074,LEC,2026-05-23 17:59:01,Red,Karmine Corp,complete,1566,True,-7419.0,-7077.0,-123.0,-9.0,0,297.0,-1240.0,-45.0
LOLTMNT02_410906,CBLOL,2026-05-23 18:04:34,Blue,LØS,complete,1401,True,7756.0,4683.0,67.0,8.0,1,4960.0,4025.0,42.0
LOLTMNT02_410906,CBLOL,2026-05-23 18:04:34,Red,Vivo Keyd Stars,complete,1401,True,-7756.0,-4683.0,-67.0,-8.0,0,-4960.0,-4025.0,-42.0
LOLTMNT02_411013,LCS,2026-05-23 20:10:31,Blue,FlyQuest,complete,1506,True,-1798.0,-2335.0,-7.0,-2.0,1,-602.0,-1839.0,2.0
LOLTMNT02_411013,LCS,2026-05-23 20:10:31,Red,Cloud9,complete,1506,True,1798.0,2335.0,7.0,2.0,0,602.0,1839.0,-2.0
LOLTMNT02_411042,LCS,2026-05-23 20:52:13,Blue,Cloud9,complete,1912,True,-235.0,814.0,10.0,-2.0,1,238.0,1873.0,13.0
LOLTMNT02_411042,LCS,2026-05-23 20:52:13,Red,FlyQuest,complete,1912,True,235.0,-814.0,-10.0,2.0,0,-238.0,-1873.0,-13.0
LOLTMNT02_409890,LCS,2026-05-23 21:50:14,Blue,Cloud9,complete,1819,True,-2843.0,-6641.0,-51.0,-6.0,1,-1753.0,-1729.0,-3.0
LOLTMNT02_409890,LCS,2026-05-23 21:50:14,Red,FlyQuest,complete,1819,True,2843.0,6641.0,51.0,6.0,0,1753.0,1729.0,3.0
LOLTMNT02_409902,LCS,2026-05-23 22:39:13,Blue,FlyQuest,complete,1844,True,3205.0,1244.0,21.0,5.0,1,-109.0,-1641.0,-23.0
LOLTMNT02_409902,LCS,2026-05-23 22:39:13,Red,Cloud9,complete,1844,True,-3205.0,-1244.0,-21.0,-5.0,0,109.0,1641.0,23.0
LOLTMNT02_411078,LCS,2026-05-23 23:28:19,Blue,FlyQuest,complete,2071,True,-2603.0,-4155.0,-9.0,-5.0,1,-1352.0,-1267.0,-4.0
LOLTMNT02_411078,LCS,2026-05-23 23:28:19,Red,Cloud9,complete,2071,True,2603.0,4155.0,9.0,5.0,0,1352.0,1267.0,4.0
13281-13281_game_1,LPL,2026-05-24 06:07:37,Blue,EDward Gaming,complete,1791,True,1985.0,1499.0,3.0,4.0,1,-118.0,66.0,-2.0
13281-13281_game_1,LPL,2026-05-24 06:07:37,Red,Ninjas in Pyjamas,complete,1791,True,-1985.0,-1499.0,-3.0,-4.0,0,118.0,-66.0,2.0
13281-13281_game_2,LPL,2026-05-24 06:58:01,Blue,EDward Gaming,complete,2663,True,4039.0,-867.0,48.0,3.0,1,1227.0,-1156.0,18.0
13281-13281_game_2,LPL,2026-05-24 06:58:01,Red,Ninjas in Pyjamas,complete,2663,True,-4039.0,867.0,-48.0,-3.0,0,-1227.0,1156.0,-18.0
13281-13281_game_3,LPL,2026-05-24 08:02:43,Blue,Ninjas in Pyjamas,complete,2192,True,-2622.0,-113.0,10.0,-5.0,1,-716.0,307.0,7.0
13281-13281_game_3,LPL,2026-05-24 08:02:43,Red,EDward Gaming,complete,2192,True,2622.0,113.0,-10.0,5.0,0,716.0,-307.0,-7.0
LOLTMNT02_412046,LCK,2026-05-24 08:06:42,Blue,Gen.G,complete,1683,True,7080.0,4580.0,81.0,6.0,1,728.0,-571.0,11.0
LOLTMNT02_412046,LCK,2026-05-24 08:06:42,Red,DN SOOPers,complete,1683,True,-7080.0,-4580.0,-81.0,-6.0,0,-728.0,571.0,-11.0
LOLTMNT02_412073,LCK,2026-05-24 08:56:11,Blue,Gen.G,complete,1693,True,4087.0,1893.0,70.0,0.0,1,1572.0,1082.0,12.0
LOLTMNT02_412073,LCK,2026-05-24 08:56:11,Red,DN SOOPers,complete,1693,True,-4087.0,-1893.0,-70.0,0.0,0,-1572.0,-1082.0,-12.0
13281-13281_game_4,LPL,2026-05-24 09:01:30,Blue,EDward Gaming,complete,2413,True,1703.0,728.0,2.0,3.0,1,899.0,532.0,-11.0
13281-13281_game_4,LPL,2026-05-24 09:01:30,Red,Ninjas in Pyjamas,complete,2413,True,-1703.0,-728.0,-2.0,-3.0,0,-899.0,-532.0,11.0
LOLTMNT02_411260,LCP,2026-05-24 09:14:38,Blue,Fukuoka SoftBank HAWKS gaming,complete,1745,True,-1415.0,-5786.0,-46.0,-2.0,1,-3791.0,-6227.0,-35.0
LOLTMNT02_411260,LCP,2026-05-24 09:14:38,Red,Deep Cross Gaming,complete,1745,True,1415.0,5786.0,46.0,2.0,0,3791.0,6227.0,35.0
LOLTMNT02_412115,LCP,2026-05-24 10:07:40,Blue,Fukuoka SoftBank HAWKS gaming,complete,1988,True,-7758.0,-7702.0,-62.0,-9.0,1,-4410.0,-4244.0,-32.0
LOLTMNT02_412115,LCP,2026-05-24 10:07:40,Red,Deep Cross Gaming,complete,1988,True,7758.0,7702.0,62.0,9.0,0,4410.0,4244.0,32.0
13281-13281_game_5,LPL,2026-05-24 10:09:19,Blue,Ninjas in Pyjamas,complete,2244,True,22.0,898.0,21.0,-1.0,1,935.0,733.0,18.0
13281-13281_game_5,LPL,2026-05-24 10:09:19,Red,EDward Gaming,complete,2244,True,-22.0,-898.0,-21.0,1.0,0,-935.0,-733.0,-18.0
LOLTMNT02_411297,LCK,2026-05-24 10:10:10,Blue,T1,complete,1986,True,470.0,-983.0,10.0,1.0,1,-1337.0,-557.0,26.0
LOLTMNT02_411297,LCK,2026-05-24 10:10:10,Red,HANJIN BRION,complete,1986,True,-470.0,983.0,-10.0,-1.0,0,1337.0,557.0,-26.0
LOLTMNT02_412154,LCP,2026-05-24 11:09:36,Blue,Deep Cross Gaming,complete,1824,True,446.0,835.0,-1.0,-1.0,1,1385.0,726.0,-19.0
LOLTMNT02_412154,LCP,2026-05-24 11:09:36,Red,Fukuoka SoftBank HAWKS gaming,complete,1824,True,-446.0,-835.0,1.0,1.0,0,-1385.0,-726.0,19.0
LOLTMNT02_411342,LCK,2026-05-24 11:10:29,Blue,T1,complete,1727,True,-4841.0,-2664.0,3.0,-8.0,1,-1841.0,-716.0,-3.0
LOLTMNT02_411342,LCK,2026-05-24 11:10:29,Red,HANJIN BRION,complete,1727,True,4841.0,2664.0,-3.0,8.0,0,1841.0,716.0,3.0
13282-13282_game_1,LPL,2026-05-24 11:16:52,Blue,LGD Gaming,complete,1696,True,2366.0,980.0,-18.0,2.0,1,3823.0,2330.0,37.0
13282-13282_game_1,LPL,2026-05-24 11:16:52,Red,Weibo Gaming,complete,1696,True,-2366.0,-980.0,18.0,-2.0,0,-3823.0,-2330.0,-37.0
13282-13282_game_2,LPL,2026-05-24 12:06:58,Blue,Weibo Gaming,complete,1557,True,-1769.0,-2234.0,-34.0,-1.0,1,154.0,-295.0,11.0
13282-13282_game_2,LPL,2026-05-24 12:06:58,Red,LGD Gaming,complete,1557,True,1769.0,2234.0,34.0,1.0,0,-154.0,295.0,-11.0
13282-13282_game_3,LPL,2026-05-24 12:54:04,Blue,LGD Gaming,complete,2006,True,3827.0,5064.0,59.0,4.0,1,2205.0,2860.0,43.0
13282-13282_game_3,LPL,2026-05-24 12:54:04,Red,Weibo Gaming,complete,2006,True,-3827.0,-5064.0,-59.0,-4.0,0,-2205.0,-2860.0,-43.0
13282-13282_game_4,LPL,2026-05-24 13:58:12,Blue,Weibo Gaming,complete,2241,True,446.0,25.0,36.0,-1.0,1,22.0,-638.0,8.0
13282-13282_game_4,LPL,2026-05-24 13:58:12,Red,LGD Gaming,complete,2241,True,-446.0,-25.0,-36.0,1.0,0,-22.0,638.0,-8.0
13282-13282_game_5,LPL,2026-05-24 14:58:11,Blue,Weibo Gaming,complete,1882,True,912.0,2167.0,70.0,0.0,1,2686.0,1807.0,25.0
13282-13282_game_5,LPL,2026-05-24 14:58:11,Red,LGD Gaming,complete,1882,True,-912.0,-2167.0,-70.0,0.0,0,-2686.0,-1807.0,-25.0
LOLTMNT05_196170,LEC,2026-05-24 15:08:04,Blue,Movistar KOI,complete,2221,True,284.0,979.0,40.0,0.0,1,-1644.0,-565.0,-21.0
LOLTMNT05_196170,LEC,2026-05-24 15:08:04,Red,Team Vitality,complete,2221,True,-284.0,-979.0,-40.0,0.0,0,1644.0,565.0,21.0
LOLTMNT05_196183,LEC,2026-05-24 16:05:28,Blue,Movistar KOI,complete,1853,True,9465.0,7377.0,47.0,12.0,1,5260.0,3854.0,11.0
LOLTMNT05_196183,LEC,2026-05-24 16:05:28,Red,Team Vitality,complete,1853,True,-9465.0,-7377.0,-47.0,-12.0,0,-5260.0,-3854.0,-11.0
LOLTMNT02_411470,CBLOL,2026-05-24 16:11:30,Blue,FURIA,complete,1870,True,2460.0,2020.0,-26.0,6.0,1,2583.0,3208.0,41.0
LOLTMNT02_411470,CBLOL,2026-05-24 16:11:30,Red,RED Canids,complete,1870,True,-2460.0,-2020.0,26.0,-6.0,0,-2583.0,-3208.0,-41.0
LOLTMNT05_196187,LEC,2026-05-24 16:55:24,Blue,Movistar KOI,complete,1558,True,3414.0,1359.0,18.0,3.0,1,1524.0,451.0,2.0
LOLTMNT05_196187,LEC,2026-05-24 16:55:24,Red,Team Vitality,complete,1558,True,-3414.0,-1359.0,-18.0,-3.0,0,-1524.0,-451.0,-2.0
LOLTMNT02_411492,CBLOL,2026-05-24 17:02:08,Blue,FURIA,complete,2082,True,232.0,90.0,-62.0,3.0,1,1931.0,2073.0,-19.0
LOLTMNT02_411492,CBLOL,2026-05-24 17:02:08,Red,RED Canids,complete,2082,True,-232.0,-90.0,62.0,-3.0,0,-1931.0,-2073.0,19.0
LOLTMNT02_411525,CBLOL,2026-05-24 17:55:36,Blue,FURIA,complete,2397,True,977.0,-808.0,-27.0,1.0,1,406.0,-404.0,-6.0
LOLTMNT02_411525,CBLOL,2026-05-24 17:55:36,Red,RED Canids,complete,2397,True,-977.0,808.0,27.0,-1.0,0,-406.0,404.0,6.0
LOLTMNT02_412354,LCS,2026-05-24 20:12:10,Blue,Team Liquid,complete,2038,True,5599.0,3566.0,54.0,5.0,1,4532.0,2130.0,36.0
LOLTMNT02_412354,LCS,2026-05-24 20:12:10,Red,LYON,complete,2038,True,-5599.0,-3566.0,-54.0,-5.0,0,-4532.0,-2130.0,-36.0
LOLTMNT02_411603,LCS,2026-05-24 21:05:37,Blue,Team Liquid,complete,2295,True,429.0,-765.0,-17.0,2.0,1,444.0,-137.0,-20.0
LOLTMNT02_411603,LCS,2026-05-24 21:05:37,Red,LYON,complete,2295,True,-429.0,765.0,17.0,-2.0,0,-444.0,137.0,20.0
LOLTMNT02_411607,LCS,2026-05-24 22:03:57,Blue,LYON,complete,1858,True,-1389.0,1837.0,-43.0,4.0,1,-184.0,161.0,8.0
LOLTMNT02_411607,LCS,2026-05-24 22:03:57,Red,Team Liquid,complete,1858,True,1389.0,-1837.0,43.0,-4.0,0,184.0,-161.0,-8.0
LOLTMNT02_411614,LCS,2026-05-24 22:54:16,Blue,LYON,complete,1793,True,-3795.0,-1717.0,-53.0,-2.0,1,-24.0,1714.0,22.0
LOLTMNT02_411614,LCS,2026-05-24 22:54:16,Red,Team Liquid,complete,1793,True,3795.0,1717.0,53.0,2.0,0,24.0,-1714.0,-22.0
LOLTMNT02_411619,LCS,2026-05-24 23:44:08,Blue,Team Liquid,complete,2166,True,1693.0,-551.0,35.0,0.0,1,290.0,119.0,8.0
LOLTMNT02_411619,LCS,2026-05-24 23:44:08,Red,LYON,complete,2166,True,-1693.0,551.0,-35.0,0.0,0,-290.0,-119.0,-8.0
LOLTMNT05_195244,LEC,2026-05-25 15:08:04,Blue,Movistar KOI,complete,1897,True,1909.0,-479.0,1.0,-1.0,1,392.0,-2058.0,7.0
LOLTMNT05_195244,LEC,2026-05-25 15:08:04,Red,G2 Esports,complete,1897,True,-1909.0,479.0,-1.0,1.0,0,-392.0,2058.0,-7.0
LOLTMNT05_195254,LEC,2026-05-25 15:59:31,Blue,Movistar KOI,complete,1964,True,-5688.0,-4616.0,-38.0,-6.0,1,-3944.0,-1709.0,-7.0
LOLTMNT05_195254,LEC,2026-05-25 15:59:31,Red,G2 Esports,complete,1964,True,5688.0,4616.0,38.0,6.0,0,3944.0,1709.0,7.0
LOLTMNT05_196267,LEC,2026-05-25 16:50:56,Blue,Movistar KOI,complete,1498,True,-6663.0,-5393.0,-72.0,-8.0,1,-2709.0,-2338.0,-30.0
LOLTMNT05_196267,LEC,2026-05-25 16:50:56,Red,G2 Esports,complete,1498,True,6663.0,5393.0,72.0,8.0,0,2709.0,2338.0,30.0
LOLTMNT05_196274,LEC,2026-05-25 17:36:27,Blue,G2 Esports,complete,1938,True,5297.0,5963.0,73.0,8.0,1,1691.0,2174.0,43.0
LOLTMNT05_196274,LEC,2026-05-25 17:36:27,Red,Movistar KOI,complete,1938,True,-5297.0,-5963.0,-73.0,-8.0,0,-1691.0,-2174.0,-43.0
LOLTMNT05_196283,LEC,2026-05-25 18:29:48,Blue,G2 Esports,complete,2277,True,-1022.0,-789.0,-12.0,-1.0,1,-2248.0,-1191.0,-8.0
LOLTMNT05_196283,LEC,2026-05-25 18:29:48,Red,Movistar KOI,complete,2277,True,1022.0,789.0,12.0,1.0,0,2248.0,1191.0,8.0
LOLTMNT02_411934,CBLOL,2026-05-25 21:11:23,Blue,LØS,complete,2235,True,1361.0,1327.0,23.0,2.0,1,1458.0,947.0,-23.0
LOLTMNT02_411934,CBLOL,2026-05-25 21:11:23,Red,LOUD,complete,2235,True,-1361.0,-1327.0,-23.0,-2.0,0,-1458.0,-947.0,23.0
LOLTMNT02_412716,CBLOL,2026-05-25 22:05:21,Blue,LØS,complete,1870,True,3082.0,1932.0,14.0,2.0,1,2144.0,-35.0,-3.0
LOLTMNT02_412716,CBLOL,2026-05-25 22:05:21,Red,LOUD,complete,1870,True,-3082.0,-1932.0,-14.0,-2.0,0,-2144.0,35.0,3.0
LOLTMNT02_412727,CBLOL,2026-05-25 22:55:25,Blue,LØS,complete,1684,True,3228.0,2588.0,28.0,5.0,1,1680.0,1503.0,18.0
LOLTMNT02_412727,CBLOL,2026-05-25 22:55:25,Red,LOUD,complete,1684,True,-3228.0,-2588.0,-28.0,-5.0,0,-1680.0,-1503.0,-18.0
LOLTMNT02_412732,CBLOL,2026-05-25 23:42:01,Blue,LOUD,complete,2198,True,3065.0,3764.0,33.0,2.0,1,1005.0,1911.0,22.0
LOLTMNT02_412732,CBLOL,2026-05-25 23:42:01,Red,LØS,complete,2198,True,-3065.0,-3764.0,-33.0,-2.0,0,-1005.0,-1911.0,-22.0
LOLTMNT02_412737,CBLOL,2026-05-26 00:35:59,Blue,LOUD,complete,1671,True,-6221.0,-3285.0,-58.0,-7.0,1,-3026.0,-42.0,10.0
LOLTMNT02_412737,CBLOL,2026-05-26 00:35:59,Red,LØS,complete,1671,True,6221.0,3285.0,58.0,7.0,0,3026.0,42.0,-10.0
LOLTMNT02_413377,LCK,2026-05-27 08:06:37,Blue,Gen.G,complete,2587,True,2563.0,225.0,9.0,1.0,1,680.0,55.0,-26.0
LOLTMNT02_413377,LCK,2026-05-27 08:06:37,Red,Hanwha Life Esports,complete,2587,True,-2563.0,-225.0,-9.0,-1.0,0,-680.0,-55.0,26.0
LOLTMNT02_414180,LCK,2026-05-27 09:12:52,Blue,Gen.G,complete,1888,True,-763.0,346.0,16.0,-1.0,1,-1002.0,-156.0,23.0
LOLTMNT02_414180,LCK,2026-05-27 09:12:52,Red,Hanwha Life Esports,complete,1888,True,763.0,-346.0,-16.0,1.0,0,1002.0,156.0,-23.0
LOLTMNT02_413403,LCK,2026-05-27 10:06:53,Blue,Gen.G,complete,1579,True,4172.0,5998.0,29.0,9.0,1,-1432.0,1586.0,9.0
LOLTMNT02_413403,LCK,2026-05-27 10:06:53,Red,Hanwha Life Esports,complete,1579,True,-4172.0,-5998.0,-29.0,-9.0,0,1432.0,-1586.0,-9.0
LOLTMNT02_413460,LCK,2026-05-27 11:17:26,Blue,BNK FEARX,complete,2084,True,-1762.0,-225.0,40.0,-5.0,1,-1670.0,-834.0,4.0
LOLTMNT02_413460,LCK,2026-05-27 11:17:26,Red,Kiwoom DRX,complete,2084,True,1762.0,225.0,-40.0,5.0,0,1670.0,834.0,-4.0
LOLTMNT02_414278,LCK,2026-05-27 12:13:29,Blue,BNK FEARX,complete,1930,True,-3901.0,-5352.0,18.0,-6.0,1,-3397.0,-4764.0,4.0
LOLTMNT02_414278,LCK,2026-05-27 12:13:29,Red,Kiwoom DRX,complete,1930,True,3901.0,5352.0,-18.0,6.0,0,3397.0,4764.0,-4.0
LOLTMNT02_413504,LCK,2026-05-27 13:07:31,Blue,Kiwoom DRX,complete,2566,True,-809.0,1826.0,17.0,-1.0,1,-320.0,162.0,-12.0
LOLTMNT02_413504,LCK,2026-05-27 13:07:31,Red,BNK FEARX,complete,2566,True,809.0,-1826.0,-17.0,1.0,0,320.0,-162.0,12.0
LOLTMNT02_414553,LCK,2026-05-28 08:03:36,Blue,DN SOOPers,complete,2143,True,2889.0,1759.0,19.0,3.0,1,1287.0,516.0,9.0
LOLTMNT02_414553,LCK,2026-05-28 08:03:36,Red,Nongshim RedForce,complete,2143,True,-2889.0,-1759.0,-19.0,-3.0,0,-1287.0,-516.0,-9.0
LOLTMNT02_414569,LCK,2026-05-28 08:59:44,Blue,DN SOOPers,complete,1488,True,-5911.0,-5177.0,-70.0,-6.0,1,-3882.0,-3325.0,-39.0
LOLTMNT02_414569,LCK,2026-05-28 08:59:44,Red,Nongshim RedForce,complete,1488,True,5911.0,5177.0,70.0,6.0,0,3882.0,3325.0,39.0
LOLTMNT02_414581,LCK,2026-05-28 09:44:44,Blue,DN SOOPers,complete,1887,True,-3570.0,-3115.0,-85.0,0.0,1,-2421.0,-618.0,-22.0
LOLTMNT02_414581,LCK,2026-05-28 09:44:44,Red,Nongshim RedForce,complete,1887,True,3570.0,3115.0,85.0,0.0,0,2421.0,618.0,22.0
LOLTMNT02_414612,LCK,2026-05-28 11:03:41,Blue,T1,complete,1727,True,421.0,905.0,66.0,-1.0,1,1213.0,889.0,52.0
LOLTMNT02_414612,LCK,2026-05-28 11:03:41,Red,KT Rolster,complete,1727,True,-421.0,-905.0,-66.0,1.0,0,-1213.0,-889.0,-52.0
LOLTMNT02_413783,LCK,2026-05-28 11:55:14,Blue,T1,complete,2127,True,-4547.0,-1795.0,-49.0,-4.0,1,212.0,498.0,16.0
LOLTMNT02_413783,LCK,2026-05-28 11:55:14,Red,KT Rolster,complete,2127,True,4547.0,1795.0,49.0,4.0,0,-212.0,-498.0,-16.0
13283-13283_game_1,LPL,2026-05-29 06:13:18,Blue,JD Gaming,complete,1548,True,-6275.0,-3961.0,-16.0,-9.0,1,-3738.0,-2063.0,0.0
13283-13283_game_1,LPL,2026-05-29 06:13:18,Red,ThunderTalk Gaming,complete,1548,True,6275.0,3961.0,16.0,9.0,0,3738.0,2063.0,0.0
13283-13283_game_2,LPL,2026-05-29 07:02:56,Blue,ThunderTalk Gaming,complete,2137,True,3256.0,2565.0,31.0,5.0,1,1890.0,1582.0,16.0
13283-13283_game_2,LPL,2026-05-29 07:02:56,Red,JD Gaming,complete,2137,True,-3256.0,-2565.0,-31.0,-5.0,0,-1890.0,-1582.0,-16.0
13283-13283_game_3,LPL,2026-05-29 08:05:43,Blue,JD Gaming,partial,1803,False,,,,,1,,,
13283-13283_game_3,LPL,2026-05-29 08:05:43,Red,ThunderTalk Gaming,partial,1803,False,,,,,0,,,
LOLTMNT02_415033,LCK,2026-05-29 08:09:08,Blue,Dplus Kia,complete,1694,True,-134.0,471.0,20.0,0.0,1,-1749.0,-916.0,-12.0
LOLTMNT02_415033,LCK,2026-05-29 08:09:08,Red,Kiwoom DRX,complete,1694,True,134.0,-471.0,-20.0,0.0,0,1749.0,916.0,12.0
LOLTMNT02_415073,LCK,2026-05-29 09:00:16,Blue,Dplus Kia,complete,1684,True,-5438.0,-4676.0,-37.0,-6.0,1,-3020.0,-1788.0,-19.0
LOLTMNT02_415073,LCK,2026-05-29 09:00:16,Red,Kiwoom DRX,complete,1684,True,5438.0,4676.0,37.0,6.0,0,3020.0,1788.0,19.0
13283-13283_game_4,LPL,2026-05-29 09:00:19,Blue,ThunderTalk Gaming,complete,1878,True,-2075.0,-3220.0,-45.0,-5.0,1,662.0,868.0,10.0
13283-13283_game_4,LPL,2026-05-29 09:00:19,Red,JD Gaming,complete,1878,True,2075.0,3220.0,45.0,5.0,0,-662.0,-868.0,-10.0
LOLTMNT02_415076,LCP,2026-05-29 09:12:57,Blue,MVK Esports,complete,1988,True,747.0,48.0,-3.0,0.0,1,392.0,-314.0,9.0
LOLTMNT02_415076,LCP,2026-05-29 09:12:57,Red,Team Secret Whales,complete,1988,True,-747.0,-48.0,3.0,0.0,0,-392.0,314.0,-9.0
LOLTMNT02_415083,LCK,2026-05-29 09:49:54,Blue,Kiwoom DRX,complete,1855,True,-4424.0,-3085.0,-27.0,-7.0,1,-2953.0,-1567.0,-9.0
LOLTMNT02_415083,LCK,2026-05-29 09:49:54,Red,Dplus Kia,complete,1855,True,4424.0,3085.0,27.0,7.0,0,2953.0,1567.0,9.0
LOLTMNT02_415117,LCP,2026-05-29 10:23:33,Blue,Team Secret Whales,complete,2227,True,-3271.0,-5547.0,10.0,-5.0,1,-2309.0,-3456.0,-25.0
LOLTMNT02_415117,LCP,2026-05-29 10:23:33,Red,MVK Esports,complete,2227,True,3271.0,5547.0,-10.0,5.0,0,2309.0,3456.0,25.0
13284-13284_game_1,LPL,2026-05-29 10:25:48,Blue,Top Esports,complete,1664,True,3733.0,3906.0,81.0,6.0,1,1012.0,1589.0,12.0
13284-13284_game_1,LPL,2026-05-29 10:25:48,Red,LGD Gaming,complete,1664,True,-3733.0,-3906.0,-81.0,-6.0,0,-1012.0,-1589.0,-12.0
LOLTMNT02_415144,LCK,2026-05-29 11:07:01,Blue,Gen.G,complete,1758,True,5812.0,4418.0,42.0,7.0,1,2002.0,3840.0,16.0
LOLTMNT02_415144,LCK,2026-05-29 11:07:01,Red,HANJIN BRION,complete,1758,True,-5812.0,-4418.0,-42.0,-7.0,0,-2002.0,-3840.0,-16.0
13284-13284_game_2,LPL,2026-05-29 11:17:37,Blue,Top Esports,complete,1847,True,956.0,2064.0,20.0,2.0,1,-4.0,241.0,17.0
13284-13284_game_2,LPL,2026-05-29 11:17:37,Red,LGD Gaming,complete,1847,True,-956.0,-2064.0,-20.0,-2.0,0,4.0,-241.0,-17.0
LOLTMNT02_414911,LCP,2026-05-29 11:19:39,Blue,Team Secret Whales,complete,1980,True,1188.0,725.0,-54.0,2.0,1,1175.0,414.0,-39.0
LOLTMNT02_414911,LCP,2026-05-29 11:19:39,Red,MVK Esports,complete,1980,True,-1188.0,-725.0,54.0,-2.0,0,-1175.0,-414.0,39.0
LOLTMNT02_414922,LCK,2026-05-29 12:01:10,Blue,Gen.G,complete,1775,True,6354.0,6546.0,84.0,5.0,1,5545.0,5566.0,31.0
LOLTMNT02_414922,LCK,2026-05-29 12:01:10,Red,HANJIN BRION,complete,1775,True,-6354.0,-6546.0,-84.0,-5.0,0,-5545.0,-5566.0,-31.0
13284-13284_game_3,LPL,2026-05-29 12:15:22,Blue,LGD Gaming,complete,1932,True,-719.0,-801.0,-41.0,-4.0,1,174.0,-1076.0,-2.0
13284-13284_game_3,LPL,2026-05-29 12:15:22,Red,Top Esports,complete,1932,True,719.0,801.0,41.0,4.0,0,-174.0,1076.0,2.0
13285-13285_game_1,LPL,2026-05-30 06:17:26,Blue,Anyone's Legend,complete,2221,True,551.0,-980.0,14.0,0.0,1,-1179.0,-2972.0,-37.0
13285-13285_game_1,LPL,2026-05-30 06:17:26,Red,EDward Gaming,complete,2221,True,-551.0,980.0,-14.0,0.0,0,1179.0,2972.0,37.0
13285-13285_game_2,LPL,2026-05-30 07:19:44,Blue,Anyone's Legend,complete,1660,True,7298.0,6831.0,44.0,9.0,1,4277.0,4100.0,10.0
13285-13285_game_2,LPL,2026-05-30 07:19:44,Red,EDward Gaming,complete,1660,True,-7298.0,-6831.0,-44.0,-9.0,0,-4277.0,-4100.0,-10.0
LOLTMNT02_415309,LCK,2026-05-30 08:05:58,Blue,KT Rolster,complete,1831,True,1128.0,-547.0,21.0,-2.0,1,2577.0,-60.0,-5.0
LOLTMNT02_415309,LCK,2026-05-30 08:05:58,Red,DN SOOPers,complete,1831,True,-1128.0,547.0,-21.0,2.0,0,-2577.0,60.0,5.0
13285-13285_game_3,LPL,2026-05-30 08:11:31,Blue,Anyone's Legend,complete,2213,True,3249.0,2505.0,2.0,7.0,1,1147.0,1621.0,-2.0
13285-13285_game_3,LPL,2026-05-30 08:11:31,Red,EDward Gaming,complete,2213,True,-3249.0,-2505.0,-2.0,-7.0,0,-1147.0,-1621.0,2.0
LOLTMNT02_415338,LCK,2026-05-30 08:58:01,Blue,KT Rolster,complete,2042,True,5297.0,3420.0,11.0,7.0,1,3409.0,2205.0,12.0
LOLTMNT02_415338,LCK,2026-05-30 08:58:01,Red,DN SOOPers,complete,2042,True,-5297.0,-3420.0,-11.0,-7.0,0,-3409.0,-2205.0,-12.0
LOLTMNT02_415344,LCP,2026-05-30 09:28:52,Blue,Deep Cross Gaming,complete,1663,True,707.0,-513.0,-32.0,1.0,1,230.0,-1248.0,-31.0
LOLTMNT02_415344,LCP,2026-05-30 09:28:52,Red,GAM Esports,complete,1663,True,-707.0,513.0,32.0,-1.0,0,-230.0,1248.0,31.0
13286-13286_game_1,LPL,2026-05-30 09:50:49,Blue,Bilibili Gaming,complete,2001,True,-5134.0,-4907.0,-41.0,-6.0,1,-4974.0,-5081.0,-50.0
13286-13286_game_1,LPL,2026-05-30 09:50:49,Red,Team WE,complete,2001,True,5134.0,4907.0,41.0,6.0,0,4974.0,5081.0,50.0
LOLTMNT02_415356,LCP,2026-05-30 10:15:26,Blue,Deep Cross Gaming,complete,1614,True,-6385.0,-5579.0,-65.0,-6.0,1,-4078.0,-3693.0,-19.0
LOLTMNT02_415356,LCP,2026-05-30 10:15:26,Red,GAM Esports,complete,1614,True,6385.0,5579.0,65.0,6.0,0,4078.0,3693.0,19.0
LOLTMNT02_416145,LCK,2026-05-30 10:20:58,Blue,BNK FEARX,complete,2275,True,227.0,2320.0,47.0,0.0,1,735.0,1740.0,6.0
LOLTMNT02_416145,LCK,2026-05-30 10:20:58,Red,T1,complete,2275,True,-227.0,-2320.0,-47.0,0.0,0,-735.0,-1740.0,-6.0
13286-13286_game_2,LPL,2026-05-30 10:54:15,Blue,Team WE,complete,2279,True,-9097.0,-5735.0,-96.0,-12.0,1,-5916.0,-3427.0,-27.0
13286-13286_game_2,LPL,2026-05-30 10:54:15,Red,Bilibili Gaming,complete,2279,True,9097.0,5735.0,96.0,12.0,0,5916.0,3427.0,27.0
LOLTMNT02_415369,LCP,2026-05-30 11:01:37,Blue,Deep Cross Gaming,complete,1638,True,2938.0,2053.0,6.0,3.0,1,1832.0,322.0,5.0
LOLTMNT02_415369,LCP,2026-05-30 11:01:37,Red,GAM Esports,complete,1638,True,-2938.0,-2053.0,-6.0,-3.0,0,-1832.0,-322.0,-5.0
LOLTMNT02_415381,LCK,2026-05-30 11:23:27,Blue,BNK FEARX,complete,1787,True,-3507.0,-4881.0,-39.0,-5.0,1,-1888.0,-2736.0,-17.0
LOLTMNT02_415381,LCK,2026-05-30 11:23:27,Red,T1,complete,1787,True,3507.0,4881.0,39.0,5.0,0,1888.0,2736.0,17.0
LOLTMNT02_415395,LCP,2026-05-30 11:49:14,Blue,Deep Cross Gaming,complete,2174,True,374.0,1007.0,27.0,-2.0,1,-800.0,671.0,4.0
LOLTMNT02_415395,LCP,2026-05-30 11:49:14,Red,GAM Esports,complete,2174,True,-374.0,-1007.0,-27.0,2.0,0,800.0,-671.0,-4.0
13286-13286_game_3,LPL,2026-05-30 11:55:53,Blue,Bilibili Gaming,complete,2708,True,609.0,724.0,40.0,-1.0,1,1710.0,2224.0,9.0
13286-13286_game_3,LPL,2026-05-30 11:55:53,Red,Team WE,complete,2708,True,-609.0,-724.0,-40.0,1.0,0,-1710.0,-2224.0,-9.0
13286-13286_game_4,LPL,2026-05-30 13:04:25,Blue,Bilibili Gaming,complete,2183,True,-1276.0,-2525.0,30.0,-6.0,1,-414.0,-1176.0,-5.0
13286-13286_game_4,LPL,2026-05-30 13:04:25,Red,Team WE,complete,2183,True,1276.0,2525.0,-30.0,6.0,0,414.0,1176.0,5.0
LOLTMNT05_195504,LEC,2026-05-30 15:15:19,Blue,Natus Vincere,complete,1760,True,-6736.0,-3553.0,-49.0,-5.0,1,-1422.0,-31.0,-9.0
LOLTMNT05_195504,LEC,2026-05-30 15:15:19,Red,Karmine Corp,complete,1760,True,6736.0,3553.0,49.0,5.0,0,1422.0,31.0,9.0
LOLTMNT05_195507,LEC,2026-05-30 16:03:01,Blue,Karmine Corp,complete,1873,True,7863.0,3890.0,92.0,4.0,1,2986.0,1661.0,25.0
LOLTMNT05_195507,LEC,2026-05-30 16:03:01,Red,Natus Vincere,complete,1873,True,-7863.0,-3890.0,-92.0,-4.0,0,-2986.0,-1661.0,-25.0
LOLTMNT01_394272,CBLOL,2026-05-30 16:11:23,Blue,LØS,complete,2276,True,272.0,-1709.0,-5.0,-1.0,1,-286.0,-1806.0,-39.0
LOLTMNT01_394272,CBLOL,2026-05-30 16:11:23,Red,Fluxo W7M,complete,2276,True,-272.0,1709.0,5.0,1.0,0,286.0,1806.0,39.0
LOLTMNT05_195509,LEC,2026-05-30 16:54:45,Blue,Karmine Corp,complete,2304,True,3593.0,2720.0,58.0,4.0,1,2502.0,-349.0,2.0
LOLTMNT05_195509,LEC,2026-05-30 16:54:45,Red,Natus Vincere,complete,2304,True,-3593.0,-2720.0,-58.0,-4.0,0,-2502.0,349.0,-2.0
LOLTMNT01_395389,CBLOL,2026-05-30 17:07:11,Blue,LØS,complete,1848,True,-292.0,-2071.0,-49.0,-3.0,1,335.0,-1630.0,-40.0
LOLTMNT01_395389,CBLOL,2026-05-30 17:07:11,Red,Fluxo W7M,complete,1848,True,292.0,2071.0,49.0,3.0,0,-335.0,1630.0,40.0
LOLTMNT05_195513,LEC,2026-05-30 17:54:23,Blue,Natus Vincere,complete,1594,True,-2527.0,965.0,-3.0,-2.0,1,-740.0,1513.0,8.0
LOLTMNT05_195513,LEC,2026-05-30 17:54:23,Red,Karmine Corp,complete,1594,True,2527.0,-965.0,3.0,2.0,0,740.0,-1513.0,-8.0
LOLTMNT01_394281,CBLOL,2026-05-30 17:55:41,Blue,Fluxo W7M,complete,1856,True,1194.0,1860.0,4.0,1.0,1,1645.0,2446.0,-8.0
LOLTMNT01_394281,CBLOL,2026-05-30 17:55:41,Red,LØS,complete,1856,True,-1194.0,-1860.0,-4.0,-1.0,0,-1645.0,-2446.0,8.0
LOLTMNT01_394285,CBLOL,2026-05-30 18:44:42,Blue,Fluxo W7M,complete,1842,True,-5590.0,-2252.0,-46.0,-6.0,1,-1422.0,119.0,-7.0
LOLTMNT01_394285,CBLOL,2026-05-30 18:44:42,Red,LØS,complete,1842,True,5590.0,2252.0,46.0,6.0,0,1422.0,-119.0,7.0
LOLTMNT01_394289,CBLOL,2026-05-30 19:31:22,Blue,LØS,complete,1550,True,4032.0,1329.0,55.0,3.0,1,576.0,-990.0,-14.0
LOLTMNT01_394289,CBLOL,2026-05-30 19:31:22,Red,Fluxo W7M,complete,1550,True,-4032.0,-1329.0,-55.0,-3.0,0,-576.0,990.0,14.0
LOLTMNT01_394298,LCS,2026-05-30 20:10:37,Blue,FlyQuest,complete,2103,True,-186.0,-4017.0,-22.0,-2.0,1,-701.0,-3169.0,-19.0
LOLTMNT01_394298,LCS,2026-05-30 20:10:37,Red,Sentinels,complete,2103,True,186.0,4017.0,22.0,2.0,0,701.0,3169.0,19.0
LOLTMNT01_394302,LCS,2026-05-30 21:04:55,Blue,FlyQuest,complete,1866,True,1856.0,-766.0,-15.0,3.0,1,90.0,-1194.0,-32.0
LOLTMNT01_394302,LCS,2026-05-30 21:04:55,Red,Sentinels,complete,1866,True,-1856.0,766.0,15.0,-3.0,0,-90.0,1194.0,32.0
LOLTMNT01_395422,LCS,2026-05-30 21:55:42,Blue,FlyQuest,complete,2261,True,1351.0,2979.0,27.0,2.0,1,266.0,1427.0,32.0
LOLTMNT01_395422,LCS,2026-05-30 21:55:42,Red,Sentinels,complete,2261,True,-1351.0,-2979.0,-27.0,-2.0,0,-266.0,-1427.0,-32.0
LOLTMNT02_416394,LCK,2026-05-31 08:06:48,Blue,Hanwha Life Esports,complete,1997,True,4282.0,6563.0,41.0,5.0,1,3261.0,4239.0,17.0
LOLTMNT02_416394,LCK,2026-05-31 08:06:48,Red,HANJIN BRION,complete,1997,True,-4282.0,-6563.0,-41.0,-5.0,0,-3261.0,-4239.0,-17.0
LOLTMNT02_416414,LCK,2026-05-31 09:03:34,Blue,Hanwha Life Esports,complete,1688,True,-169.0,1262.0,27.0,0.0,1,-326.0,189.0,3.0
LOLTMNT02_416414,LCK,2026-05-31 09:03:34,Red,HANJIN BRION,complete,1688,True,169.0,-1262.0,-27.0,0.0,0,326.0,-189.0,-3.0
LOLTMNT02_416423,LCP,2026-05-31 09:13:32,Blue,Deep Cross Gaming,complete,1626,True,-3685.0,-4155.0,-88.0,-6.0,1,-565.0,-3169.0,-22.0
LOLTMNT02_416423,LCP,2026-05-31 09:13:32,Red,Team Secret Whales,complete,1626,True,3685.0,4155.0,88.0,6.0,0,565.0,3169.0,22.0
13287-13287_game_1,LPL,2026-05-31 09:26:39,Blue,Top Esports,partial,1456,False,,,,,1,,,
13287-13287_game_1,LPL,2026-05-31 09:26:39,Red,JD Gaming,partial,1456,False,,,,,0,,,
LOLTMNT02_416461,LCP,2026-05-31 10:00:19,Blue,Team Secret Whales,complete,2020,True,-2543.0,-1891.0,-46.0,-3.0,1,1314.0,1112.0,-17.0
LOLTMNT02_416461,LCP,2026-05-31 10:00:19,Red,Deep Cross Gaming,complete,2020,True,2543.0,1891.0,46.0,3.0,0,-1314.0,-1112.0,17.0
13287-13287_game_2,LPL,2026-05-31 10:14:27,Blue,JD Gaming,partial,1962,False,,,,,1,,,
13287-13287_game_2,LPL,2026-05-31 10:14:27,Red,Top Esports,partial,1962,False,,,,,0,,,
LOLTMNT02_416470,LCK,2026-05-31 10:17:32,Blue,Nongshim RedForce,complete,1793,True,-6502.0,-4430.0,-38.0,-7.0,1,-4622.0,-3224.0,-8.0
LOLTMNT02_416470,LCK,2026-05-31 10:17:32,Red,Dplus Kia,complete,1793,True,6502.0,4430.0,38.0,7.0,0,4622.0,3224.0,8.0
LOLTMNT02_416504,LCP,2026-05-31 10:54:01,Blue,Team Secret Whales,complete,1837,True,2002.0,2877.0,-15.0,5.0,1,4802.0,3634.0,8.0
LOLTMNT02_416504,LCP,2026-05-31 10:54:01,Red,Deep Cross Gaming,complete,1837,True,-2002.0,-2877.0,15.0,-5.0,0,-4802.0,-3634.0,-8.0
LOLTMNT02_416511,LCK,2026-05-31 11:10:18,Blue,Dplus Kia,complete,1733,True,1728.0,-272.0,7.0,4.0,1,-1054.0,-2279.0,-3.0
LOLTMNT02_416511,LCK,2026-05-31 11:10:18,Red,Nongshim RedForce,complete,1733,True,-1728.0,272.0,-7.0,-4.0,0,1054.0,2279.0,3.0
13287-13287_game_3,LPL,2026-05-31 11:10:20,Blue,Top Esports,partial,1812,False,,,,,1,,,
13287-13287_game_3,LPL,2026-05-31 11:10:20,Red,JD Gaming,partial,1812,False,,,,,0,,,
LOLTMNT02_416529,LCP,2026-05-31 11:44:22,Blue,Team Secret Whales,complete,1535,True,6164.0,4883.0,35.0,8.0,1,2124.0,2109.0,16.0
LOLTMNT02_416529,LCP,2026-05-31 11:44:22,Red,Deep Cross Gaming,complete,1535,True,-6164.0,-4883.0,-35.0,-8.0,0,-2124.0,-2109.0,-16.0
13287-13287_game_4,LPL,2026-05-31 12:11:59,Blue,JD Gaming,partial,2104,False,,,,,1,,,
13287-13287_game_4,LPL,2026-05-31 12:11:59,Red,Top Esports,partial,2104,False,,,,,0,,,
LOLTMNT02_416548,LCP,2026-05-31 12:32:12,Blue,Team Secret Whales,complete,1935,True,1276.0,3049.0,25.0,2.0,1,1446.0,1265.0,3.0
LOLTMNT02_416548,LCP,2026-05-31 12:32:12,Red,Deep Cross Gaming,complete,1935,True,-1276.0,-3049.0,-25.0,-2.0,0,-1446.0,-1265.0,-3.0
LOLTMNT05_195554,LEC,2026-05-31 15:07:39,Blue,Team Vitality,complete,2404,True,-1891.0,-2858.0,-9.0,-7.0,1,-2226.0,-2665.0,-26.0
LOLTMNT05_195554,LEC,2026-05-31 15:07:39,Red,GiantX,complete,2404,True,1891.0,2858.0,9.0,7.0,0,2226.0,2665.0,26.0
LOLTMNT05_195560,LEC,2026-05-31 16:08:56,Blue,Team Vitality,complete,2515,True,5712.0,5704.0,86.0,7.0,1,1000.0,1856.0,0.0
LOLTMNT05_195560,LEC,2026-05-31 16:08:56,Red,GiantX,complete,2515,True,-5712.0,-5704.0,-86.0,-7.0,0,-1000.0,-1856.0,0.0
LOLTMNT01_395471,CBLOL,2026-05-31 16:11:02,Blue,LØS,complete,2010,True,259.0,-2719.0,6.0,-2.0,1,-944.0,-3627.0,-30.0
LOLTMNT01_395471,CBLOL,2026-05-31 16:11:02,Red,RED Canids,complete,2010,True,-259.0,2719.0,-6.0,2.0,0,944.0,3627.0,30.0
LOLTMNT01_394378,CBLOL,2026-05-31 17:02:46,Blue,LØS,complete,2091,True,-1729.0,-120.0,32.0,0.0,1,-420.0,733.0,32.0
LOLTMNT01_394378,CBLOL,2026-05-31 17:02:46,Red,RED Canids,complete,2091,True,1729.0,120.0,-32.0,0.0,0,420.0,-733.0,-32.0
LOLTMNT05_195566,LEC,2026-05-31 17:09:50,Blue,Team Vitality,complete,2849,True,4598.0,257.0,7.0,2.0,1,1572.0,859.0,20.0
LOLTMNT05_195566,LEC,2026-05-31 17:09:50,Red,GiantX,complete,2849,True,-4598.0,-257.0,-7.0,-2.0,0,-1572.0,-859.0,-20.0
LOLTMNT01_395481,CBLOL,2026-05-31 17:56:13,Blue,LØS,complete,1562,True,5607.0,4362.0,34.0,4.0,1,2682.0,1649.0,-13.0
LOLTMNT01_395481,CBLOL,2026-05-31 17:56:13,Red,RED Canids,complete,1562,True,-5607.0,-4362.0,-34.0,-4.0,0,-2682.0,-1649.0,13.0
LOLTMNT01_394399,LCS,2026-05-31 20:08:32,Blue,Shopify Rebellion,complete,2002,True,-1010.0,-1380.0,-17.0,-2.0,1,941.0,949.0,14.0
LOLTMNT01_394399,LCS,2026-05-31 20:08:32,Red,Team Liquid,complete,2002,True,1010.0,1380.0,17.0,2.0,0,-941.0,-949.0,-14.0
LOLTMNT01_394402,LCS,2026-05-31 21:01:59,Blue,Team Liquid,complete,2171,True,-3151.0,118.0,-17.0,0.0,1,-426.0,552.0,-5.0
LOLTMNT01_394402,LCS,2026-05-31 21:01:59,Red,Shopify Rebellion,complete,2171,True,3151.0,-118.0,17.0,0.0,0,426.0,-552.0,5.0
LOLTMNT01_394404,LCS,2026-05-31 21:55:09,Blue,Team Liquid,complete,1514,True,2726.0,4442.0,-30.0,6.0,1,2873.0,2723.0,-17.0
LOLTMNT01_394404,LCS,2026-05-31 21:55:09,Red,Shopify Rebellion,complete,1514,True,-2726.0,-4442.0,30.0,-6.0,0,-2873.0,-2723.0,17.0
13288-13288_game_1,LPL,2026-06-01 09:15:09,Blue,Anyone's Legend,complete,1775,True,-2106.0,-1542.0,-43.0,1.0,1,-1199.0,-238.0,3.0
13288-13288_game_1,LPL,2026-06-01 09:15:09,Red,Team WE,complete,1775,True,2106.0,1542.0,43.0,-1.0,0,1199.0,238.0,-3.0
13288-13288_game_2,LPL,2026-06-01 10:11:56,Blue,Team WE,complete,1913,True,3092.0,924.0,10.0,4.0,1,240.0,-1450.0,-3.0
13288-13288_game_2,LPL,2026-06-01 10:11:56,Red,Anyone's Legend,complete,1913,True,-3092.0,-924.0,-10.0,-4.0,0,-240.0,1450.0,3.0
13288-13288_game_3,LPL,2026-06-01 11:08:11,Blue,Anyone's Legend,complete,1653,True,441.0,-234.0,25.0,-4.0,1,-700.0,-494.0,8.0
13288-13288_game_3,LPL,2026-06-01 11:08:11,Red,Team WE,complete,1653,True,-441.0,234.0,-25.0,4.0,0,700.0,494.0,-8.0
LOLTMNT05_196548,LEC,2026-06-01 15:08:25,Blue,Karmine Corp,complete,2036,True,-1807.0,-72.0,-24.0,-3.0,1,1036.0,812.0,6.0
LOLTMNT05_196548,LEC,2026-06-01 15:08:25,Red,GiantX,complete,2036,True,1807.0,72.0,24.0,3.0,0,-1036.0,-812.0,-6.0
LOLTMNT05_196552,LEC,2026-06-01 16:06:32,Blue,Karmine Corp,complete,1784,True,3025.0,-356.0,-3.0,0.0,1,1777.0,360.0,-2.0
LOLTMNT05_196552,LEC,2026-06-01 16:06:32,Red,GiantX,complete,1784,True,-3025.0,356.0,3.0,0.0,0,-1777.0,-360.0,2.0
LOLTMNT05_196556,LEC,2026-06-01 16:56:41,Blue,Karmine Corp,complete,1674,True,3867.0,4132.0,43.0,5.0,1,162.0,-1038.0,6.0
LOLTMNT05_196556,LEC,2026-06-01 16:56:41,Red,GiantX,complete,1674,True,-3867.0,-4132.0,-43.0,-5.0,0,-162.0,1038.0,-6.0
13289-13289_game_1,LPL,2026-06-02 09:15:06,Blue,ThunderTalk Gaming,complete,1645,True,-1363.0,-2965.0,-28.0,-2.0,1,-691.0,-1349.0,-14.0
13289-13289_game_1,LPL,2026-06-02 09:15:06,Red,LGD Gaming,complete,1645,True,1363.0,2965.0,28.0,2.0,0,691.0,1349.0,14.0
13289-13289_game_2,LPL,2026-06-02 10:04:48,Blue,ThunderTalk Gaming,complete,1651,True,-7719.0,-6198.0,-41.0,-11.0,1,-5566.0,-4217.0,-27.0
13289-13289_game_2,LPL,2026-06-02 10:04:48,Red,LGD Gaming,complete,1651,True,7719.0,6198.0,41.0,11.0,0,5566.0,4217.0,27.0
13289-13289_game_3,LPL,2026-06-02 11:01:22,Blue,ThunderTalk Gaming,complete,1746,True,1832.0,1693.0,41.0,3.0,1,2733.0,2736.0,22.0
13289-13289_game_3,LPL,2026-06-02 11:01:22,Red,LGD Gaming,complete,1746,True,-1832.0,-1693.0,-41.0,-3.0,0,-2733.0,-2736.0,-22.0
13289-13289_game_4,LPL,2026-06-02 11:55:18,Blue,ThunderTalk Gaming,complete,2475,True,2360.0,706.0,6.0,1.0,1,471.0,-1053.0,-4.0
13289-13289_game_4,LPL,2026-06-02 11:55:18,Red,LGD Gaming,complete,2475,True,-2360.0,-706.0,-6.0,-1.0,0,-471.0,1053.0,4.0
13289-13289_game_5,LPL,2026-06-02 13:00:07,Blue,ThunderTalk Gaming,complete,1939,True,-1089.0,-2074.0,20.0,-3.0,1,-1524.0,-2424.0,-4.0
13289-13289_game_5,LPL,2026-06-02 13:00:07,Red,LGD Gaming,complete,1939,True,1089.0,2074.0,-20.0,3.0,0,1524.0,2424.0,4.0
13290-13290_game_1,LPL,2026-06-03 09:17:11,Blue,Bilibili Gaming,complete,1770,True,7194.0,6799.0,92.0,7.0,1,4483.0,4200.0,25.0
13290-13290_game_1,LPL,2026-06-03 09:17:11,Red,EDward Gaming,complete,1770,True,-7194.0,-6799.0,-92.0,-7.0,0,-4483.0,-4200.0,-25.0
13290-13290_game_2,LPL,2026-06-03 10:10:37,Blue,Bilibili Gaming,complete,1691,True,2108.0,4109.0,72.0,2.0,1,1936.0,2037.0,28.0
13290-13290_game_2,LPL,2026-06-03 10:10:37,Red,EDward Gaming,complete,1691,True,-2108.0,-4109.0,-72.0,-2.0,0,-1936.0,-2037.0,-28.0
13290-13290_game_3,LPL,2026-06-03 11:02:45,Blue,Bilibili Gaming,complete,2197,True,3062.0,2284.0,10.0,2.0,1,2125.0,2117.0,20.0
13290-13290_game_3,LPL,2026-06-03 11:02:45,Red,EDward Gaming,complete,2197,True,-3062.0,-2284.0,-10.0,-2.0,0,-2125.0,-2117.0,-20.0
13291-13291_game_1,LPL,2026-06-05 09:14:04,Blue,LGD Gaming,complete,2124,True,-2291.0,-1528.0,-43.0,-8.0,1,-501.0,401.0,-6.0
13291-13291_game_1,LPL,2026-06-05 09:14:04,Red,Anyone's Legend,complete,2124,True,2291.0,1528.0,43.0,8.0,0,501.0,-401.0,6.0
LOLTMNT02_418305,LCP,2026-06-05 09:16:09,Blue,GAM Esports,complete,1769,True,2864.0,3688.0,-14.0,4.0,1,3539.0,5281.0,25.0
LOLTMNT02_418305,LCP,2026-06-05 09:16:09,Red,MVK Esports,complete,1769,True,-2864.0,-3688.0,14.0,-4.0,0,-3539.0,-5281.0,-25.0
LOLTMNT02_418307,LCP,2026-06-05 10:04:54,Blue,MVK Esports,complete,1934,True,2218.0,1259.0,-5.0,3.0,1,-460.0,-989.0,-31.0
LOLTMNT02_418307,LCP,2026-06-05 10:04:54,Red,GAM Esports,complete,1934,True,-2218.0,-1259.0,5.0,-3.0,0,460.0,989.0,31.0
13291-13291_game_2,LPL,2026-06-05 10:12:18,Blue,LGD Gaming,partial,2046,False,,,,,1,,,
13291-13291_game_2,LPL,2026-06-05 10:12:18,Red,Anyone's Legend,partial,2046,False,,,,,0,,,
LOLTMNT02_417341,LCP,2026-06-05 10:56:08,Blue,MVK Esports,complete,2029,True,-922.0,328.0,36.0,-2.0,1,-1697.0,-370.0,16.0
LOLTMNT02_417341,LCP,2026-06-05 10:56:08,Red,GAM Esports,complete,2029,True,922.0,-328.0,-36.0,2.0,0,1697.0,370.0,-16.0
13291-13291_game_3,LPL,2026-06-05 11:09:57,Blue,LGD Gaming,partial,2374,False,,,,,1,,,
13291-13291_game_3,LPL,2026-06-05 11:09:57,Red,Anyone's Legend,partial,2374,False,,,,,0,,,
LOLTMNT01_397879,LCK,2026-06-06 08:12:31,Blue,Dplus Kia,complete,2063,True,1696.0,-466.0,41.0,-2.0,1,331.0,-1482.0,13.0
LOLTMNT01_397879,LCK,2026-06-06 08:12:31,Red,HANJIN BRION,complete,2063,True,-1696.0,466.0,-41.0,2.0,0,-331.0,1482.0,-13.0
LOLTMNT01_397898,LCK,2026-06-06 09:11:59,Blue,Dplus Kia,complete,1322,True,7141.0,6087.0,143.0,4.0,1,312.0,572.0,24.0
LOLTMNT01_397898,LCK,2026-06-06 09:11:59,Red,HANJIN BRION,complete,1322,True,-7141.0,-6087.0,-143.0,-4.0,0,-312.0,-572.0,-24.0
LOLTMNT02_417420,LCP,2026-06-06 09:13:28,Blue,GAM Esports,complete,2012,True,-1721.0,-3726.0,9.0,-1.0,1,-3039.0,-4856.0,-28.0
LOLTMNT02_417420,LCP,2026-06-06 09:13:28,Red,Deep Cross Gaming,complete,2012,True,1721.0,3726.0,-9.0,1.0,0,3039.0,4856.0,28.0
13292-13292_game_1,LPL,2026-06-06 09:16:17,Blue,JD Gaming,complete,2224,True,-271.0,-1356.0,7.0,-1.0,1,-1049.0,-1632.0,-1.0
13292-13292_game_1,LPL,2026-06-06 09:16:17,Red,Bilibili Gaming,complete,2224,True,271.0,1356.0,-7.0,1.0,0,1049.0,1632.0,1.0
LOLTMNT01_397929,LCK,2026-06-06 09:57:23,Blue,Dplus Kia,complete,1447,True,7890.0,6389.0,91.0,7.0,1,3843.0,3466.0,28.0
LOLTMNT01_397929,LCK,2026-06-06 09:57:23,Red,HANJIN BRION,complete,1447,True,-7890.0,-6389.0,-91.0,-7.0,0,-3843.0,-3466.0,-28.0
LOLTMNT02_417428,LCP,2026-06-06 10:06:17,Blue,Deep Cross Gaming,complete,1652,True,8948.0,6882.0,97.0,5.0,1,6534.0,3678.0,46.0
LOLTMNT02_417428,LCP,2026-06-06 10:06:17,Red,GAM Esports,complete,1652,True,-8948.0,-6882.0,-97.0,-5.0,0,-6534.0,-3678.0,-46.0
13292-13292_game_2,LPL,2026-06-06 10:19:38,Blue,JD Gaming,complete,1948,True,3091.0,1448.0,8.0,4.0,1,3621.0,2144.0,13.0
13292-13292_game_2,LPL,2026-06-06 10:19:38,Red,Bilibili Gaming,complete,1948,True,-3091.0,-1448.0,-8.0,-4.0,0,-3621.0,-2144.0,-13.0
LOLTMNT02_418380,LCP,2026-06-06 10:54:29,Blue,Deep Cross Gaming,complete,1611,True,-631.0,690.0,-16.0,1.0,1,-389.0,154.0,-20.0
LOLTMNT02_418380,LCP,2026-06-06 10:54:29,Red,GAM Esports,complete,1611,True,631.0,-690.0,16.0,-1.0,0,389.0,-154.0,20.0
13292-13292_game_3,LPL,2026-06-06 11:14:30,Blue,JD Gaming,complete,2130,True,-3151.0,-3416.0,-82.0,-1.0,1,-2224.0,-2819.0,-59.0
13292-13292_game_3,LPL,2026-06-06 11:14:30,Red,Bilibili Gaming,complete,2130,True,3151.0,3416.0,82.0,1.0,0,2224.0,2819.0,59.0
LOLTMNT02_417443,LCP,2026-06-06 11:41:26,Blue,Deep Cross Gaming,complete,1856,True,-379.0,1531.0,-12.0,-1.0,1,615.0,1615.0,-4.0
LOLTMNT02_417443,LCP,2026-06-06 11:41:26,Red,GAM Esports,complete,1856,True,379.0,-1531.0,12.0,1.0,0,-615.0,-1615.0,4.0
13292-13292_game_4,LPL,2026-06-06 12:14:41,Blue,Bilibili Gaming,complete,2061,True,3059.0,2982.0,54.0,-1.0,1,2560.0,1769.0,9.0
13292-13292_game_4,LPL,2026-06-06 12:14:41,Red,JD Gaming,complete,2061,True,-3059.0,-2982.0,-54.0,1.0,0,-2560.0,-1769.0,-9.0
LOLTMNT02_418385,LCP,2026-06-06 12:33:42,Blue,Deep Cross Gaming,complete,1754,True,2383.0,897.0,9.0,2.0,1,247.0,-305.0,-16.0
LOLTMNT02_418385,LCP,2026-06-06 12:33:42,Red,GAM Esports,complete,1754,True,-2383.0,-897.0,-9.0,-2.0,0,-247.0,305.0,16.0
LOLTMNT05_196602,LEC,2026-06-06 15:13:17,Blue,Karmine Corp,complete,2525,True,1367.0,1970.0,34.0,-1.0,1,2290.0,2584.0,-4.0
LOLTMNT05_196602,LEC,2026-06-06 15:13:17,Red,Movistar KOI,complete,2525,True,-1367.0,-1970.0,-34.0,1.0,0,-2290.0,-2584.0,4.0
LOLTMNT05_196604,LEC,2026-06-06 16:15:27,Blue,Karmine Corp,complete,2141,True,829.0,850.0,17.0,2.0,1,-1045.0,-1552.0,4.0
LOLTMNT05_196604,LEC,2026-06-06 16:15:27,Red,Movistar KOI,complete,2141,True,-829.0,-850.0,-17.0,-2.0,0,1045.0,1552.0,-4.0
LOLTMNT01_398122,CBLOL,2026-06-06 16:16:10,Blue,LØS,complete,1678,True,-5707.0,-7010.0,-14.0,-8.0,1,-3245.0,-4425.0,-47.0
LOLTMNT01_398122,CBLOL,2026-06-06 16:16:10,Red,FURIA,complete,1678,True,5707.0,7010.0,14.0,8.0,0,3245.0,4425.0,47.0
LOLTMNT01_399052,CBLOL,2026-06-06 17:01:21,Blue,FURIA,complete,2410,True,898.0,-376.0,13.0,0.0,1,-1033.0,-580.0,-20.0
LOLTMNT01_399052,CBLOL,2026-06-06 17:01:21,Red,LØS,complete,2410,True,-898.0,376.0,-13.0,0.0,0,1033.0,580.0,20.0
LOLTMNT05_195649,LEC,2026-06-06 17:10:38,Blue,Karmine Corp,complete,2223,True,2966.0,328.0,-8.0,1.0,1,2708.0,2001.0,29.0
LOLTMNT05_195649,LEC,2026-06-06 17:10:38,Red,Movistar KOI,complete,2223,True,-2966.0,-328.0,8.0,-1.0,0,-2708.0,-2001.0,-29.0
LOLTMNT01_398143,CBLOL,2026-06-06 17:58:51,Blue,LØS,complete,1815,True,-3375.0,-3304.0,-18.0,-5.0,1,-2972.0,-3922.0,-5.0
LOLTMNT01_398143,CBLOL,2026-06-06 17:58:51,Red,FURIA,complete,1815,True,3375.0,3304.0,18.0,5.0,0,2972.0,3922.0,5.0
LOLTMNT01_398154,CBLOL,2026-06-06 18:50:05,Blue,FURIA,complete,2223,True,-2181.0,-1320.0,-67.0,-4.0,1,-282.0,277.0,9.0
LOLTMNT01_398154,CBLOL,2026-06-06 18:50:05,Red,LØS,complete,2223,True,2181.0,1320.0,67.0,4.0,0,282.0,-277.0,-9.0
LOLTMNT01_398189,LCS,2026-06-06 20:09:49,Blue,FlyQuest,complete,2474,True,-913.0,-3030.0,-9.0,-3.0,1,-1779.0,-3298.0,-32.0
LOLTMNT01_398189,LCS,2026-06-06 20:09:49,Red,Team Liquid,complete,2474,True,913.0,3030.0,9.0,3.0,0,1779.0,3298.0,32.0
LOLTMNT01_399107,LCS,2026-06-06 21:09:46,Blue,Team Liquid,complete,1562,True,-8169.0,-6887.0,-74.0,-7.0,1,-3653.0,-2661.0,-18.0
LOLTMNT01_399107,LCS,2026-06-06 21:09:46,Red,FlyQuest,complete,1562,True,8169.0,6887.0,74.0,7.0,0,3653.0,2661.0,18.0
LOLTMNT01_398205,LCS,2026-06-06 21:55:59,Blue,FlyQuest,complete,1690,True,250.0,1698.0,6.0,2.0,1,336.0,1330.0,6.0
LOLTMNT01_398205,LCS,2026-06-06 21:55:59,Red,Team Liquid,complete,1690,True,-250.0,-1698.0,-6.0,-2.0,0,-336.0,-1330.0,-6.0
LOLTMNT01_398213,LCS,2026-06-06 22:42:06,Blue,Team Liquid,complete,1983,True,2239.0,1466.0,1.0,1.0,1,2345.0,2073.0,21.0
LOLTMNT01_398213,LCS,2026-06-06 22:42:06,Red,FlyQuest,complete,1983,True,-2239.0,-1466.0,-1.0,-1.0,0,-2345.0,-2073.0,-21.0
LOLTMNT01_399193,LCK,2026-06-07 08:09:33,Blue,KT Rolster,complete,1423,True,-9434.0,-7515.0,-89.0,-8.0,1,-6498.0,-5489.0,-45.0
LOLTMNT01_399193,LCK,2026-06-07 08:09:33,Red,Dplus Kia,complete,1423,True,9434.0,7515.0,89.0,8.0,0,6498.0,5489.0,45.0
LOLTMNT01_399200,LCK,2026-06-07 08:58:06,Blue,KT Rolster,complete,2070,True,-11314.0,-9714.0,-102.0,-13.0,1,-7191.0,-7594.0,-72.0
LOLTMNT01_399200,LCK,2026-06-07 08:58:06,Red,Dplus Kia,complete,2070,True,11314.0,9714.0,102.0,13.0,0,7191.0,7594.0,72.0
LOLTMNT02_417498,LCP,2026-06-07 09:13:28,Blue,Team Secret Whales,complete,2092,True,2812.0,1185.0,45.0,2.0,1,1181.0,-670.0,20.0
LOLTMNT02_417498,LCP,2026-06-07 09:13:28,Red,Deep Cross Gaming,complete,2092,True,-2812.0,-1185.0,-45.0,-2.0,0,-1181.0,670.0,-20.0
13293-13293_game_1,LPL,2026-06-07 09:15:35,Blue,Top Esports,complete,2013,True,2669.0,4304.0,85.0,0.0,1,1035.0,435.0,-15.0
13293-13293_game_1,LPL,2026-06-07 09:15:35,Red,Team WE,complete,2013,True,-2669.0,-4304.0,-85.0,0.0,0,-1035.0,-435.0,15.0
LOLTMNT01_398297,LCK,2026-06-07 09:56:03,Blue,Dplus Kia,complete,2348,True,-1305.0,-351.0,38.0,-4.0,1,-833.0,-1144.0,5.0
LOLTMNT01_398297,LCK,2026-06-07 09:56:03,Red,KT Rolster,complete,2348,True,1305.0,351.0,-38.0,4.0,0,833.0,1144.0,-5.0
LOLTMNT02_417503,LCP,2026-06-07 10:10:27,Blue,Team Secret Whales,complete,1592,True,-6026.0,-3632.0,-52.0,-8.0,1,-453.0,-1033.0,-11.0
LOLTMNT02_417503,LCP,2026-06-07 10:10:27,Red,Deep Cross Gaming,complete,1592,True,6026.0,3632.0,52.0,8.0,0,453.0,1033.0,11.0
13293-13293_game_2,LPL,2026-06-07 10:11:53,Blue,Top Esports,complete,1789,True,4587.0,6519.0,86.0,6.0,1,876.0,1946.0,22.0
13293-13293_game_2,LPL,2026-06-07 10:11:53,Red,Team WE,complete,1789,True,-4587.0,-6519.0,-86.0,-6.0,0,-876.0,-1946.0,-22.0
LOLTMNT02_417505,LCP,2026-06-07 10:57:51,Blue,Deep Cross Gaming,complete,1817,True,-2066.0,-3003.0,-57.0,-8.0,1,561.0,325.0,2.0
LOLTMNT02_417505,LCP,2026-06-07 10:57:51,Red,Team Secret Whales,complete,1817,True,2066.0,3003.0,57.0,8.0,0,-561.0,-325.0,-2.0
LOLTMNT01_398312,LCK,2026-06-07 10:58:16,Blue,KT Rolster,complete,2753,True,-2429.0,-703.0,10.0,-2.0,1,-393.0,1209.0,20.0
LOLTMNT01_398312,LCK,2026-06-07 10:58:16,Red,Dplus Kia,complete,2753,True,2429.0,703.0,-10.0,2.0,0,393.0,-1209.0,-20.0
13293-13293_game_3,LPL,2026-06-07 11:05:11,Blue,Top Esports,complete,1769,True,7565.0,3673.0,86.0,5.0,1,2357.0,740.0,24.0
13293-13293_game_3,LPL,2026-06-07 11:05:11,Red,Team WE,complete,1769,True,-7565.0,-3673.0,-86.0,-5.0,0,-2357.0,-740.0,-24.0
LOLTMNT02_417511,LCP,2026-06-07 11:47:24,Blue,Team Secret Whales,complete,1886,True,6007.0,2628.0,4.0,11.0,1,1664.0,1637.0,-6.0
LOLTMNT02_417511,LCP,2026-06-07 11:47:24,Red,Deep Cross Gaming,complete,1886,True,-6007.0,-2628.0,-4.0,-11.0,0,-1664.0,-1637.0,6.0
LOLTMNT01_399251,LCK,2026-06-07 12:08:41,Blue,KT Rolster,complete,1982,True,610.0,-512.0,-36.0,3.0,1,967.0,654.0,3.0
LOLTMNT01_399251,LCK,2026-06-07 12:08:41,Red,Dplus Kia,complete,1982,True,-610.0,512.0,36.0,-3.0,0,-967.0,-654.0,-3.0
LOLTMNT05_195683,LEC,2026-06-07 15:35:12,Blue,G2 Esports,complete,1941,True,-1604.0,2304.0,5.0,0.0,1,332.0,2726.0,11.0
LOLTMNT05_195683,LEC,2026-06-07 15:35:12,Red,Karmine Corp,complete,1941,True,1604.0,-2304.0,-5.0,0.0,0,-332.0,-2726.0,-11.0
LOLTMNT05_196635,LEC,2026-06-07 16:26:14,Blue,Karmine Corp,complete,1368,True,-8250.0,-8329.0,-72.0,-7.0,1,-2496.0,-2484.0,-6.0
LOLTMNT05_196635,LEC,2026-06-07 16:26:14,Red,G2 Esports,complete,1368,True,8250.0,8329.0,72.0,7.0,0,2496.0,2484.0,6.0
LOLTMNT05_196637,LEC,2026-06-07 17:09:58,Blue,G2 Esports,complete,2133,True,-1693.0,-1778.0,-43.0,-2.0,1,-1486.0,-1932.0,-41.0
LOLTMNT05_196637,LEC,2026-06-07 17:09:58,Red,Karmine Corp,complete,2133,True,1693.0,1778.0,43.0,2.0,0,1486.0,1932.0,41.0
LOLTMNT05_195687,LEC,2026-06-07 18:07:19,Blue,Karmine Corp,complete,1788,True,-3960.0,-7101.0,-30.0,-4.0,1,-2526.0,-4135.0,-15.0
LOLTMNT05_195687,LEC,2026-06-07 18:07:19,Red,G2 Esports,complete,1788,True,3960.0,7101.0,30.0,4.0,0,2526.0,4135.0,15.0
LOLTMNT05_196638,LEC,2026-06-07 18:59:23,Blue,G2 Esports,complete,1578,True,1175.0,3356.0,-66.0,5.0,1,3629.0,5471.0,-1.0
LOLTMNT05_196638,LEC,2026-06-07 18:59:23,Red,Karmine Corp,complete,1578,True,-1175.0,-3356.0,66.0,-5.0,0,-3629.0,-5471.0,1.0
LOLTMNT01_399373,LCS,2026-06-07 20:10:55,Blue,LYON,complete,2583,True,-530.0,248.0,-13.0,1.0,1,-2328.0,-2225.0,-33.0
LOLTMNT01_399373,LCS,2026-06-07 20:10:55,Red,Cloud9,complete,2583,True,530.0,-248.0,13.0,-1.0,0,2328.0,2225.0,33.0
LOLTMNT01_399392,LCS,2026-06-07 21:13:09,Blue,LYON,complete,2123,True,3259.0,3474.0,-18.0,3.0,1,2291.0,2561.0,19.0
LOLTMNT01_399392,LCS,2026-06-07 21:13:09,Red,Cloud9,complete,2123,True,-3259.0,-3474.0,18.0,-3.0,0,-2291.0,-2561.0,-19.0
LOLTMNT01_399397,LCS,2026-06-07 22:08:31,Blue,LYON,complete,1795,True,4818.0,2707.0,14.0,3.0,1,3218.0,3040.0,25.0
LOLTMNT01_399397,LCS,2026-06-07 22:08:31,Red,Cloud9,complete,1795,True,-4818.0,-2707.0,-14.0,-3.0,0,-3218.0,-3040.0,-25.0
13294-13294_game_1,LPL,2026-06-08 09:25:23,Blue,Anyone's Legend,complete,2468,True,-3832.0,-3315.0,-35.0,-2.0,1,-3685.0,-3079.0,-28.0
13294-13294_game_1,LPL,2026-06-08 09:25:23,Red,Bilibili Gaming,complete,2468,True,3832.0,3315.0,35.0,2.0,0,3685.0,3079.0,28.0
13294-13294_game_2,LPL,2026-06-08 10:30:28,Blue,Bilibili Gaming,complete,1972,True,-1385.0,589.0,29.0,-8.0,1,-1011.0,-431.0,-2.0
13294-13294_game_2,LPL,2026-06-08 10:30:28,Red,Anyone's Legend,complete,1972,True,1385.0,-589.0,-29.0,8.0,0,1011.0,431.0,2.0
13294-13294_game_3,LPL,2026-06-08 11:29:50,Blue,Bilibili Gaming,complete,1785,True,6453.0,3869.0,83.0,7.0,1,2318.0,1473.0,16.0
13294-13294_game_3,LPL,2026-06-08 11:29:50,Red,Anyone's Legend,complete,1785,True,-6453.0,-3869.0,-83.0,-7.0,0,-2318.0,-1473.0,-16.0
LOLTMNT01_405344,LCK,2026-06-12 08:25:00,Blue,Hanwha Life Esports,complete,2274,True,4167.0,1550.0,38.0,2.0,1,2545.0,960.0,18.0
LOLTMNT01_405344,LCK,2026-06-12 08:25:00,Red,T1,complete,2274,True,-4167.0,-1550.0,-38.0,-2.0,0,-2545.0,-960.0,-18.0
LOLTMNT01_404412,LCK,2026-06-12 09:28:28,Blue,T1,complete,2069,True,-1146.0,-828.0,29.0,-3.0,1,422.0,118.0,24.0
LOLTMNT01_404412,LCK,2026-06-12 09:28:28,Red,Hanwha Life Esports,complete,2069,True,1146.0,828.0,-29.0,3.0,0,-422.0,-118.0,-24.0
LOLTMNT01_405363,LCK,2026-06-12 10:26:31,Blue,T1,complete,1909,True,-2053.0,-823.0,-1.0,-3.0,1,376.0,198.0,16.0
LOLTMNT01_405363,LCK,2026-06-12 10:26:31,Red,Hanwha Life Esports,complete,1909,True,2053.0,823.0,1.0,3.0,0,-376.0,-198.0,-16.0
LOLTMNT01_405366,LCK,2026-06-12 11:22:17,Blue,Hanwha Life Esports,complete,1937,True,5446.0,3914.0,46.0,4.0,1,4559.0,3452.0,23.0
LOLTMNT01_405366,LCK,2026-06-12 11:22:17,Red,T1,complete,1937,True,-5446.0,-3914.0,-46.0,-4.0,0,-4559.0,-3452.0,-23.0
LOLTMNT01_404540,LCK,2026-06-13 06:22:36,Blue,Gen.G,complete,2299,True,-6933.0,-5057.0,-31.0,-6.0,1,-5063.0,-3046.0,14.0
LOLTMNT01_404540,LCK,2026-06-13 06:22:36,Red,KT Rolster,complete,2299,True,6933.0,5057.0,31.0,6.0,0,5063.0,3046.0,-14.0
LOLTMNT01_405501,LCK,2026-06-13 07:26:26,Blue,KT Rolster,complete,2163,True,-839.0,-1050.0,-24.0,0.0,1,-1536.0,-2609.0,-21.0
LOLTMNT01_405501,LCK,2026-06-13 07:26:26,Red,Gen.G,complete,2163,True,839.0,1050.0,24.0,0.0,0,1536.0,2609.0,21.0
LOLTMNT01_404562,LCK,2026-06-13 08:24:58,Blue,Gen.G,complete,2737,True,677.0,2648.0,22.0,1.0,1,1044.0,3565.0,59.0
LOLTMNT01_404562,LCK,2026-06-13 08:24:58,Red,KT Rolster,complete,2737,True,-677.0,-2648.0,-22.0,-1.0,0,-1044.0,-3565.0,-59.0
13295-13295_game_1,LPL,2026-06-13 08:30:26,Blue,Team WE,complete,1608,True,-5194.0,-3076.0,-52.0,-6.0,1,-3042.0,-2492.0,-25.0
13295-13295_game_1,LPL,2026-06-13 08:30:26,Red,Bilibili Gaming,complete,1608,True,5194.0,3076.0,52.0,6.0,0,3042.0,2492.0,25.0
13295-13295_game_2,LPL,2026-06-13 09:24:14,Blue,Bilibili Gaming,complete,1951,True,-732.0,1172.0,6.0,-1.0,1,-1350.0,-507.0,-3.0
13295-13295_game_2,LPL,2026-06-13 09:24:14,Red,Team WE,complete,1951,True,732.0,-1172.0,-6.0,1.0,0,1350.0,507.0,3.0
13295-13295_game_3,LPL,2026-06-13 10:21:41,Blue,Bilibili Gaming,complete,1932,True,260.0,134.0,11.0,1.0,1,311.0,-260.0,1.0
13295-13295_game_3,LPL,2026-06-13 10:21:41,Red,Team WE,complete,1932,True,-260.0,-134.0,-11.0,-1.0,0,-311.0,260.0,-1.0
13295-13295_game_4,LPL,2026-06-13 11:20:51,Blue,Bilibili Gaming,complete,2180,True,1194.0,3146.0,42.0,0.0,1,2065.0,1885.0,12.0
13295-13295_game_4,LPL,2026-06-13 11:20:51,Red,Team WE,complete,2180,True,-1194.0,-3146.0,-42.0,0.0,0,-2065.0,-1885.0,-12.0
13295-13295_game_5,LPL,2026-06-13 12:26:09,Blue,Bilibili Gaming,complete,2018,True,6543.0,3631.0,13.0,8.0,1,5692.0,4051.0,7.0
13295-13295_game_5,LPL,2026-06-13 12:26:09,Red,Team WE,complete,2018,True,-6543.0,-3631.0,-13.0,-8.0,0,-5692.0,-4051.0,-7.0
LOLTMNT01_405648,LCS,2026-06-13 20:14:55,Blue,Team Liquid,complete,1925,True,1224.0,179.0,15.0,3.0,1,-1139.0,-1509.0,8.0
LOLTMNT01_405648,LCS,2026-06-13 20:14:55,Red,Cloud9,complete,1925,True,-1224.0,-179.0,-15.0,-3.0,0,1139.0,1509.0,-8.0
LOLTMNT01_405652,LCS,2026-06-13 21:09:46,Blue,Team Liquid,complete,1460,True,9984.0,11441.0,35.0,15.0,1,6623.0,7095.0,45.0
LOLTMNT01_405652,LCS,2026-06-13 21:09:46,Red,Cloud9,complete,1460,True,-9984.0,-11441.0,-35.0,-15.0,0,-6623.0,-7095.0,-45.0
LOLTMNT01_405654,LCS,2026-06-13 21:59:47,Blue,Team Liquid,complete,1740,True,712.0,1435.0,2.0,1.0,1,723.0,742.0,17.0
LOLTMNT01_405654,LCS,2026-06-13 21:59:47,Red,Cloud9,complete,1740,True,-712.0,-1435.0,-2.0,-1.0,0,-723.0,-742.0,-17.0
LOLTMNT01_404715,LCK,2026-06-14 06:27:21,Blue,T1,complete,1875,True,-4243.0,-6291.0,-30.0,-7.0,1,-2079.0,-4390.0,-18.0
LOLTMNT01_404715,LCK,2026-06-14 06:27:21,Red,Gen.G,complete,1875,True,4243.0,6291.0,30.0,7.0,0,2079.0,4390.0,18.0
LOLTMNT01_405668,LCK,2026-06-14 07:24:01,Blue,T1,complete,2352,True,925.0,1629.0,-14.0,1.0,1,165.0,466.0,-3.0
LOLTMNT01_405668,LCK,2026-06-14 07:24:01,Red,Gen.G,complete,2352,True,-925.0,-1629.0,14.0,-1.0,0,-165.0,-466.0,3.0
13296-13296_game_1,LPL,2026-06-14 08:19:52,Blue,Top Esports,complete,1501,True,-9319.0,-9766.0,-50.0,-14.0,1,-4906.0,-6608.0,-1.0
13296-13296_game_1,LPL,2026-06-14 08:19:52,Red,Bilibili Gaming,complete,1501,True,9319.0,9766.0,50.0,14.0,0,4906.0,6608.0,1.0
LOLTMNT01_405675,LCK,2026-06-14 08:27:04,Blue,T1,complete,2696,True,-614.0,223.0,-24.0,1.0,1,19.0,747.0,11.0
LOLTMNT01_405675,LCK,2026-06-14 08:27:04,Red,Gen.G,complete,2696,True,614.0,-223.0,24.0,-1.0,0,-19.0,-747.0,-11.0
13296-13296_game_2,LPL,2026-06-14 09:14:27,Blue,Bilibili Gaming,complete,2418,True,3983.0,4139.0,4.0,5.0,1,4435.0,4263.0,8.0
13296-13296_game_2,LPL,2026-06-14 09:14:27,Red,Top Esports,complete,2418,True,-3983.0,-4139.0,-4.0,-5.0,0,-4435.0,-4263.0,-8.0
LOLTMNT01_405694,LCK,2026-06-14 09:36:12,Blue,T1,complete,1963,True,274.0,-923.0,18.0,0.0,1,4.0,483.0,18.0
LOLTMNT01_405694,LCK,2026-06-14 09:36:12,Red,Gen.G,complete,1963,True,-274.0,923.0,-18.0,0.0,0,-4.0,-483.0,-18.0
13296-13296_game_3,LPL,2026-06-14 10:20:00,Blue,Bilibili Gaming,complete,1722,True,109.0,954.0,-9.0,-3.0,1,638.0,655.0,18.0
13296-13296_game_3,LPL,2026-06-14 10:20:00,Red,Top Esports,complete,1722,True,-109.0,-954.0,9.0,3.0,0,-638.0,-655.0,-18.0
LOLTMNT01_404739,LCK,2026-06-14 10:35:36,Blue,Gen.G,complete,1704,True,3435.0,4500.0,37.0,2.0,1,1785.0,2936.0,15.0
LOLTMNT01_404739,LCK,2026-06-14 10:35:36,Red,T1,complete,1704,True,-3435.0,-4500.0,-37.0,-2.0,0,-1785.0,-2936.0,-15.0
LOLTMNT01_405807,LCS,2026-06-14 20:16:15,Blue,Team Liquid,complete,2510,True,3055.0,-472.0,-27.0,2.0,1,-44.0,-1473.0,-48.0
LOLTMNT01_405807,LCS,2026-06-14 20:16:15,Red,LYON,complete,2510,True,-3055.0,472.0,27.0,-2.0,0,44.0,1473.0,48.0
LOLTMNT01_405808,LCS,2026-06-14 21:23:00,Blue,LYON,complete,2244,True,5385.0,3562.0,83.0,5.0,1,3105.0,2601.0,37.0
LOLTMNT01_405808,LCS,2026-06-14 21:23:00,Red,Team Liquid,complete,2244,True,-5385.0,-3562.0,-83.0,-5.0,0,-3105.0,-2601.0,-37.0
LOLTMNT01_405809,LCS,2026-06-14 22:24:48,Blue,LYON,complete,2108,True,3122.0,2626.0,-5.0,7.0,1,1430.0,1285.0,-17.0
LOLTMNT01_405809,LCS,2026-06-14 22:24:48,Red,Team Liquid,complete,2108,True,-3122.0,-2626.0,5.0,-7.0,0,-1430.0,-1285.0,17.0
13366-13366_game_1,LPL,2026-07-22 09:13:58,Blue,EDward Gaming,complete,2509,True,1543.0,2736.0,42.0,-1.0,1,601.0,2667.0,7.0
13366-13366_game_1,LPL,2026-07-22 09:13:58,Red,LGD Gaming,complete,2509,True,-1543.0,-2736.0,-42.0,1.0,0,-601.0,-2667.0,-7.0
13366-13366_game_2,LPL,2026-07-22 10:20:17,Blue,LGD Gaming,complete,2256,True,-2716.0,-686.0,0.0,-3.0,1,1637.0,2201.0,24.0
13366-13366_game_2,LPL,2026-07-22 10:20:17,Red,EDward Gaming,complete,2256,True,2716.0,686.0,0.0,3.0,0,-1637.0,-2201.0,-24.0
13367-13367_game_1,LPL,2026-07-22 11:54:52,Blue,Top Esports,complete,1877,True,-947.0,1155.0,-16.0,1.0,1,484.0,287.0,-29.0
13367-13367_game_1,LPL,2026-07-22 11:54:52,Red,Team WE,complete,1877,True,947.0,-1155.0,16.0,-1.0,0,-484.0,-287.0,29.0
13367-13367_game_2,LPL,2026-07-22 12:50:51,Blue,Top Esports,complete,1749,True,6356.0,6921.0,46.0,11.0,1,2852.0,3689.0,8.0
13367-13367_game_2,LPL,2026-07-22 12:50:51,Red,Team WE,complete,1749,True,-6356.0,-6921.0,-46.0,-11.0,0,-2852.0,-3689.0,-8.0
13368-13368_game_1,LPL,2026-07-23 09:14:40,Blue,JD Gaming,complete,1785,True,-1485.0,773.0,15.0,-3.0,1,-631.0,-16.0,-5.0
13368-13368_game_1,LPL,2026-07-23 09:14:40,Red,Anyone's Legend,complete,1785,True,1485.0,-773.0,-15.0,3.0,0,631.0,16.0,5.0
13368-13368_game_2,LPL,2026-07-23 10:07:40,Blue,JD Gaming,complete,2169,True,-1199.0,-26.0,64.0,-8.0,1,1173.0,1333.0,26.0
13368-13368_game_2,LPL,2026-07-23 10:07:40,Red,Anyone's Legend,complete,2169,True,1199.0,26.0,-64.0,8.0,0,-1173.0,-1333.0,-26.0
13368-13368_game_3,LPL,2026-07-23 11:07:36,Blue,JD Gaming,complete,3384,True,-1978.0,-2073.0,6.0,-5.0,1,-1246.0,-1156.0,4.0
13368-13368_game_3,LPL,2026-07-23 11:07:36,Red,Anyone's Legend,complete,3384,True,1978.0,2073.0,-6.0,5.0,0,1246.0,1156.0,-4.0
13369-13369_game_1,LPL,2026-07-23 12:51:10,Blue,ThunderTalk Gaming,complete,1826,True,-910.0,-1242.0,-47.0,-3.0,1,358.0,-645.0,-12.0
13369-13369_game_1,LPL,2026-07-23 12:51:10,Red,Bilibili Gaming,complete,1826,True,910.0,1242.0,47.0,3.0,0,-358.0,645.0,12.0
13369-13369_game_2,LPL,2026-07-23 13:45:34,Blue,Bilibili Gaming,complete,1714,True,-6518.0,-3248.0,-13.0,-8.0,1,-3799.0,-2484.0,2.0
13369-13369_game_2,LPL,2026-07-23 13:45:34,Red,ThunderTalk Gaming,complete,1714,True,6518.0,3248.0,13.0,8.0,0,3799.0,2484.0,-2.0
13369-13369_game_3,LPL,2026-07-23 14:38:24,Blue,ThunderTalk Gaming,complete,1781,True,-3583.0,-3118.0,16.0,-7.0,1,-1281.0,-669.0,17.0
13369-13369_game_3,LPL,2026-07-23 14:38:24,Red,Bilibili Gaming,complete,1781,True,3583.0,3118.0,-16.0,7.0,0,1281.0,669.0,-17.0
13370-13370_game_1,LPL,2026-07-24 07:13:27,Blue,LGD Gaming,complete,1791,True,-1712.0,-2526.0,-56.0,-2.0,1,-511.0,-121.0,-15.0
13370-13370_game_1,LPL,2026-07-24 07:13:27,Red,Anyone's Legend,complete,1791,True,1712.0,2526.0,56.0,2.0,0,511.0,121.0,15.0
13370-13370_game_2,LPL,2026-07-24 08:08:47,Blue,Anyone's Legend,complete,1874,True,4710.0,5394.0,33.0,7.0,1,5115.0,4928.0,46.0
13370-13370_game_2,LPL,2026-07-24 08:08:47,Red,LGD Gaming,complete,1874,True,-4710.0,-5394.0,-33.0,-7.0,0,-5115.0,-4928.0,-46.0
13371-13371_game_1,LPL,2026-07-24 09:20:09,Blue,Team WE,complete,1920,True,-1880.0,-1991.0,-57.0,3.0,1,-1576.0,-500.0,-20.0
13371-13371_game_1,LPL,2026-07-24 09:20:09,Red,JD Gaming,complete,1920,True,1880.0,1991.0,57.0,-3.0,0,1576.0,500.0,20.0
13371-13371_game_2,LPL,2026-07-24 10:19:54,Blue,JD Gaming,complete,1802,True,6302.0,4206.0,81.0,5.0,1,4008.0,2491.0,58.0
13371-13371_game_2,LPL,2026-07-24 10:19:54,Red,Team WE,complete,1802,True,-6302.0,-4206.0,-81.0,-5.0,0,-4008.0,-2491.0,-58.0
13371-13371_game_3,LPL,2026-07-24 11:13:17,Blue,JD Gaming,complete,1824,True,-461.0,-1190.0,-29.0,1.0,1,-322.0,-1673.0,-17.0
13371-13371_game_3,LPL,2026-07-24 11:13:17,Red,Team WE,complete,1824,True,461.0,1190.0,29.0,-1.0,0,322.0,1673.0,17.0
13372-13372_game_1,LPL,2026-07-24 12:22:10,Blue,Bilibili Gaming,complete,2242,True,-174.0,20.0,18.0,-1.0,1,-38.0,504.0,30.0
13372-13372_game_1,LPL,2026-07-24 12:22:10,Red,EDward Gaming,complete,2242,True,174.0,-20.0,-18.0,1.0,0,38.0,-504.0,-30.0
13372-13372_game_2,LPL,2026-07-24 13:23:22,Blue,EDward Gaming,complete,2073,True,-3076.0,-4816.0,-100.0,-1.0,1,-2886.0,-3503.0,-62.0
13372-13372_game_2,LPL,2026-07-24 13:23:22,Red,Bilibili Gaming,complete,2073,True,3076.0,4816.0,100.0,1.0,0,2886.0,3503.0,62.0
13372-13372_game_3,LPL,2026-07-24 14:21:21,Blue,Bilibili Gaming,complete,1935,True,2381.0,642.0,19.0,3.0,1,-197.0,-1553.0,-24.0
13372-13372_game_3,LPL,2026-07-24 14:21:21,Red,EDward Gaming,complete,1935,True,-2381.0,-642.0,-19.0,-3.0,0,197.0,1553.0,24.0
LOLTMNT05_214176,LEC,2026-07-24 14:46:02,Blue,Movistar KOI,complete,1793,True,7399.0,7699.0,48.0,8.0,1,1761.0,2567.0,5.0
LOLTMNT05_214176,LEC,2026-07-24 14:46:02,Red,G2 Esports,complete,1793,True,-7399.0,-7699.0,-48.0,-8.0,0,-1761.0,-2567.0,-5.0
LOLTMNT05_214188,LEC,2026-07-24 15:53:14,Blue,Movistar KOI,complete,2014,True,-4330.0,-4689.0,-21.0,-4.0,1,-929.0,-2164.0,-34.0
LOLTMNT05_214188,LEC,2026-07-24 15:53:14,Red,G2 Esports,complete,2014,True,4330.0,4689.0,21.0,4.0,0,929.0,2164.0,34.0
LOLTMNT05_214199,LEC,2026-07-24 16:49:52,Blue,G2 Esports,complete,2779,True,-2626.0,-303.0,-7.0,-5.0,1,274.0,977.0,17.0
LOLTMNT05_214199,LEC,2026-07-24 16:49:52,Red,Movistar KOI,complete,2779,True,2626.0,303.0,7.0,5.0,0,-274.0,-977.0,-17.0
LOLTMNT05_213152,LEC,2026-07-24 18:04:53,Blue,Karmine Corp,complete,2253,True,6966.0,5022.0,75.0,7.0,1,1956.0,1476.0,21.0
LOLTMNT05_213152,LEC,2026-07-24 18:04:53,Red,Team Vitality,complete,2253,True,-6966.0,-5022.0,-75.0,-7.0,0,-1956.0,-1476.0,-21.0
LOLTMNT05_213156,LEC,2026-07-24 19:05:00,Blue,Karmine Corp,complete,2308,True,579.0,-756.0,-10.0,0.0,1,-1462.0,-862.0,-11.0
LOLTMNT05_213156,LEC,2026-07-24 19:05:00,Red,Team Vitality,complete,2308,True,-579.0,756.0,10.0,0.0,0,1462.0,862.0,11.0
13373-13373_game_1,LPL,2026-07-25 07:14:06,Blue,Team WE,complete,1690,True,4281.0,3490.0,43.0,3.0,1,2249.0,2971.0,18.0
13373-13373_game_1,LPL,2026-07-25 07:14:06,Red,LGD Gaming,complete,1690,True,-4281.0,-3490.0,-43.0,-3.0,0,-2249.0,-2971.0,-18.0
13373-13373_game_2,LPL,2026-07-25 08:05:40,Blue,Team WE,complete,2018,True,1959.0,669.0,-46.0,6.0,1,1708.0,470.0,-23.0
13373-13373_game_2,LPL,2026-07-25 08:05:40,Red,LGD Gaming,complete,2018,True,-1959.0,-669.0,46.0,-6.0,0,-1708.0,-470.0,23.0
LOLTMNT02_439022,LCP,2026-07-25 09:18:53,Blue,MVK Esports,complete,1905,True,3247.0,551.0,27.0,2.0,1,2501.0,1712.0,17.0
LOLTMNT02_439022,LCP,2026-07-25 09:18:53,Red,Ground Zero Gaming,complete,1905,True,-3247.0,-551.0,-27.0,-2.0,0,-2501.0,-1712.0,-17.0
13374-13374_game_1,LPL,2026-07-25 09:20:27,Blue,Weibo Gaming,complete,1942,True,3515.0,2913.0,-41.0,5.0,1,1549.0,2042.0,-19.0
13374-13374_game_1,LPL,2026-07-25 09:20:27,Red,Invictus Gaming,complete,1942,True,-3515.0,-2913.0,41.0,-5.0,0,-1549.0,-2042.0,19.0
LOLTMNT02_440021,LCP,2026-07-25 10:11:53,Blue,MVK Esports,complete,1772,True,3618.0,3454.0,4.0,4.0,1,2495.0,2851.0,18.0
LOLTMNT02_440021,LCP,2026-07-25 10:11:53,Red,Ground Zero Gaming,complete,1772,True,-3618.0,-3454.0,-4.0,-4.0,0,-2495.0,-2851.0,-18.0
13374-13374_game_2,LPL,2026-07-25 10:18:54,Blue,Weibo Gaming,complete,1745,True,1173.0,1076.0,22.0,-1.0,1,830.0,733.0,0.0
13374-13374_game_2,LPL,2026-07-25 10:18:54,Red,Invictus Gaming,complete,1745,True,-1173.0,-1076.0,-22.0,1.0,0,-830.0,-733.0,0.0
13374-13374_game_3,LPL,2026-07-25 11:13:24,Blue,Invictus Gaming,complete,1460,True,4567.0,1977.0,71.0,1.0,1,1976.0,198.0,21.0
13374-13374_game_3,LPL,2026-07-25 11:13:24,Red,Weibo Gaming,complete,1460,True,-4567.0,-1977.0,-71.0,-1.0,0,-1976.0,-198.0,-21.0
LOLTMNT02_439087,LCP,2026-07-25 11:20:35,Blue,Team Secret Whales,complete,1812,True,5000.0,2538.0,23.0,5.0,1,3857.0,2560.0,10.0
LOLTMNT02_439087,LCP,2026-07-25 11:20:35,Red,Fukuoka SoftBank HAWKS gaming,complete,1812,True,-5000.0,-2538.0,-23.0,-5.0,0,-3857.0,-2560.0,-10.0
LOLTMNT02_440098,LCP,2026-07-25 12:11:30,Blue,Team Secret Whales,complete,1825,True,4310.0,3243.0,26.0,1.0,1,4138.0,2360.0,-5.0
LOLTMNT02_440098,LCP,2026-07-25 12:11:30,Red,Fukuoka SoftBank HAWKS gaming,complete,1825,True,-4310.0,-3243.0,-26.0,-1.0,0,-4138.0,-2360.0,5.0
13375-13375_game_1,LPL,2026-07-25 12:16:56,Blue,ThunderTalk Gaming,complete,2288,True,4076.0,1091.0,15.0,5.0,1,2353.0,1714.0,9.0
13375-13375_game_1,LPL,2026-07-25 12:16:56,Red,Top Esports,complete,2288,True,-4076.0,-1091.0,-15.0,-5.0,0,-2353.0,-1714.0,-9.0
13375-13375_game_2,LPL,2026-07-25 13:18:43,Blue,Top Esports,complete,1612,True,-4543.0,-6299.0,-55.0,-8.0,1,-3203.0,-3476.0,2.0
13375-13375_game_2,LPL,2026-07-25 13:18:43,Red,ThunderTalk Gaming,complete,1612,True,4543.0,6299.0,55.0,8.0,0,3203.0,3476.0,-2.0
13375-13375_game_3,LPL,2026-07-25 14:09:13,Blue,ThunderTalk Gaming,complete,2173,True,2263.0,1027.0,20.0,0.0,1,735.0,-1000.0,-24.0
13375-13375_game_3,LPL,2026-07-25 14:09:13,Red,Top Esports,complete,2173,True,-2263.0,-1027.0,-20.0,0.0,0,-735.0,1000.0,24.0
LOLTMNT05_214276,LEC,2026-07-25 14:52:49,Blue,G2 Esports,complete,1661,True,4389.0,4575.0,-10.0,6.0,1,4742.0,4203.0,-4.0
LOLTMNT05_214276,LEC,2026-07-25 14:52:49,Red,Team Vitality,complete,1661,True,-4389.0,-4575.0,10.0,-6.0,0,-4742.0,-4203.0,4.0
LOLTMNT05_213189,LEC,2026-07-25 15:40:51,Blue,G2 Esports,complete,1772,True,6553.0,5896.0,71.0,7.0,1,702.0,-179.0,-5.0
LOLTMNT05_213189,LEC,2026-07-25 15:40:51,Red,Team Vitality,complete,1772,True,-6553.0,-5896.0,-71.0,-7.0,0,-702.0,179.0,5.0
LOLTMNT05_214296,LEC,2026-07-25 16:38:52,Blue,Movistar KOI,complete,1881,True,4542.0,1689.0,33.0,3.0,1,3995.0,3841.0,25.0
LOLTMNT05_214296,LEC,2026-07-25 16:38:52,Red,Karmine Corp,complete,1881,True,-4542.0,-1689.0,-33.0,-3.0,0,-3995.0,-3841.0,-25.0
LOLTMNT05_214298,LEC,2026-07-25 17:35:44,Blue,Karmine Corp,complete,1634,True,3018.0,2572.0,18.0,3.0,1,2180.0,2517.0,11.0
LOLTMNT05_214298,LEC,2026-07-25 17:35:44,Red,Movistar KOI,complete,1634,True,-3018.0,-2572.0,-18.0,-3.0,0,-2180.0,-2517.0,-11.0
LOLTMNT02_439253,CBLOL,2026-07-25 17:38:54,Blue,FURIA,complete,1840,True,-3944.0,-2028.0,-62.0,-3.0,1,-2399.0,453.0,-14.0
LOLTMNT02_439253,CBLOL,2026-07-25 17:38:54,Red,LØS,complete,1840,True,3944.0,2028.0,62.0,3.0,0,2399.0,-453.0,14.0
LOLTMNT02_440218,CBLOL,2026-07-25 18:27:50,Blue,LØS,complete,2069,True,9668.0,7483.0,96.0,14.0,1,3169.0,2147.0,7.0
LOLTMNT02_440218,CBLOL,2026-07-25 18:27:50,Red,FURIA,complete,2069,True,-9668.0,-7483.0,-96.0,-14.0,0,-3169.0,-2147.0,-7.0
LOLTMNT02_439292,CBLOL,2026-07-25 19:31:37,Blue,paiN Gaming,complete,1611,True,2176.0,1789.0,10.0,2.0,1,1574.0,17.0,-18.0
LOLTMNT02_439292,CBLOL,2026-07-25 19:31:37,Red,LOUD,complete,1611,True,-2176.0,-1789.0,-10.0,-2.0,0,-1574.0,-17.0,18.0
LOLTMNT02_440260,LCS,2026-07-25 20:13:30,Blue,FlyQuest,complete,1672,True,-6741.0,-4087.0,-97.0,-5.0,1,-1524.0,-125.0,-10.0
LOLTMNT02_440260,LCS,2026-07-25 20:13:30,Red,LYON,complete,1672,True,6741.0,4087.0,97.0,5.0,0,1524.0,125.0,10.0
LOLTMNT02_440262,CBLOL,2026-07-25 20:18:42,Blue,paiN Gaming,complete,2199,True,-4657.0,-5102.0,-60.0,-8.0,1,-1757.0,-3486.0,-20.0
LOLTMNT02_440262,CBLOL,2026-07-25 20:18:42,Red,LOUD,complete,2199,True,4657.0,5102.0,60.0,8.0,0,1757.0,3486.0,20.0
LOLTMNT02_439318,LCS,2026-07-25 21:01:06,Blue,LYON,complete,1950,True,-3709.0,-4185.0,56.0,-10.0,1,-1851.0,-3520.0,10.0
LOLTMNT02_439318,LCS,2026-07-25 21:01:06,Red,FlyQuest,complete,1950,True,3709.0,4185.0,-56.0,10.0,0,1851.0,3520.0,-10.0
LOLTMNT02_439321,CBLOL,2026-07-25 21:16:20,Blue,LOUD,complete,1699,True,4215.0,3018.0,2.0,5.0,1,1500.0,697.0,-18.0
LOLTMNT02_439321,CBLOL,2026-07-25 21:16:20,Red,paiN Gaming,complete,1699,True,-4215.0,-3018.0,-2.0,-5.0,0,-1500.0,-697.0,18.0
LOLTMNT02_440292,LCS,2026-07-25 22:03:50,Blue,Sentinels,complete,2195,True,2970.0,1008.0,22.0,4.0,1,830.0,-195.0,17.0
LOLTMNT02_440292,LCS,2026-07-25 22:03:50,Red,Dignitas,complete,2195,True,-2970.0,-1008.0,-22.0,-4.0,0,-830.0,195.0,-17.0
LOLTMNT02_440296,LCS,2026-07-25 22:59:18,Blue,Dignitas,complete,1592,True,-4870.0,-5159.0,-40.0,-5.0,1,-987.0,-1496.0,-15.0
LOLTMNT02_440296,LCS,2026-07-25 22:59:18,Red,Sentinels,complete,1592,True,4870.0,5159.0,40.0,5.0,0,987.0,1496.0,15.0
LOLTMNT02_440309,LCS,2026-07-25 23:45:03,Blue,Sentinels,complete,1784,True,4486.0,4099.0,23.0,10.0,1,-1291.0,-718.0,0.0
LOLTMNT02_440309,LCS,2026-07-25 23:45:03,Red,Dignitas,complete,1784,True,-4486.0,-4099.0,-23.0,-10.0,0,1291.0,718.0,0.0
13376-13376_game_1,LPL,2026-07-26 07:12:20,Blue,Ninjas in Pyjamas,complete,1596,True,3860.0,4108.0,50.0,4.0,1,1810.0,2986.0,32.0
13376-13376_game_1,LPL,2026-07-26 07:12:20,Red,LNG Esports,complete,1596,True,-3860.0,-4108.0,-50.0,-4.0,0,-1810.0,-2986.0,-32.0
13376-13376_game_2,LPL,2026-07-26 08:03:26,Blue,Ninjas in Pyjamas,complete,1689,True,3580.0,4569.0,37.0,5.0,1,997.0,2366.0,6.0
13376-13376_game_2,LPL,2026-07-26 08:03:26,Red,LNG Esports,complete,1689,True,-3580.0,-4569.0,-37.0,-5.0,0,-997.0,-2366.0,-6.0
LOLTMNT02_439428,LCP,2026-07-26 09:18:42,Blue,DetonatioN FocusMe,complete,1900,True,-3859.0,-1985.0,-83.0,-1.0,1,-716.0,234.0,-28.0
LOLTMNT02_439428,LCP,2026-07-26 09:18:42,Red,GAM Esports,complete,1900,True,3859.0,1985.0,83.0,1.0,0,716.0,-234.0,28.0
13377-13377_game_1,LPL,2026-07-26 09:21:19,Blue,EDward Gaming,complete,1732,True,-3792.0,-3871.0,-44.0,-4.0,1,-2767.0,-2009.0,-32.0
13377-13377_game_1,LPL,2026-07-26 09:21:19,Red,ThunderTalk Gaming,complete,1732,True,3792.0,3871.0,44.0,4.0,0,2767.0,2009.0,32.0
LOLTMNT02_439440,LCP,2026-07-26 10:09:56,Blue,GAM Esports,complete,1670,True,3825.0,1771.0,54.0,5.0,1,347.0,346.0,-14.0
LOLTMNT02_439440,LCP,2026-07-26 10:09:56,Red,DetonatioN FocusMe,complete,1670,True,-3825.0,-1771.0,-54.0,-5.0,0,-347.0,-346.0,14.0
13377-13377_game_2,LPL,2026-07-26 10:16:24,Blue,ThunderTalk Gaming,complete,2187,True,-2132.0,-1905.0,9.0,-3.0,1,-1432.0,-1540.0,-3.0
13377-13377_game_2,LPL,2026-07-26 10:16:24,Red,EDward Gaming,complete,2187,True,2132.0,1905.0,-9.0,3.0,0,1432.0,1540.0,3.0
LOLTMNT02_440450,LCP,2026-07-26 11:17:50,Blue,Deep Cross Gaming,complete,2150,True,-518.0,-1368.0,-13.0,-2.0,1,-421.0,-1445.0,9.0
LOLTMNT02_440450,LCP,2026-07-26 11:17:50,Red,CTBC Flying Oyster,complete,2150,True,518.0,1368.0,13.0,2.0,0,421.0,1445.0,-9.0
13378-13378_game_1,LPL,2026-07-26 11:33:37,Blue,Bilibili Gaming,complete,2286,True,2381.0,1452.0,15.0,-2.0,1,1810.0,1000.0,-5.0
13378-13378_game_1,LPL,2026-07-26 11:33:37,Red,Anyone's Legend,complete,2286,True,-2381.0,-1452.0,-15.0,2.0,0,-1810.0,-1000.0,5.0
LOLTMNT02_439528,LCP,2026-07-26 12:17:58,Blue,CTBC Flying Oyster,complete,1834,True,2862.0,3580.0,25.0,6.0,1,1256.0,1178.0,13.0
LOLTMNT02_439528,LCP,2026-07-26 12:17:58,Red,Deep Cross Gaming,complete,1834,True,-2862.0,-3580.0,-25.0,-6.0,0,-1256.0,-1178.0,-13.0
13378-13378_game_2,LPL,2026-07-26 12:35:54,Blue,Bilibili Gaming,complete,2050,True,-253.0,699.0,50.0,-2.0,1,172.0,642.0,18.0
13378-13378_game_2,LPL,2026-07-26 12:35:54,Red,Anyone's Legend,complete,2050,True,253.0,-699.0,-50.0,2.0,0,-172.0,-642.0,-18.0
13378-13378_game_3,LPL,2026-07-26 13:35:31,Blue,Anyone's Legend,complete,2004,True,-1566.0,143.0,-43.0,-1.0,1,2069.0,2915.0,12.0
13378-13378_game_3,LPL,2026-07-26 13:35:31,Red,Bilibili Gaming,complete,2004,True,1566.0,-143.0,43.0,1.0,0,-2069.0,-2915.0,-12.0
LOLTMNT05_214340,LEC,2026-07-26 14:44:51,Blue,Team Vitality,complete,1649,True,-2335.0,-3355.0,-52.0,-2.0,1,-840.0,-1150.0,-39.0
LOLTMNT05_214340,LEC,2026-07-26 14:44:51,Red,Movistar KOI,complete,1649,True,2335.0,3355.0,52.0,2.0,0,840.0,1150.0,39.0
LOLTMNT05_213254,LEC,2026-07-26 15:32:40,Blue,Movistar KOI,complete,1990,True,422.0,2898.0,33.0,0.0,1,-240.0,1718.0,19.0
LOLTMNT05_213254,LEC,2026-07-26 15:32:40,Red,Team Vitality,complete,1990,True,-422.0,-2898.0,-33.0,0.0,0,240.0,-1718.0,-19.0
LOLTMNT02_439648,CBLOL,2026-07-26 16:09:53,Blue,Leviatan,complete,1949,True,-3488.0,-4328.0,-97.0,-1.0,1,-2315.0,-2884.0,-38.0
LOLTMNT02_439648,CBLOL,2026-07-26 16:09:53,Red,Fluxo W7M,complete,1949,True,3488.0,4328.0,97.0,1.0,0,2315.0,2884.0,38.0
LOLTMNT05_214347,LEC,2026-07-26 16:27:13,Blue,Movistar KOI,complete,2029,True,-1928.0,505.0,-19.0,0.0,1,486.0,2331.0,26.0
LOLTMNT05_214347,LEC,2026-07-26 16:27:13,Red,Team Vitality,complete,2029,True,1928.0,-505.0,19.0,0.0,0,-486.0,-2331.0,-26.0
LOLTMNT02_439666,CBLOL,2026-07-26 16:59:36,Blue,Fluxo W7M,complete,1871,True,5644.0,3363.0,51.0,4.0,1,4675.0,4663.0,33.0
LOLTMNT02_439666,CBLOL,2026-07-26 16:59:36,Red,Leviatan,complete,1871,True,-5644.0,-3363.0,-51.0,-4.0,0,-4675.0,-4663.0,-33.0
LOLTMNT05_214361,LEC,2026-07-26 17:38:42,Blue,G2 Esports,complete,1872,True,-850.0,-1944.0,15.0,-3.0,1,-1971.0,-1919.0,1.0
LOLTMNT05_214361,LEC,2026-07-26 17:38:42,Red,Karmine Corp,complete,1872,True,850.0,1944.0,-15.0,3.0,0,1971.0,1919.0,-1.0
LOLTMNT02_440629,CBLOL,2026-07-26 18:11:19,Blue,Vivo Keyd Stars,complete,2147,True,1243.0,431.0,-34.0,1.0,1,809.0,496.0,-12.0
LOLTMNT02_440629,CBLOL,2026-07-26 18:11:19,Red,RED Canids,complete,2147,True,-1243.0,-431.0,34.0,-1.0,0,-809.0,-496.0,12.0
LOLTMNT05_214365,LEC,2026-07-26 18:38:08,Blue,Karmine Corp,complete,2101,True,-2284.0,-1175.0,-22.0,-6.0,1,357.0,1410.0,3.0
LOLTMNT05_214365,LEC,2026-07-26 18:38:08,Red,G2 Esports,complete,2101,True,2284.0,1175.0,22.0,6.0,0,-357.0,-1410.0,-3.0
LOLTMNT02_440641,CBLOL,2026-07-26 19:06:53,Blue,Vivo Keyd Stars,complete,1546,True,-4549.0,-5349.0,-76.0,-5.0,1,-2736.0,-4416.0,-30.0
LOLTMNT02_440641,CBLOL,2026-07-26 19:06:53,Red,RED Canids,complete,1546,True,4549.0,5349.0,76.0,5.0,0,2736.0,4416.0,30.0
LOLTMNT05_214367,LEC,2026-07-26 19:35:10,Blue,G2 Esports,complete,2631,True,91.0,1696.0,-22.0,2.0,1,541.0,1676.0,-17.0
LOLTMNT05_214367,LEC,2026-07-26 19:35:10,Red,Karmine Corp,complete,2631,True,-91.0,-1696.0,22.0,-2.0,0,-541.0,-1676.0,17.0
LOLTMNT02_440656,CBLOL,2026-07-26 19:52:51,Blue,RED Canids,complete,1912,True,-1492.0,-3287.0,-27.0,-1.0,1,-3293.0,-3728.0,-39.0
LOLTMNT02_440656,CBLOL,2026-07-26 19:52:51,Red,Vivo Keyd Stars,complete,1912,True,1492.0,3287.0,27.0,1.0,0,3293.0,3728.0,39.0
LOLTMNT02_439759,LCS,2026-07-26 20:24:27,Blue,Team Liquid,complete,2253,True,2114.0,-190.0,-23.0,2.0,1,-323.0,-1347.0,-18.0
LOLTMNT02_439759,LCS,2026-07-26 20:24:27,Red,Cloud9,complete,2253,True,-2114.0,190.0,23.0,-2.0,0,323.0,1347.0,18.0
LOLTMNT02_439771,LCS,2026-07-26 21:25:07,Blue,Team Liquid,complete,1761,True,4758.0,3042.0,33.0,3.0,1,2555.0,1003.0,0.0
LOLTMNT02_439771,LCS,2026-07-26 21:25:07,Red,Cloud9,complete,1761,True,-4758.0,-3042.0,-33.0,-3.0,0,-2555.0,-1003.0,0.0
LOLTMNT02_439792,LCS,2026-07-26 22:15:36,Blue,Shopify Rebellion,complete,2385,True,-1216.0,289.0,-53.0,1.0,1,-1467.0,-739.0,-34.0
LOLTMNT02_439792,LCS,2026-07-26 22:15:36,Red,Disguised,complete,2385,True,1216.0,-289.0,53.0,-1.0,0,1467.0,739.0,34.0
LOLTMNT02_440700,LCS,2026-07-26 23:12:26,Blue,Shopify Rebellion,complete,1732,True,1780.0,228.0,-40.0,4.0,1,-274.0,-508.0,-30.0
LOLTMNT02_440700,LCS,2026-07-26 23:12:26,Red,Disguised,complete,1732,True,-1780.0,-228.0,40.0,-4.0,0,274.0,508.0,30.0
LOLTMNT02_442746,LCK,2026-07-29 08:05:41,Blue,Kiwoom DRX,complete,1643,True,-4259.0,-4122.0,-95.0,-7.0,1,442.0,-740.0,-16.0
LOLTMNT02_442746,LCK,2026-07-29 08:05:41,Red,Nongshim RedForce,complete,1643,True,4259.0,4122.0,95.0,7.0,0,-442.0,740.0,16.0
LOLTMNT02_441911,LCK,2026-07-29 08:53:53,Blue,Kiwoom DRX,complete,2030,True,267.0,3814.0,4.0,8.0,1,-1634.0,1379.0,14.0
LOLTMNT02_441911,LCK,2026-07-29 08:53:53,Red,Nongshim RedForce,complete,2030,True,-267.0,-3814.0,-4.0,-8.0,0,1634.0,-1379.0,-14.0
13379-13379_game_1,LPL,2026-07-29 09:12:39,Blue,Anyone's Legend,complete,2131,True,-113.0,2354.0,-7.0,0.0,1,898.0,2218.0,25.0
13379-13379_game_1,LPL,2026-07-29 09:12:39,Red,Top Esports,complete,2131,True,113.0,-2354.0,7.0,0.0,0,-898.0,-2218.0,-25.0
LOLTMNT02_441926,LCK,2026-07-29 10:14:12,Blue,T1,complete,2142,True,1107.0,-298.0,42.0,-1.0,1,-740.0,-2946.0,6.0
LOLTMNT02_441926,LCK,2026-07-29 10:14:12,Red,KT Rolster,complete,2142,True,-1107.0,298.0,-42.0,1.0,0,740.0,2946.0,-6.0
13379-13379_game_2,LPL,2026-07-29 10:15:01,Blue,Anyone's Legend,complete,1883,True,8699.0,8931.0,24.0,14.0,1,4676.0,5981.0,29.0
13379-13379_game_2,LPL,2026-07-29 10:15:01,Red,Top Esports,complete,1883,True,-8699.0,-8931.0,-24.0,-14.0,0,-4676.0,-5981.0,-29.0
LOLTMNT02_441944,LCK,2026-07-29 11:12:05,Blue,KT Rolster,complete,2155,True,-2086.0,-389.0,-80.0,2.0,1,-860.0,1568.0,-11.0
LOLTMNT02_441944,LCK,2026-07-29 11:12:05,Red,T1,complete,2155,True,2086.0,389.0,80.0,-2.0,0,860.0,-1568.0,11.0
13380-13380_game_1,LPL,2026-07-29 11:30:22,Blue,LGD Gaming,complete,2249,True,-1444.0,-2465.0,15.0,-2.0,1,-69.0,-1211.0,8.0
13380-13380_game_1,LPL,2026-07-29 11:30:22,Red,Bilibili Gaming,complete,2249,True,1444.0,2465.0,-15.0,2.0,0,69.0,1211.0,-8.0
13380-13380_game_2,LPL,2026-07-29 12:34:08,Blue,Bilibili Gaming,complete,1763,True,697.0,-1272.0,29.0,-1.0,1,1438.0,-846.0,8.0
13380-13380_game_2,LPL,2026-07-29 12:34:08,Red,LGD Gaming,complete,1763,True,-697.0,1272.0,-29.0,1.0,0,-1438.0,846.0,-8.0
13380-13380_game_3,LPL,2026-07-29 13:31:12,Blue,LGD Gaming,complete,1883,True,-3376.0,-1774.0,-97.0,-1.0,1,-2.0,-685.0,-8.0
13380-13380_game_3,LPL,2026-07-29 13:31:12,Red,Bilibili Gaming,complete,1883,True,3376.0,1774.0,97.0,1.0,0,2.0,685.0,8.0
13381-13381_game_1,LPL,2026-07-30 07:12:45,Blue,Weibo Gaming,complete,1788,True,3051.0,-188.0,40.0,2.0,1,-526.0,-2445.0,2.0
13381-13381_game_1,LPL,2026-07-30 07:12:45,Red,Ninjas in Pyjamas,complete,1788,True,-3051.0,188.0,-40.0,-2.0,0,526.0,2445.0,-2.0
13381-13381_game_2,LPL,2026-07-30 08:06:11,Blue,Ninjas in Pyjamas,complete,1787,True,5616.0,1229.0,44.0,6.0,1,432.0,-837.0,4.0
13381-13381_game_2,LPL,2026-07-30 08:06:11,Red,Weibo Gaming,complete,1787,True,-5616.0,-1229.0,-44.0,-6.0,0,-432.0,837.0,-4.0
LOLTMNT02_444167,LCK,2026-07-30 08:07:12,Blue,BNK FEARX,complete,1871,True,2346.0,1191.0,27.0,2.0,1,-332.0,-653.0,-5.0
LOLTMNT02_444167,LCK,2026-07-30 08:07:12,Red,DN SOOPers,complete,1871,True,-2346.0,-1191.0,-27.0,-2.0,0,332.0,653.0,5.0
LOLTMNT02_444200,LCK,2026-07-30 09:02:26,Blue,BNK FEARX,complete,1667,True,3406.0,421.0,-4.0,3.0,1,880.0,-411.0,-24.0
LOLTMNT02_444200,LCK,2026-07-30 09:02:26,Red,DN SOOPers,complete,1667,True,-3406.0,-421.0,4.0,-3.0,0,-880.0,411.0,24.0
LOLTMNT02_443318,LCP,2026-07-30 09:18:14,Blue,DetonatioN FocusMe,complete,2162,True,1141.0,246.0,12.0,1.0,1,267.0,-1740.0,-8.0
LOLTMNT02_443318,LCP,2026-07-30 09:18:14,Red,Fukuoka SoftBank HAWKS gaming,complete,2162,True,-1141.0,-246.0,-12.0,-1.0,0,-267.0,1740.0,8.0
13382-13382_game_1,LPL,2026-07-30 09:20:01,Blue,Team WE,complete,1849,True,6513.0,4047.0,10.0,8.0,1,2744.0,1045.0,-9.0
13382-13382_game_1,LPL,2026-07-30 09:20:01,Red,EDward Gaming,complete,1849,True,-6513.0,-4047.0,-10.0,-8.0,0,-2744.0,-1045.0,9.0
13382-13382_game_2,LPL,2026-07-30 10:13:34,Blue,Team WE,complete,2271,True,2990.0,4599.0,-3.0,4.0,1,3231.0,4630.0,15.0
13382-13382_game_2,LPL,2026-07-30 10:13:34,Red,EDward Gaming,complete,2271,True,-2990.0,-4599.0,3.0,-4.0,0,-3231.0,-4630.0,-15.0
LOLTMNT02_443344,LCK,2026-07-30 10:17:39,Blue,Hanwha Life Esports,complete,1854,True,185.0,1838.0,-30.0,1.0,1,484.0,666.0,-16.0
LOLTMNT02_443344,LCK,2026-07-30 10:17:39,Red,Dplus Kia,complete,1854,True,-185.0,-1838.0,30.0,-1.0,0,-484.0,-666.0,16.0
LOLTMNT02_443343,LCP,2026-07-30 10:18:33,Blue,Fukuoka SoftBank HAWKS gaming,complete,2005,True,-2671.0,-730.0,-65.0,-2.0,1,44.0,1542.0,0.0
LOLTMNT02_443343,LCP,2026-07-30 10:18:33,Red,DetonatioN FocusMe,complete,2005,True,2671.0,730.0,65.0,2.0,0,-44.0,-1542.0,0.0
LOLTMNT02_444234,LCK,2026-07-30 11:12:36,Blue,Dplus Kia,complete,1915,True,-1952.0,-1223.0,45.0,-7.0,1,-1794.0,-2394.0,-8.0
LOLTMNT02_444234,LCK,2026-07-30 11:12:36,Red,Hanwha Life Esports,complete,1915,True,1952.0,1223.0,-45.0,7.0,0,1794.0,2394.0,8.0
LOLTMNT02_444235,LCP,2026-07-30 11:15:35,Blue,Fukuoka SoftBank HAWKS gaming,complete,1843,True,-2069.0,-953.0,10.0,-2.0,1,-2441.0,-2882.0,-34.0
LOLTMNT02_444235,LCP,2026-07-30 11:15:35,Red,DetonatioN FocusMe,complete,1843,True,2069.0,953.0,-10.0,2.0,0,2441.0,2882.0,34.0
13383-13383_game_1,LPL,2026-07-30 11:32:58,Blue,JD Gaming,complete,1981,True,-129.0,351.0,32.0,1.0,1,-135.0,-787.0,15.0
13383-13383_game_1,LPL,2026-07-30 11:32:58,Red,ThunderTalk Gaming,complete,1981,True,129.0,-351.0,-32.0,-1.0,0,135.0,787.0,-15.0
LOLTMNT02_443370,LCK,2026-07-30 12:07:20,Blue,Hanwha Life Esports,complete,2181,True,1388.0,1889.0,44.0,0.0,1,-100.0,1408.0,18.0
LOLTMNT02_443370,LCK,2026-07-30 12:07:20,Red,Dplus Kia,complete,2181,True,-1388.0,-1889.0,-44.0,0.0,0,100.0,-1408.0,-18.0
LOLTMNT02_444279,LCP,2026-07-30 12:29:55,Blue,Ground Zero Gaming,complete,1719,True,8431.0,7983.0,71.0,10.0,1,5153.0,4408.0,33.0
LOLTMNT02_444279,LCP,2026-07-30 12:29:55,Red,Deep Cross Gaming,complete,1719,True,-8431.0,-7983.0,-71.0,-10.0,0,-5153.0,-4408.0,-33.0
13383-13383_game_2,LPL,2026-07-30 12:30:48,Blue,ThunderTalk Gaming,complete,1644,True,-4700.0,-4076.0,-62.0,-4.0,1,-1968.0,-1980.0,-24.0
13383-13383_game_2,LPL,2026-07-30 12:30:48,Red,JD Gaming,complete,1644,True,4700.0,4076.0,62.0,4.0,0,1968.0,1980.0,24.0
13383-13383_game_3,LPL,2026-07-30 13:22:34,Blue,JD Gaming,complete,1961,True,7595.0,5472.0,87.0,6.0,1,706.0,-127.0,-2.0
13383-13383_game_3,LPL,2026-07-30 13:22:34,Red,ThunderTalk Gaming,complete,1961,True,-7595.0,-5472.0,-87.0,-6.0,0,-706.0,127.0,2.0
LOLTMNT02_444303,LCP,2026-07-30 13:30:51,Blue,Ground Zero Gaming,complete,2514,True,3365.0,3152.0,-10.0,6.0,1,361.0,732.0,-20.0
LOLTMNT02_444303,LCP,2026-07-30 13:30:51,Red,Deep Cross Gaming,complete,2514,True,-3365.0,-3152.0,10.0,-6.0,0,-361.0,-732.0,20.0
LOLTMNT02_443414,LCP,2026-07-30 14:34:20,Blue,Deep Cross Gaming,complete,1836,True,3921.0,134.0,31.0,5.0,1,32.0,-2496.0,-17.0
LOLTMNT02_443414,LCP,2026-07-30 14:34:20,Red,Ground Zero Gaming,complete,1836,True,-3921.0,-134.0,-31.0,-5.0,0,-32.0,2496.0,17.0
13384-13384_game_1,LPL,2026-07-31 07:12:16,Blue,Anyone's Legend,complete,1505,True,11527.0,8915.0,60.0,13.0,1,7181.0,6677.0,38.0
13384-13384_game_1,LPL,2026-07-31 07:12:16,Red,EDward Gaming,complete,1505,True,-11527.0,-8915.0,-60.0,-13.0,0,-7181.0,-6677.0,-38.0
13384-13384_game_2,LPL,2026-07-31 08:02:06,Blue,Anyone's Legend,complete,1663,True,4587.0,5737.0,14.0,9.0,1,1993.0,2440.0,-6.0
13384-13384_game_2,LPL,2026-07-31 08:02:06,Red,EDward Gaming,complete,1663,True,-4587.0,-5737.0,-14.0,-9.0,0,-1993.0,-2440.0,6.0
LOLTMNT02_444480,LCK,2026-07-31 08:15:35,Blue,Gen.G,complete,1755,True,-1007.0,-2548.0,-14.0,-4.0,1,-128.0,-1800.0,-18.0
LOLTMNT02_444480,LCK,2026-07-31 08:15:35,Red,T1,complete,1755,True,1007.0,2548.0,14.0,4.0,0,128.0,1800.0,18.0
LOLTMNT02_444494,LCK,2026-07-31 09:08:44,Blue,T1,complete,1986,True,-3592.0,-3971.0,-50.0,-7.0,1,-1950.0,-1194.0,-14.0
LOLTMNT02_444494,LCK,2026-07-31 09:08:44,Red,Gen.G,complete,1986,True,3592.0,3971.0,50.0,7.0,0,1950.0,1194.0,14.0
13385-13385_game_1,LPL,2026-07-31 09:09:46,Blue,Team WE,complete,1846,True,-5282.0,-5525.0,-107.0,-1.0,1,-2449.0,-1210.0,-22.0
13385-13385_game_1,LPL,2026-07-31 09:09:46,Red,Bilibili Gaming,complete,1846,True,5282.0,5525.0,107.0,1.0,0,2449.0,1210.0,22.0
LOLTMNT02_444499,LCP,2026-07-31 09:22:46,Blue,Team Secret Whales,complete,1333,True,9937.0,6885.0,99.0,10.0,1,4560.0,2311.0,23.0
LOLTMNT02_444499,LCP,2026-07-31 09:22:46,Red,MVK Esports,complete,1333,True,-9937.0,-6885.0,-99.0,-10.0,0,-4560.0,-2311.0,-23.0
13385-13385_game_2,LPL,2026-07-31 10:06:56,Blue,Bilibili Gaming,complete,1713,True,3884.0,3552.0,62.0,2.0,1,3200.0,1579.0,12.0
13385-13385_game_2,LPL,2026-07-31 10:06:56,Red,Team WE,complete,1713,True,-3884.0,-3552.0,-62.0,-2.0,0,-3200.0,-1579.0,-12.0
LOLTMNT02_443568,LCP,2026-07-31 10:10:27,Blue,Team Secret Whales,complete,1594,True,6049.0,4362.0,63.0,8.0,1,1354.0,1110.0,22.0
LOLTMNT02_443568,LCP,2026-07-31 10:10:27,Red,MVK Esports,complete,1594,True,-6049.0,-4362.0,-63.0,-8.0,0,-1354.0,-1110.0,-22.0
LOLTMNT02_444519,LCK,2026-07-31 10:28:31,Blue,Kiwoom DRX,complete,2425,True,-3505.0,-2538.0,-42.0,-2.0,1,-982.0,-176.0,4.0
LOLTMNT02_444519,LCK,2026-07-31 10:28:31,Red,HANJIN BRION,complete,2425,True,3505.0,2538.0,42.0,2.0,0,982.0,176.0,-4.0
LOLTMNT02_443601,LCK,2026-07-31 11:31:11,Blue,Kiwoom DRX,complete,2178,True,1353.0,-2233.0,-9.0,1.0,1,288.0,-4192.0,-46.0
LOLTMNT02_443601,LCK,2026-07-31 11:31:11,Red,HANJIN BRION,complete,2178,True,-1353.0,2233.0,9.0,-1.0,0,-288.0,4192.0,46.0
LOLTMNT05_214781,LCP,2026-07-31 11:33:17,Blue,CTBC Flying Oyster,complete,2277,True,-2963.0,-106.0,24.0,-2.0,1,-3628.0,-740.0,4.0
LOLTMNT05_214781,LCP,2026-07-31 11:33:17,Red,GAM Esports,complete,2277,True,2963.0,106.0,-24.0,2.0,0,3628.0,740.0,-4.0
LOLTMNT02_443609,LCK,2026-07-31 12:30:32,Blue,Kiwoom DRX,complete,1931,True,3107.0,-33.0,27.0,2.0,1,450.0,-1365.0,-8.0
LOLTMNT02_443609,LCK,2026-07-31 12:30:32,Red,HANJIN BRION,complete,1931,True,-3107.0,33.0,-27.0,-2.0,0,-450.0,1365.0,8.0
LOLTMNT05_213677,LCP,2026-07-31 12:36:14,Blue,GAM Esports,complete,2121,True,4850.0,2410.0,47.0,1.0,1,1749.0,-17.0,13.0
LOLTMNT05_213677,LCP,2026-07-31 12:36:14,Red,CTBC Flying Oyster,complete,2121,True,-4850.0,-2410.0,-47.0,-1.0,0,-1749.0,17.0,-13.0
LOLTMNT05_214790,LCP,2026-07-31 13:30:49,Blue,CTBC Flying Oyster,complete,1806,True,2826.0,2497.0,-2.0,4.0,1,420.0,-625.0,-27.0
LOLTMNT05_214790,LCP,2026-07-31 13:30:49,Red,GAM Esports,complete,1806,True,-2826.0,-2497.0,2.0,-4.0,0,-420.0,625.0,27.0
LOLTMNT04_182038,LEC,2026-07-31 15:08:55,Blue,Team Heretics,complete,2150,True,3670.0,3773.0,16.0,4.0,1,4048.0,4277.0,35.0
LOLTMNT04_182038,LEC,2026-07-31 15:08:55,Red,Team Vitality,complete,2150,True,-3670.0,-3773.0,-16.0,-4.0,0,-4048.0,-4277.0,-35.0
LOLTMNT04_182039,LEC,2026-07-31 16:07:38,Blue,Team Vitality,complete,1620,True,5300.0,4174.0,50.0,3.0,1,2828.0,627.0,-23.0
LOLTMNT04_182039,LEC,2026-07-31 16:07:38,Red,Team Heretics,complete,1620,True,-5300.0,-4174.0,-50.0,-3.0,0,-2828.0,-627.0,23.0
LOLTMNT04_182048,LEC,2026-07-31 16:58:35,Blue,Movistar KOI,complete,2542,True,1419.0,220.0,18.0,0.0,1,1583.0,2108.0,17.0
LOLTMNT04_182048,LEC,2026-07-31 16:58:35,Red,Shifters,complete,2542,True,-1419.0,-220.0,-18.0,0.0,0,-1583.0,-2108.0,-17.0
LOLTMNT04_182052,LEC,2026-07-31 18:01:36,Blue,Shifters,complete,1706,True,-2354.0,-254.0,-5.0,-3.0,1,-681.0,320.0,9.0
LOLTMNT04_182052,LEC,2026-07-31 18:01:36,Red,Movistar KOI,complete,1706,True,2354.0,254.0,5.0,3.0,0,681.0,-320.0,-9.0
LOLTMNT04_182054,LEC,2026-07-31 18:51:57,Blue,Movistar KOI,complete,1738,True,6812.0,5559.0,55.0,11.0,1,1815.0,1158.0,6.0
LOLTMNT04_182054,LEC,2026-07-31 18:51:57,Red,Shifters,complete,1738,True,-6812.0,-5559.0,-55.0,-11.0,0,-1815.0,-1158.0,-6.0
13386-13386_game_1,LPL,2026-08-01 07:13:04,Blue,ThunderTalk Gaming,complete,1315,True,-6313.0,-5839.0,-16.0,-7.0,1,-3309.0,-2321.0,-11.0
13386-13386_game_1,LPL,2026-08-01 07:13:04,Red,Anyone's Legend,complete,1315,True,6313.0,5839.0,16.0,7.0,0,3309.0,2321.0,11.0
13386-13386_game_2,LPL,2026-08-01 08:02:32,Blue,Anyone's Legend,complete,1449,True,4363.0,5085.0,-21.0,9.0,1,5733.0,6760.0,11.0
13386-13386_game_2,LPL,2026-08-01 08:02:32,Red,ThunderTalk Gaming,complete,1449,True,-4363.0,-5085.0,21.0,-9.0,0,-5733.0,-6760.0,-11.0
LOLTMNT02_444700,LCK,2026-08-01 08:05:28,Blue,Nongshim RedForce,complete,1996,True,4464.0,3016.0,4.0,2.0,1,1870.0,-441.0,-20.0
LOLTMNT02_444700,LCK,2026-08-01 08:05:28,Red,BNK FEARX,complete,1996,True,-4464.0,-3016.0,-4.0,-2.0,0,-1870.0,441.0,20.0
LOLTMNT02_443744,LCK,2026-08-01 08:59:42,Blue,Nongshim RedForce,complete,1853,True,-2282.0,-3118.0,-13.0,-5.0,1,-1846.0,-1998.0,-10.0
LOLTMNT02_443744,LCK,2026-08-01 08:59:42,Red,BNK FEARX,complete,1853,True,2282.0,3118.0,13.0,5.0,0,1846.0,1998.0,10.0
13387-13387_game_1,LPL,2026-08-01 09:11:40,Blue,Top Esports,partial,1576,False,,,,,1,,,
13387-13387_game_1,LPL,2026-08-01 09:11:40,Red,LGD Gaming,partial,1576,False,,,,,0,,,
LOLTMNT05_213713,LCP,2026-08-01 09:25:30,Blue,DetonatioN FocusMe,complete,2131,True,1551.0,-1410.0,-42.0,3.0,1,551.0,-516.0,-31.0
LOLTMNT05_213713,LCP,2026-08-01 09:25:30,Red,Deep Cross Gaming,complete,2131,True,-1551.0,1410.0,42.0,-3.0,0,-551.0,516.0,31.0
LOLTMNT02_444714,LCK,2026-08-01 09:52:11,Blue,BNK FEARX,complete,1958,True,470.0,-3029.0,-18.0,3.0,1,-2957.0,-3942.0,-19.0
LOLTMNT02_444714,LCK,2026-08-01 09:52:11,Red,Nongshim RedForce,complete,1958,True,-470.0,3029.0,18.0,-3.0,0,2957.0,3942.0,19.0
13387-13387_game_2,LPL,2026-08-01 10:00:18,Blue,LGD Gaming,complete,1586,True,-3459.0,-4129.0,-96.0,0.0,1,-1851.0,-1769.0,-54.0
13387-13387_game_2,LPL,2026-08-01 10:00:18,Red,Top Esports,complete,1586,True,3459.0,4129.0,96.0,0.0,0,1851.0,1769.0,54.0
LOLTMNT05_214845,LCP,2026-08-01 10:21:50,Blue,Deep Cross Gaming,complete,1651,True,3413.0,4176.0,20.0,6.0,1,1465.0,2675.0,22.0
LOLTMNT05_214845,LCP,2026-08-01 10:21:50,Red,DetonatioN FocusMe,complete,1651,True,-3413.0,-4176.0,-20.0,-6.0,0,-1465.0,-2675.0,-22.0
13387-13387_game_3,LPL,2026-08-01 10:53:47,Blue,Top Esports,complete,1919,True,2227.0,693.0,14.0,2.0,1,1077.0,143.0,-4.0
13387-13387_game_3,LPL,2026-08-01 10:53:47,Red,LGD Gaming,complete,1919,True,-2227.0,-693.0,-14.0,-2.0,0,-1077.0,-143.0,4.0
LOLTMNT05_213731,LCP,2026-08-01 11:28:23,Blue,MVK Esports,complete,2427,True,-2757.0,29.0,-38.0,-1.0,1,-514.0,1228.0,8.0
LOLTMNT05_213731,LCP,2026-08-01 11:28:23,Red,GAM Esports,complete,2427,True,2757.0,-29.0,38.0,1.0,0,514.0,-1228.0,-8.0
13388-13388_game_1,LPL,2026-08-01 12:04:15,Blue,Bilibili Gaming,complete,2030,True,2869.0,3202.0,57.0,1.0,1,805.0,1329.0,37.0
13388-13388_game_1,LPL,2026-08-01 12:04:15,Red,JD Gaming,complete,2030,True,-2869.0,-3202.0,-57.0,-1.0,0,-805.0,-1329.0,-37.0
LOLTMNT02_444730,LCK,2026-08-01 12:05:06,Blue,Dplus Kia,complete,1721,True,3458.0,3823.0,61.0,1.0,1,1809.0,1697.0,0.0
LOLTMNT02_444730,LCK,2026-08-01 12:05:06,Red,Gen.G,complete,1721,True,-3458.0,-3823.0,-61.0,-1.0,0,-1809.0,-1697.0,0.0
LOLTMNT05_214872,LCP,2026-08-01 12:28:13,Blue,MVK Esports,complete,2230,True,2343.0,2567.0,8.0,3.0,1,429.0,323.0,24.0
LOLTMNT05_214872,LCP,2026-08-01 12:28:13,Red,GAM Esports,complete,2230,True,-2343.0,-2567.0,-8.0,-3.0,0,-429.0,-323.0,-24.0
13388-13388_game_2,LPL,2026-08-01 13:05:20,Blue,Bilibili Gaming,complete,1876,True,3448.0,3585.0,44.0,3.0,1,1578.0,2610.0,31.0
13388-13388_game_2,LPL,2026-08-01 13:05:20,Red,JD Gaming,complete,1876,True,-3448.0,-3585.0,-44.0,-3.0,0,-1578.0,-2610.0,-31.0
LOLTMNT04_182081,LEC,2026-08-01 15:08:25,Blue,GiantX,complete,2524,True,-1997.0,1402.0,-16.0,0.0,1,401.0,2665.0,26.0
LOLTMNT04_182081,LEC,2026-08-01 15:08:25,Red,SK Gaming,complete,2524,True,1997.0,-1402.0,16.0,0.0,0,-401.0,-2665.0,-26.0
LOLTMNT04_182084,LEC,2026-08-01 16:09:56,Blue,GiantX,complete,2948,True,7023.0,5169.0,44.0,8.0,1,3089.0,2939.0,11.0
LOLTMNT04_182084,LEC,2026-08-01 16:09:56,Red,SK Gaming,complete,2948,True,-7023.0,-5169.0,-44.0,-8.0,0,-3089.0,-2939.0,-11.0
LOLTMNT01_434560,CBLOL,2026-08-01 16:11:48,Blue,Vivo Keyd Stars,complete,1587,True,4419.0,3033.0,12.0,5.0,1,3016.0,2818.0,7.0
LOLTMNT01_434560,CBLOL,2026-08-01 16:11:48,Red,FURIA,complete,1587,True,-4419.0,-3033.0,-12.0,-5.0,0,-3016.0,-2818.0,-7.0
LOLTMNT01_434574,CBLOL,2026-08-01 16:57:33,Blue,Vivo Keyd Stars,complete,1853,True,6808.0,7596.0,40.0,12.0,1,4424.0,4136.0,18.0
LOLTMNT01_434574,CBLOL,2026-08-01 16:57:33,Red,FURIA,complete,1853,True,-6808.0,-7596.0,-40.0,-12.0,0,-4424.0,-4136.0,-18.0
LOLTMNT04_181065,LEC,2026-08-01 17:17:50,Blue,GiantX,complete,1569,False,,,,,1,,,
LOLTMNT04_181065,LEC,2026-08-01 17:17:50,Red,SK Gaming,complete,1569,False,,,,,0,,,
LOLTMNT01_434599,CBLOL,2026-08-01 17:53:31,Blue,paiN Gaming,complete,2183,True,1853.0,-1613.0,12.0,-1.0,1,-1382.0,-2168.0,-16.0
LOLTMNT01_434599,CBLOL,2026-08-01 17:53:31,Red,Leviatan,complete,2183,True,-1853.0,1613.0,-12.0,1.0,0,1382.0,2168.0,16.0
LOLTMNT04_181079,LEC,2026-08-01 18:36:35,Blue,Karmine Corp,complete,2408,True,-1683.0,-3891.0,2.0,-3.0,1,-948.0,-4381.0,-17.0
LOLTMNT04_181079,LEC,2026-08-01 18:36:35,Red,Natus Vincere,complete,2408,True,1683.0,3891.0,-2.0,3.0,0,948.0,4381.0,17.0
LOLTMNT01_433582,CBLOL,2026-08-01 18:50:51,Blue,paiN Gaming,complete,1985,True,5051.0,2218.0,46.0,3.0,1,1623.0,868.0,7.0
LOLTMNT01_433582,CBLOL,2026-08-01 18:50:51,Red,Leviatan,complete,1985,True,-5051.0,-2218.0,-46.0,-3.0,0,-1623.0,-868.0,-7.0
LOLTMNT04_181081,LEC,2026-08-01 19:41:26,Blue,Karmine Corp,complete,1991,True,-3455.0,-2655.0,-22.0,-2.0,1,-1528.0,-806.0,-13.0
LOLTMNT04_181081,LEC,2026-08-01 19:41:26,Red,Natus Vincere,complete,1991,True,3455.0,2655.0,22.0,2.0,0,1528.0,806.0,13.0
LOLTMNT01_433615,LCS,2026-08-01 20:11:18,Blue,Dignitas,complete,2248,True,-3277.0,-3825.0,-41.0,-2.0,1,-1404.0,-882.0,-12.0
LOLTMNT01_433615,LCS,2026-08-01 20:11:18,Red,Cloud9,complete,2248,True,3277.0,3825.0,41.0,2.0,0,1404.0,882.0,12.0
LOLTMNT01_434641,LCS,2026-08-01 21:11:08,Blue,Dignitas,complete,1813,True,-1966.0,-731.0,-45.0,-1.0,1,960.0,659.0,-31.0
LOLTMNT01_434641,LCS,2026-08-01 21:11:08,Red,Cloud9,complete,1813,True,1966.0,731.0,45.0,1.0,0,-960.0,-659.0,31.0
LOLTMNT01_433643,LCS,2026-08-01 22:15:00,Blue,Cloud9,complete,1934,True,6409.0,4566.0,55.0,7.0,1,2190.0,1675.0,10.0
LOLTMNT01_433643,LCS,2026-08-01 22:15:00,Red,Dignitas,complete,1934,True,-6409.0,-4566.0,-55.0,-7.0,0,-2190.0,-1675.0,-10.0
LOLTMNT01_433652,LCS,2026-08-01 23:13:11,Blue,Disguised,complete,2514,True,-3459.0,-2846.0,-84.0,-1.0,1,-1087.0,-450.0,-35.0
LOLTMNT01_433652,LCS,2026-08-01 23:13:11,Red,FlyQuest,complete,2514,True,3459.0,2846.0,84.0,1.0,0,1087.0,450.0,35.0
LOLTMNT01_434666,LCS,2026-08-02 00:18:22,Blue,FlyQuest,complete,1745,True,8265.0,5380.0,30.0,11.0,1,3082.0,831.0,-4.0
LOLTMNT01_434666,LCS,2026-08-02 00:18:22,Red,Disguised,complete,1745,True,-8265.0,-5380.0,-30.0,-11.0,0,-3082.0,-831.0,4.0
13389-13389_game_1,LPL,2026-08-02 07:14:14,Blue,Team WE,complete,1726,True,-614.0,-282.0,15.0,0.0,1,-1746.0,-1780.0,6.0
13389-13389_game_1,LPL,2026-08-02 07:14:14,Red,ThunderTalk Gaming,complete,1726,True,614.0,282.0,-15.0,0.0,0,1746.0,1780.0,-6.0
LOLTMNT02_444825,LCK,2026-08-02 08:07:10,Blue,HANJIN BRION,complete,1931,True,-5505.0,-3610.0,-52.0,-6.0,1,-2140.0,-1173.0,1.0
LOLTMNT02_444825,LCK,2026-08-02 08:07:10,Red,DN SOOPers,complete,1931,True,5505.0,3610.0,52.0,6.0,0,2140.0,1173.0,-1.0
13389-13389_game_2,LPL,2026-08-02 08:07:20,Blue,ThunderTalk Gaming,complete,1711,True,-3406.0,-4284.0,-27.0,-2.0,1,-1308.0,-1925.0,-18.0
13389-13389_game_2,LPL,2026-08-02 08:07:20,Red,Team WE,complete,1711,True,3406.0,4284.0,27.0,2.0,0,1308.0,1925.0,18.0
13389-13389_game_3,LPL,2026-08-02 09:00:50,Blue,Team WE,complete,1980,True,-994.0,-1301.0,-8.0,3.0,1,-1838.0,-1563.0,7.0
13389-13389_game_3,LPL,2026-08-02 09:00:50,Red,ThunderTalk Gaming,complete,1980,True,994.0,1301.0,8.0,-3.0,0,1838.0,1563.0,-7.0
LOLTMNT02_443839,LCK,2026-08-02 09:02:39,Blue,DN SOOPers,complete,2233,True,1088.0,1706.0,43.0,1.0,1,889.0,1237.0,25.0
LOLTMNT02_443839,LCK,2026-08-02 09:02:39,Red,HANJIN BRION,complete,2233,True,-1088.0,-1706.0,-43.0,-1.0,0,-889.0,-1237.0,-25.0
LOLTMNT05_213757,LCP,2026-08-02 09:24:58,Blue,Team Secret Whales,complete,1737,True,2871.0,3553.0,29.0,2.0,1,2348.0,1789.0,10.0
LOLTMNT05_213757,LCP,2026-08-02 09:24:58,Red,CTBC Flying Oyster,complete,1737,True,-2871.0,-3553.0,-29.0,-2.0,0,-2348.0,-1789.0,-10.0
LOLTMNT02_443840,LCK,2026-08-02 10:02:27,Blue,HANJIN BRION,complete,2322,True,959.0,-324.0,-4.0,0.0,1,83.0,-1170.0,-3.0
LOLTMNT02_443840,LCK,2026-08-02 10:02:27,Red,DN SOOPers,complete,2322,True,-959.0,324.0,4.0,0.0,0,-83.0,1170.0,3.0
LOLTMNT05_213759,LCP,2026-08-02 10:14:23,Blue,Team Secret Whales,complete,1847,True,6988.0,5304.0,85.0,6.0,1,3667.0,2741.0,45.0
LOLTMNT05_213759,LCP,2026-08-02 10:14:23,Red,CTBC Flying Oyster,complete,1847,True,-6988.0,-5304.0,-85.0,-6.0,0,-3667.0,-2741.0,-45.0
13390-13390_game_1,LPL,2026-08-02 10:15:31,Blue,LNG Esports,complete,1761,True,-2639.0,-4201.0,-71.0,0.0,1,-3439.0,-4639.0,-37.0
13390-13390_game_1,LPL,2026-08-02 10:15:31,Red,Invictus Gaming,complete,1761,True,2639.0,4201.0,71.0,0.0,0,3439.0,4639.0,37.0
LOLTMNT05_213767,LCP,2026-08-02 11:04:38,Blue,Team Secret Whales,complete,1660,True,9488.0,7701.0,60.0,10.0,1,7738.0,6994.0,39.0
LOLTMNT05_213767,LCP,2026-08-02 11:04:38,Red,CTBC Flying Oyster,complete,1660,True,-9488.0,-7701.0,-60.0,-10.0,0,-7738.0,-6994.0,-39.0
13390-13390_game_2,LPL,2026-08-02 11:10:23,Blue,Invictus Gaming,complete,1502,True,4375.0,3545.0,86.0,1.0,1,383.0,348.0,31.0
13390-13390_game_2,LPL,2026-08-02 11:10:23,Red,LNG Esports,complete,1502,True,-4375.0,-3545.0,-86.0,-1.0,0,-383.0,-348.0,-31.0
LOLTMNT02_443862,LCK,2026-08-02 11:27:57,Blue,Hanwha Life Esports,complete,2091,True,-2938.0,-4831.0,-26.0,-9.0,1,-290.0,-2763.0,-36.0
LOLTMNT02_443862,LCK,2026-08-02 11:27:57,Red,KT Rolster,complete,2091,True,2938.0,4831.0,26.0,9.0,0,290.0,2763.0,36.0
13391-13391_game_1,LPL,2026-08-02 12:13:49,Blue,JD Gaming,complete,1969,True,-4788.0,-7494.0,-50.0,-7.0,1,-1937.0,-2686.0,-18.0
13391-13391_game_1,LPL,2026-08-02 12:13:49,Red,Top Esports,complete,1969,True,4788.0,7494.0,50.0,7.0,0,1937.0,2686.0,18.0
LOLTMNT02_444842,LCK,2026-08-02 12:26:34,Blue,KT Rolster,complete,1717,True,-5123.0,-4094.0,-107.0,-3.0,1,-770.0,-1862.0,-30.0
LOLTMNT02_444842,LCK,2026-08-02 12:26:34,Red,Hanwha Life Esports,complete,1717,True,5123.0,4094.0,107.0,3.0,0,770.0,1862.0,30.0
13391-13391_game_2,LPL,2026-08-02 13:10:17,Blue,Top Esports,complete,1997,True,3339.0,1751.0,16.0,1.0,1,1107.0,21.0,-4.0
13391-13391_game_2,LPL,2026-08-02 13:10:17,Red,JD Gaming,complete,1997,True,-3339.0,-1751.0,-16.0,-1.0,0,-1107.0,-21.0,4.0
LOLTMNT02_443868,LCK,2026-08-02 13:18:02,Blue,KT Rolster,complete,1971,True,2135.0,1873.0,-18.0,4.0,1,938.0,1373.0,6.0
LOLTMNT02_443868,LCK,2026-08-02 13:18:02,Red,Hanwha Life Esports,complete,1971,True,-2135.0,-1873.0,18.0,-4.0,0,-938.0,-1373.0,-6.0
LOLTMNT04_182126,LEC,2026-08-02 15:08:27,Blue,G2 Esports,complete,2492,True,873.0,620.0,60.0,0.0,1,-491.0,-862.0,29.0
LOLTMNT04_182126,LEC,2026-08-02 15:08:27,Red,SK Gaming,complete,2492,True,-873.0,-620.0,-60.0,0.0,0,491.0,862.0,-29.0
LOLTMNT04_182130,LEC,2026-08-02 16:10:08,Blue,G2 Esports,complete,2604,True,384.0,-9.0,35.0,-1.0,1,1083.0,978.0,17.0
LOLTMNT04_182130,LEC,2026-08-02 16:10:08,Red,SK Gaming,complete,2604,True,-384.0,9.0,-35.0,1.0,0,-1083.0,-978.0,-17.0
LOLTMNT01_434903,CBLOL,2026-08-02 16:10:42,Blue,Fluxo W7M,complete,1816,True,1094.0,-1337.0,-43.0,2.0,1,869.0,-1536.0,-35.0
LOLTMNT01_434903,CBLOL,2026-08-02 16:10:42,Red,LOUD,complete,1816,True,-1094.0,1337.0,43.0,-2.0,0,-869.0,1536.0,35.0
LOLTMNT01_434912,CBLOL,2026-08-02 16:59:56,Blue,LOUD,complete,1527,True,809.0,-2607.0,-8.0,-2.0,1,-389.0,-1146.0,24.0
LOLTMNT01_434912,CBLOL,2026-08-02 16:59:56,Red,Fluxo W7M,complete,1527,True,-809.0,2607.0,8.0,2.0,0,389.0,1146.0,-24.0
LOLTMNT04_182141,LEC,2026-08-02 17:19:20,Blue,Movistar KOI,complete,1930,True,7131.0,7281.0,110.0,7.0,1,4525.0,5020.0,54.0
LOLTMNT04_182141,LEC,2026-08-02 17:19:20,Red,Fnatic,complete,1930,True,-7131.0,-7281.0,-110.0,-7.0,0,-4525.0,-5020.0,-54.0
LOLTMNT01_433904,CBLOL,2026-08-02 17:48:18,Blue,LØS,complete,2299,True,4399.0,3102.0,72.0,3.0,1,2728.0,2110.0,23.0
LOLTMNT01_433904,CBLOL,2026-08-02 17:48:18,Red,RED Canids,complete,2299,True,-4399.0,-3102.0,-72.0,-3.0,0,-2728.0,-2110.0,-23.0
LOLTMNT04_182144,LEC,2026-08-02 18:09:23,Blue,Movistar KOI,complete,1865,True,546.0,1358.0,33.0,-3.0,1,120.0,-601.0,15.0
LOLTMNT04_182144,LEC,2026-08-02 18:09:23,Red,Fnatic,complete,1865,True,-546.0,-1358.0,-33.0,3.0,0,-120.0,601.0,-15.0
LOLTMNT01_433927,CBLOL,2026-08-02 18:46:12,Blue,LØS,complete,2346,True,1703.0,4386.0,37.0,3.0,1,2301.0,2368.0,15.0
LOLTMNT01_433927,CBLOL,2026-08-02 18:46:12,Red,RED Canids,complete,2346,True,-1703.0,-4386.0,-37.0,-3.0,0,-2301.0,-2368.0,-15.0
LOLTMNT04_182145,LEC,2026-08-02 19:00:39,Blue,Movistar KOI,complete,1844,True,394.0,-525.0,17.0,2.0,1,-2626.0,-2198.0,11.0
LOLTMNT04_182145,LEC,2026-08-02 19:00:39,Red,Fnatic,complete,1844,True,-394.0,525.0,-17.0,-2.0,0,2626.0,2198.0,-11.0
LOLTMNT01_433972,LCS,2026-08-02 20:08:21,Blue,Shopify Rebellion,complete,2563,True,-246.0,-1121.0,-6.0,0.0,1,-967.0,-1717.0,-21.0
LOLTMNT01_433972,LCS,2026-08-02 20:08:21,Red,LYON,complete,2563,True,246.0,1121.0,6.0,0.0,0,967.0,1717.0,21.0
LOLTMNT01_433992,LCS,2026-08-02 21:12:35,Blue,Shopify Rebellion,complete,1477,True,-6652.0,-6744.0,-106.0,-7.0,1,-3207.0,-3427.0,-50.0
LOLTMNT01_433992,LCS,2026-08-02 21:12:35,Red,LYON,complete,1477,True,6652.0,6744.0,106.0,7.0,0,3207.0,3427.0,50.0
LOLTMNT01_436004,LCS,2026-08-02 21:57:11,Blue,Team Liquid,complete,1415,True,7025.0,5078.0,46.0,6.0,1,6900.0,3798.0,39.0
LOLTMNT01_436004,LCS,2026-08-02 21:57:11,Red,Sentinels,complete,1415,True,-7025.0,-5078.0,-46.0,-6.0,0,-6900.0,-3798.0,-39.0
LOLTMNT01_436012,LCS,2026-08-02 22:39:56,Blue,Team Liquid,complete,1946,True,-2212.0,-794.0,-8.0,-4.0,1,-641.0,179.0,1.0
LOLTMNT01_436012,LCS,2026-08-02 22:39:56,Red,Sentinels,complete,1946,True,2212.0,794.0,8.0,4.0,0,641.0,-179.0,-1.0
LOLTMNT04_181154,LEC,2026-08-03 15:09:03,Blue,Natus Vincere,complete,2382,True,785.0,-775.0,6.0,-1.0,1,1974.0,1549.0,34.0
LOLTMNT04_181154,LEC,2026-08-03 15:09:03,Red,Shifters,complete,2382,True,-785.0,775.0,-6.0,1.0,0,-1974.0,-1549.0,-34.0
LOLTMNT04_181168,LEC,2026-08-03 16:10:05,Blue,Natus Vincere,complete,2073,True,1291.0,-524.0,4.0,-1.0,1,-738.0,-630.0,-12.0
LOLTMNT04_181168,LEC,2026-08-03 16:10:05,Red,Shifters,complete,2073,True,-1291.0,524.0,-4.0,1.0,0,738.0,630.0,12.0
LOLTMNT04_182188,LEC,2026-08-03 17:12:09,Blue,Karmine Corp,complete,2396,True,3496.0,1136.0,-27.0,5.0,1,915.0,-1960.0,-42.0
LOLTMNT04_182188,LEC,2026-08-03 17:12:09,Red,Team Heretics,complete,2396,True,-3496.0,-1136.0,27.0,-5.0,0,-915.0,1960.0,42.0
LOLTMNT04_182197,LEC,2026-08-03 18:12:18,Blue,Karmine Corp,complete,2073,True,4910.0,1595.0,38.0,5.0,1,2893.0,1532.0,26.0
LOLTMNT04_182197,LEC,2026-08-03 18:12:18,Red,Team Heretics,complete,2073,True,-4910.0,-1595.0,-38.0,-5.0,0,-2893.0,-1532.0,-26.0
LOLTMNT01_437088,LCK,2026-08-05 08:04:53,Blue,Nongshim RedForce,complete,2424,True,1480.0,408.0,0.0,0.0,1,2303.0,1249.0,14.0
LOLTMNT01_437088,LCK,2026-08-05 08:04:53,Red,HANJIN BRION,complete,2424,True,-1480.0,-408.0,0.0,0.0,0,-2303.0,-1249.0,-14.0
LOLTMNT01_438084,LCK,2026-08-05 09:07:17,Blue,HANJIN BRION,complete,1826,True,-29.0,2963.0,21.0,2.0,1,276.0,2898.0,37.0
LOLTMNT01_438084,LCK,2026-08-05 09:07:17,Red,Nongshim RedForce,complete,1826,True,29.0,-2963.0,-21.0,-2.0,0,-276.0,-2898.0,-37.0
13392-13392_game_1,LPL,2026-08-05 09:12:56,Blue,JD Gaming,complete,1982,True,-7.0,1452.0,50.0,-1.0,1,244.0,1598.0,12.0
13392-13392_game_1,LPL,2026-08-05 09:12:56,Red,LGD Gaming,complete,1982,True,7.0,-1452.0,-50.0,1.0,0,-244.0,-1598.0,-12.0
LOLTMNT01_438094,LCK,2026-08-05 09:59:25,Blue,Nongshim RedForce,complete,1879,True,19.0,-2793.0,27.0,-6.0,1,-1604.0,-2054.0,7.0
LOLTMNT01_438094,LCK,2026-08-05 09:59:25,Red,HANJIN BRION,complete,1879,True,-19.0,2793.0,-27.0,6.0,0,1604.0,2054.0,-7.0
13392-13392_game_2,LPL,2026-08-05 10:15:14,Blue,JD Gaming,complete,1725,True,-1383.0,-1303.0,0.0,1.0,1,-1269.0,-1766.0,-28.0
13392-13392_game_2,LPL,2026-08-05 10:15:14,Red,LGD Gaming,complete,1725,True,1383.0,1303.0,0.0,-1.0,0,1269.0,1766.0,28.0
13392-13392_game_3,LPL,2026-08-05 11:17:06,Blue,JD Gaming,complete,1880,True,1680.0,1625.0,51.0,0.0,1,634.0,1611.0,47.0
13392-13392_game_3,LPL,2026-08-05 11:17:06,Red,LGD Gaming,complete,1880,True,-1680.0,-1625.0,-51.0,0.0,0,-634.0,-1611.0,-47.0
LOLTMNT01_438137,LCK,2026-08-05 11:19:04,Blue,Gen.G,complete,2266,True,-2057.0,366.0,-33.0,0.0,1,-1973.0,-2032.0,-19.0
LOLTMNT01_438137,LCK,2026-08-05 11:19:04,Red,Hanwha Life Esports,complete,2266,True,2057.0,-366.0,33.0,0.0,0,1973.0,2032.0,19.0
LOLTMNT01_437185,LCK,2026-08-05 12:23:01,Blue,Gen.G,complete,1642,True,-417.0,-1834.0,-29.0,-2.0,1,-522.0,-602.0,-7.0
LOLTMNT01_437185,LCK,2026-08-05 12:23:01,Red,Hanwha Life Esports,complete,1642,True,417.0,1834.0,29.0,2.0,0,522.0,602.0,7.0
13393-13393_game_1,LPL,2026-08-05 12:33:28,Blue,EDward Gaming,partial,1791,False,,,,,1,,,
13393-13393_game_1,LPL,2026-08-05 12:33:28,Red,Top Esports,partial,1791,False,,,,,0,,,
LOLTMNT01_438177,LCK,2026-08-05 13:15:25,Blue,Hanwha Life Esports,complete,2163,True,-3410.0,-3085.0,-20.0,-4.0,1,-2286.0,-1692.0,7.0
LOLTMNT01_438177,LCK,2026-08-05 13:15:25,Red,Gen.G,complete,2163,True,3410.0,3085.0,20.0,4.0,0,2286.0,1692.0,-7.0
13393-13393_game_2,LPL,2026-08-05 13:29:18,Blue,Top Esports,partial,2376,False,,,,,1,,,
13393-13393_game_2,LPL,2026-08-05 13:29:18,Red,EDward Gaming,partial,2376,False,,,,,0,,,
13394-13394_game_1,LPL,2026-08-06 07:13:37,Blue,ThunderTalk Gaming,complete,2095,True,-550.0,-1276.0,31.0,-4.0,1,605.0,515.0,10.0
13394-13394_game_1,LPL,2026-08-06 07:13:37,Red,LGD Gaming,complete,2095,True,550.0,1276.0,-31.0,4.0,0,-605.0,-515.0,-10.0
LOLTMNT01_437554,LCK,2026-08-06 08:07:39,Blue,Kiwoom DRX,complete,1704,True,2352.0,5027.0,15.0,8.0,1,2425.0,4578.0,28.0
LOLTMNT01_437554,LCK,2026-08-06 08:07:39,Red,DN SOOPers,complete,1704,True,-2352.0,-5027.0,-15.0,-8.0,0,-2425.0,-4578.0,-28.0
13394-13394_game_2,LPL,2026-08-06 08:11:45,Blue,LGD Gaming,complete,1849,True,1808.0,-846.0,-78.0,4.0,1,1704.0,-463.0,-10.0
13394-13394_game_2,LPL,2026-08-06 08:11:45,Red,ThunderTalk Gaming,complete,1849,True,-1808.0,846.0,78.0,-4.0,0,-1704.0,463.0,10.0
LOLTMNT01_437576,LCK,2026-08-06 08:57:28,Blue,DN SOOPers,complete,1859,True,-6046.0,-5857.0,-48.0,-7.0,1,-3215.0,-2944.0,4.0
LOLTMNT01_437576,LCK,2026-08-06 08:57:28,Red,Kiwoom DRX,complete,1859,True,6046.0,5857.0,48.0,7.0,0,3215.0,2944.0,-4.0
13394-13394_game_3,LPL,2026-08-06 09:06:55,Blue,ThunderTalk Gaming,complete,1932,True,-275.0,514.0,-40.0,1.0,1,-64.0,646.0,-18.0
13394-13394_game_3,LPL,2026-08-06 09:06:55,Red,LGD Gaming,complete,1932,True,275.0,-514.0,40.0,-1.0,0,64.0,-646.0,18.0
LOLTMNT01_438574,LCP,2026-08-06 09:18:15,Blue,Ground Zero Gaming,complete,3162,True,-68.0,-1269.0,29.0,-2.0,1,-393.0,-1956.0,-23.0
LOLTMNT01_438574,LCP,2026-08-06 09:18:15,Red,Fukuoka SoftBank HAWKS gaming,complete,3162,True,68.0,1269.0,-29.0,2.0,0,393.0,1956.0,23.0
LOLTMNT01_438592,LCK,2026-08-06 10:15:34,Blue,T1,complete,1700,True,5451.0,3296.0,29.0,10.0,1,862.0,643.0,-8.0
LOLTMNT01_438592,LCK,2026-08-06 10:15:34,Red,Dplus Kia,complete,1700,True,-5451.0,-3296.0,-29.0,-10.0,0,-862.0,-643.0,8.0
13395-13395_game_1,LPL,2026-08-06 10:22:31,Blue,Ninjas in Pyjamas,complete,2070,True,2916.0,539.0,-7.0,4.0,1,3089.0,2122.0,11.0
13395-13395_game_1,LPL,2026-08-06 10:22:31,Red,Invictus Gaming,complete,2070,True,-2916.0,-539.0,7.0,-4.0,0,-3089.0,-2122.0,-11.0
LOLTMNT01_438594,LCP,2026-08-06 10:31:20,Blue,Fukuoka SoftBank HAWKS gaming,complete,1848,True,-1490.0,-2787.0,-17.0,-2.0,1,-1189.0,-1147.0,-5.0
LOLTMNT01_438594,LCP,2026-08-06 10:31:20,Red,Ground Zero Gaming,complete,1848,True,1490.0,2787.0,17.0,2.0,0,1189.0,1147.0,5.0
LOLTMNT01_438604,LCK,2026-08-06 11:06:48,Blue,T1,complete,2213,True,1136.0,-729.0,-23.0,2.0,1,646.0,-197.0,0.0
LOLTMNT01_438604,LCK,2026-08-06 11:06:48,Red,Dplus Kia,complete,2213,True,-1136.0,729.0,23.0,-2.0,0,-646.0,197.0,0.0
13395-13395_game_2,LPL,2026-08-06 11:21:38,Blue,Invictus Gaming,complete,1868,True,4957.0,3460.0,72.0,3.0,1,2067.0,1493.0,19.0
13395-13395_game_2,LPL,2026-08-06 11:21:38,Red,Ninjas in Pyjamas,complete,1868,True,-4957.0,-3460.0,-72.0,-3.0,0,-2067.0,-1493.0,-19.0
LOLTMNT01_437626,LCP,2026-08-06 11:21:55,Blue,Ground Zero Gaming,complete,1697,True,5829.0,4071.0,50.0,6.0,1,2740.0,1384.0,-6.0
LOLTMNT01_437626,LCP,2026-08-06 11:21:55,Red,Fukuoka SoftBank HAWKS gaming,complete,1697,True,-5829.0,-4071.0,-50.0,-6.0,0,-2740.0,-1384.0,6.0
13395-13395_game_3,LPL,2026-08-06 12:20:03,Blue,Ninjas in Pyjamas,complete,2812,True,-2473.0,-2667.0,-23.0,-3.0,1,-1529.0,-1673.0,-17.0
13395-13395_game_3,LPL,2026-08-06 12:20:03,Red,Invictus Gaming,complete,2812,True,2473.0,2667.0,23.0,3.0,0,1529.0,1673.0,17.0
13396-13396_game_1,LPL,2026-08-06 13:49:40,Blue,Anyone's Legend,partial,2207,False,,,,,1,,,
13396-13396_game_1,LPL,2026-08-06 13:49:40,Red,Team WE,partial,2207,False,,,,,0,,,
13396-13396_game_2,LPL,2026-08-06 14:50:21,Blue,Team WE,partial,1857,False,,,,,1,,,
13396-13396_game_2,LPL,2026-08-06 14:50:21,Red,Anyone's Legend,partial,1857,False,,,,,0,,,
13397-13397_game_1,LPL,2026-08-07 07:20:16,Blue,EDward Gaming,complete,1845,True,-1713.0,-1930.0,-67.0,1.0,1,-363.0,-725.0,-45.0
13397-13397_game_1,LPL,2026-08-07 07:20:16,Red,JD Gaming,complete,1845,True,1713.0,1930.0,67.0,-1.0,0,363.0,725.0,45.0
LOLTMNT01_437976,LCK,2026-08-07 08:07:40,Blue,Gen.G,complete,1763,True,4145.0,1263.0,33.0,3.0,1,1062.0,944.0,-4.0
LOLTMNT01_437976,LCK,2026-08-07 08:07:40,Red,KT Rolster,complete,1763,True,-4145.0,-1263.0,-33.0,-3.0,0,-1062.0,-944.0,4.0
13397-13397_game_2,LPL,2026-08-07 08:33:14,Blue,JD Gaming,complete,1772,True,4520.0,364.0,58.0,1.0,1,1687.0,-1846.0,-4.0
13397-13397_game_2,LPL,2026-08-07 08:33:14,Red,EDward Gaming,complete,1772,True,-4520.0,-364.0,-58.0,-1.0,0,-1687.0,1846.0,4.0
LOLTMNT01_439046,LCK,2026-08-07 08:59:42,Blue,Gen.G,complete,1509,True,7931.0,4598.0,102.0,4.0,1,4949.0,1134.0,17.0
LOLTMNT01_439046,LCK,2026-08-07 08:59:42,Red,KT Rolster,complete,1509,True,-7931.0,-4598.0,-102.0,-4.0,0,-4949.0,-1134.0,-17.0
LOLTMNT01_439053,LCP,2026-08-07 09:16:22,Blue,DetonatioN FocusMe,complete,2141,True,204.0,447.0,-13.0,0.0,1,1526.0,1164.0,13.0
LOLTMNT01_439053,LCP,2026-08-07 09:16:22,Red,GAM Esports,complete,2141,True,-204.0,-447.0,13.0,0.0,0,-1526.0,-1164.0,-13.0
13398-13398_game_1,LPL,2026-08-07 09:43:42,Blue,ThunderTalk Gaming,complete,1626,True,8971.0,7729.0,42.0,14.0,1,6367.0,6039.0,29.0
13398-13398_game_1,LPL,2026-08-07 09:43:42,Red,Team WE,complete,1626,True,-8971.0,-7729.0,-42.0,-14.0,0,-6367.0,-6039.0,-29.0
LOLTMNT01_440028,LCK,2026-08-07 10:11:30,Blue,HANJIN BRION,complete,2312,True,2441.0,-155.0,-11.0,1.0,1,1633.0,-1062.0,12.0
LOLTMNT01_440028,LCK,2026-08-07 10:11:30,Red,BNK FEARX,complete,2312,True,-2441.0,155.0,11.0,-1.0,0,-1633.0,1062.0,-12.0
LOLTMNT01_440032,LCP,2026-08-07 10:20:33,Blue,GAM Esports,complete,1894,True,5389.0,4044.0,82.0,4.0,1,1704.0,2686.0,16.0
LOLTMNT01_440032,LCP,2026-08-07 10:20:33,Red,DetonatioN FocusMe,complete,1894,True,-5389.0,-4044.0,-82.0,-4.0,0,-1704.0,-2686.0,-16.0
13398-13398_game_2,LPL,2026-08-07 10:33:33,Blue,ThunderTalk Gaming,complete,1859,True,-3157.0,-2403.0,-15.0,-2.0,1,-2733.0,-2378.0,-14.0
13398-13398_game_2,LPL,2026-08-07 10:33:33,Red,Team WE,complete,1859,True,3157.0,2403.0,15.0,2.0,0,2733.0,2378.0,14.0
LOLTMNT01_440044,LCP,2026-08-07 11:11:55,Blue,GAM Esports,complete,1910,True,942.0,-231.0,1.0,2.0,1,579.0,1249.0,-19.0
LOLTMNT01_440044,LCP,2026-08-07 11:11:55,Red,DetonatioN FocusMe,complete,1910,True,-942.0,231.0,-1.0,-2.0,0,-579.0,-1249.0,19.0
LOLTMNT01_440045,LCK,2026-08-07 11:12:12,Blue,HANJIN BRION,complete,2195,True,2927.0,1677.0,3.0,4.0,1,2881.0,1987.0,-15.0
LOLTMNT01_440045,LCK,2026-08-07 11:12:12,Red,BNK FEARX,complete,2195,True,-2927.0,-1677.0,-3.0,-4.0,0,-2881.0,-1987.0,15.0
13399-13399_game_1,LPL,2026-08-07 12:49:11,Blue,Top Esports,complete,2445,True,-6441.0,-5257.0,-50.0,-7.0,1,-3772.0,-3787.0,-54.0
13399-13399_game_1,LPL,2026-08-07 12:49:11,Red,Bilibili Gaming,complete,2445,True,6441.0,5257.0,50.0,7.0,0,3772.0,3787.0,54.0
13399-13399_game_2,LPL,2026-08-07 13:52:59,Blue,Top Esports,complete,1475,True,5193.0,4017.0,-11.0,9.0,1,5085.0,5742.0,11.0
13399-13399_game_2,LPL,2026-08-07 13:52:59,Red,Bilibili Gaming,complete,1475,True,-5193.0,-4017.0,11.0,-9.0,0,-5085.0,-5742.0,-11.0
LOLTMNT04_182459,LEC,2026-08-07 15:10:01,Blue,Shifters,complete,2179,True,569.0,2108.0,8.0,-1.0,1,233.0,2201.0,-7.0
LOLTMNT04_182459,LEC,2026-08-07 15:10:01,Red,GiantX,complete,2179,True,-569.0,-2108.0,-8.0,1.0,0,-233.0,-2201.0,7.0
LOLTMNT04_181519,LEC,2026-08-07 16:06:09,Blue,Shifters,complete,2130,True,-1280.0,1923.0,-37.0,1.0,1,4000.0,4676.0,25.0
LOLTMNT04_181519,LEC,2026-08-07 16:06:09,Red,GiantX,complete,2130,True,1280.0,-1923.0,37.0,-1.0,0,-4000.0,-4676.0,-25.0
LOLTMNT04_182469,LEC,2026-08-07 17:03:41,Blue,GiantX,complete,1587,True,6335.0,4273.0,32.0,8.0,1,2724.0,1402.0,0.0
LOLTMNT04_182469,LEC,2026-08-07 17:03:41,Red,Shifters,complete,1587,True,-6335.0,-4273.0,-32.0,-8.0,0,-2724.0,-1402.0,0.0
LOLTMNT04_181542,LEC,2026-08-07 17:56:40,Blue,Team Heretics,complete,1896,True,2296.0,1075.0,-2.0,2.0,1,1143.0,-1225.0,-21.0
LOLTMNT04_181542,LEC,2026-08-07 17:56:40,Red,Fnatic,complete,1896,True,-2296.0,-1075.0,2.0,-2.0,0,-1143.0,1225.0,21.0
LOLTMNT04_181552,LEC,2026-08-07 18:48:22,Blue,Team Heretics,complete,1837,True,-958.0,1550.0,20.0,-2.0,1,439.0,2365.0,40.0
LOLTMNT04_181552,LEC,2026-08-07 18:48:22,Red,Fnatic,complete,1837,True,958.0,-1550.0,-20.0,2.0,0,-439.0,-2365.0,-40.0
LOLTMNT04_181561,LEC,2026-08-07 19:40:28,Blue,Team Heretics,complete,2045,True,-1018.0,209.0,-4.0,0.0,1,-334.0,-503.0,14.0
LOLTMNT04_181561,LEC,2026-08-07 19:40:28,Red,Fnatic,complete,2045,True,1018.0,-209.0,4.0,0.0,0,334.0,503.0,-14.0
LOLTMNT01_439248,CBLOL,2026-08-07 21:10:00,Blue,Vivo Keyd Stars,complete,1805,True,-1927.0,-412.0,2.0,-2.0,1,-1359.0,745.0,11.0
LOLTMNT01_439248,CBLOL,2026-08-07 21:10:00,Red,Fluxo W7M,complete,1805,True,1927.0,412.0,-2.0,2.0,0,1359.0,-745.0,-11.0
LOLTMNT01_440228,CBLOL,2026-08-07 22:01:34,Blue,Vivo Keyd Stars,complete,1874,True,-320.0,-969.0,-37.0,0.0,1,-442.0,-1429.0,-29.0
LOLTMNT01_440228,CBLOL,2026-08-07 22:01:34,Red,Fluxo W7M,complete,1874,True,320.0,969.0,37.0,0.0,0,442.0,1429.0,29.0
LOLTMNT01_439265,CBLOL,2026-08-07 22:50:44,Blue,Vivo Keyd Stars,complete,1878,True,2526.0,3031.0,59.0,1.0,1,947.0,962.0,8.0
LOLTMNT01_439265,CBLOL,2026-08-07 22:50:44,Red,Fluxo W7M,complete,1878,True,-2526.0,-3031.0,-59.0,-1.0,0,-947.0,-962.0,-8.0
LOLTMNT01_439279,CBLOL,2026-08-07 23:48:44,Blue,LOUD,complete,2260,True,-4009.0,-1078.0,49.0,-9.0,1,-1431.0,-500.0,20.0
LOLTMNT01_439279,CBLOL,2026-08-07 23:48:44,Red,FURIA,complete,2260,True,4009.0,1078.0,-49.0,9.0,0,1431.0,500.0,-20.0
LOLTMNT01_440253,CBLOL,2026-08-08 00:46:12,Blue,FURIA,complete,1719,True,6523.0,6461.0,-4.0,9.0,1,5680.0,6106.0,37.0
LOLTMNT01_440253,CBLOL,2026-08-08 00:46:12,Red,LOUD,complete,1719,True,-6523.0,-6461.0,4.0,-9.0,0,-5680.0,-6106.0,-37.0
13400-13400_game_1,LPL,2026-08-08 07:20:09,Blue,LNG Esports,complete,1860,True,-4339.0,-3113.0,-111.0,-2.0,1,-3168.0,-2094.0,-47.0
13400-13400_game_1,LPL,2026-08-08 07:20:09,Red,Weibo Gaming,complete,1860,True,4339.0,3113.0,111.0,2.0,0,3168.0,2094.0,47.0
LOLTMNT01_440328,LCK,2026-08-08 08:08:11,Blue,T1,complete,1765,True,5442.0,2621.0,-6.0,7.0,1,1670.0,-618.0,-17.0
LOLTMNT01_440328,LCK,2026-08-08 08:08:11,Red,Hanwha Life Esports,complete,1765,True,-5442.0,-2621.0,6.0,-7.0,0,-1670.0,618.0,17.0
13400-13400_game_2,LPL,2026-08-08 08:15:03,Blue,Weibo Gaming,complete,1943,True,-350.0,1000.0,-3.0,-1.0,1,-113.0,1482.0,22.0
13400-13400_game_2,LPL,2026-08-08 08:15:03,Red,LNG Esports,complete,1943,True,350.0,-1000.0,3.0,1.0,0,113.0,-1482.0,-22.0
LOLTMNT01_439357,LCK,2026-08-08 08:59:05,Blue,T1,complete,2035,True,-2678.0,-2350.0,-40.0,-2.0,1,-989.0,-1199.0,-5.0
LOLTMNT01_439357,LCK,2026-08-08 08:59:05,Red,Hanwha Life Esports,complete,2035,True,2678.0,2350.0,40.0,2.0,0,989.0,1199.0,5.0
LOLTMNT01_439361,LCP,2026-08-08 09:18:40,Blue,Deep Cross Gaming,complete,2190,True,2256.0,3508.0,1.0,5.0,1,283.0,1424.0,-5.0
LOLTMNT01_439361,LCP,2026-08-08 09:18:40,Red,MVK Esports,complete,2190,True,-2256.0,-3508.0,-1.0,-5.0,0,-283.0,-1424.0,5.0
13401-13401_game_1,LPL,2026-08-08 09:37:30,Blue,Anyone's Legend,complete,2372,True,-2961.0,-2762.0,-10.0,-3.0,1,45.0,-717.0,3.0
13401-13401_game_1,LPL,2026-08-08 09:37:30,Red,LGD Gaming,complete,2372,True,2961.0,2762.0,10.0,3.0,0,-45.0,717.0,-3.0
LOLTMNT01_440356,LCK,2026-08-08 09:56:45,Blue,Hanwha Life Esports,complete,2093,True,3380.0,2132.0,40.0,3.0,1,2522.0,2471.0,23.0
LOLTMNT01_440356,LCK,2026-08-08 09:56:45,Red,T1,complete,2093,True,-3380.0,-2132.0,-40.0,-3.0,0,-2522.0,-2471.0,-23.0
LOLTMNT01_440357,LCP,2026-08-08 10:15:17,Blue,Deep Cross Gaming,complete,2053,True,580.0,-447.0,34.0,0.0,1,902.0,386.0,-6.0
LOLTMNT01_440357,LCP,2026-08-08 10:15:17,Red,MVK Esports,complete,2053,True,-580.0,447.0,-34.0,0.0,0,-902.0,-386.0,6.0
13401-13401_game_2,LPL,2026-08-08 10:40:13,Blue,Anyone's Legend,complete,1980,True,2006.0,227.0,48.0,2.0,1,25.0,-1862.0,8.0
13401-13401_game_2,LPL,2026-08-08 10:40:13,Red,LGD Gaming,complete,1980,True,-2006.0,-227.0,-48.0,-2.0,0,-25.0,1862.0,-8.0
LOLTMNT01_440388,LCP,2026-08-08 11:10:50,Blue,Deep Cross Gaming,complete,2116,True,-1024.0,-519.0,-12.0,-2.0,1,-211.0,1244.0,-16.0
LOLTMNT01_440388,LCP,2026-08-08 11:10:50,Red,MVK Esports,complete,2116,True,1024.0,519.0,12.0,2.0,0,211.0,-1244.0,16.0
LOLTMNT01_440394,LCK,2026-08-08 11:16:34,Blue,DN SOOPers,complete,2155,True,-1928.0,-236.0,18.0,-5.0,1,-246.0,858.0,2.0
LOLTMNT01_440394,LCK,2026-08-08 11:16:34,Red,Nongshim RedForce,complete,2155,True,1928.0,236.0,-18.0,5.0,0,246.0,-858.0,-2.0
13402-13402_game_1,LPL,2026-08-08 11:57:15,Blue,EDward Gaming,complete,1953,True,-7511.0,-5267.0,-61.0,-5.0,1,-3922.0,-1898.0,-18.0
13402-13402_game_1,LPL,2026-08-08 11:57:15,Red,Bilibili Gaming,complete,1953,True,7511.0,5267.0,61.0,5.0,0,3922.0,1898.0,18.0
LOLTMNT01_440409,LCP,2026-08-08 12:05:55,Blue,Deep Cross Gaming,complete,1867,True,-3406.0,-524.0,-38.0,-3.0,1,-1012.0,555.0,-7.0
LOLTMNT01_440409,LCP,2026-08-08 12:05:55,Red,MVK Esports,complete,1867,True,3406.0,524.0,38.0,3.0,0,1012.0,-555.0,7.0
LOLTMNT01_439418,LCK,2026-08-08 12:13:56,Blue,DN SOOPers,complete,1835,True,2222.0,-2383.0,-38.0,3.0,1,2347.0,-844.0,-47.0
LOLTMNT01_439418,LCK,2026-08-08 12:13:56,Red,Nongshim RedForce,complete,1835,True,-2222.0,2383.0,38.0,-3.0,0,-2347.0,844.0,47.0
13402-13402_game_2,LPL,2026-08-08 12:53:59,Blue,Bilibili Gaming,complete,2016,True,4143.0,2084.0,46.0,5.0,1,937.0,68.0,20.0
13402-13402_game_2,LPL,2026-08-08 12:53:59,Red,EDward Gaming,complete,2016,True,-4143.0,-2084.0,-46.0,-5.0,0,-937.0,-68.0,-20.0
LOLTMNT01_439433,LCP,2026-08-08 12:57:21,Blue,Deep Cross Gaming,complete,1896,True,-873.0,-962.0,-45.0,1.0,1,633.0,538.0,11.0
LOLTMNT01_439433,LCP,2026-08-08 12:57:21,Red,MVK Esports,complete,1896,True,873.0,962.0,45.0,-1.0,0,-633.0,-538.0,-11.0
LOLTMNT04_182506,LEC,2026-08-08 15:12:26,Blue,Natus Vincere,complete,1810,True,4950.0,4230.0,58.0,6.0,1,2441.0,2248.0,25.0
LOLTMNT04_182506,LEC,2026-08-08 15:12:26,Red,SK Gaming,complete,1810,True,-4950.0,-4230.0,-58.0,-6.0,0,-2441.0,-2248.0,-25.0
LOLTMNT04_181603,LEC,2026-08-08 16:03:15,Blue,Natus Vincere,complete,1779,True,-3153.0,-2858.0,-31.0,-2.0,1,-1025.0,-550.0,9.0
LOLTMNT04_181603,LEC,2026-08-08 16:03:15,Red,SK Gaming,complete,1779,True,3153.0,2858.0,31.0,2.0,0,1025.0,550.0,-9.0
LOLTMNT01_440490,CBLOL,2026-08-08 16:12:41,Blue,RED Canids,complete,1984,True,5014.0,2981.0,50.0,5.0,1,3040.0,1110.0,14.0
LOLTMNT01_440490,CBLOL,2026-08-08 16:12:41,Red,paiN Gaming,complete,1984,True,-5014.0,-2981.0,-50.0,-5.0,0,-3040.0,-1110.0,-14.0
LOLTMNT04_182511,LEC,2026-08-08 16:55:41,Blue,Natus Vincere,complete,2536,True,1028.0,-153.0,-25.0,1.0,1,221.0,-796.0,-28.0
LOLTMNT04_182511,LEC,2026-08-08 16:55:41,Red,SK Gaming,complete,2536,True,-1028.0,153.0,25.0,-1.0,0,-221.0,796.0,28.0
LOLTMNT01_439505,CBLOL,2026-08-08 17:05:29,Blue,RED Canids,complete,1478,True,4508.0,1592.0,19.0,7.0,1,760.0,-260.0,2.0
LOLTMNT01_439505,CBLOL,2026-08-08 17:05:29,Red,paiN Gaming,complete,1478,True,-4508.0,-1592.0,-19.0,-7.0,0,-760.0,260.0,-2.0
LOLTMNT01_439526,CBLOL,2026-08-08 17:56:44,Blue,Leviatan,complete,2083,True,-2062.0,-2972.0,-72.0,1.0,1,-959.0,-361.0,2.0
LOLTMNT01_439526,CBLOL,2026-08-08 17:56:44,Red,LØS,complete,2083,True,2062.0,2972.0,72.0,-1.0,0,959.0,361.0,-2.0
LOLTMNT04_182525,LEC,2026-08-08 18:02:38,Blue,GiantX,complete,1851,True,6084.0,4231.0,-18.0,11.0,1,831.0,252.0,-16.0
LOLTMNT04_182525,LEC,2026-08-08 18:02:38,Red,Movistar KOI,complete,1851,True,-6084.0,-4231.0,18.0,-11.0,0,-831.0,-252.0,16.0
LOLTMNT01_440527,CBLOL,2026-08-08 18:48:42,Blue,LØS,complete,1366,True,11324.0,7754.0,122.0,11.0,1,4705.0,3073.0,40.0
LOLTMNT01_440527,CBLOL,2026-08-08 18:48:42,Red,Leviatan,complete,1366,True,-11324.0,-7754.0,-122.0,-11.0,0,-4705.0,-3073.0,-40.0
LOLTMNT04_182527,LEC,2026-08-08 18:54:42,Blue,GiantX,complete,2022,True,-2621.0,-3678.0,-60.0,-2.0,1,-1889.0,-2014.0,-29.0
LOLTMNT04_182527,LEC,2026-08-08 18:54:42,Red,Movistar KOI,complete,2022,True,2621.0,3678.0,60.0,2.0,0,1889.0,2014.0,29.0
LOLTMNT01_440548,LCS,2026-08-08 20:07:00,Blue,Disguised,complete,1406,True,-6343.0,-6969.0,-50.0,-9.0,1,-5324.0,-6504.0,-37.0
LOLTMNT01_440548,LCS,2026-08-08 20:07:00,Red,Cloud9,complete,1406,True,6343.0,6969.0,50.0,9.0,0,5324.0,6504.0,37.0
LOLTMNT01_439587,LCS,2026-08-08 20:47:47,Blue,Cloud9,complete,2807,True,-2027.0,-1597.0,-47.0,-2.0,1,-374.0,-1171.0,-38.0
LOLTMNT01_439587,LCS,2026-08-08 20:47:47,Red,Disguised,complete,2807,True,2027.0,1597.0,47.0,2.0,0,374.0,1171.0,38.0
LOLTMNT01_440564,LCS,2026-08-08 21:50:46,Blue,Disguised,complete,1552,True,-4759.0,-4340.0,-44.0,-3.0,1,-1893.0,-1801.0,-13.0
LOLTMNT01_440564,LCS,2026-08-08 21:50:46,Red,Cloud9,complete,1552,True,4759.0,4340.0,44.0,3.0,0,1893.0,1801.0,13.0
LOLTMNT01_440580,LCS,2026-08-08 22:36:20,Blue,Shopify Rebellion,complete,1870,True,-3270.0,-3555.0,-62.0,-5.0,1,-1175.0,-1475.0,-8.0
LOLTMNT01_440580,LCS,2026-08-08 22:36:20,Red,Sentinels,complete,1870,True,3270.0,3555.0,62.0,5.0,0,1175.0,1475.0,8.0
LOLTMNT01_440586,LCS,2026-08-08 23:25:31,Blue,Shopify Rebellion,complete,2261,True,4048.0,2270.0,-31.0,3.0,1,4099.0,2062.0,-4.0
LOLTMNT01_440586,LCS,2026-08-08 23:25:31,Red,Sentinels,complete,2261,True,-4048.0,-2270.0,31.0,-3.0,0,-4099.0,-2062.0,4.0
LOLTMNT01_440592,LCS,2026-08-09 00:22:00,Blue,Shopify Rebellion,complete,2345,True,-2294.0,-1130.0,-23.0,0.0,1,-2342.0,-1848.0,-22.0
LOLTMNT01_440592,LCS,2026-08-09 00:22:00,Red,Sentinels,complete,2345,True,2294.0,1130.0,23.0,0.0,0,2342.0,1848.0,22.0
13403-13403_game_1,LPL,2026-08-09 07:15:30,Blue,LNG Esports,partial,2102,False,,,,,1,,,
13403-13403_game_1,LPL,2026-08-09 07:15:30,Red,Invictus Gaming,partial,2102,False,,,,,0,,,
LOLTMNT01_439669,LCK,2026-08-09 08:07:07,Blue,KT Rolster,complete,1705,True,2351.0,1469.0,44.0,3.0,1,154.0,-495.0,-24.0
LOLTMNT01_439669,LCK,2026-08-09 08:07:07,Red,Dplus Kia,complete,1705,True,-2351.0,-1469.0,-44.0,-3.0,0,-154.0,495.0,24.0
13403-13403_game_2,LPL,2026-08-09 08:16:44,Blue,Invictus Gaming,partial,1878,False,,,,,1,,,
13403-13403_game_2,LPL,2026-08-09 08:16:44,Red,LNG Esports,partial,1878,False,,,,,0,,,
LOLTMNT01_440665,LCK,2026-08-09 08:57:17,Blue,KT Rolster,complete,1940,True,-625.0,-3134.0,-84.0,1.0,1,-2132.0,-3981.0,-43.0
LOLTMNT01_440665,LCK,2026-08-09 08:57:17,Red,Dplus Kia,complete,1940,True,625.0,3134.0,84.0,-1.0,0,2132.0,3981.0,43.0
LOLTMNT01_439697,LCP,2026-08-09 09:23:45,Blue,Ground Zero Gaming,complete,2297,True,-989.0,270.0,-37.0,1.0,1,1081.0,1311.0,-3.0
LOLTMNT01_439697,LCP,2026-08-09 09:23:45,Red,CTBC Flying Oyster,complete,2297,True,989.0,-270.0,37.0,-1.0,0,-1081.0,-1311.0,3.0
13404-13404_game_1,LPL,2026-08-09 09:29:08,Blue,Top Esports,partial,1959,False,,,,,1,,,
13404-13404_game_1,LPL,2026-08-09 09:29:08,Red,ThunderTalk Gaming,partial,1959,False,,,,,0,,,
LOLTMNT01_440684,LCK,2026-08-09 09:51:31,Blue,KT Rolster,complete,1769,True,-5482.0,-3479.0,-91.0,-3.0,1,-3510.0,-1933.0,-34.0
LOLTMNT01_440684,LCK,2026-08-09 09:51:31,Red,Dplus Kia,complete,1769,True,5482.0,3479.0,91.0,3.0,0,3510.0,1933.0,34.0
LOLTMNT01_439704,LCP,2026-08-09 10:23:43,Blue,Ground Zero Gaming,complete,2028,True,-3811.0,-1971.0,-10.0,-3.0,1,-1246.0,-246.0,-9.0
LOLTMNT01_439704,LCP,2026-08-09 10:23:43,Red,CTBC Flying Oyster,complete,2028,True,3811.0,1971.0,10.0,3.0,0,1246.0,246.0,9.0
13404-13404_game_2,LPL,2026-08-09 10:25:12,Blue,Top Esports,partial,1567,False,,,,,1,,,
13404-13404_game_2,LPL,2026-08-09 10:25:12,Red,ThunderTalk Gaming,partial,1567,False,,,,,0,,,
LOLTMNT01_439728,LCK,2026-08-09 11:01:09,Blue,BNK FEARX,complete,1748,True,3417.0,4834.0,42.0,2.0,1,2381.0,3926.0,17.0
LOLTMNT01_439728,LCK,2026-08-09 11:01:09,Red,Kiwoom DRX,complete,1748,True,-3417.0,-4834.0,-42.0,-2.0,0,-2381.0,-3926.0,-17.0
LOLTMNT01_439734,LCP,2026-08-09 11:19:25,Blue,CTBC Flying Oyster,complete,1833,True,1893.0,2692.0,29.0,1.0,1,993.0,1215.0,13.0
LOLTMNT01_439734,LCP,2026-08-09 11:19:25,Red,Ground Zero Gaming,complete,1833,True,-1893.0,-2692.0,-29.0,-1.0,0,-993.0,-1215.0,-13.0
13405-13405_game_1,LPL,2026-08-09 11:33:03,Blue,Team WE,partial,1995,False,,,,,1,,,
13405-13405_game_1,LPL,2026-08-09 11:33:03,Red,JD Gaming,partial,1995,False,,,,,0,,,
LOLTMNT01_440741,LCK,2026-08-09 11:52:16,Blue,BNK FEARX,complete,2442,True,3476.0,529.0,17.0,5.0,1,560.0,-1145.0,1.0
LOLTMNT01_440741,LCK,2026-08-09 11:52:16,Red,Kiwoom DRX,complete,2442,True,-3476.0,-529.0,-17.0,-5.0,0,-560.0,1145.0,-1.0
LOLTMNT01_440746,LCP,2026-08-09 12:10:52,Blue,CTBC Flying Oyster,complete,1399,True,8303.0,5374.0,54.0,13.0,1,2774.0,1653.0,20.0
LOLTMNT01_440746,LCP,2026-08-09 12:10:52,Red,Ground Zero Gaming,complete,1399,True,-8303.0,-5374.0,-54.0,-13.0,0,-2774.0,-1653.0,-20.0
13405-13405_game_2,LPL,2026-08-09 12:28:14,Blue,JD Gaming,partial,1513,False,,,,,1,,,
13405-13405_game_2,LPL,2026-08-09 12:28:14,Red,Team WE,partial,1513,False,,,,,0,,,
LOLTMNT04_181649,LEC,2026-08-09 15:08:47,Blue,G2 Esports,complete,2093,True,3689.0,3062.0,61.0,3.0,1,2113.0,2118.0,18.0
LOLTMNT04_181649,LEC,2026-08-09 15:08:47,Red,Team Heretics,complete,2093,True,-3689.0,-3062.0,-61.0,-3.0,0,-2113.0,-2118.0,-18.0
LOLTMNT04_181656,LEC,2026-08-09 16:05:20,Blue,G2 Esports,complete,1577,True,8087.0,5894.0,84.0,8.0,1,2362.0,1077.0,23.0
LOLTMNT04_181656,LEC,2026-08-09 16:05:20,Red,Team Heretics,complete,1577,True,-8087.0,-5894.0,-84.0,-8.0,0,-2362.0,-1077.0,-23.0
LOLTMNT01_440847,CBLOL,2026-08-09 16:08:11,Blue,LOUD,complete,2052,True,1265.0,1945.0,-10.0,2.0,1,1242.0,682.0,2.0
LOLTMNT01_440847,CBLOL,2026-08-09 16:08:11,Red,Vivo Keyd Stars,complete,2052,True,-1265.0,-1945.0,10.0,-2.0,0,-1242.0,-682.0,-2.0
LOLTMNT04_181671,LEC,2026-08-09 16:56:02,Blue,Karmine Corp,complete,1993,True,4153.0,2807.0,92.0,-1.0,1,2879.0,1818.0,42.0
LOLTMNT04_181671,LEC,2026-08-09 16:56:02,Red,Fnatic,complete,1993,True,-4153.0,-2807.0,-92.0,1.0,0,-2879.0,-1818.0,-42.0
LOLTMNT01_439880,CBLOL,2026-08-09 17:01:28,Blue,LOUD,complete,1991,True,3947.0,2909.0,30.0,4.0,1,1173.0,1581.0,16.0
LOLTMNT01_439880,CBLOL,2026-08-09 17:01:28,Red,Vivo Keyd Stars,complete,1991,True,-3947.0,-2909.0,-30.0,-4.0,0,-1173.0,-1581.0,-16.0
LOLTMNT04_181675,LEC,2026-08-09 17:49:59,Blue,Karmine Corp,complete,1909,True,3071.0,1751.0,7.0,5.0,1,2193.0,2608.0,29.0
LOLTMNT04_181675,LEC,2026-08-09 17:49:59,Red,Fnatic,complete,1909,True,-3071.0,-1751.0,-7.0,-5.0,0,-2193.0,-2608.0,-29.0
LOLTMNT01_440897,CBLOL,2026-08-09 17:55:17,Blue,Fluxo W7M,complete,1651,True,-3809.0,-1113.0,-45.0,-1.0,1,-2696.0,-109.0,-26.0
LOLTMNT01_440897,CBLOL,2026-08-09 17:55:17,Red,FURIA,complete,1651,True,3809.0,1113.0,45.0,1.0,0,2696.0,109.0,26.0
LOLTMNT01_440914,CBLOL,2026-08-09 18:40:55,Blue,FURIA,complete,1976,True,34.0,-1604.0,-17.0,1.0,1,691.0,-206.0,-12.0
LOLTMNT01_440914,CBLOL,2026-08-09 18:40:55,Red,Fluxo W7M,complete,1976,True,-34.0,1604.0,17.0,-1.0,0,-691.0,206.0,12.0
LOLTMNT01_440962,LCS,2026-08-09 20:08:29,Blue,Dignitas,complete,1701,True,4651.0,2300.0,16.0,5.0,1,3001.0,2614.0,14.0
LOLTMNT01_440962,LCS,2026-08-09 20:08:29,Red,LYON,complete,1701,True,-4651.0,-2300.0,-16.0,-5.0,0,-3001.0,-2614.0,-14.0
LOLTMNT01_440970,LCS,2026-08-09 20:57:17,Blue,LYON,complete,1336,True,13223.0,7685.0,99.0,13.0,1,6418.0,4007.0,7.0
LOLTMNT01_440970,LCS,2026-08-09 20:57:17,Red,Dignitas,complete,1336,True,-13223.0,-7685.0,-99.0,-13.0,0,-6418.0,-4007.0,-7.0
LOLTMNT01_439989,LCS,2026-08-09 21:39:44,Blue,Team Liquid,complete,1604,True,5315.0,3318.0,51.0,6.0,1,3131.0,3047.0,29.0
LOLTMNT01_439989,LCS,2026-08-09 21:39:44,Red,FlyQuest,complete,1604,True,-5315.0,-3318.0,-51.0,-6.0,0,-3131.0,-3047.0,-29.0
LOLTMNT01_440986,LCS,2026-08-09 22:25:28,Blue,Team Liquid,complete,1495,True,7662.0,4533.0,55.0,7.0,1,3533.0,-91.0,-8.0
LOLTMNT01_440986,LCS,2026-08-09 22:25:28,Red,FlyQuest,complete,1495,True,-7662.0,-4533.0,-55.0,-7.0,0,-3533.0,91.0,8.0
LOLTMNT04_181702,LEC,2026-08-10 15:07:37,Blue,SK Gaming,complete,1968,True,2205.0,341.0,-14.0,3.0,1,1313.0,424.0,-9.0
LOLTMNT04_181702,LEC,2026-08-10 15:07:37,Red,Team Vitality,complete,1968,True,-2205.0,-341.0,14.0,-3.0,0,-1313.0,-424.0,9.0
LOLTMNT04_181709,LEC,2026-08-10 16:03:22,Blue,Team Vitality,complete,1441,True,5383.0,6245.0,48.0,8.0,1,1580.0,2268.0,12.0
LOLTMNT04_181709,LEC,2026-08-10 16:03:22,Red,SK Gaming,complete,1441,True,-5383.0,-6245.0,-48.0,-8.0,0,-1580.0,-2268.0,-12.0
LOLTMNT04_182630,LEC,2026-08-10 16:52:49,Blue,G2 Esports,complete,2248,True,1500.0,1029.0,10.0,-1.0,1,2432.0,416.0,-13.0
LOLTMNT04_182630,LEC,2026-08-10 16:52:49,Red,Natus Vincere,complete,2248,True,-1500.0,-1029.0,-10.0,1.0,0,-2432.0,-416.0,13.0
LOLTMNT04_181727,LEC,2026-08-10 17:55:05,Blue,G2 Esports,complete,1780,True,7512.0,7126.0,122.0,6.0,1,4242.0,3566.0,36.0
LOLTMNT04_181727,LEC,2026-08-10 17:55:05,Red,Natus Vincere,complete,1780,True,-7512.0,-7126.0,-122.0,-6.0,0,-4242.0,-3566.0,-36.0
LOLTMNT01_441371,CBLOL,2026-08-10 21:10:38,Blue,Leviatan,complete,2108,True,-674.0,-975.0,4.0,-1.0,1,-1050.0,302.0,16.0
LOLTMNT01_441371,CBLOL,2026-08-10 21:10:38,Red,RED Canids,complete,2108,True,674.0,975.0,-4.0,1.0,0,1050.0,-302.0,-16.0
LOLTMNT01_442335,CBLOL,2026-08-10 22:03:59,Blue,Leviatan,complete,2071,True,1052.0,-325.0,-3.0,3.0,1,-1760.0,-1437.0,-16.0
LOLTMNT01_442335,CBLOL,2026-08-10 22:03:59,Red,RED Canids,complete,2071,True,-1052.0,325.0,3.0,-3.0,0,1760.0,1437.0,16.0
LOLTMNT01_441403,CBLOL,2026-08-10 23:18:33,Blue,LØS,complete,1931,True,4031.0,1571.0,40.0,4.0,1,1909.0,376.0,4.0
LOLTMNT01_441403,CBLOL,2026-08-10 23:18:33,Red,paiN Gaming,complete,1931,True,-4031.0,-1571.0,-40.0,-4.0,0,-1909.0,-376.0,-4.0
LOLTMNT01_441410,CBLOL,2026-08-11 00:12:30,Blue,LØS,complete,1714,True,10137.0,7910.0,107.0,12.0,1,5358.0,4977.0,18.0
LOLTMNT01_441410,CBLOL,2026-08-11 00:12:30,Red,paiN Gaming,complete,1714,True,-10137.0,-7910.0,-107.0,-12.0,0,-5358.0,-4977.0,-18.0
LOLTMNT01_442886,LCK,2026-08-12 08:07:18,Blue,Nongshim RedForce,complete,1541,True,4398.0,6239.0,103.0,7.0,1,673.0,1017.0,39.0
LOLTMNT01_442886,LCK,2026-08-12 08:07:18,Red,DN SOOPers,complete,1541,True,-4398.0,-6239.0,-103.0,-7.0,0,-673.0,-1017.0,-39.0
LOLTMNT01_441931,LCK,2026-08-12 08:54:07,Blue,DN SOOPers,complete,1827,True,4985.0,3504.0,32.0,9.0,1,1584.0,2131.0,2.0
LOLTMNT01_441931,LCK,2026-08-12 08:54:07,Red,Nongshim RedForce,complete,1827,True,-4985.0,-3504.0,-32.0,-9.0,0,-1584.0,-2131.0,-2.0
13406-13406_game_1,LPL,2026-08-12 09:18:29,Blue,Anyone's Legend,partial,2544,False,,,,,1,,,
13406-13406_game_1,LPL,2026-08-12 09:18:29,Red,EDward Gaming,partial,2544,False,,,,,0,,,
LOLTMNT01_441936,LCK,2026-08-12 09:46:34,Blue,DN SOOPers,complete,1726,True,1969.0,2339.0,17.0,4.0,1,885.0,1204.0,4.0
LOLTMNT01_441936,LCK,2026-08-12 09:46:34,Red,Nongshim RedForce,complete,1726,True,-1969.0,-2339.0,-17.0,-4.0,0,-885.0,-1204.0,-4.0
13406-13406_game_2,LPL,2026-08-12 10:30:55,Blue,EDward Gaming,partial,1593,False,,,,,1,,,
13406-13406_game_2,LPL,2026-08-12 10:30:55,Red,Anyone's Legend,partial,1593,False,,,,,0,,,
LOLTMNT01_441955,LCK,2026-08-12 11:02:08,Blue,Dplus Kia,complete,1534,True,5259.0,4372.0,36.0,5.0,1,1939.0,434.0,6.0
LOLTMNT01_441955,LCK,2026-08-12 11:02:08,Red,KT Rolster,complete,1534,True,-5259.0,-4372.0,-36.0,-5.0,0,-1939.0,-434.0,-6.0
13406-13406_game_3,LPL,2026-08-12 11:21:58,Blue,Anyone's Legend,partial,2850,False,,,,,1,,,
13406-13406_game_3,LPL,2026-08-12 11:21:58,Red,EDward Gaming,partial,2850,False,,,,,0,,,
LOLTMNT01_441971,LCK,2026-08-12 11:48:44,Blue,Dplus Kia,complete,2033,True,345.0,1681.0,27.0,-3.0,1,3020.0,3579.0,30.0
LOLTMNT01_441971,LCK,2026-08-12 11:48:44,Red,KT Rolster,complete,2033,True,-345.0,-1681.0,-27.0,3.0,0,-3020.0,-3579.0,-30.0
13407-13407_game_1,LPL,2026-08-12 12:48:07,Blue,JD Gaming,partial,1852,False,,,,,1,,,
13407-13407_game_1,LPL,2026-08-12 12:48:07,Red,Bilibili Gaming,partial,1852,False,,,,,0,,,
13407-13407_game_2,LPL,2026-08-12 13:41:48,Blue,Bilibili Gaming,partial,1586,False,,,,,1,,,
13407-13407_game_2,LPL,2026-08-12 13:41:48,Red,JD Gaming,partial,1586,False,,,,,0,,,
13407-13407_game_3,LPL,2026-08-12 14:34:32,Blue,JD Gaming,partial,2109,False,,,,,1,,,
13407-13407_game_3,LPL,2026-08-12 14:34:32,Red,Bilibili Gaming,partial,2109,False,,,,,0,,,
13408-13408_game_1,LPL,2026-08-13 07:13:35,Blue,Ninjas in Pyjamas,partial,2148,False,,,,,1,,,
13408-13408_game_1,LPL,2026-08-13 07:13:35,Red,Weibo Gaming,partial,2148,False,,,,,0,,,
LOLTMNT01_443225,LCK,2026-08-13 08:06:50,Blue,Kiwoom DRX,complete,1958,True,4872.0,3667.0,-11.0,9.0,1,2481.0,2633.0,-18.0
LOLTMNT01_443225,LCK,2026-08-13 08:06:50,Red,BNK FEARX,complete,1958,True,-4872.0,-3667.0,11.0,-9.0,0,-2481.0,-2633.0,18.0
13408-13408_game_2,LPL,2026-08-13 08:13:48,Blue,Ninjas in Pyjamas,partial,1839,False,,,,,1,,,
13408-13408_game_2,LPL,2026-08-13 08:13:48,Red,Weibo Gaming,partial,1839,False,,,,,0,,,
LOLTMNT01_444209,LCK,2026-08-13 09:01:27,Blue,BNK FEARX,complete,1566,True,10741.0,7914.0,71.0,13.0,1,4510.0,1907.0,42.0
LOLTMNT01_444209,LCK,2026-08-13 09:01:27,Red,Kiwoom DRX,complete,1566,True,-10741.0,-7914.0,-71.0,-13.0,0,-4510.0,-1907.0,-42.0
13408-13408_game_3,LPL,2026-08-13 09:09:59,Blue,Weibo Gaming,partial,1967,False,,,,,1,,,
13408-13408_game_3,LPL,2026-08-13 09:09:59,Red,Ninjas in Pyjamas,partial,1967,False,,,,,0,,,
LOLTMNT01_443254,LCP,2026-08-13 09:19:30,Blue,Deep Cross Gaming,complete,2492,True,-182.0,-1131.0,-56.0,1.0,1,232.0,-607.0,-5.0
LOLTMNT01_443254,LCP,2026-08-13 09:19:30,Red,GAM Esports,complete,2492,True,182.0,1131.0,56.0,-1.0,0,-232.0,607.0,5.0
LOLTMNT01_443259,LCK,2026-08-13 09:49:47,Blue,Kiwoom DRX,complete,1646,True,-2076.0,-2931.0,-113.0,1.0,1,-1539.0,-2475.0,-58.0
LOLTMNT01_443259,LCK,2026-08-13 09:49:47,Red,BNK FEARX,complete,1646,True,2076.0,2931.0,113.0,-1.0,0,1539.0,2475.0,58.0
LOLTMNT01_444226,LCP,2026-08-13 10:25:55,Blue,Deep Cross Gaming,complete,1488,True,-2146.0,-1492.0,-30.0,-3.0,1,-1060.0,-749.0,-8.0
LOLTMNT01_444226,LCP,2026-08-13 10:25:55,Red,GAM Esports,complete,1488,True,2146.0,1492.0,30.0,3.0,0,1060.0,749.0,8.0
13409-13409_game_1,LPL,2026-08-13 10:30:13,Blue,LGD Gaming,partial,1991,False,,,,,1,,,
13409-13409_game_1,LPL,2026-08-13 10:30:13,Red,Top Esports,partial,1991,False,,,,,0,,,
LOLTMNT01_444239,LCK,2026-08-13 11:04:48,Blue,Hanwha Life Esports,complete,2331,True,-1880.0,-1029.0,-12.0,1.0,1,-2842.0,-1689.0,-60.0
LOLTMNT01_444239,LCK,2026-08-13 11:04:48,Red,Gen.G,complete,2331,True,1880.0,1029.0,12.0,-1.0,0,2842.0,1689.0,60.0
LOLTMNT01_444240,LCP,2026-08-13 11:10:13,Blue,GAM Esports,complete,3126,True,2626.0,1016.0,23.0,3.0,1,-477.0,426.0,13.0
LOLTMNT01_444240,LCP,2026-08-13 11:10:13,Red,Deep Cross Gaming,complete,3126,True,-2626.0,-1016.0,-23.0,-3.0,0,477.0,-426.0,-13.0
13409-13409_game_2,LPL,2026-08-13 11:27:46,Blue,LGD Gaming,partial,1686,False,,,,,1,,,
13409-13409_game_2,LPL,2026-08-13 11:27:46,Red,Top Esports,partial,1686,False,,,,,0,,,
LOLTMNT01_443303,LCK,2026-08-13 12:05:56,Blue,Gen.G,complete,1913,True,6353.0,4658.0,76.0,5.0,1,1910.0,54.0,14.0
LOLTMNT01_443303,LCK,2026-08-13 12:05:56,Red,Hanwha Life Esports,complete,1913,True,-6353.0,-4658.0,-76.0,-5.0,0,-1910.0,-54.0,-14.0
LOLTMNT01_443312,LCP,2026-08-13 12:22:32,Blue,GAM Esports,complete,1661,True,5830.0,1914.0,6.0,7.0,1,684.0,-935.0,-18.0
LOLTMNT01_443312,LCP,2026-08-13 12:22:32,Red,Deep Cross Gaming,complete,1661,True,-5830.0,-1914.0,-6.0,-7.0,0,-684.0,935.0,18.0
13410-13410_game_1,LPL,2026-08-13 13:04:05,Blue,Bilibili Gaming,partial,1770,False,,,,,1,,,
13410-13410_game_1,LPL,2026-08-13 13:04:05,Red,ThunderTalk Gaming,partial,1770,False,,,,,0,,,
13410-13410_game_2,LPL,2026-08-13 13:58:05,Blue,Bilibili Gaming,partial,1507,False,,,,,1,,,
13410-13410_game_2,LPL,2026-08-13 13:58:05,Red,ThunderTalk Gaming,partial,1507,False,,,,,0,,,
13411-13411_game_1,LPL,2026-08-14 07:13:20,Blue,LGD Gaming,complete,1855,True,2830.0,1166.0,-21.0,5.0,1,579.0,243.0,-1.0
13411-13411_game_1,LPL,2026-08-14 07:13:20,Red,EDward Gaming,complete,1855,True,-2830.0,-1166.0,21.0,-5.0,0,-579.0,-243.0,1.0
13411-13411_game_2,LPL,2026-08-14 08:06:00,Blue,LGD Gaming,partial,1490,False,8427.0,7046.0,40.0,12.0,1,4922.0,4103.0,22.0
13411-13411_game_2,LPL,2026-08-14 08:06:00,Red,EDward Gaming,partial,1490,False,-8427.0,-7046.0,-40.0,-12.0,0,-4922.0,-4103.0,-22.0
LOLTMNT01_443574,LCK,2026-08-14 08:08:00,Blue,Dplus Kia,complete,1867,True,-5103.0,-3721.0,10.0,-8.0,1,-2862.0,-2394.0,-14.0
LOLTMNT01_443574,LCK,2026-08-14 08:08:00,Red,T1,complete,1867,True,5103.0,3721.0,-10.0,8.0,0,2862.0,2394.0,14.0
LOLTMNT01_444547,LCK,2026-08-14 09:03:22,Blue,T1,complete,2636,True,-1211.0,-2774.0,-17.0,-1.0,1,-640.0,-1682.0,-5.0
LOLTMNT01_444547,LCK,2026-08-14 09:03:22,Red,Dplus Kia,complete,2636,True,1211.0,2774.0,17.0,1.0,0,640.0,1682.0,5.0
13412-13412_game_1,LPL,2026-08-14 09:09:44,Blue,Top Esports,complete,2354,True,-253.0,-591.0,-26.0,-1.0,1,628.0,130.0,-12.0
13412-13412_game_1,LPL,2026-08-14 09:09:44,Red,Team WE,complete,2354,True,253.0,591.0,26.0,1.0,0,-628.0,-130.0,12.0
LOLTMNT01_443605,LCP,2026-08-14 09:22:58,Blue,CTBC Flying Oyster,complete,2046,True,-180.0,-178.0,-2.0,0.0,1,-934.0,75.0,-10.0
LOLTMNT01_443605,LCP,2026-08-14 09:22:58,Red,MVK Esports,complete,2046,True,180.0,178.0,2.0,0.0,0,934.0,-75.0,10.0
13412-13412_game_2,LPL,2026-08-14 10:12:00,Blue,Team WE,partial,1496,False,6870.0,4838.0,22.0,9.0,1,4376.0,1851.0,-19.0
13412-13412_game_2,LPL,2026-08-14 10:12:00,Red,Top Esports,partial,1496,False,-6870.0,-4838.0,-22.0,-9.0,0,-4376.0,-1851.0,19.0
LOLTMNT01_444568,LCK,2026-08-14 10:12:47,Blue,Dplus Kia,complete,1764,True,646.0,306.0,-24.0,4.0,1,2033.0,-60.0,-18.0
LOLTMNT01_444568,LCK,2026-08-14 10:12:47,Red,T1,complete,1764,True,-646.0,-306.0,24.0,-4.0,0,-2033.0,60.0,18.0
LOLTMNT01_443612,LCP,2026-08-14 10:17:25,Blue,CTBC Flying Oyster,complete,1825,True,6926.0,5495.0,39.0,10.0,1,2110.0,2209.0,17.0
LOLTMNT01_443612,LCP,2026-08-14 10:17:25,Red,MVK Esports,complete,1825,True,-6926.0,-5495.0,-39.0,-10.0,0,-2110.0,-2209.0,-17.0
LOLTMNT01_444594,LCP,2026-08-14 11:07:55,Blue,CTBC Flying Oyster,complete,1893,True,-214.0,-1153.0,33.0,2.0,1,1007.0,-724.0,13.0
LOLTMNT01_444594,LCP,2026-08-14 11:07:55,Red,MVK Esports,complete,1893,True,214.0,1153.0,-33.0,-2.0,0,-1007.0,724.0,-13.0
13413-13413_game_1,LPL,2026-08-14 11:16:17,Blue,JD Gaming,complete,2231,True,3007.0,3040.0,12.0,1.0,1,2102.0,3139.0,16.0
13413-13413_game_1,LPL,2026-08-14 11:16:17,Red,Anyone's Legend,complete,2231,True,-3007.0,-3040.0,-12.0,-1.0,0,-2102.0,-3139.0,-16.0
LOLTMNT01_444599,LCK,2026-08-14 11:28:48,Blue,HANJIN BRION,complete,1656,True,-1538.0,715.0,-42.0,2.0,1,-173.0,134.0,-9.0
LOLTMNT01_444599,LCK,2026-08-14 11:28:48,Red,Nongshim RedForce,complete,1656,True,1538.0,-715.0,42.0,-2.0,0,173.0,-134.0,9.0
LOLTMNT01_444603,LCP,2026-08-14 12:00:08,Blue,CTBC Flying Oyster,complete,1815,True,2993.0,3031.0,30.0,4.0,1,802.0,2938.0,27.0
LOLTMNT01_444603,LCP,2026-08-14 12:00:08,Red,MVK Esports,complete,1815,True,-2993.0,-3031.0,-30.0,-4.0,0,-802.0,-2938.0,-27.0
LOLTMNT01_443649,LCK,2026-08-14 12:17:36,Blue,Nongshim RedForce,complete,1520,True,2527.0,1458.0,2.0,1.0,1,1993.0,33.0,1.0
LOLTMNT01_443649,LCK,2026-08-14 12:17:36,Red,HANJIN BRION,complete,1520,True,-2527.0,-1458.0,-2.0,-1.0,0,-1993.0,-33.0,-1.0
13413-13413_game_2,LPL,2026-08-14 12:34:45,Blue,Anyone's Legend,complete,1870,True,3114.0,2368.0,24.0,4.0,1,579.0,508.0,-2.0
13413-13413_game_2,LPL,2026-08-14 12:34:45,Red,JD Gaming,complete,1870,True,-3114.0,-2368.0,-24.0,-4.0,0,-579.0,-508.0,2.0
LOLTMNT01_444612,LCP,2026-08-14 12:50:18,Blue,CTBC Flying Oyster,complete,1991,True,4371.0,3277.0,-15.0,5.0,1,3405.0,3341.0,10.0
LOLTMNT01_444612,LCP,2026-08-14 12:50:18,Red,MVK Esports,complete,1991,True,-4371.0,-3277.0,15.0,-5.0,0,-3405.0,-3341.0,-10.0
13413-13413_game_3,LPL,2026-08-14 13:29:00,Blue,JD Gaming,partial,1721,False,1973.0,1555.0,49.0,2.0,1,-928.0,-1259.0,14.0
13413-13413_game_3,LPL,2026-08-14 13:29:00,Red,Anyone's Legend,partial,1721,False,-1973.0,-1555.0,-49.0,-2.0,0,928.0,1259.0,-14.0
LOLTMNT05_218045,LEC,2026-08-14 15:07:55,Blue,SK Gaming,complete,1600,True,2836.0,2002.0,34.0,3.0,1,2415.0,1626.0,-5.0
LOLTMNT05_218045,LEC,2026-08-14 15:07:55,Red,Shifters,complete,1600,True,-2836.0,-2002.0,-34.0,-3.0,0,-2415.0,-1626.0,5.0
LOLTMNT05_217037,LEC,2026-08-14 15:54:54,Blue,SK Gaming,complete,2474,True,-1405.0,-824.0,-62.0,0.0,1,-1253.0,-801.0,-7.0
LOLTMNT05_217037,LEC,2026-08-14 15:54:54,Red,Shifters,complete,2474,True,1405.0,824.0,62.0,0.0,0,1253.0,801.0,7.0
LOLTMNT05_218052,LEC,2026-08-14 17:02:02,Blue,GiantX,complete,1572,True,-8846.0,-6753.0,-154.0,-5.0,1,-2326.0,-2515.0,-46.0
LOLTMNT05_218052,LEC,2026-08-14 17:02:02,Red,Team Vitality,complete,1572,True,8846.0,6753.0,154.0,5.0,0,2326.0,2515.0,46.0
LOLTMNT05_218053,LEC,2026-08-14 17:48:14,Blue,GiantX,complete,2128,True,-4648.0,-1822.0,-110.0,-3.0,1,1517.0,2518.0,-6.0
LOLTMNT05_218053,LEC,2026-08-14 17:48:14,Red,Team Vitality,complete,2128,True,4648.0,1822.0,110.0,3.0,0,-1517.0,-2518.0,6.0
LOLTMNT05_218055,LEC,2026-08-14 18:42:36,Blue,Team Vitality,complete,1638,True,-1937.0,-842.0,-32.0,-1.0,1,140.0,1217.0,-14.0
LOLTMNT05_218055,LEC,2026-08-14 18:42:36,Red,GiantX,complete,1638,True,1937.0,842.0,32.0,1.0,0,-140.0,-1217.0,14.0
13414-13414_game_1,LPL,2026-08-15 07:13:13,Blue,LNG Esports,complete,1842,True,-5533.0,-6857.0,-22.0,-6.0,1,-4998.0,-5371.0,-26.0
13414-13414_game_1,LPL,2026-08-15 07:13:13,Red,Ninjas in Pyjamas,complete,1842,True,5533.0,6857.0,22.0,6.0,0,4998.0,5371.0,26.0
13414-13414_game_2,LPL,2026-08-15 08:07:48,Blue,Ninjas in Pyjamas,complete,1829,True,1541.0,1254.0,17.0,3.0,1,2108.0,1178.0,11.0
13414-13414_game_2,LPL,2026-08-15 08:07:48,Red,LNG Esports,complete,1829,True,-1541.0,-1254.0,-17.0,-3.0,0,-2108.0,-1178.0,-11.0
LOLTMNT01_443758,LCK,2026-08-15 08:08:03,Blue,KT Rolster,complete,2267,True,2533.0,1705.0,-41.0,9.0,1,745.0,337.0,-41.0
LOLTMNT01_443758,LCK,2026-08-15 08:08:03,Red,Hanwha Life Esports,complete,2267,True,-2533.0,-1705.0,41.0,-9.0,0,-745.0,-337.0,41.0
13414-13414_game_3,LPL,2026-08-15 09:01:00,Blue,LNG Esports,partial,1453,False,-6424.0,-3626.0,-11.0,-7.0,1,-4607.0,-3427.0,-14.0
13414-13414_game_3,LPL,2026-08-15 09:01:00,Red,Ninjas in Pyjamas,partial,1453,False,6424.0,3626.0,11.0,7.0,0,4607.0,3427.0,14.0
LOLTMNT01_444718,LCK,2026-08-15 09:08:38,Blue,Hanwha Life Esports,complete,1472,True,9008.0,6089.0,96.0,8.0,1,3777.0,2333.0,50.0
LOLTMNT01_444718,LCK,2026-08-15 09:08:38,Red,KT Rolster,complete,1472,True,-9008.0,-6089.0,-96.0,-8.0,0,-3777.0,-2333.0,-50.0
LOLTMNT01_443784,LCP,2026-08-15 09:22:54,Blue,DetonatioN FocusMe,complete,2363,True,1069.0,-827.0,-9.0,2.0,1,2089.0,960.0,3.0
LOLTMNT01_443784,LCP,2026-08-15 09:22:54,Red,Ground Zero Gaming,complete,2363,True,-1069.0,827.0,9.0,-2.0,0,-2089.0,-960.0,-3.0
LOLTMNT01_443787,LCK,2026-08-15 09:54:58,Blue,Hanwha Life Esports,complete,1569,True,7558.0,4007.0,89.0,7.0,1,1972.0,998.0,12.0
LOLTMNT01_443787,LCK,2026-08-15 09:54:58,Red,KT Rolster,complete,1569,True,-7558.0,-4007.0,-89.0,-7.0,0,-1972.0,-998.0,-12.0
13415-13415_game_1,LPL,2026-08-15 10:04:27,Blue,Anyone's Legend,complete,1989,True,629.0,732.0,26.0,-3.0,1,2597.0,2068.0,16.0
13415-13415_game_1,LPL,2026-08-15 10:04:27,Red,ThunderTalk Gaming,complete,1989,True,-629.0,-732.0,-26.0,3.0,0,-2597.0,-2068.0,-16.0
LOLTMNT01_443788,LCP,2026-08-15 10:24:46,Blue,Ground Zero Gaming,complete,1653,True,3411.0,2592.0,57.0,3.0,1,3162.0,1068.0,-4.0
LOLTMNT01_443788,LCP,2026-08-15 10:24:46,Red,DetonatioN FocusMe,complete,1653,True,-3411.0,-2592.0,-57.0,-3.0,0,-3162.0,-1068.0,4.0
13415-13415_game_2,LPL,2026-08-15 11:02:09,Blue,ThunderTalk Gaming,complete,2057,True,-4649.0,-3742.0,-46.0,-2.0,1,-1685.0,-3117.0,-39.0
13415-13415_game_2,LPL,2026-08-15 11:02:09,Red,Anyone's Legend,complete,2057,True,4649.0,3742.0,46.0,2.0,0,1685.0,3117.0,39.0
LOLTMNT01_444760,LCK,2026-08-15 11:08:43,Blue,BNK FEARX,complete,1786,True,3829.0,3354.0,43.0,3.0,1,2037.0,843.0,10.0
LOLTMNT01_444760,LCK,2026-08-15 11:08:43,Red,DN SOOPers,complete,1786,True,-3829.0,-3354.0,-43.0,-3.0,0,-2037.0,-843.0,-10.0
LOLTMNT01_443809,LCP,2026-08-15 11:12:07,Blue,Ground Zero Gaming,complete,1770,True,-1168.0,-433.0,7.0,-1.0,1,-2475.0,-801.0,-10.0
LOLTMNT01_443809,LCP,2026-08-15 11:12:07,Red,DetonatioN FocusMe,complete,1770,True,1168.0,433.0,-7.0,1.0,0,2475.0,801.0,10.0
LOLTMNT01_444770,LCK,2026-08-15 11:59:11,Blue,BNK FEARX,complete,1812,True,-4296.0,-4330.0,-34.0,-6.0,1,-2784.0,-3426.0,-40.0
LOLTMNT01_444770,LCK,2026-08-15 11:59:11,Red,DN SOOPers,complete,1812,True,4296.0,4330.0,34.0,6.0,0,2784.0,3426.0,40.0
13415-13415_game_3,LPL,2026-08-15 12:00:00,Blue,Anyone's Legend,partial,1694,False,9752.0,7648.0,111.0,9.0,1,2310.0,1298.0,23.0
13415-13415_game_3,LPL,2026-08-15 12:00:00,Red,ThunderTalk Gaming,partial,1694,False,-9752.0,-7648.0,-111.0,-9.0,0,-2310.0,-1298.0,-23.0
13416-13416_game_1,LPL,2026-08-15 13:09:39,Blue,Team WE,complete,2249,True,-5269.0,-4796.0,-40.0,-5.0,1,-1454.0,-1994.0,-14.0
13416-13416_game_1,LPL,2026-08-15 13:09:39,Red,Bilibili Gaming,complete,2249,True,5269.0,4796.0,40.0,5.0,0,1454.0,1994.0,14.0
13416-13416_game_2,LPL,2026-08-15 14:10:00,Blue,Bilibili Gaming,partial,1792,False,4807.0,3914.0,33.0,10.0,1,-211.0,-283.0,-11.0
13416-13416_game_2,LPL,2026-08-15 14:10:00,Red,Team WE,partial,1792,False,-4807.0,-3914.0,-33.0,-10.0,0,211.0,283.0,11.0
LOLTMNT05_218159,LEC,2026-08-15 15:07:14,Blue,Fnatic,complete,1970,True,1886.0,1258.0,30.0,3.0,1,226.0,-505.0,-7.0
LOLTMNT05_218159,LEC,2026-08-15 15:07:14,Red,SK Gaming,complete,1970,True,-1886.0,-1258.0,-30.0,-3.0,0,-226.0,505.0,7.0
LOLTMNT05_218180,LEC,2026-08-15 15:58:57,Blue,Fnatic,complete,2300,True,3325.0,395.0,33.0,3.0,1,1768.0,1767.0,33.0
LOLTMNT05_218180,LEC,2026-08-15 15:58:57,Red,SK Gaming,complete,2300,True,-3325.0,-395.0,-33.0,-3.0,0,-1768.0,-1767.0,-33.0
LOLTMNT02_450511,CBLOL,2026-08-15 16:11:31,Blue,RED Canids,complete,2304,True,246.0,-157.0,-16.0,1.0,1,745.0,-322.0,-9.0
LOLTMNT02_450511,CBLOL,2026-08-15 16:11:31,Red,FURIA,complete,2304,True,-246.0,157.0,16.0,-1.0,0,-745.0,322.0,9.0
LOLTMNT05_217160,LEC,2026-08-15 17:02:23,Blue,G2 Esports,complete,2922,True,-129.0,-245.0,31.0,0.0,1,1037.0,824.0,29.0
LOLTMNT05_217160,LEC,2026-08-15 17:02:23,Red,Shifters,complete,2922,True,129.0,245.0,-31.0,0.0,0,-1037.0,-824.0,-29.0
LOLTMNT02_449441,CBLOL,2026-08-15 17:09:20,Blue,FURIA,complete,1921,True,-4647.0,-3506.0,1.0,-6.0,1,-2418.0,-746.0,-11.0
LOLTMNT02_449441,CBLOL,2026-08-15 17:09:20,Red,RED Canids,complete,1921,True,4647.0,3506.0,-1.0,6.0,0,2418.0,746.0,11.0
LOLTMNT02_450539,CBLOL,2026-08-15 17:58:21,Blue,RED Canids,complete,1751,True,-833.0,1301.0,-19.0,0.0,1,501.0,1367.0,28.0
LOLTMNT02_450539,CBLOL,2026-08-15 17:58:21,Red,FURIA,complete,1751,True,833.0,-1301.0,19.0,0.0,0,-501.0,-1367.0,-28.0
LOLTMNT05_217166,LEC,2026-08-15 18:11:33,Blue,G2 Esports,complete,2185,True,3157.0,3910.0,57.0,1.0,1,3526.0,2750.0,18.0
LOLTMNT05_217166,LEC,2026-08-15 18:11:33,Red,Shifters,complete,2185,True,-3157.0,-3910.0,-57.0,-1.0,0,-3526.0,-2750.0,-18.0
LOLTMNT02_449463,CBLOL,2026-08-15 18:54:06,Blue,LØS,complete,1924,True,1567.0,104.0,68.0,-1.0,1,-1285.0,-629.0,34.0
LOLTMNT02_449463,CBLOL,2026-08-15 18:54:06,Red,Vivo Keyd Stars,complete,1924,True,-1567.0,-104.0,-68.0,1.0,0,1285.0,629.0,-34.0
LOLTMNT02_450573,CBLOL,2026-08-15 19:48:02,Blue,LØS,complete,1718,True,3490.0,3337.0,80.0,-1.0,1,4109.0,4798.0,45.0
LOLTMNT02_450573,CBLOL,2026-08-15 19:48:02,Red,Vivo Keyd Stars,complete,1718,True,-3490.0,-3337.0,-80.0,1.0,0,-4109.0,-4798.0,-45.0
LOLTMNT02_449488,LCS,2026-08-15 20:08:26,Blue,Team Liquid,complete,1796,True,3617.0,6359.0,58.0,9.0,1,-335.0,2514.0,25.0
LOLTMNT02_449488,LCS,2026-08-15 20:08:26,Red,Disguised,complete,1796,True,-3617.0,-6359.0,-58.0,-9.0,0,335.0,-2514.0,-25.0
LOLTMNT02_450599,LCS,2026-08-15 20:56:39,Blue,Team Liquid,complete,1798,True,8600.0,3625.0,45.0,10.0,1,1250.0,-1052.0,-12.0
LOLTMNT02_450599,LCS,2026-08-15 20:56:39,Red,Disguised,complete,1798,True,-8600.0,-3625.0,-45.0,-10.0,0,-1250.0,1052.0,12.0
LOLTMNT02_450615,LCS,2026-08-15 21:49:02,Blue,Shopify Rebellion,complete,1920,True,-111.0,-2506.0,-54.0,0.0,1,-196.0,-1865.0,-34.0
LOLTMNT02_450615,LCS,2026-08-15 21:49:02,Red,Dignitas,complete,1920,True,111.0,2506.0,54.0,0.0,0,196.0,1865.0,34.0
LOLTMNT02_450624,LCS,2026-08-15 22:38:36,Blue,Shopify Rebellion,complete,1943,True,903.0,820.0,-27.0,4.0,1,-771.0,-522.0,-7.0
LOLTMNT02_450624,LCS,2026-08-15 22:38:36,Red,Dignitas,complete,1943,True,-903.0,-820.0,27.0,-4.0,0,771.0,522.0,7.0
LOLTMNT02_449536,LCS,2026-08-15 23:28:17,Blue,Dignitas,complete,1547,True,-2576.0,-1723.0,-18.0,-3.0,1,-2812.0,-1566.0,11.0
LOLTMNT02_449536,LCS,2026-08-15 23:28:17,Red,Shopify Rebellion,complete,1547,True,2576.0,1723.0,18.0,3.0,0,2812.0,1566.0,-11.0
13417-13417_game_1,LPL,2026-08-16 07:13:19,Blue,JD Gaming,complete,2121,True,1655.0,-1490.0,25.0,-2.0,1,-30.0,-1334.0,-17.0
13417-13417_game_1,LPL,2026-08-16 07:13:19,Red,LGD Gaming,complete,2121,True,-1655.0,1490.0,-25.0,2.0,0,30.0,1334.0,17.0
LOLTMNT01_444860,LCK,2026-08-16 08:07:26,Blue,Gen.G,complete,2603,True,2741.0,2956.0,6.0,5.0,1,151.0,83.0,9.0
LOLTMNT01_444860,LCK,2026-08-16 08:07:26,Red,T1,complete,2603,True,-2741.0,-2956.0,-6.0,-5.0,0,-151.0,-83.0,-9.0
13417-13417_game_2,LPL,2026-08-16 08:15:49,Blue,JD Gaming,complete,1454,True,-6020.0,-7014.0,14.0,-11.0,1,-6813.0,-6517.0,-12.0
13417-13417_game_2,LPL,2026-08-16 08:15:49,Red,LGD Gaming,complete,1454,True,6020.0,7014.0,-14.0,11.0,0,6813.0,6517.0,12.0
13417-13417_game_3,LPL,2026-08-16 09:03:54,Blue,LGD Gaming,complete,1799,True,-2679.0,-1435.0,-25.0,-3.0,1,2032.0,1649.0,28.0
13417-13417_game_3,LPL,2026-08-16 09:03:54,Red,JD Gaming,complete,1799,True,2679.0,1435.0,25.0,3.0,0,-2032.0,-1649.0,-28.0
LOLTMNT01_443917,LCK,2026-08-16 09:15:34,Blue,Gen.G,complete,2385,True,-1819.0,2002.0,33.0,-1.0,1,92.0,1368.0,8.0
LOLTMNT01_443917,LCK,2026-08-16 09:15:34,Red,T1,complete,2385,True,1819.0,-2002.0,-33.0,1.0,0,-92.0,-1368.0,-8.0
LOLTMNT01_444879,LCP,2026-08-16 09:17:23,Blue,Team Secret Whales,complete,1812,True,1304.0,3017.0,36.0,-2.0,1,2020.0,4262.0,21.0
LOLTMNT01_444879,LCP,2026-08-16 09:17:23,Red,CTBC Flying Oyster,complete,1812,True,-1304.0,-3017.0,-36.0,2.0,0,-2020.0,-4262.0,-21.0
LOLTMNT01_443919,LCP,2026-08-16 10:07:47,Blue,Team Secret Whales,complete,1600,True,-4512.0,-3602.0,-25.0,-6.0,1,-2255.0,-1900.0,-19.0
LOLTMNT01_443919,LCP,2026-08-16 10:07:47,Red,CTBC Flying Oyster,complete,1600,True,4512.0,3602.0,25.0,6.0,0,2255.0,1900.0,19.0
13418-13418_game_1,LPL,2026-08-16 10:11:59,Blue,Invictus Gaming,complete,2148,True,-210.0,1063.0,-5.0,-3.0,1,731.0,425.0,13.0
13418-13418_game_1,LPL,2026-08-16 10:11:59,Red,Weibo Gaming,complete,2148,True,210.0,-1063.0,5.0,3.0,0,-731.0,-425.0,-13.0
LOLTMNT01_443931,LCK,2026-08-16 10:44:01,Blue,HANJIN BRION,complete,2311,True,132.0,-92.0,-17.0,0.0,1,-1098.0,516.0,-17.0
LOLTMNT01_443931,LCK,2026-08-16 10:44:01,Red,Kiwoom DRX,complete,2311,True,-132.0,92.0,17.0,0.0,0,1098.0,-516.0,17.0
LOLTMNT01_443932,LCP,2026-08-16 10:54:09,Blue,CTBC Flying Oyster,complete,1977,True,-5484.0,-2665.0,-73.0,-4.0,1,-233.0,692.0,5.0
LOLTMNT01_443932,LCP,2026-08-16 10:54:09,Red,Team Secret Whales,complete,1977,True,5484.0,2665.0,73.0,4.0,0,233.0,-692.0,-5.0
13418-13418_game_2,LPL,2026-08-16 11:16:12,Blue,Invictus Gaming,complete,1974,True,2452.0,159.0,32.0,-1.0,1,1009.0,547.0,2.0
13418-13418_game_2,LPL,2026-08-16 11:16:12,Red,Weibo Gaming,complete,1974,True,-2452.0,-159.0,-32.0,1.0,0,-1009.0,-547.0,-2.0
LOLTMNT01_443935,LCK,2026-08-16 11:45:25,Blue,Kiwoom DRX,complete,1767,True,-409.0,-1811.0,1.0,-1.0,1,-1214.0,-1855.0,-39.0
LOLTMNT01_443935,LCK,2026-08-16 11:45:25,Red,HANJIN BRION,complete,1767,True,409.0,1811.0,-1.0,1.0,0,1214.0,1855.0,39.0
LOLTMNT01_443936,LCP,2026-08-16 11:47:41,Blue,Team Secret Whales,complete,1916,True,-3460.0,-4081.0,-55.0,-5.0,1,1049.0,634.0,6.0
LOLTMNT01_443936,LCP,2026-08-16 11:47:41,Red,CTBC Flying Oyster,complete,1916,True,3460.0,4081.0,55.0,5.0,0,-1049.0,-634.0,-6.0
13418-13418_game_3,LPL,2026-08-16 12:13:27,Blue,Weibo Gaming,complete,2355,True,-1574.0,-2405.0,6.0,0.0,1,-2534.0,-1847.0,-22.0
13418-13418_game_3,LPL,2026-08-16 12:13:27,Red,Invictus Gaming,complete,2355,True,1574.0,2405.0,-6.0,0.0,0,2534.0,1847.0,22.0
LOLTMNT01_443939,LCK,2026-08-16 12:38:36,Blue,Kiwoom DRX,complete,2169,True,-5683.0,-2160.0,-17.0,-8.0,1,-988.0,929.0,14.0
LOLTMNT01_443939,LCK,2026-08-16 12:38:36,Red,HANJIN BRION,complete,2169,True,5683.0,2160.0,17.0,8.0,0,988.0,-929.0,-14.0
LOLTMNT01_443940,LCP,2026-08-16 12:40:20,Blue,CTBC Flying Oyster,complete,1926,True,-2571.0,-1630.0,36.0,-3.0,1,-2021.0,-1155.0,16.0
LOLTMNT01_443940,LCP,2026-08-16 12:40:20,Red,Team Secret Whales,complete,1926,True,2571.0,1630.0,-36.0,3.0,0,2021.0,1155.0,-16.0
13419-13419_game_1,LPL,2026-08-16 13:32:10,Blue,EDward Gaming,complete,1601,True,-3401.0,-2871.0,-24.0,-1.0,1,-1625.0,-1228.0,16.0
13419-13419_game_1,LPL,2026-08-16 13:32:10,Red,Top Esports,complete,1601,True,3401.0,2871.0,24.0,1.0,0,1625.0,1228.0,-16.0
13419-13419_game_2,LPL,2026-08-16 14:21:26,Blue,Top Esports,complete,2089,True,-377.0,-633.0,-5.0,3.0,1,-1852.0,-3948.0,-25.0
13419-13419_game_2,LPL,2026-08-16 14:21:26,Red,EDward Gaming,complete,2089,True,377.0,633.0,5.0,-3.0,0,1852.0,3948.0,25.0
LOLTMNT05_218255,LEC,2026-08-16 15:08:31,Blue,Natus Vincere,complete,1889,True,-3202.0,-1711.0,-51.0,-3.0,1,-1407.0,-2695.0,-33.0
LOLTMNT05_218255,LEC,2026-08-16 15:08:31,Red,Movistar KOI,complete,1889,True,3202.0,1711.0,51.0,3.0,0,1407.0,2695.0,33.0
LOLTMNT05_217237,LEC,2026-08-16 16:03:35,Blue,Movistar KOI,complete,2251,True,-65.0,107.0,30.0,-3.0,1,148.0,56.0,11.0
LOLTMNT05_217237,LEC,2026-08-16 16:03:35,Red,Natus Vincere,complete,2251,True,65.0,-107.0,-30.0,3.0,0,-148.0,-56.0,-11.0
LOLTMNT02_450785,CBLOL,2026-08-16 16:10:55,Blue,Leviatan,complete,1761,True,-877.0,-676.0,-28.0,-1.0,1,-1726.0,-875.0,-17.0
LOLTMNT02_450785,CBLOL,2026-08-16 16:10:55,Red,LOUD,complete,1761,True,877.0,676.0,28.0,1.0,0,1726.0,875.0,17.0
LOLTMNT02_449727,CBLOL,2026-08-16 16:59:16,Blue,LOUD,complete,1406,True,8579.0,4524.0,87.0,7.0,1,1219.0,88.0,38.0
LOLTMNT02_449727,CBLOL,2026-08-16 16:59:16,Red,Leviatan,complete,1406,True,-8579.0,-4524.0,-87.0,-7.0,0,-1219.0,-88.0,-38.0
LOLTMNT05_217247,LEC,2026-08-16 17:11:28,Blue,Fnatic,complete,2405,True,2279.0,1998.0,32.0,2.0,1,1515.0,1866.0,16.0
LOLTMNT05_217247,LEC,2026-08-16 17:11:28,Red,G2 Esports,complete,2405,True,-2279.0,-1998.0,-32.0,-2.0,0,-1515.0,-1866.0,-16.0
LOLTMNT02_449746,CBLOL,2026-08-16 17:51:38,Blue,paiN Gaming,complete,1992,True,5093.0,3430.0,15.0,5.0,1,3597.0,2283.0,3.0
LOLTMNT02_449746,CBLOL,2026-08-16 17:51:38,Red,Fluxo W7M,complete,1992,True,-5093.0,-3430.0,-15.0,-5.0,0,-3597.0,-2283.0,-3.0
LOLTMNT05_217248,LEC,2026-08-16 18:11:28,Blue,Fnatic,complete,1610,True,7471.0,4015.0,46.0,9.0,1,1735.0,875.0,30.0
LOLTMNT05_217248,LEC,2026-08-16 18:11:28,Red,G2 Esports,complete,1610,True,-7471.0,-4015.0,-46.0,-9.0,0,-1735.0,-875.0,-30.0
LOLTMNT02_449761,CBLOL,2026-08-16 18:46:35,Blue,paiN Gaming,complete,1854,True,4127.0,193.0,17.0,4.0,1,1263.0,-1204.0,-10.0
LOLTMNT02_449761,CBLOL,2026-08-16 18:46:35,Red,Fluxo W7M,complete,1854,True,-4127.0,-193.0,-17.0,-4.0,0,-1263.0,1204.0,10.0
LOLTMNT02_450852,LCS,2026-08-16 20:08:36,Blue,Cloud9,complete,2396,True,1897.0,1009.0,61.0,1.0,1,-69.0,165.0,0.0
LOLTMNT02_450852,LCS,2026-08-16 20:08:36,Red,FlyQuest,complete,2396,True,-1897.0,-1009.0,-61.0,-1.0,0,69.0,-165.0,0.0
LOLTMNT02_449792,LCS,2026-08-16 21:07:39,Blue,Cloud9,complete,2089,True,-340.0,-154.0,7.0,3.0,1,448.0,408.0,16.0
LOLTMNT02_449792,LCS,2026-08-16 21:07:39,Red,FlyQuest,complete,2089,True,340.0,154.0,-7.0,-3.0,0,-448.0,-408.0,-16.0
LOLTMNT02_450870,LCS,2026-08-16 22:05:12,Blue,Sentinels,complete,2637,True,-4977.0,-4759.0,-82.0,-6.0,1,-1068.0,-1507.0,-31.0
LOLTMNT02_450870,LCS,2026-08-16 22:05:12,Red,LYON,complete,2637,True,4977.0,4759.0,82.0,6.0,0,1068.0,1507.0,31.0
LOLTMNT02_450875,LCS,2026-08-16 23:14:46,Blue,Sentinels,complete,1811,True,5371.0,4341.0,102.0,3.0,1,673.0,-874.0,-4.0
LOLTMNT02_450875,LCS,2026-08-16 23:14:46,Red,LYON,complete,1811,True,-5371.0,-4341.0,-102.0,-3.0,0,-673.0,874.0,4.0
LOLTMNT02_450878,LCS,2026-08-17 00:02:44,Blue,LYON,complete,2452,True,-1789.0,-869.0,-7.0,-1.0,1,-1166.0,-794.0,-11.0
LOLTMNT02_450878,LCS,2026-08-17 00:02:44,Red,Sentinels,complete,2452,True,1789.0,869.0,7.0,1.0,0,1166.0,794.0,11.0
LOLTMNT05_217274,LEC,2026-08-17 15:09:48,Blue,Team Heretics,complete,1662,True,-1675.0,-2534.0,-23.0,-1.0,1,-1568.0,-2820.0,-19.0
LOLTMNT05_217274,LEC,2026-08-17 15:09:48,Red,Natus Vincere,complete,1662,True,1675.0,2534.0,23.0,1.0,0,1568.0,2820.0,19.0
LOLTMNT05_217280,LEC,2026-08-17 15:56:35,Blue,Natus Vincere,complete,1542,True,3172.0,721.0,14.0,3.0,1,-936.0,-2026.0,-11.0
LOLTMNT05_217280,LEC,2026-08-17 15:56:35,Red,Team Heretics,complete,1542,True,-3172.0,-721.0,-14.0,-3.0,0,936.0,2026.0,11.0
LOLTMNT05_218317,LEC,2026-08-17 16:46:47,Blue,Karmine Corp,complete,1825,True,6961.0,3174.0,33.0,7.0,1,3484.0,2623.0,13.0
LOLTMNT05_218317,LEC,2026-08-17 16:46:47,Red,GiantX,complete,1825,True,-6961.0,-3174.0,-33.0,-7.0,0,-3484.0,-2623.0,-13.0
LOLTMNT05_218323,LEC,2026-08-17 17:40:09,Blue,Karmine Corp,complete,1688,True,4996.0,4886.0,108.0,2.0,1,2215.0,2519.0,44.0
LOLTMNT05_218323,LEC,2026-08-17 17:40:09,Red,GiantX,complete,1688,True,-4996.0,-4886.0,-108.0,-2.0,0,-2215.0,-2519.0,-44.0
13422-13422_game_1,LPL,2026-08-19 07:13:05,Blue,Weibo Gaming,partial,1874,False,,,,,1,,,
13422-13422_game_1,LPL,2026-08-19 07:13:05,Red,LNG Esports,partial,1874,False,,,,,0,,,
LOLTMNT02_452633,LCK,2026-08-19 08:05:49,Blue,Gen.G,complete,1942,True,1662.0,253.0,53.0,0.0,1,1340.0,-824.0,5.0
LOLTMNT02_452633,LCK,2026-08-19 08:05:49,Red,KT Rolster,complete,1942,True,-1662.0,-253.0,-53.0,0.0,0,-1340.0,824.0,-5.0
13422-13422_game_2,LPL,2026-08-19 08:10:09,Blue,Weibo Gaming,partial,1873,False,,,,,1,,,
13422-13422_game_2,LPL,2026-08-19 08:10:09,Red,LNG Esports,partial,1873,False,,,,,0,,,
LOLTMNT02_451793,LCK,2026-08-19 09:02:30,Blue,KT Rolster,complete,1730,True,4646.0,5167.0,36.0,6.0,1,2266.0,2204.0,18.0
LOLTMNT02_451793,LCK,2026-08-19 09:02:30,Red,Gen.G,complete,1730,True,-4646.0,-5167.0,-36.0,-6.0,0,-2266.0,-2204.0,-18.0
13422-13422_game_3,LPL,2026-08-19 09:06:07,Blue,LNG Esports,partial,2230,False,,,,,1,,,
13422-13422_game_3,LPL,2026-08-19 09:06:07,Red,Weibo Gaming,partial,2230,False,,,,,0,,,
LOLTMNT02_451797,LCK,2026-08-19 09:53:34,Blue,KT Rolster,complete,2453,True,1637.0,1418.0,4.0,3.0,1,1405.0,1253.0,25.0
LOLTMNT02_451797,LCK,2026-08-19 09:53:34,Red,Gen.G,complete,2453,True,-1637.0,-1418.0,-4.0,-3.0,0,-1405.0,-1253.0,-25.0
13420-13420_game_1,LPL,2026-08-19 10:26:10,Blue,Top Esports,partial,1848,False,,,,,1,,,
13420-13420_game_1,LPL,2026-08-19 10:26:10,Red,Anyone's Legend,partial,1848,False,,,,,0,,,
13420-13420_game_2,LPL,2026-08-19 11:21:31,Blue,Top Esports,partial,1639,False,,,,,1,,,
13420-13420_game_2,LPL,2026-08-19 11:21:31,Red,Anyone's Legend,partial,1639,False,,,,,0,,,
LOLTMNT02_451827,LCK,2026-08-19 11:22:14,Blue,DN SOOPers,complete,2001,True,-364.0,1686.0,21.0,-2.0,1,646.0,1146.0,25.0
LOLTMNT02_451827,LCK,2026-08-19 11:22:14,Red,HANJIN BRION,complete,2001,True,364.0,-1686.0,-21.0,2.0,0,-646.0,-1146.0,-25.0
13420-13420_game_3,LPL,2026-08-19 12:13:56,Blue,Anyone's Legend,partial,2508,False,,,,,1,,,
13420-13420_game_3,LPL,2026-08-19 12:13:56,Red,Top Esports,partial,2508,False,,,,,0,,,
LOLTMNT02_451854,LCK,2026-08-19 12:15:59,Blue,HANJIN BRION,complete,1758,True,4702.0,5084.0,5.0,7.0,1,4159.0,4720.0,21.0
LOLTMNT02_451854,LCK,2026-08-19 12:15:59,Red,DN SOOPers,complete,1758,True,-4702.0,-5084.0,-5.0,-7.0,0,-4159.0,-4720.0,-21.0
13421-13421_game_1,LPL,2026-08-19 13:34:17,Blue,EDward Gaming,complete,1736,True,3414.0,3736.0,46.0,9.0,1,430.0,1173.0,7.0
13421-13421_game_1,LPL,2026-08-19 13:34:17,Red,Team WE,complete,1736,True,-3414.0,-3736.0,-46.0,-9.0,0,-430.0,-1173.0,-7.0
13421-13421_game_2,LPL,2026-08-19 14:29:31,Blue,EDward Gaming,complete,1877,True,63.0,1182.0,25.0,-2.0,1,-655.0,-37.0,6.0
13421-13421_game_2,LPL,2026-08-19 14:29:31,Red,Team WE,complete,1877,True,-63.0,-1182.0,-25.0,2.0,0,655.0,37.0,-6.0
LOLTMNT02_454038,LCK,2026-08-20 08:07:41,Blue,Hanwha Life Esports,complete,2034,True,-1281.0,-278.0,1.0,-2.0,1,-834.0,-832.0,-12.0
LOLTMNT02_454038,LCK,2026-08-20 08:07:41,Red,Dplus Kia,complete,2034,True,1281.0,278.0,-1.0,2.0,0,834.0,832.0,12.0
LOLTMNT02_454063,LCK,2026-08-20 09:05:41,Blue,Hanwha Life Esports,complete,2500,True,-819.0,-1625.0,-9.0,1.0,1,-2256.0,-2264.0,-21.0
LOLTMNT02_454063,LCK,2026-08-20 09:05:41,Red,Dplus Kia,complete,2500,True,819.0,1625.0,9.0,-1.0,0,2256.0,2264.0,21.0
LOLTMNT02_453185,LCP,2026-08-20 09:12:07,Blue,MVK Esports,complete,2147,True,3084.0,4299.0,2.0,3.0,1,2250.0,2101.0,-16.0
LOLTMNT02_453185,LCP,2026-08-20 09:12:07,Red,CTBC Flying Oyster,complete,2147,True,-3084.0,-4299.0,-2.0,-3.0,0,-2250.0,-2101.0,16.0
13423-13423_game_1,LPL,2026-08-20 09:14:25,Blue,ThunderTalk Gaming,partial,1698,False,,,,,1,,,
13423-13423_game_1,LPL,2026-08-20 09:14:25,Red,JD Gaming,partial,1698,False,,,,,0,,,
LOLTMNT02_454077,LCP,2026-08-20 10:07:30,Blue,CTBC Flying Oyster,complete,2143,True,730.0,224.0,-4.0,0.0,1,2505.0,1070.0,7.0
LOLTMNT02_454077,LCP,2026-08-20 10:07:30,Red,MVK Esports,complete,2143,True,-730.0,-224.0,4.0,0.0,0,-2505.0,-1070.0,-7.0
13423-13423_game_2,LPL,2026-08-20 10:07:31,Blue,ThunderTalk Gaming,partial,1698,False,,,,,1,,,
13423-13423_game_2,LPL,2026-08-20 10:07:31,Red,JD Gaming,partial,1698,False,,,,,0,,,
LOLTMNT02_454084,LCK,2026-08-20 10:33:18,Blue,Kiwoom DRX,complete,1982,True,-3643.0,-2040.0,-16.0,-4.0,1,-1483.0,172.0,7.0
LOLTMNT02_454084,LCK,2026-08-20 10:33:18,Red,Nongshim RedForce,complete,1982,True,3643.0,2040.0,16.0,4.0,0,1483.0,-172.0,-7.0
LOLTMNT02_454095,LCP,2026-08-20 11:03:29,Blue,CTBC Flying Oyster,complete,1489,True,5654.0,4534.0,6.0,8.0,1,2005.0,1384.0,-23.0
LOLTMNT02_454095,LCP,2026-08-20 11:03:29,Red,MVK Esports,complete,1489,True,-5654.0,-4534.0,-6.0,-8.0,0,-2005.0,-1384.0,23.0
13423-13423_game_3,LPL,2026-08-20 11:07:45,Blue,JD Gaming,partial,1738,False,,,,,1,,,
13423-13423_game_3,LPL,2026-08-20 11:07:45,Red,ThunderTalk Gaming,partial,1738,False,,,,,0,,,
LOLTMNT02_453228,LCK,2026-08-20 11:31:37,Blue,Nongshim RedForce,complete,1860,True,1196.0,1759.0,0.0,1.0,1,771.0,1115.0,-1.0
LOLTMNT02_453228,LCK,2026-08-20 11:31:37,Red,Kiwoom DRX,complete,1860,True,-1196.0,-1759.0,0.0,-1.0,0,-771.0,-1115.0,1.0
13424-13424_game_1,LPL,2026-08-20 12:18:24,Blue,LGD Gaming,partial,2054,False,,,,,1,,,
13424-13424_game_1,LPL,2026-08-20 12:18:24,Red,Bilibili Gaming,partial,2054,False,,,,,0,,,
13424-13424_game_2,LPL,2026-08-20 13:15:32,Blue,LGD Gaming,partial,1923,False,,,,,1,,,
13424-13424_game_2,LPL,2026-08-20 13:15:32,Red,Bilibili Gaming,partial,1923,False,,,,,0,,,
13424-13424_game_3,LPL,2026-08-20 14:13:33,Blue,Bilibili Gaming,partial,1713,False,,,,,1,,,
13424-13424_game_3,LPL,2026-08-20 14:13:33,Red,LGD Gaming,partial,1713,False,,,,,0,,,
13425-13425_game_1,LPL,2026-08-21 07:12:49,Blue,ThunderTalk Gaming,complete,2228,True,-3763.0,-2659.0,4.0,-2.0,1,-2334.0,-1472.0,13.0
13425-13425_game_1,LPL,2026-08-21 07:12:49,Red,EDward Gaming,complete,2228,True,3763.0,2659.0,-4.0,2.0,0,2334.0,1472.0,-13.0
LOLTMNT02_457093,LCK,2026-08-21 08:07:26,Blue,BNK FEARX,complete,2314,True,-3008.0,-2989.0,22.0,-6.0,1,-3466.0,-2614.0,-10.0
LOLTMNT02_457093,LCK,2026-08-21 08:07:26,Red,HANJIN BRION,complete,2314,True,3008.0,2989.0,-22.0,6.0,0,3466.0,2614.0,10.0
13425-13425_game_2,LPL,2026-08-21 08:13:04,Blue,EDward Gaming,complete,1837,True,5048.0,2909.0,29.0,5.0,1,2963.0,2057.0,21.0
13425-13425_game_2,LPL,2026-08-21 08:13:04,Red,ThunderTalk Gaming,complete,1837,True,-5048.0,-2909.0,-29.0,-5.0,0,-2963.0,-2057.0,-21.0
LOLTMNT02_456141,LCK,2026-08-21 09:09:34,Blue,BNK FEARX,complete,2169,True,2451.0,871.0,54.0,2.0,1,-530.0,-551.0,34.0
LOLTMNT02_456141,LCK,2026-08-21 09:09:34,Red,HANJIN BRION,complete,2169,True,-2451.0,-871.0,-54.0,-2.0,0,530.0,551.0,-34.0
LOLTMNT02_457135,LCP,2026-08-21 09:11:54,Blue,GAM Esports,complete,1889,True,-4839.0,-5589.0,-67.0,-4.0,1,-3611.0,-4319.0,-37.0
LOLTMNT02_457135,LCP,2026-08-21 09:11:54,Red,Team Secret Whales,complete,1889,True,4839.0,5589.0,67.0,4.0,0,3611.0,4319.0,37.0
13426-13426_game_1,LPL,2026-08-21 09:25:54,Blue,Anyone's Legend,complete,2045,True,1977.0,1212.0,36.0,2.0,1,447.0,-862.0,-11.0
13426-13426_game_1,LPL,2026-08-21 09:25:54,Red,Team WE,complete,2045,True,-1977.0,-1212.0,-36.0,-2.0,0,-447.0,862.0,11.0
LOLTMNT02_457142,LCP,2026-08-21 10:02:52,Blue,GAM Esports,complete,1642,True,-8434.0,-7215.0,-70.0,-10.0,1,-4083.0,-3547.0,-38.0
LOLTMNT02_457142,LCP,2026-08-21 10:02:52,Red,Team Secret Whales,complete,1642,True,8434.0,7215.0,70.0,10.0,0,4083.0,3547.0,38.0
LOLTMNT02_457144,LCK,2026-08-21 10:08:13,Blue,HANJIN BRION,complete,1530,True,-6314.0,-6244.0,-68.0,-8.0,1,-3374.0,-4707.0,-65.0
LOLTMNT02_457144,LCK,2026-08-21 10:08:13,Red,BNK FEARX,complete,1530,True,6314.0,6244.0,68.0,8.0,0,3374.0,4707.0,65.0
13426-13426_game_2,LPL,2026-08-21 10:23:18,Blue,Anyone's Legend,complete,2262,True,455.0,656.0,5.0,4.0,1,1532.0,868.0,-11.0
13426-13426_game_2,LPL,2026-08-21 10:23:18,Red,Team WE,complete,2262,True,-455.0,-656.0,-5.0,-4.0,0,-1532.0,-868.0,11.0
LOLTMNT02_457157,LCP,2026-08-21 10:49:55,Blue,Team Secret Whales,complete,2071,True,6311.0,4168.0,38.0,5.0,1,1883.0,1705.0,5.0
LOLTMNT02_457157,LCP,2026-08-21 10:49:55,Red,GAM Esports,complete,2071,True,-6311.0,-4168.0,-38.0,-5.0,0,-1883.0,-1705.0,-5.0
13426-13426_game_3,LPL,2026-08-21 11:22:55,Blue,Team WE,complete,1809,True,3771.0,1908.0,21.0,5.0,1,1228.0,-174.0,-4.0
13426-13426_game_3,LPL,2026-08-21 11:22:55,Red,Anyone's Legend,complete,1809,True,-3771.0,-1908.0,-21.0,-5.0,0,-1228.0,174.0,4.0
LOLTMNT02_457183,LCK,2026-08-21 11:24:11,Blue,T1,complete,2133,True,1450.0,-329.0,-39.0,3.0,1,2170.0,195.0,-30.0
LOLTMNT02_457183,LCK,2026-08-21 11:24:11,Red,KT Rolster,complete,2133,True,-1450.0,329.0,39.0,-3.0,0,-2170.0,-195.0,30.0
LOLTMNT02_456193,LCP,2026-08-21 11:52:27,Blue,Team Secret Whales,complete,2042,True,-2377.0,-913.0,-17.0,-1.0,1,-3461.0,-815.0,-6.0
LOLTMNT02_456193,LCP,2026-08-21 11:52:27,Red,GAM Esports,complete,2042,True,2377.0,913.0,17.0,1.0,0,3461.0,815.0,6.0
LOLTMNT02_457197,LCK,2026-08-21 12:21:05,Blue,KT Rolster,complete,1955,True,-1339.0,-753.0,3.0,-3.0,1,-706.0,1575.0,12.0
LOLTMNT02_457197,LCK,2026-08-21 12:21:05,Red,T1,complete,1955,True,1339.0,753.0,-3.0,3.0,0,706.0,-1575.0,-12.0
13427-13427_game_1,LPL,2026-08-21 12:34:16,Blue,Bilibili Gaming,complete,1555,True,4188.0,4662.0,-23.0,6.0,1,4363.0,5656.0,26.0
13427-13427_game_1,LPL,2026-08-21 12:34:16,Red,Top Esports,complete,1555,True,-4188.0,-4662.0,23.0,-6.0,0,-4363.0,-5656.0,-26.0
LOLTMNT02_457213,LCK,2026-08-21 13:16:04,Blue,T1,complete,2061,True,-1017.0,-1508.0,-41.0,0.0,1,-738.0,-1456.0,-8.0
LOLTMNT02_457213,LCK,2026-08-21 13:16:04,Red,KT Rolster,complete,2061,True,1017.0,1508.0,41.0,0.0,0,738.0,1456.0,8.0
13427-13427_game_2,LPL,2026-08-21 13:23:38,Blue,Bilibili Gaming,complete,1911,True,-570.0,357.0,14.0,-1.0,1,-79.0,474.0,6.0
13427-13427_game_2,LPL,2026-08-21 13:23:38,Red,Top Esports,complete,1911,True,570.0,-357.0,-14.0,1.0,0,79.0,-474.0,-6.0
LOLTMNT05_219021,LEC,2026-08-21 15:08:45,Blue,SK Gaming,complete,1970,True,-1433.0,-3211.0,-19.0,1.0,1,-3138.0,-3331.0,-27.0
LOLTMNT05_219021,LEC,2026-08-21 15:08:45,Red,Team Heretics,complete,1970,True,1433.0,3211.0,19.0,-1.0,0,3138.0,3331.0,27.0
LOLTMNT05_219026,LEC,2026-08-21 16:01:35,Blue,Team Heretics,complete,1956,True,2656.0,3114.0,35.0,2.0,1,1233.0,1005.0,27.0
LOLTMNT05_219026,LEC,2026-08-21 16:01:35,Red,SK Gaming,complete,1956,True,-2656.0,-3114.0,-35.0,-2.0,0,-1233.0,-1005.0,-27.0
LOLTMNT05_219039,LEC,2026-08-21 17:00:45,Blue,Natus Vincere,complete,1863,True,-5407.0,-2411.0,-4.0,-5.0,1,-3812.0,-2464.0,-2.0
LOLTMNT05_219039,LEC,2026-08-21 17:00:45,Red,Team Vitality,complete,1863,True,5407.0,2411.0,4.0,5.0,0,3812.0,2464.0,2.0
LOLTMNT05_220042,LEC,2026-08-21 17:54:03,Blue,Natus Vincere,complete,1611,True,3476.0,3281.0,39.0,1.0,1,2606.0,1733.0,9.0
LOLTMNT05_220042,LEC,2026-08-21 17:54:03,Red,Team Vitality,complete,1611,True,-3476.0,-3281.0,-39.0,-1.0,0,-2606.0,-1733.0,-9.0
LOLTMNT05_220046,LEC,2026-08-21 18:48:36,Blue,Natus Vincere,complete,1417,True,-4258.0,-2770.0,-39.0,-7.0,1,-1201.0,-215.0,8.0
LOLTMNT05_220046,LEC,2026-08-21 18:48:36,Red,Team Vitality,complete,1417,True,4258.0,2770.0,39.0,7.0,0,1201.0,215.0,-8.0
13428-13428_game_1,LPL,2026-08-22 07:11:49,Blue,LGD Gaming,complete,1882,True,2690.0,2347.0,27.0,7.0,1,-1615.0,-519.0,-13.0
13428-13428_game_1,LPL,2026-08-22 07:11:49,Red,Team WE,complete,1882,True,-2690.0,-2347.0,-27.0,-7.0,0,1615.0,519.0,13.0
13428-13428_game_2,LPL,2026-08-22 08:06:50,Blue,Team WE,complete,1946,True,-548.0,142.0,30.0,-5.0,1,675.0,762.0,22.0
13428-13428_game_2,LPL,2026-08-22 08:06:50,Red,LGD Gaming,complete,1946,True,548.0,-142.0,-30.0,5.0,0,-675.0,-762.0,-22.0
LOLTMNT02_456427,LCK,2026-08-22 08:08:17,Blue,Gen.G,complete,1878,True,3339.0,4071.0,97.0,2.0,1,198.0,2054.0,22.0
LOLTMNT02_456427,LCK,2026-08-22 08:08:17,Red,Dplus Kia,complete,1878,True,-3339.0,-4071.0,-97.0,-2.0,0,-198.0,-2054.0,-22.0
13428-13428_game_3,LPL,2026-08-22 09:01:43,Blue,LGD Gaming,complete,1557,True,4272.0,6314.0,4.0,9.0,1,1584.0,4125.0,5.0
13428-13428_game_3,LPL,2026-08-22 09:01:43,Red,Team WE,complete,1557,True,-4272.0,-6314.0,-4.0,-9.0,0,-1584.0,-4125.0,-5.0
LOLTMNT02_456447,LCK,2026-08-22 09:02:36,Blue,Dplus Kia,complete,1957,True,797.0,4496.0,54.0,2.0,1,2922.0,4421.0,30.0
LOLTMNT02_456447,LCK,2026-08-22 09:02:36,Red,Gen.G,complete,1957,True,-797.0,-4496.0,-54.0,-2.0,0,-2922.0,-4421.0,-30.0
LOLTMNT02_456455,LCP,2026-08-22 09:14:10,Blue,GAM Esports,complete,1987,True,3601.0,2426.0,65.0,3.0,1,923.0,975.0,11.0
LOLTMNT02_456455,LCP,2026-08-22 09:14:10,Red,MVK Esports,complete,1987,True,-3601.0,-2426.0,-65.0,-3.0,0,-923.0,-975.0,-11.0
LOLTMNT02_456460,LCK,2026-08-22 09:57:59,Blue,Dplus Kia,complete,1986,True,2140.0,1825.0,36.0,1.0,1,122.0,-932.0,2.0
LOLTMNT02_456460,LCK,2026-08-22 09:57:59,Red,Gen.G,complete,1986,True,-2140.0,-1825.0,-36.0,-1.0,0,-122.0,932.0,-2.0
LOLTMNT02_457495,LCP,2026-08-22 10:04:53,Blue,MVK Esports,complete,2428,True,-166.0,-364.0,-16.0,2.0,1,24.0,-644.0,-25.0
LOLTMNT02_457495,LCP,2026-08-22 10:04:53,Red,GAM Esports,complete,2428,True,166.0,364.0,16.0,-2.0,0,-24.0,644.0,25.0
13429-13429_game_1,LPL,2026-08-22 10:08:15,Blue,Ninjas in Pyjamas,partial,2196,False,,,,,1,,,
13429-13429_game_1,LPL,2026-08-22 10:08:15,Red,Invictus Gaming,partial,2196,False,,,,,0,,,
LOLTMNT02_456483,LCP,2026-08-22 11:04:29,Blue,MVK Esports,complete,1780,True,-8819.0,-7238.0,-70.0,-7.0,1,-6381.0,-5688.0,-32.0
LOLTMNT02_456483,LCP,2026-08-22 11:04:29,Red,GAM Esports,complete,1780,True,8819.0,7238.0,70.0,7.0,0,6381.0,5688.0,32.0
13429-13429_game_2,LPL,2026-08-22 11:08:39,Blue,Ninjas in Pyjamas,partial,1419,False,,,,,1,,,
13429-13429_game_2,LPL,2026-08-22 11:08:39,Red,Invictus Gaming,partial,1419,False,,,,,0,,,
LOLTMNT02_457532,LCK,2026-08-22 11:31:02,Blue,Kiwoom DRX,complete,2244,True,3801.0,6130.0,13.0,5.0,1,2663.0,5010.0,27.0
LOLTMNT02_457532,LCK,2026-08-22 11:31:02,Red,DN SOOPers,complete,2244,True,-3801.0,-6130.0,-13.0,-5.0,0,-2663.0,-5010.0,-27.0
LOLTMNT02_457538,LCP,2026-08-22 11:53:28,Blue,MVK Esports,complete,1756,True,3025.0,1182.0,65.0,-1.0,1,-494.0,-166.0,0.0
LOLTMNT02_457538,LCP,2026-08-22 11:53:28,Red,GAM Esports,complete,1756,True,-3025.0,-1182.0,-65.0,1.0,0,494.0,166.0,0.0
13430-13430_game_1,LPL,2026-08-22 12:10:59,Blue,Top Esports,complete,1915,True,-1730.0,-1908.0,3.0,-1.0,1,-1955.0,-1741.0,-17.0
13430-13430_game_1,LPL,2026-08-22 12:10:59,Red,JD Gaming,complete,1915,True,1730.0,1908.0,-3.0,1.0,0,1955.0,1741.0,17.0
LOLTMNT02_457558,LCK,2026-08-22 12:30:01,Blue,DN SOOPers,complete,1594,True,6933.0,4552.0,59.0,3.0,1,3560.0,1793.0,25.0
LOLTMNT02_457558,LCK,2026-08-22 12:30:01,Red,Kiwoom DRX,complete,1594,True,-6933.0,-4552.0,-59.0,-3.0,0,-3560.0,-1793.0,-25.0
LOLTMNT05_220071,LCP,2026-08-22 13:02:20,Blue,MVK Esports,complete,3017,True,636.0,-129.0,46.0,-3.0,1,-1997.0,-2753.0,2.0
LOLTMNT05_220071,LCP,2026-08-22 13:02:20,Red,GAM Esports,complete,3017,True,-636.0,129.0,-46.0,3.0,0,1997.0,2753.0,-2.0
13430-13430_game_2,LPL,2026-08-22 13:08:13,Blue,JD Gaming,complete,2091,True,3327.0,1578.0,1.0,3.0,1,700.0,232.0,7.0
13430-13430_game_2,LPL,2026-08-22 13:08:13,Red,Top Esports,complete,2091,True,-3327.0,-1578.0,-1.0,-3.0,0,-700.0,-232.0,-7.0
LOLTMNT05_219068,LEC,2026-08-22 15:07:24,Blue,Fnatic,complete,2051,True,4648.0,4172.0,73.0,2.0,1,3620.0,2142.0,36.0
LOLTMNT05_219068,LEC,2026-08-22 15:07:24,Red,Shifters,complete,2051,True,-4648.0,-4172.0,-73.0,-2.0,0,-3620.0,-2142.0,-36.0
LOLTMNT05_220091,LEC,2026-08-22 16:01:57,Blue,Fnatic,complete,1977,True,335.0,680.0,8.0,0.0,1,1120.0,1425.0,10.0
LOLTMNT05_220091,LEC,2026-08-22 16:01:57,Red,Shifters,complete,1977,True,-335.0,-680.0,-8.0,0.0,0,-1120.0,-1425.0,-10.0
LOLTMNT02_457619,CBLOL,2026-08-22 16:10:38,Blue,Vivo Keyd Stars,complete,1827,True,6097.0,6093.0,18.0,10.0,1,4433.0,4832.0,32.0
LOLTMNT02_457619,CBLOL,2026-08-22 16:10:38,Red,Leviatan,complete,1827,True,-6097.0,-6093.0,-18.0,-10.0,0,-4433.0,-4832.0,-32.0
LOLTMNT02_457626,CBLOL,2026-08-22 16:58:56,Blue,Vivo Keyd Stars,complete,2051,True,-813.0,1018.0,48.0,-1.0,1,-266.0,289.0,5.0
LOLTMNT02_457626,CBLOL,2026-08-22 16:58:56,Red,Leviatan,complete,2051,True,813.0,-1018.0,-48.0,1.0,0,266.0,-289.0,-5.0
LOLTMNT05_220098,LEC,2026-08-22 17:04:29,Blue,Movistar KOI,complete,1759,True,1176.0,-1511.0,51.0,-2.0,1,581.0,-775.0,3.0
LOLTMNT05_220098,LEC,2026-08-22 17:04:29,Red,SK Gaming,complete,1759,True,-1176.0,1511.0,-51.0,2.0,0,-581.0,775.0,-3.0
LOLTMNT05_220100,LEC,2026-08-22 17:54:12,Blue,SK Gaming,complete,1912,True,-6217.0,-2677.0,-28.0,-8.0,1,-2168.0,-63.0,-4.0
LOLTMNT05_220100,LEC,2026-08-22 17:54:12,Red,Movistar KOI,complete,1912,True,6217.0,2677.0,28.0,8.0,0,2168.0,63.0,4.0
LOLTMNT02_456624,CBLOL,2026-08-22 17:57:35,Blue,paiN Gaming,complete,1914,True,-68.0,-772.0,10.0,-2.0,1,2242.0,1147.0,20.0
LOLTMNT02_456624,CBLOL,2026-08-22 17:57:35,Red,FURIA,complete,1914,True,68.0,772.0,-10.0,2.0,0,-2242.0,-1147.0,-20.0
LOLTMNT02_457661,CBLOL,2026-08-22 18:48:15,Blue,FURIA,complete,1557,True,10502.0,10808.0,106.0,12.0,1,6201.0,7280.0,57.0
LOLTMNT02_457661,CBLOL,2026-08-22 18:48:15,Red,paiN Gaming,complete,1557,True,-10502.0,-10808.0,-106.0,-12.0,0,-6201.0,-7280.0,-57.0
LOLTMNT02_456676,LCS,2026-08-22 20:08:10,Blue,Sentinels,complete,1945,True,2035.0,3462.0,21.0,3.0,1,2905.0,2639.0,19.0
LOLTMNT02_456676,LCS,2026-08-22 20:08:10,Red,FlyQuest,complete,1945,True,-2035.0,-3462.0,-21.0,-3.0,0,-2905.0,-2639.0,-19.0
LOLTMNT02_457694,LCS,2026-08-22 21:00:05,Blue,Sentinels,complete,1806,True,1121.0,989.0,30.0,-1.0,1,-288.0,59.0,2.0
LOLTMNT02_457694,LCS,2026-08-22 21:00:05,Red,FlyQuest,complete,1806,True,-1121.0,-989.0,-30.0,1.0,0,288.0,-59.0,-2.0
LOLTMNT02_456695,LCS,2026-08-22 21:49:44,Blue,Dignitas,complete,2287,True,-2226.0,-911.0,-16.0,-3.0,1,-2023.0,-2389.0,-16.0
LOLTMNT02_456695,LCS,2026-08-22 21:49:44,Red,Disguised,complete,2287,True,2226.0,911.0,16.0,3.0,0,2023.0,2389.0,16.0
LOLTMNT02_457711,LCS,2026-08-22 22:43:26,Blue,Dignitas,complete,1730,True,-1892.0,235.0,-32.0,0.0,1,-1488.0,753.0,11.0
LOLTMNT02_457711,LCS,2026-08-22 22:43:26,Red,Disguised,complete,1730,True,1892.0,-235.0,32.0,0.0,0,1488.0,-753.0,-11.0
13431-13431_game_1,LPL,2026-08-23 07:12:51,Blue,LGD Gaming,partial,1760,False,,,,,1,,,
13431-13431_game_1,LPL,2026-08-23 07:12:51,Red,ThunderTalk Gaming,partial,1760,False,,,,,0,,,
LOLTMNT02_456749,LCK,2026-08-23 08:07:42,Blue,T1,complete,1722,True,-1579.0,221.0,-48.0,-1.0,1,1240.0,983.0,-8.0
LOLTMNT02_456749,LCK,2026-08-23 08:07:42,Red,Hanwha Life Esports,complete,1722,True,1579.0,-221.0,48.0,1.0,0,-1240.0,-983.0,8.0
13431-13431_game_2,LPL,2026-08-23 08:16:56,Blue,LGD Gaming,partial,2053,False,,,,,1,,,
13431-13431_game_2,LPL,2026-08-23 08:16:56,Red,ThunderTalk Gaming,partial,2053,False,,,,,0,,,
LOLTMNT02_456759,LCK,2026-08-23 08:59:45,Blue,Hanwha Life Esports,complete,1372,True,7257.0,5791.0,44.0,9.0,1,3571.0,1892.0,2.0
LOLTMNT02_456759,LCK,2026-08-23 08:59:45,Red,T1,complete,1372,True,-7257.0,-5791.0,-44.0,-9.0,0,-3571.0,-1892.0,-2.0
LOLTMNT05_220110,LCP,2026-08-23 09:12:31,Blue,Team Secret Whales,complete,1619,True,6993.0,7965.0,53.0,12.0,1,5407.0,6520.0,21.0
LOLTMNT05_220110,LCP,2026-08-23 09:12:31,Red,CTBC Flying Oyster,complete,1619,True,-6993.0,-7965.0,-53.0,-12.0,0,-5407.0,-6520.0,-21.0
13432-13432_game_1,LPL,2026-08-23 09:33:11,Blue,JD Gaming,partial,1544,False,,,,,1,,,
13432-13432_game_1,LPL,2026-08-23 09:33:11,Red,EDward Gaming,partial,1544,False,,,,,0,,,
LOLTMNT05_219097,LCP,2026-08-23 09:58:52,Blue,Team Secret Whales,complete,1775,True,4284.0,3330.0,81.0,5.0,1,-1343.0,-504.0,15.0
LOLTMNT05_219097,LCP,2026-08-23 09:58:52,Red,CTBC Flying Oyster,complete,1775,True,-4284.0,-3330.0,-81.0,-5.0,0,1343.0,504.0,-15.0
LOLTMNT02_457803,LCK,2026-08-23 10:20:23,Blue,Nongshim RedForce,complete,1693,True,-1773.0,-1346.0,-3.0,-3.0,1,-1019.0,-263.0,19.0
LOLTMNT02_457803,LCK,2026-08-23 10:20:23,Red,BNK FEARX,complete,1693,True,1773.0,1346.0,3.0,3.0,0,1019.0,263.0,-19.0
13432-13432_game_2,LPL,2026-08-23 10:22:43,Blue,JD Gaming,partial,2343,False,,,,,1,,,
13432-13432_game_2,LPL,2026-08-23 10:22:43,Red,EDward Gaming,partial,2343,False,,,,,0,,,
LOLTMNT05_220113,LCP,2026-08-23 10:48:54,Blue,Team Secret Whales,complete,2479,True,-1121.0,-5707.0,9.0,-4.0,1,-3879.0,-7517.0,-24.0
LOLTMNT05_220113,LCP,2026-08-23 10:48:54,Red,CTBC Flying Oyster,complete,2479,True,1121.0,5707.0,-9.0,4.0,0,3879.0,7517.0,24.0
LOLTMNT02_457811,LCK,2026-08-23 11:11:16,Blue,BNK FEARX,complete,1486,True,-3396.0,-1654.0,-20.0,-10.0,1,3834.0,4546.0,31.0
LOLTMNT02_457811,LCK,2026-08-23 11:11:16,Red,Nongshim RedForce,complete,1486,True,3396.0,1654.0,20.0,10.0,0,-3834.0,-4546.0,-31.0
13432-13432_game_3,LPL,2026-08-23 11:24:45,Blue,EDward Gaming,partial,1467,False,,,,,1,,,
13432-13432_game_3,LPL,2026-08-23 11:24:45,Red,JD Gaming,partial,1467,False,,,,,0,,,
LOLTMNT02_456807,LCK,2026-08-23 11:57:33,Blue,Nongshim RedForce,complete,1673,True,2631.0,941.0,34.0,2.0,1,31.0,-316.0,-4.0
LOLTMNT02_456807,LCK,2026-08-23 11:57:33,Red,BNK FEARX,complete,1673,True,-2631.0,-941.0,-34.0,-2.0,0,-31.0,316.0,4.0
13433-13433_game_1,LPL,2026-08-23 12:28:51,Blue,Anyone's Legend,partial,2579,False,,,,,1,,,
13433-13433_game_1,LPL,2026-08-23 12:28:51,Red,Bilibili Gaming,partial,2579,False,,,,,0,,,
13433-13433_game_2,LPL,2026-08-23 13:36:38,Blue,Anyone's Legend,partial,2450,False,,,,,1,,,
13433-13433_game_2,LPL,2026-08-23 13:36:38,Red,Bilibili Gaming,partial,2450,False,,,,,0,,,
13433-13433_game_3,LPL,2026-08-23 14:45:43,Blue,Bilibili Gaming,partial,2435,False,,,,,1,,,
13433-13433_game_3,LPL,2026-08-23 14:45:43,Red,Anyone's Legend,partial,2435,False,,,,,0,,,
LOLTMNT05_220135,LEC,2026-08-23 15:08:05,Blue,GiantX,complete,2468,True,-3274.0,-1338.0,-28.0,-2.0,1,-1546.0,515.0,-19.0
LOLTMNT05_220135,LEC,2026-08-23 15:08:05,Red,Team Heretics,complete,2468,True,3274.0,1338.0,28.0,2.0,0,1546.0,-515.0,19.0
LOLTMNT02_456877,CBLOL,2026-08-23 16:10:45,Blue,RED Canids,complete,1784,True,-1662.0,-2314.0,-27.0,-3.0,1,1403.0,2154.0,25.0
LOLTMNT02_456877,CBLOL,2026-08-23 16:10:45,Red,Fluxo W7M,complete,1784,True,1662.0,2314.0,27.0,3.0,0,-1403.0,-2154.0,-25.0
LOLTMNT05_220139,LEC,2026-08-23 16:18:04,Blue,GiantX,complete,1993,True,-1453.0,-1485.0,-15.0,0.0,1,-840.0,-893.0,-14.0
LOLTMNT05_220139,LEC,2026-08-23 16:18:04,Red,Team Heretics,complete,1993,True,1453.0,1485.0,15.0,0.0,0,840.0,893.0,14.0
LOLTMNT02_456885,CBLOL,2026-08-23 16:59:42,Blue,RED Canids,complete,1762,True,3310.0,888.0,29.0,4.0,1,999.0,-383.0,2.0
LOLTMNT02_456885,CBLOL,2026-08-23 16:59:42,Red,Fluxo W7M,complete,1762,True,-3310.0,-888.0,-29.0,-4.0,0,-999.0,383.0,-2.0
LOLTMNT05_220147,LEC,2026-08-23 17:21:07,Blue,Shifters,complete,2235,True,-4792.0,-4046.0,-15.0,-5.0,1,-881.0,-1167.0,3.0
LOLTMNT05_220147,LEC,2026-08-23 17:21:07,Red,Karmine Corp,complete,2235,True,4792.0,4046.0,15.0,5.0,0,881.0,1167.0,-3.0
LOLTMNT02_456902,CBLOL,2026-08-23 17:53:23,Blue,LOUD,complete,2036,True,1952.0,1679.0,9.0,3.0,1,3353.0,3359.0,34.0
LOLTMNT02_456902,CBLOL,2026-08-23 17:53:23,Red,LØS,complete,2036,True,-1952.0,-1679.0,-9.0,-3.0,0,-3353.0,-3359.0,-34.0
LOLTMNT05_220148,LEC,2026-08-23 18:20:48,Blue,Shifters,complete,2108,True,-983.0,-737.0,-42.0,1.0,1,-1613.0,-2356.0,-35.0
LOLTMNT05_220148,LEC,2026-08-23 18:20:48,Red,Karmine Corp,complete,2108,True,983.0,737.0,42.0,-1.0,0,1613.0,2356.0,35.0
LOLTMNT02_457932,CBLOL,2026-08-23 18:44:37,Blue,LOUD,complete,2018,True,-255.0,-1243.0,-26.0,-1.0,1,163.0,-782.0,-5.0
LOLTMNT02_457932,CBLOL,2026-08-23 18:44:37,Red,LØS,complete,2018,True,255.0,1243.0,26.0,1.0,0,-163.0,782.0,5.0
LOLTMNT05_220149,LEC,2026-08-23 19:17:03,Blue,Karmine Corp,complete,1977,True,4443.0,3436.0,40.0,4.0,1,3635.0,2486.0,19.0
LOLTMNT05_220149,LEC,2026-08-23 19:17:03,Red,Shifters,complete,1977,True,-4443.0,-3436.0,-40.0,-4.0,0,-3635.0,-2486.0,-19.0
LOLTMNT02_456935,LCS,2026-08-23 20:06:31,Blue,Sentinels,complete,1931,True,2450.0,821.0,-10.0,2.0,1,1157.0,-585.0,-23.0
LOLTMNT02_456935,LCS,2026-08-23 20:06:31,Red,Disguised,complete,1931,True,-2450.0,-821.0,10.0,-2.0,0,-1157.0,585.0,23.0
LOLTMNT02_457969,LCS,2026-08-23 20:56:15,Blue,Sentinels,complete,1693,True,4174.0,2562.0,-38.0,5.0,1,4199.0,2871.0,8.0
LOLTMNT02_457969,LCS,2026-08-23 20:56:15,Red,Disguised,complete,1693,True,-4174.0,-2562.0,38.0,-5.0,0,-4199.0,-2871.0,-8.0
LOLTMNT02_457992,LCS,2026-08-23 21:43:23,Blue,Dignitas,complete,1693,True,-8373.0,-7916.0,-68.0,-7.0,1,-5578.0,-4569.0,-42.0
LOLTMNT02_457992,LCS,2026-08-23 21:43:23,Red,FlyQuest,complete,1693,True,8373.0,7916.0,68.0,7.0,0,5578.0,4569.0,42.0
LOLTMNT02_456969,LCS,2026-08-23 23:12:39,Blue,FlyQuest,complete,1821,True,263.0,-299.0,4.0,-2.0,1,183.0,475.0,-2.0
LOLTMNT02_456969,LCS,2026-08-23 23:12:39,Red,Dignitas,complete,1821,True,-263.0,299.0,-4.0,2.0,0,-183.0,-475.0,2.0
LOLTMNT05_220182,LEC,2026-08-24 15:07:41,Blue,Fnatic,complete,2878,True,3462.0,417.0,16.0,3.0,1,799.0,-1195.0,-6.0
LOLTMNT05_220182,LEC,2026-08-24 15:07:41,Red,Natus Vincere,complete,2878,True,-3462.0,-417.0,-16.0,-3.0,0,-799.0,1195.0,6.0
LOLTMNT05_219167,LEC,2026-08-24 16:14:40,Blue,Fnatic,complete,2007,True,-1964.0,-2820.0,-13.0,-3.0,1,-1093.0,-1412.0,-14.0
LOLTMNT05_219167,LEC,2026-08-24 16:14:40,Red,Natus Vincere,complete,2007,True,1964.0,2820.0,13.0,3.0,0,1093.0,1412.0,14.0
LOLTMNT05_219177,LEC,2026-08-24 17:12:18,Blue,G2 Esports,complete,1535,True,8239.0,8371.0,100.0,9.0,1,2084.0,3359.0,7.0
LOLTMNT05_219177,LEC,2026-08-24 17:12:18,Red,GiantX,complete,1535,True,-8239.0,-8371.0,-100.0,-9.0,0,-2084.0,-3359.0,-7.0
LOLTMNT05_220214,LEC,2026-08-24 18:00:29,Blue,G2 Esports,complete,2238,True,-74.0,1115.0,17.0,0.0,1,203.0,1552.0,20.0
LOLTMNT05_220214,LEC,2026-08-24 18:00:29,Red,GiantX,complete,2238,True,74.0,-1115.0,-17.0,0.0,0,-203.0,-1552.0,-20.0
LOLTMNT05_219186,LEC,2026-08-24 18:57:53,Blue,GiantX,complete,2095,True,-1277.0,470.0,-16.0,-1.0,1,283.0,-331.0,-9.0
LOLTMNT05_219186,LEC,2026-08-24 18:57:53,Red,G2 Esports,complete,2095,True,1277.0,-470.0,16.0,1.0,0,-283.0,331.0,9.0
LOLTMNT02_459552,LCK,2026-08-26 08:08:21,Blue,HANJIN BRION,complete,2128,True,1503.0,3459.0,8.0,1.0,1,686.0,808.0,7.0
LOLTMNT02_459552,LCK,2026-08-26 08:08:21,Red,KT Rolster,complete,2128,True,-1503.0,-3459.0,-8.0,-1.0,0,-686.0,-808.0,-7.0
LOLTMNT02_459565,LCK,2026-08-26 09:10:31,Blue,KT Rolster,complete,1839,True,2110.0,1511.0,-39.0,5.0,1,2217.0,2156.0,-18.0
LOLTMNT02_459565,LCK,2026-08-26 09:10:31,Red,HANJIN BRION,complete,1839,True,-2110.0,-1511.0,39.0,-5.0,0,-2217.0,-2156.0,18.0
LOLTMNT02_459574,LCK,2026-08-26 10:04:14,Blue,KT Rolster,complete,2104,True,-4304.0,-3774.0,-101.0,-4.0,1,-1582.0,-2425.0,-50.0
LOLTMNT02_459574,LCK,2026-08-26 10:04:14,Red,HANJIN BRION,complete,2104,True,4304.0,3774.0,101.0,4.0,0,1582.0,2425.0,50.0
LOLTMNT02_458575,LCK,2026-08-26 11:01:30,Blue,HANJIN BRION,complete,2018,True,1453.0,1769.0,38.0,0.0,1,1393.0,2267.0,15.0
LOLTMNT02_458575,LCK,2026-08-26 11:01:30,Red,KT Rolster,complete,2018,True,-1453.0,-1769.0,-38.0,0.0,0,-1393.0,-2267.0,-15.0
LOLTMNT02_458596,LCK,2026-08-26 12:00:13,Blue,HANJIN BRION,complete,2730,True,-978.0,-2048.0,4.0,-2.0,1,-233.0,-126.0,4.0
LOLTMNT02_458596,LCK,2026-08-26 12:00:13,Red,KT Rolster,complete,2730,True,978.0,2048.0,-4.0,2.0,0,233.0,126.0,-4.0
LOLTMNT02_458778,LCK,2026-08-27 08:07:15,Blue,BNK FEARX,complete,1668,True,-7033.0,-6410.0,-57.0,-9.0,1,-3209.0,-2958.0,-45.0
LOLTMNT02_458778,LCK,2026-08-27 08:07:15,Red,Nongshim RedForce,complete,1668,True,7033.0,6410.0,57.0,9.0,0,3209.0,2958.0,45.0
LOLTMNT02_458797,LCK,2026-08-27 08:57:28,Blue,Nongshim RedForce,complete,1850,True,339.0,-1257.0,18.0,-2.0,1,2712.0,1401.0,43.0
LOLTMNT02_458797,LCK,2026-08-27 08:57:28,Red,BNK FEARX,complete,1850,True,-339.0,1257.0,-18.0,2.0,0,-2712.0,-1401.0,-43.0
LOLTMNT02_458808,LCK,2026-08-27 09:50:00,Blue,BNK FEARX,complete,2210,True,-435.0,-1986.0,20.0,-1.0,1,-1670.0,-2327.0,-7.0
LOLTMNT02_458808,LCK,2026-08-27 09:50:00,Red,Nongshim RedForce,complete,2210,True,435.0,1986.0,-20.0,1.0,0,1670.0,2327.0,7.0
LOLTMNT02_458824,LCK,2026-08-27 10:48:14,Blue,BNK FEARX,complete,1544,True,5980.0,3742.0,27.0,5.0,1,5142.0,4211.0,8.0
LOLTMNT02_458824,LCK,2026-08-27 10:48:14,Red,Nongshim RedForce,complete,1544,True,-5980.0,-3742.0,-27.0,-5.0,0,-5142.0,-4211.0,-8.0
13492-13492_game_1,LPL,2026-08-28 06:12:13,Blue,EDward Gaming,complete,2137,True,1021.0,-844.0,53.0,-3.0,1,45.0,-604.0,-2.0
13492-13492_game_1,LPL,2026-08-28 06:12:13,Red,Ninjas in Pyjamas,complete,2137,True,-1021.0,844.0,-53.0,3.0,0,-45.0,604.0,2.0
13492-13492_game_2,LPL,2026-08-28 07:11:27,Blue,Ninjas in Pyjamas,complete,1799,True,208.0,-2559.0,-36.0,4.0,1,-2314.0,-3817.0,-18.0
13492-13492_game_2,LPL,2026-08-28 07:11:27,Red,EDward Gaming,complete,1799,True,-208.0,2559.0,36.0,-4.0,0,2314.0,3817.0,18.0
13492-13492_game_3,LPL,2026-08-28 08:03:38,Blue,Ninjas in Pyjamas,complete,1442,True,6577.0,5637.0,8.0,9.0,1,5623.0,4677.0,20.0
13492-13492_game_3,LPL,2026-08-28 08:03:38,Red,EDward Gaming,complete,1442,True,-6577.0,-5637.0,-8.0,-9.0,0,-5623.0,-4677.0,-20.0
LOLTMNT02_461046,LCK,2026-08-28 08:06:46,Blue,BNK FEARX,complete,2028,True,1695.0,707.0,18.0,1.0,1,-129.0,-593.0,-17.0
LOLTMNT02_461046,LCK,2026-08-28 08:06:46,Red,HANJIN BRION,complete,2028,True,-1695.0,-707.0,-18.0,-1.0,0,129.0,593.0,17.0
LOLTMNT02_461064,LCK,2026-08-28 09:04:21,Blue,BNK FEARX,complete,1613,True,-7952.0,-4764.0,-69.0,-12.0,1,-2373.0,-2283.0,-8.0
LOLTMNT02_461064,LCK,2026-08-28 09:04:21,Red,HANJIN BRION,complete,1613,True,7952.0,4764.0,69.0,12.0,0,2373.0,2283.0,8.0
13493-13493_game_1,LPL,2026-08-28 09:13:37,Blue,Invictus Gaming,complete,1448,True,8697.0,4669.0,54.0,10.0,1,4093.0,3263.0,20.0
13493-13493_game_1,LPL,2026-08-28 09:13:37,Red,ThunderTalk Gaming,complete,1448,True,-8697.0,-4669.0,-54.0,-10.0,0,-4093.0,-3263.0,-20.0
LOLTMNT02_461095,LCK,2026-08-28 09:54:08,Blue,HANJIN BRION,complete,1838,True,4899.0,1387.0,37.0,3.0,1,-431.0,-325.0,-7.0
LOLTMNT02_461095,LCK,2026-08-28 09:54:08,Red,BNK FEARX,complete,1838,True,-4899.0,-1387.0,-37.0,-3.0,0,431.0,325.0,7.0
13493-13493_game_2,LPL,2026-08-28 10:02:29,Blue,Invictus Gaming,complete,1445,True,3860.0,-905.0,43.0,-1.0,1,817.0,650.0,23.0
13493-13493_game_2,LPL,2026-08-28 10:02:29,Red,ThunderTalk Gaming,complete,1445,True,-3860.0,905.0,-43.0,1.0,0,-817.0,-650.0,-23.0
LOLTMNT02_461110,LCK,2026-08-28 10:46:56,Blue,HANJIN BRION,complete,1765,True,1066.0,-605.0,32.0,-2.0,1,-783.0,-1865.0,1.0
LOLTMNT02_461110,LCK,2026-08-28 10:46:56,Red,BNK FEARX,complete,1765,True,-1066.0,605.0,-32.0,2.0,0,783.0,1865.0,-1.0
13493-13493_game_3,LPL,2026-08-28 10:50:54,Blue,Invictus Gaming,complete,1187,False,12468.0,8139.0,107.0,15.0,1,5791.0,4811.0,25.0
13493-13493_game_3,LPL,2026-08-28 10:50:54,Red,ThunderTalk Gaming,complete,1187,False,-12468.0,-8139.0,-107.0,-15.0,0,-5791.0,-4811.0,-25.0
LOLTMNT02_461127,LCK,2026-08-28 11:40:15,Blue,BNK FEARX,complete,1872,True,6887.0,5966.0,185.0,2.0,1,2211.0,1562.0,55.0
LOLTMNT02_461127,LCK,2026-08-28 11:40:15,Red,HANJIN BRION,complete,1872,True,-6887.0,-5966.0,-185.0,-2.0,0,-2211.0,-1562.0,-55.0
LOLTMNT04_189037,LEC,2026-08-28 15:12:47,Blue,Team Heretics,complete,1703,True,-3146.0,-3016.0,-30.0,-4.0,1,-1575.0,-2501.0,-34.0
LOLTMNT04_189037,LEC,2026-08-28 15:12:47,Red,Shifters,complete,1703,True,3146.0,3016.0,30.0,4.0,0,1575.0,2501.0,34.0
LOLTMNT04_188054,LEC,2026-08-28 16:00:33,Blue,Shifters,complete,1563,True,3422.0,2650.0,-33.0,4.0,1,1379.0,-199.0,-31.0
LOLTMNT04_188054,LEC,2026-08-28 16:00:33,Red,Team Heretics,complete,1563,True,-3422.0,-2650.0,33.0,-4.0,0,-1379.0,199.0,31.0
LOLTMNT04_188061,LEC,2026-08-28 16:52:50,Blue,Fnatic,complete,1959,True,4400.0,1934.0,26.0,4.0,1,1668.0,1282.0,9.0
LOLTMNT04_188061,LEC,2026-08-28 16:52:50,Red,Team Vitality,complete,1959,True,-4400.0,-1934.0,-26.0,-4.0,0,-1668.0,-1282.0,-9.0
LOLTMNT04_188062,LEC,2026-08-28 17:48:12,Blue,Fnatic,complete,1700,True,-2217.0,-2272.0,-7.0,2.0,1,-2704.0,-2852.0,-28.0
LOLTMNT04_188062,LEC,2026-08-28 17:48:12,Red,Team Vitality,complete,1700,True,2217.0,2272.0,7.0,-2.0,0,2704.0,2852.0,28.0
LOLTMNT04_188069,LEC,2026-08-28 18:37:24,Blue,Team Vitality,complete,1579,True,5352.0,3299.0,53.0,4.0,1,3240.0,2218.0,57.0
LOLTMNT04_188069,LEC,2026-08-28 18:37:24,Red,Fnatic,complete,1579,True,-5352.0,-3299.0,-53.0,-4.0,0,-3240.0,-2218.0,-57.0
LOLTMNT02_461258,LCK,2026-08-29 08:07:39,Blue,BNK FEARX,complete,1989,True,-4667.0,-4028.0,-41.0,-6.0,1,-884.0,-1485.0,-13.0
LOLTMNT02_461258,LCK,2026-08-29 08:07:39,Red,T1,complete,1989,True,4667.0,4028.0,41.0,6.0,0,884.0,1485.0,13.0
LOLTMNT02_460274,LCP,2026-08-29 08:12:53,Blue,MVK Esports,complete,1874,True,-4205.0,-1554.0,-31.0,-7.0,1,-936.0,-1425.0,-28.0
LOLTMNT02_460274,LCP,2026-08-29 08:12:53,Red,CTBC Flying Oyster,complete,1874,True,4205.0,1554.0,31.0,7.0,0,936.0,1425.0,28.0
LOLTMNT02_461267,LCP,2026-08-29 09:03:52,Blue,CTBC Flying Oyster,complete,1709,True,3907.0,1297.0,10.0,4.0,1,1896.0,747.0,3.0
LOLTMNT02_461267,LCP,2026-08-29 09:03:52,Red,MVK Esports,complete,1709,True,-3907.0,-1297.0,-10.0,-4.0,0,-1896.0,-747.0,-3.0
LOLTMNT02_460279,LCK,2026-08-29 09:04:53,Blue,BNK FEARX,complete,1742,True,2975.0,3595.0,0.0,4.0,1,827.0,1005.0,-6.0
LOLTMNT02_460279,LCK,2026-08-29 09:04:53,Red,T1,complete,1742,True,-2975.0,-3595.0,0.0,-4.0,0,-827.0,-1005.0,6.0
13494-13494_game_1,LPL,2026-08-29 09:14:18,Blue,LGD Gaming,complete,1986,False,,,,,1,,,
13494-13494_game_1,LPL,2026-08-29 09:14:18,Red,Top Esports,complete,1986,False,,,,,0,,,
LOLTMNT02_461273,LCP,2026-08-29 09:53:44,Blue,CTBC Flying Oyster,complete,1794,True,-1275.0,-2522.0,2.0,-5.0,1,-138.0,-734.0,15.0
LOLTMNT02_461273,LCP,2026-08-29 09:53:44,Red,MVK Esports,complete,1794,True,1275.0,2522.0,-2.0,5.0,0,138.0,734.0,-15.0
LOLTMNT02_460287,LCK,2026-08-29 09:59:39,Blue,T1,complete,1803,True,-3739.0,-695.0,-16.0,-4.0,1,-657.0,1158.0,1.0
LOLTMNT02_460287,LCK,2026-08-29 09:59:39,Red,BNK FEARX,complete,1803,True,3739.0,695.0,16.0,4.0,0,657.0,-1158.0,-1.0
13494-13494_game_2,LPL,2026-08-29 10:11:03,Blue,LGD Gaming,complete,1920,True,-1543.0,-2154.0,-42.0,-2.0,1,-3892.0,-3884.0,-48.0
13494-13494_game_2,LPL,2026-08-29 10:11:03,Red,Top Esports,complete,1920,True,1543.0,2154.0,42.0,2.0,0,3892.0,3884.0,48.0
LOLTMNT02_460290,LCP,2026-08-29 10:44:32,Blue,CTBC Flying Oyster,complete,1618,True,2119.0,1842.0,-22.0,2.0,1,1906.0,1733.0,-3.0
LOLTMNT02_460290,LCP,2026-08-29 10:44:32,Red,MVK Esports,complete,1618,True,-2119.0,-1842.0,22.0,-2.0,0,-1906.0,-1733.0,3.0
LOLTMNT02_461283,LCK,2026-08-29 10:53:48,Blue,BNK FEARX,complete,2561,True,749.0,1280.0,26.0,2.0,1,914.0,1412.0,8.0
LOLTMNT02_461283,LCK,2026-08-29 10:53:48,Red,T1,complete,2561,True,-749.0,-1280.0,-26.0,-2.0,0,-914.0,-1412.0,-8.0
13494-13494_game_3,LPL,2026-08-29 11:05:18,Blue,LGD Gaming,complete,1878,True,-688.0,-950.0,-52.0,1.0,1,-950.0,247.0,-8.0
13494-13494_game_3,LPL,2026-08-29 11:05:18,Red,Top Esports,complete,1878,True,688.0,950.0,52.0,-1.0,0,950.0,-247.0,8.0
13494-13494_game_4,LPL,2026-08-29 11:58:21,Blue,Top Esports,complete,2673,True,-945.0,421.0,0.0,0.0,1,-2213.0,-270.0,27.0
13494-13494_game_4,LPL,2026-08-29 11:58:21,Red,LGD Gaming,complete,2673,True,945.0,-421.0,0.0,0.0,0,2213.0,270.0,-27.0
LOLTMNT02_461296,LCK,2026-08-29 12:01:33,Blue,T1,complete,1565,True,7787.0,6441.0,78.0,7.0,1,5843.0,5262.0,45.0
LOLTMNT02_461296,LCK,2026-08-29 12:01:33,Red,BNK FEARX,complete,1565,True,-7787.0,-6441.0,-78.0,-7.0,0,-5843.0,-5262.0,-45.0
13494-13494_game_5,LPL,2026-08-29 13:08:25,Blue,Top Esports,complete,2382,True,-510.0,2454.0,-14.0,2.0,1,1957.0,2794.0,19.0
13494-13494_game_5,LPL,2026-08-29 13:08:25,Red,LGD Gaming,complete,2382,True,510.0,-2454.0,14.0,-2.0,0,-1957.0,-2794.0,-19.0
LOLTMNT04_189070,LEC,2026-08-29 15:09:14,Blue,Karmine Corp,complete,2181,True,10957.0,6089.0,97.0,9.0,1,2938.0,896.0,21.0
LOLTMNT04_189070,LEC,2026-08-29 15:09:14,Red,SK Gaming,complete,2181,True,-10957.0,-6089.0,-97.0,-9.0,0,-2938.0,-896.0,-21.0
LOLTMNT04_188092,LEC,2026-08-29 16:05:12,Blue,Karmine Corp,complete,2527,True,-1556.0,-2085.0,-9.0,-2.0,1,-2346.0,-2166.0,-8.0
LOLTMNT04_188092,LEC,2026-08-29 16:05:12,Red,SK Gaming,complete,2527,True,1556.0,2085.0,9.0,2.0,0,2346.0,2166.0,8.0
LOLTMNT01_451455,CBLOL,2026-08-29 16:10:53,Blue,LOUD,complete,2588,True,169.0,1571.0,8.0,3.0,1,907.0,1980.0,6.0
LOLTMNT01_451455,CBLOL,2026-08-29 16:10:53,Red,RED Canids,complete,2588,True,-169.0,-1571.0,-8.0,-3.0,0,-907.0,-1980.0,-6.0
LOLTMNT01_450706,CBLOL,2026-08-29 17:12:23,Blue,LOUD,complete,1543,True,7650.0,4516.0,87.0,6.0,1,4260.0,4360.0,49.0
LOLTMNT01_450706,CBLOL,2026-08-29 17:12:23,Red,RED Canids,complete,1543,True,-7650.0,-4516.0,-87.0,-6.0,0,-4260.0,-4360.0,-49.0
LOLTMNT04_188103,LEC,2026-08-29 17:20:29,Blue,GiantX,complete,2002,True,-2892.0,-2835.0,-92.0,-2.0,1,-364.0,-589.0,-28.0
LOLTMNT04_188103,LEC,2026-08-29 17:20:29,Red,Natus Vincere,complete,2002,True,2892.0,2835.0,92.0,2.0,0,364.0,589.0,28.0
LOLTMNT01_451483,CBLOL,2026-08-29 18:04:23,Blue,Fluxo W7M,complete,1865,True,-352.0,132.0,5.0,-2.0,1,-1537.0,-1156.0,-17.0
LOLTMNT01_451483,CBLOL,2026-08-29 18:04:23,Red,LØS,complete,1865,True,352.0,-132.0,-5.0,2.0,0,1537.0,1156.0,17.0
LOLTMNT04_189072,LEC,2026-08-29 18:13:33,Blue,GiantX,complete,1927,True,-6416.0,-2185.0,-3.0,-8.0,1,-2461.0,-968.0,21.0
LOLTMNT04_189072,LEC,2026-08-29 18:13:33,Red,Natus Vincere,complete,1927,True,6416.0,2185.0,3.0,8.0,0,2461.0,968.0,-21.0
LOLTMNT01_450750,CBLOL,2026-08-29 18:52:09,Blue,Fluxo W7M,complete,1667,True,-5706.0,-5878.0,-63.0,-8.0,1,-2765.0,-3577.0,-39.0
LOLTMNT01_450750,CBLOL,2026-08-29 18:52:09,Red,LØS,complete,1667,True,5706.0,5878.0,63.0,8.0,0,2765.0,3577.0,39.0
LOLTMNT04_188104,LEC,2026-08-29 19:06:40,Blue,GiantX,complete,2457,True,2139.0,987.0,24.0,2.0,1,312.0,1136.0,4.0
LOLTMNT04_188104,LEC,2026-08-29 19:06:40,Red,Natus Vincere,complete,2457,True,-2139.0,-987.0,-24.0,-2.0,0,-312.0,-1136.0,-4.0
LOLTMNT01_451508,CBLOL,2026-08-29 19:36:38,Blue,LØS,complete,1429,True,9103.0,4380.0,42.0,11.0,1,2565.0,713.0,-6.0
LOLTMNT01_451508,CBLOL,2026-08-29 19:36:38,Red,Fluxo W7M,complete,1429,True,-9103.0,-4380.0,-42.0,-11.0,0,-2565.0,-713.0,6.0
LOLTMNT01_450792,LCS,2026-08-29 20:06:06,Blue,Team Liquid,complete,2157,True,429.0,643.0,35.0,-1.0,1,1357.0,1297.0,19.0
LOLTMNT01_450792,LCS,2026-08-29 20:06:06,Red,Shopify Rebellion,complete,2157,True,-429.0,-643.0,-35.0,1.0,0,-1357.0,-1297.0,-19.0
LOLTMNT01_451524,LCS,2026-08-29 21:00:02,Blue,Shopify Rebellion,complete,1681,True,-3832.0,-3123.0,30.0,-6.0,1,-3255.0,-1971.0,24.0
LOLTMNT01_451524,LCS,2026-08-29 21:00:02,Red,Team Liquid,complete,1681,True,3832.0,3123.0,-30.0,6.0,0,3255.0,1971.0,-24.0
LOLTMNT01_451532,LCS,2026-08-29 21:47:02,Blue,Team Liquid,complete,2153,True,6175.0,4001.0,57.0,5.0,1,4433.0,3332.0,18.0
LOLTMNT01_451532,LCS,2026-08-29 21:47:02,Red,Shopify Rebellion,complete,2153,True,-6175.0,-4001.0,-57.0,-5.0,0,-4433.0,-3332.0,-18.0
LOLTMNT01_451553,LCS,2026-08-29 22:53:50,Blue,LYON,complete,2808,True,-230.0,-827.0,1.0,-1.0,1,-823.0,-1525.0,-17.0
LOLTMNT01_451553,LCS,2026-08-29 22:53:50,Red,Cloud9,complete,2808,True,230.0,827.0,-1.0,1.0,0,823.0,1525.0,17.0
LOLTMNT01_450816,LCS,2026-08-29 23:58:49,Blue,LYON,complete,2086,True,3938.0,755.0,67.0,-1.0,1,1837.0,1051.0,30.0
LOLTMNT01_450816,LCS,2026-08-29 23:58:49,Red,Cloud9,complete,2086,True,-3938.0,-755.0,-67.0,1.0,0,-1837.0,-1051.0,-30.0
LOLTMNT02_461410,LCK,2026-08-30 08:10:04,Blue,KT Rolster,complete,2318,True,777.0,-395.0,40.0,-1.0,1,256.0,-1587.0,-8.0
LOLTMNT02_461410,LCK,2026-08-30 08:10:04,Red,Dplus Kia,complete,2318,True,-777.0,395.0,-40.0,1.0,0,-256.0,1587.0,8.0
LOLTMNT02_460401,LCP,2026-08-30 08:17:07,Blue,Team Secret Whales,complete,1986,True,6217.0,3865.0,6.0,7.0,1,2948.0,2458.0,10.0
LOLTMNT02_460401,LCP,2026-08-30 08:17:07,Red,CTBC Flying Oyster,complete,1986,True,-6217.0,-3865.0,-6.0,-7.0,0,-2948.0,-2458.0,-10.0
LOLTMNT02_461420,LCK,2026-08-30 09:12:22,Blue,KT Rolster,complete,2474,True,-7463.0,-6101.0,-88.0,-7.0,1,-4769.0,-4341.0,-28.0
LOLTMNT02_461420,LCK,2026-08-30 09:12:22,Red,Dplus Kia,complete,2474,True,7463.0,6101.0,88.0,7.0,0,4769.0,4341.0,28.0
13495-13495_game_1,LPL,2026-08-30 09:15:09,Blue,Team WE,complete,1806,True,8667.0,7529.0,119.0,9.0,1,3592.0,4123.0,55.0
13495-13495_game_1,LPL,2026-08-30 09:15:09,Red,JD Gaming,complete,1806,True,-8667.0,-7529.0,-119.0,-9.0,0,-3592.0,-4123.0,-55.0
LOLTMNT02_461423,LCP,2026-08-30 09:21:20,Blue,CTBC Flying Oyster,complete,2078,True,1648.0,199.0,-23.0,4.0,1,882.0,186.0,9.0
LOLTMNT02_461423,LCP,2026-08-30 09:21:20,Red,Team Secret Whales,complete,2078,True,-1648.0,-199.0,23.0,-4.0,0,-882.0,-186.0,-9.0
13495-13495_game_2,LPL,2026-08-30 10:05:12,Blue,Team WE,complete,1914,True,-1564.0,658.0,-11.0,2.0,1,-3769.0,-2819.0,-26.0
13495-13495_game_2,LPL,2026-08-30 10:05:12,Red,JD Gaming,complete,1914,True,1564.0,-658.0,11.0,-2.0,0,3769.0,2819.0,26.0
LOLTMNT02_461430,LCK,2026-08-30 10:16:18,Blue,KT Rolster,complete,2304,True,650.0,-356.0,13.0,-1.0,1,-671.0,-2064.0,-16.0
LOLTMNT02_461430,LCK,2026-08-30 10:16:18,Red,Dplus Kia,complete,2304,True,-650.0,356.0,-13.0,1.0,0,671.0,2064.0,16.0
LOLTMNT02_461432,LCP,2026-08-30 10:26:53,Blue,CTBC Flying Oyster,complete,1765,True,-4007.0,-1350.0,-10.0,-5.0,1,-1286.0,-591.0,8.0
LOLTMNT02_461432,LCP,2026-08-30 10:26:53,Red,Team Secret Whales,complete,1765,True,4007.0,1350.0,10.0,5.0,0,1286.0,591.0,-8.0
13495-13495_game_3,LPL,2026-08-30 10:59:33,Blue,Team WE,complete,1871,True,2555.0,1654.0,8.0,4.0,1,2603.0,2177.0,46.0
13495-13495_game_3,LPL,2026-08-30 10:59:33,Red,JD Gaming,complete,1871,True,-2555.0,-1654.0,-8.0,-4.0,0,-2603.0,-2177.0,-46.0
13495-13495_game_4,LPL,2026-08-30 11:52:59,Blue,Team WE,complete,2257,True,3822.0,4260.0,63.0,6.0,1,-884.0,-231.0,3.0
13495-13495_game_4,LPL,2026-08-30 11:52:59,Red,JD Gaming,complete,2257,True,-3822.0,-4260.0,-63.0,-6.0,0,884.0,231.0,-3.0
LOLTMNT04_188117,LEC,2026-08-30 12:08:57,Blue,Team Vitality,complete,1936,True,1912.0,1705.0,33.0,2.0,1,868.0,1065.0,9.0
LOLTMNT04_188117,LEC,2026-08-30 12:08:57,Red,Shifters,complete,1936,True,-1912.0,-1705.0,-33.0,-2.0,0,-868.0,-1065.0,-9.0
LOLTMNT04_188118,LEC,2026-08-30 13:01:54,Blue,Team Vitality,complete,1891,True,1560.0,1223.0,38.0,-1.0,1,267.0,1563.0,10.0
LOLTMNT04_188118,LEC,2026-08-30 13:01:54,Red,Shifters,complete,1891,True,-1560.0,-1223.0,-38.0,1.0,0,-267.0,-1563.0,-10.0
LOLTMNT04_188127,LEC,2026-08-30 13:59:20,Blue,Team Heretics,complete,1866,True,-4225.0,-3606.0,-51.0,-3.0,1,-3971.0,-3762.0,-50.0
LOLTMNT04_188127,LEC,2026-08-30 13:59:20,Red,Movistar KOI,complete,1866,True,4225.0,3606.0,51.0,3.0,0,3971.0,3762.0,50.0
LOLTMNT04_188132,LEC,2026-08-30 14:51:48,Blue,Team Heretics,complete,1883,True,-4440.0,-2811.0,-57.0,-5.0,1,286.0,320.0,-9.0
LOLTMNT04_188132,LEC,2026-08-30 14:51:48,Red,Movistar KOI,complete,1883,True,4440.0,2811.0,57.0,5.0,0,-286.0,-320.0,9.0
LOLTMNT04_188142,LEC,2026-08-30 15:49:15,Blue,GiantX,complete,2023,True,-2832.0,-3073.0,-46.0,-4.0,1,-544.0,-593.0,-4.0
LOLTMNT04_188142,LEC,2026-08-30 15:49:15,Red,Fnatic,complete,2023,True,2832.0,3073.0,46.0,4.0,0,544.0,593.0,4.0
LOLTMNT01_450939,CBLOL,2026-08-30 16:10:56,Blue,paiN Gaming,complete,2072,True,4302.0,3154.0,108.0,0.0,1,2117.0,816.0,32.0
LOLTMNT01_450939,CBLOL,2026-08-30 16:10:56,Red,Vivo Keyd Stars,complete,2072,True,-4302.0,-3154.0,-108.0,0.0,0,-2117.0,-816.0,-32.0
LOLTMNT04_188143,LEC,2026-08-30 16:42:17,Blue,GiantX,complete,2034,True,-559.0,-389.0,12.0,0.0,1,-1571.0,-1496.0,33.0
LOLTMNT04_188143,LEC,2026-08-30 16:42:17,Red,Fnatic,complete,2034,True,559.0,389.0,-12.0,0.0,0,1571.0,1496.0,-33.0
LOLTMNT01_450950,CBLOL,2026-08-30 17:05:25,Blue,Vivo Keyd Stars,complete,2165,True,-652.0,599.0,21.0,-1.0,1,548.0,577.0,-17.0
LOLTMNT01_450950,CBLOL,2026-08-30 17:05:25,Red,paiN Gaming,complete,2165,True,652.0,-599.0,-21.0,1.0,0,-548.0,-577.0,17.0
LOLTMNT04_188144,LEC,2026-08-30 17:34:38,Blue,Fnatic,complete,1446,True,-1625.0,-1067.0,-20.0,-1.0,1,-1872.0,-1960.0,-21.0
LOLTMNT04_188144,LEC,2026-08-30 17:34:38,Red,GiantX,complete,1446,True,1625.0,1067.0,20.0,1.0,0,1872.0,1960.0,21.0
LOLTMNT01_450961,CBLOL,2026-08-30 18:00:43,Blue,paiN Gaming,complete,2941,True,670.0,368.0,50.0,-3.0,1,-1376.0,-2028.0,-23.0
LOLTMNT01_450961,CBLOL,2026-08-30 18:00:43,Red,Vivo Keyd Stars,complete,2941,True,-670.0,-368.0,-50.0,3.0,0,1376.0,2028.0,23.0
LOLTMNT01_450993,CBLOL,2026-08-30 19:12:30,Blue,FURIA,complete,2216,True,1028.0,1061.0,39.0,-2.0,1,494.0,972.0,11.0
LOLTMNT01_450993,CBLOL,2026-08-30 19:12:30,Red,Leviatan,complete,2216,True,-1028.0,-1061.0,-39.0,2.0,0,-494.0,-972.0,-11.0
LOLTMNT01_451792,CBLOL,2026-08-30 20:07:25,Blue,FURIA,complete,2163,True,2366.0,585.0,-3.0,2.0,1,2984.0,367.0,11.0
LOLTMNT01_451792,CBLOL,2026-08-30 20:07:25,Red,Leviatan,complete,2163,True,-2366.0,-585.0,3.0,-2.0,0,-2984.0,-367.0,-11.0
LOLTMNT01_452021,LCS,2026-08-30 20:13:31,Blue,Team Liquid,complete,1822,True,-283.0,649.0,-13.0,1.0,1,323.0,1055.0,-3.0
LOLTMNT01_452021,LCS,2026-08-30 20:13:31,Red,LYON,complete,1822,True,283.0,-649.0,13.0,-1.0,0,-323.0,-1055.0,3.0
LOLTMNT01_451798,LCS,2026-08-30 21:03:08,Blue,LYON,complete,1650,True,4821.0,4526.0,98.0,7.0,1,2710.0,2534.0,36.0
LOLTMNT01_451798,LCS,2026-08-30 21:03:08,Red,Team Liquid,complete,1650,True,-4821.0,-4526.0,-98.0,-7.0,0,-2710.0,-2534.0,-36.0
LOLTMNT01_451816,LCS,2026-08-30 21:57:05,Blue,Shopify Rebellion,complete,1829,True,-5641.0,-5469.0,-72.0,-5.0,1,-4234.0,-3893.0,-35.0
LOLTMNT01_451816,LCS,2026-08-30 21:57:05,Red,Cloud9,complete,1829,True,5641.0,5469.0,72.0,5.0,0,4234.0,3893.0,35.0
LOLTMNT01_451824,LCS,2026-08-30 22:43:53,Blue,Shopify Rebellion,complete,2156,True,437.0,-1157.0,7.0,-1.0,1,568.0,225.0,18.0
LOLTMNT01_451824,LCS,2026-08-30 22:43:53,Red,Cloud9,complete,2156,True,-437.0,1157.0,-7.0,1.0,0,-568.0,-225.0,-18.0
LOLTMNT01_452058,LCS,2026-08-30 23:43:20,Blue,Shopify Rebellion,complete,2149,True,-2003.0,-1607.0,-58.0,1.0,1,-259.0,21.0,-33.0
LOLTMNT01_452058,LCS,2026-08-30 23:43:20,Red,Cloud9,complete,2149,True,2003.0,1607.0,58.0,-1.0,0,259.0,-21.0,33.0
LOLTMNT02_461660,LCK,2026-09-01 08:11:13,Blue,Gen.G,complete,2154,True,-2460.0,-1321.0,46.0,-6.0,1,-930.0,-972.0,14.0
LOLTMNT02_461660,LCK,2026-09-01 08:11:13,Red,KT Rolster,complete,2154,True,2460.0,1321.0,-46.0,6.0,0,930.0,972.0,-14.0
LOLTMNT02_460605,LCK,2026-09-01 09:13:07,Blue,Gen.G,complete,1976,True,-104.0,2010.0,65.0,-2.0,1,694.0,2089.0,43.0
LOLTMNT02_460605,LCK,2026-09-01 09:13:07,Red,KT Rolster,complete,1976,True,104.0,-2010.0,-65.0,2.0,0,-694.0,-2089.0,-43.0
LOLTMNT02_461672,LCK,2026-09-01 10:08:49,Blue,Gen.G,complete,1709,True,1711.0,-1066.0,1.0,-2.0,1,208.0,-1657.0,-6.0
LOLTMNT02_461672,LCK,2026-09-01 10:08:49,Red,KT Rolster,complete,1709,True,-1711.0,1066.0,-1.0,2.0,0,-208.0,1657.0,6.0
LOLTMNT02_461735,LCK,2026-09-02 08:11:08,Blue,T1,complete,1781,True,888.0,-487.0,-34.0,1.0,1,2441.0,3286.0,44.0
LOLTMNT02_461735,LCK,2026-09-02 08:11:08,Red,Hanwha Life Esports,complete,1781,True,-888.0,487.0,34.0,-1.0,0,-2441.0,-3286.0,-44.0
LOLTMNT02_460676,LCK,2026-09-02 09:05:00,Blue,T1,complete,1758,True,7169.0,9045.0,52.0,12.0,1,4902.0,5610.0,47.0
LOLTMNT02_460676,LCK,2026-09-02 09:05:00,Red,Hanwha Life Esports,complete,1758,True,-7169.0,-9045.0,-52.0,-12.0,0,-4902.0,-5610.0,-47.0
LOLTMNT02_460684,LCK,2026-09-02 09:56:50,Blue,Hanwha Life Esports,complete,1536,True,850.0,598.0,44.0,1.0,1,-1354.0,-782.0,-15.0
LOLTMNT02_460684,LCK,2026-09-02 09:56:50,Red,T1,complete,1536,True,-850.0,-598.0,-44.0,-1.0,0,1354.0,782.0,15.0
LOLTMNT02_460687,LCK,2026-09-02 10:46:41,Blue,T1,complete,1643,True,-6310.0,-4713.0,-31.0,-10.0,1,-2023.0,-2255.0,1.0
LOLTMNT02_460687,LCK,2026-09-02 10:46:41,Red,Hanwha Life Esports,complete,1643,True,6310.0,4713.0,31.0,10.0,0,2023.0,2255.0,-1.0
LOLTMNT02_460694,LCK,2026-09-02 11:38:32,Blue,T1,complete,1676,True,-2103.0,-2424.0,-24.0,-5.0,1,-3076.0,-4164.0,-27.0
LOLTMNT02_460694,LCK,2026-09-02 11:38:32,Red,Hanwha Life Esports,complete,1676,True,2103.0,2424.0,24.0,5.0,0,3076.0,4164.0,27.0
LOLTMNT02_460749,LCK,2026-09-03 08:07:55,Blue,BNK FEARX,complete,2542,True,1056.0,-475.0,-15.0,0.0,1,1970.0,-498.0,2.0
LOLTMNT02_460749,LCK,2026-09-03 08:07:55,Red,Dplus Kia,complete,2542,True,-1056.0,475.0,15.0,0.0,0,-1970.0,498.0,-2.0
LOLTMNT02_460761,LCK,2026-09-03 09:14:47,Blue,BNK FEARX,complete,2431,True,-183.0,-182.0,-17.0,-1.0,1,152.0,-49.0,-6.0
LOLTMNT02_460761,LCK,2026-09-03 09:14:47,Red,Dplus Kia,complete,2431,True,183.0,182.0,17.0,1.0,0,-152.0,49.0,6.0
13497-13497_game_1,LPL,2026-09-03 09:18:59,Blue,Bilibili Gaming,complete,1762,True,8451.0,7334.0,43.0,10.0,1,6309.0,5964.0,36.0
13497-13497_game_1,LPL,2026-09-03 09:18:59,Red,Team WE,complete,1762,True,-8451.0,-7334.0,-43.0,-10.0,0,-6309.0,-5964.0,-36.0
13497-13497_game_2,LPL,2026-09-03 10:12:21,Blue,Bilibili Gaming,complete,1512,True,9025.0,6498.0,93.0,12.0,1,2127.0,1872.0,-6.0
13497-13497_game_2,LPL,2026-09-03 10:12:21,Red,Team WE,complete,1512,True,-9025.0,-6498.0,-93.0,-12.0,0,-2127.0,-1872.0,6.0
LOLTMNT02_460772,LCK,2026-09-03 10:17:15,Blue,Dplus Kia,complete,1912,True,2709.0,670.0,61.0,0.0,1,-1196.0,-1954.0,17.0
LOLTMNT02_460772,LCK,2026-09-03 10:17:15,Red,BNK FEARX,complete,1912,True,-2709.0,-670.0,-61.0,0.0,0,1196.0,1954.0,-17.0
13497-13497_game_3,LPL,2026-09-03 11:00:41,Blue,Bilibili Gaming,complete,2020,True,662.0,2073.0,65.0,-1.0,1,-755.0,129.0,13.0
13497-13497_game_3,LPL,2026-09-03 11:00:41,Red,Team WE,complete,2020,True,-662.0,-2073.0,-65.0,1.0,0,755.0,-129.0,-13.0
LOLTMNT02_460780,LCK,2026-09-03 11:11:44,Blue,BNK FEARX,complete,1358,True,-3853.0,-2558.0,-20.0,-2.0,1,-1851.0,-1685.0,-33.0
LOLTMNT02_460780,LCK,2026-09-03 11:11:44,Red,Dplus Kia,complete,1358,True,3853.0,2558.0,20.0,2.0,0,1851.0,1685.0,33.0
13497-13497_game_4,LPL,2026-09-03 11:58:07,Blue,Team WE,complete,1491,True,-5986.0,-6132.0,-88.0,-8.0,1,-3427.0,-3803.0,-34.0
13497-13497_game_4,LPL,2026-09-03 11:58:07,Red,Bilibili Gaming,complete,1491,True,5986.0,6132.0,88.0,8.0,0,3427.0,3803.0,34.0
LOLTMNT02_460789,LCK,2026-09-03 11:59:51,Blue,Dplus Kia,complete,1478,True,7607.0,7488.0,113.0,4.0,1,4994.0,4318.0,46.0
LOLTMNT02_460789,LCK,2026-09-03 11:59:51,Red,BNK FEARX,complete,1478,True,-7607.0,-7488.0,-113.0,-4.0,0,-4994.0,-4318.0,-46.0
LOLTMNT02_460906,LCK,2026-09-04 08:07:52,Blue,KT Rolster,complete,1900,True,2218.0,1302.0,-29.0,5.0,1,2502.0,1364.0,-18.0
LOLTMNT02_460906,LCK,2026-09-04 08:07:52,Red,Dplus Kia,complete,1900,True,-2218.0,-1302.0,29.0,-5.0,0,-2502.0,-1364.0,18.0
LOLTMNT02_460917,LCK,2026-09-04 09:02:16,Blue,Dplus Kia,complete,2533,True,1833.0,2273.0,25.0,2.0,1,538.0,1577.0,-7.0
LOLTMNT02_460917,LCK,2026-09-04 09:02:16,Red,KT Rolster,complete,2533,True,-1833.0,-2273.0,-25.0,-2.0,0,-538.0,-1577.0,7.0
13496-13496_game_1,LPL,2026-09-04 09:12:53,Blue,LGD Gaming,complete,1495,True,-380.0,-209.0,4.0,1.0,1,-1377.0,-2184.0,-25.0
13496-13496_game_1,LPL,2026-09-04 09:12:53,Red,Anyone's Legend,complete,1495,True,380.0,209.0,-4.0,-1.0,0,1377.0,2184.0,25.0
13496-13496_game_2,LPL,2026-09-04 10:01:25,Blue,Anyone's Legend,complete,1874,True,6482.0,4377.0,69.0,4.0,1,5098.0,3058.0,20.0
13496-13496_game_2,LPL,2026-09-04 10:01:25,Red,LGD Gaming,complete,1874,True,-6482.0,-4377.0,-69.0,-4.0,0,-5098.0,-3058.0,-20.0
LOLTMNT02_460928,LCK,2026-09-04 10:07:29,Blue,KT Rolster,complete,1611,True,-5239.0,-5608.0,-88.0,-5.0,1,-2245.0,-1832.0,-34.0
LOLTMNT02_460928,LCK,2026-09-04 10:07:29,Red,Dplus Kia,complete,1611,True,5239.0,5608.0,88.0,5.0,0,2245.0,1832.0,34.0
LOLTMNT02_462043,LCK,2026-09-04 10:58:00,Blue,Dplus Kia,complete,1869,True,7737.0,4495.0,116.0,3.0,1,4135.0,1882.0,14.0
LOLTMNT02_462043,LCK,2026-09-04 10:58:00,Red,KT Rolster,complete,1869,True,-7737.0,-4495.0,-116.0,-3.0,0,-4135.0,-1882.0,-14.0
13496-13496_game_3,LPL,2026-09-04 11:01:18,Blue,Anyone's Legend,complete,2266,True,1227.0,-2225.0,54.0,-4.0,1,-1768.0,-1295.0,6.0
13496-13496_game_3,LPL,2026-09-04 11:01:18,Red,LGD Gaming,complete,2266,True,-1227.0,2225.0,-54.0,4.0,0,1768.0,1295.0,-6.0
13496-13496_game_4,LPL,2026-09-04 12:03:49,Blue,Anyone's Legend,complete,1592,True,4242.0,1681.0,69.0,2.0,1,2385.0,1258.0,48.0
13496-13496_game_4,LPL,2026-09-04 12:03:49,Red,LGD Gaming,complete,1592,True,-4242.0,-1681.0,-69.0,-2.0,0,-2385.0,-1258.0,-48.0
13498-13498_game_1,LPL,2026-09-05 06:14:28,Blue,Top Esports,complete,1936,False,,,,,1,,,
13498-13498_game_1,LPL,2026-09-05 06:14:28,Red,Invictus Gaming,complete,1936,False,,,,,0,,,
13498-13498_game_2,LPL,2026-09-05 07:08:16,Blue,Invictus Gaming,complete,1700,False,,,,,1,,,
13498-13498_game_2,LPL,2026-09-05 07:08:16,Red,Top Esports,complete,1700,False,,,,,0,,,
13498-13498_game_3,LPL,2026-09-05 08:00:10,Blue,Invictus Gaming,complete,2548,False,,,,,1,,,
13498-13498_game_3,LPL,2026-09-05 08:00:10,Red,Top Esports,complete,2548,False,,,,,0,,,
LOLTMNT02_462135,LCK,2026-09-05 08:08:15,Blue,Hanwha Life Esports,complete,2355,True,-2113.0,-2112.0,-19.0,-2.0,1,-910.0,-946.0,-19.0
LOLTMNT02_462135,LCK,2026-09-05 08:08:15,Red,Gen.G,complete,2355,True,2113.0,2112.0,19.0,2.0,0,910.0,946.0,19.0
13498-13498_game_4,LPL,2026-09-05 09:05:48,Blue,Invictus Gaming,complete,2174,True,1128.0,1121.0,25.0,1.0,1,-3378.0,-3446.0,-31.0
13498-13498_game_4,LPL,2026-09-05 09:05:48,Red,Top Esports,complete,2174,True,-1128.0,-1121.0,-25.0,-1.0,0,3378.0,3446.0,31.0
LOLTMNT02_462142,LCK,2026-09-05 09:11:25,Blue,Gen.G,complete,2738,True,1269.0,1983.0,19.0,3.0,1,-514.0,-702.0,-11.0
LOLTMNT02_462142,LCK,2026-09-05 09:11:25,Red,Hanwha Life Esports,complete,2738,True,-1269.0,-1983.0,-19.0,-3.0,0,514.0,702.0,11.0
13498-13498_game_5,LPL,2026-09-05 10:08:34,Blue,Top Esports,complete,1504,True,-8222.0,-8577.0,-84.0,-9.0,1,-4678.0,-4220.0,-19.0
13498-13498_game_5,LPL,2026-09-05 10:08:34,Red,Invictus Gaming,complete,1504,True,8222.0,8577.0,84.0,9.0,0,4678.0,4220.0,19.0
LOLTMNT02_460995,LCK,2026-09-05 10:19:29,Blue,Hanwha Life Esports,complete,1875,True,2026.0,1092.0,2.0,1.0,1,763.0,154.0,-11.0
LOLTMNT02_460995,LCK,2026-09-05 10:19:29,Red,Gen.G,complete,1875,True,-2026.0,-1092.0,-2.0,-1.0,0,-763.0,-154.0,11.0
LOLTMNT04_189299,LEC,2026-09-05 10:19:57,Blue,G2 Esports,complete,2309,True,-2652.0,-910.0,-19.0,-4.0,1,-150.0,459.0,1.0
LOLTMNT04_189299,LEC,2026-09-05 10:19:57,Red,Team Vitality,complete,2309,True,2652.0,910.0,19.0,4.0,0,150.0,-459.0,-1.0
LOLTMNT02_461000,LCK,2026-09-05 11:12:55,Blue,Gen.G,complete,1619,True,3181.0,1485.0,24.0,3.0,1,1426.0,-472.0,-20.0
LOLTMNT02_461000,LCK,2026-09-05 11:12:55,Red,Hanwha Life Esports,complete,1619,True,-3181.0,-1485.0,-24.0,-3.0,0,-1426.0,472.0,20.0
13499-13499_game_1,LPL,2026-09-05 11:23:05,Blue,JD Gaming,complete,2382,False,,,,,1,,,
13499-13499_game_1,LPL,2026-09-05 11:23:05,Red,Ninjas in Pyjamas,complete,2382,False,,,,,0,,,
LOLTMNT04_189300,LEC,2026-09-05 11:23:28,Blue,G2 Esports,complete,2035,True,1343.0,3687.0,50.0,-2.0,1,2040.0,3025.0,34.0
LOLTMNT04_189300,LEC,2026-09-05 11:23:28,Red,Team Vitality,complete,2035,True,-1343.0,-3687.0,-50.0,2.0,0,-2040.0,-3025.0,-34.0
LOLTMNT04_188327,LEC,2026-09-05 12:19:18,Blue,G2 Esports,complete,1741,True,1962.0,856.0,70.0,-2.0,1,644.0,-1148.0,10.0
LOLTMNT04_188327,LEC,2026-09-05 12:19:18,Red,Team Vitality,complete,1741,True,-1962.0,-856.0,-70.0,2.0,0,-644.0,1148.0,-10.0
13499-13499_game_2,LPL,2026-09-05 12:24:27,Blue,Ninjas in Pyjamas,complete,1976,False,,,,,1,,,
13499-13499_game_2,LPL,2026-09-05 12:24:27,Red,JD Gaming,complete,1976,False,,,,,0,,,
13499-13499_game_3,LPL,2026-09-05 13:20:43,Blue,JD Gaming,complete,1679,True,-227.0,-1268.0,-24.0,1.0,1,-75.0,-449.0,-18.0
13499-13499_game_3,LPL,2026-09-05 13:20:43,Red,Ninjas in Pyjamas,complete,1679,True,227.0,1268.0,24.0,-1.0,0,75.0,449.0,18.0
LOLTMNT04_189331,LEC,2026-09-05 13:24:12,Blue,Karmine Corp,complete,2104,True,3951.0,952.0,22.0,1.0,1,-363.0,-355.0,11.0
LOLTMNT04_189331,LEC,2026-09-05 13:24:12,Red,GiantX,complete,2104,True,-3951.0,-952.0,-22.0,-1.0,0,363.0,355.0,-11.0
LOLTMNT04_189335,LEC,2026-09-05 14:26:02,Blue,Karmine Corp,complete,2154,True,2397.0,2761.0,28.0,3.0,1,3310.0,3611.0,27.0
LOLTMNT04_189335,LEC,2026-09-05 14:26:02,Red,GiantX,complete,2154,True,-2397.0,-2761.0,-28.0,-3.0,0,-3310.0,-3611.0,-27.0
LOLTMNT04_188343,LEC,2026-09-05 15:25:27,Blue,GiantX,complete,1583,True,-6828.0,-7119.0,-97.0,-6.0,1,-4120.0,-3680.0,-57.0
LOLTMNT04_188343,LEC,2026-09-05 15:25:27,Red,Karmine Corp,complete,1583,True,6828.0,7119.0,97.0,6.0,0,4120.0,3680.0,57.0
LOLTMNT01_455944,CBLOL,2026-09-05 16:12:38,Blue,paiN Gaming,complete,1908,True,-1879.0,-2612.0,-50.0,-1.0,1,-1281.0,-1556.0,-55.0
LOLTMNT01_455944,CBLOL,2026-09-05 16:12:38,Red,Vivo Keyd Stars,complete,1908,True,1879.0,2612.0,50.0,1.0,0,1281.0,1556.0,55.0
LOLTMNT04_188347,LEC,2026-09-05 16:15:13,Blue,Karmine Corp,complete,1589,True,5946.0,4611.0,63.0,6.0,1,463.0,526.0,7.0
LOLTMNT04_188347,LEC,2026-09-05 16:15:13,Red,GiantX,complete,1589,True,-5946.0,-4611.0,-63.0,-6.0,0,-463.0,-526.0,-7.0
LOLTMNT01_455967,CBLOL,2026-09-05 17:06:44,Blue,Vivo Keyd Stars,complete,1774,True,-3631.0,-1477.0,-9.0,-3.0,1,-2084.0,-162.0,7.0
LOLTMNT01_455967,CBLOL,2026-09-05 17:06:44,Red,paiN Gaming,complete,1774,True,3631.0,1477.0,9.0,3.0,0,2084.0,162.0,-7.0
LOLTMNT01_454932,CBLOL,2026-09-05 17:55:42,Blue,paiN Gaming,complete,2116,True,3360.0,264.0,-5.0,4.0,1,-680.0,-951.0,-11.0
LOLTMNT01_454932,CBLOL,2026-09-05 17:55:42,Red,Vivo Keyd Stars,complete,2116,True,-3360.0,-264.0,5.0,-4.0,0,680.0,951.0,11.0
LOLTMNT01_454959,CBLOL,2026-09-05 18:54:46,Blue,paiN Gaming,complete,1732,True,7649.0,5185.0,23.0,10.0,1,3213.0,2079.0,-3.0
LOLTMNT01_454959,CBLOL,2026-09-05 18:54:46,Red,Vivo Keyd Stars,complete,1732,True,-7649.0,-5185.0,-23.0,-10.0,0,-3213.0,-2079.0,3.0
LOLTMNT01_456032,LCS,2026-09-05 20:11:18,Blue,Cloud9,complete,1623,True,5646.0,4292.0,38.0,5.0,1,1995.0,2198.0,5.0
LOLTMNT01_456032,LCS,2026-09-05 20:11:18,Red,Sentinels,complete,1623,True,-5646.0,-4292.0,-38.0,-5.0,0,-1995.0,-2198.0,-5.0
LOLTMNT01_457020,LCS,2026-09-05 20:56:30,Blue,Cloud9,complete,1975,True,177.0,-971.0,44.0,-4.0,1,-1097.0,-2388.0,-2.0
LOLTMNT01_457020,LCS,2026-09-05 20:56:30,Red,Sentinels,complete,1975,True,-177.0,971.0,-44.0,4.0,0,1097.0,2388.0,2.0
LOLTMNT01_456068,LCS,2026-09-05 22:03:57,Blue,Team Liquid,complete,1479,True,5535.0,3381.0,65.0,4.0,1,2856.0,-432.0,2.0
LOLTMNT01_456068,LCS,2026-09-05 22:03:57,Red,Dignitas,complete,1479,True,-5535.0,-3381.0,-65.0,-4.0,0,-2856.0,432.0,-2.0
LOLTMNT01_457060,LCS,2026-09-05 22:48:43,Blue,Dignitas,complete,1752,True,-5596.0,-4078.0,-44.0,-6.0,1,-2821.0,-2526.0,-12.0
LOLTMNT01_457060,LCS,2026-09-05 22:48:43,Red,Team Liquid,complete,1752,True,5596.0,4078.0,44.0,6.0,0,2821.0,2526.0,12.0
13500-13500_game_1,LPL,2026-09-06 06:14:37,Blue,Invictus Gaming,complete,1408,True,4562.0,4374.0,16.0,5.0,1,5385.0,4109.0,19.0
13500-13500_game_1,LPL,2026-09-06 06:14:37,Red,Team WE,complete,1408,True,-4562.0,-4374.0,-16.0,-5.0,0,-5385.0,-4109.0,-19.0
13500-13500_game_2,LPL,2026-09-06 07:01:16,Blue,Team WE,complete,1893,False,,,,,1,,,
13500-13500_game_2,LPL,2026-09-06 07:01:16,Red,Invictus Gaming,complete,1893,False,,,,,0,,,
13500-13500_game_3,LPL,2026-09-06 07:57:32,Blue,Team WE,complete,2025,False,,,,,1,,,
13500-13500_game_3,LPL,2026-09-06 07:57:32,Red,Invictus Gaming,complete,2025,False,,,,,0,,,
LOLTMNT02_463036,LCK,2026-09-06 08:09:36,Blue,Dplus Kia,complete,2562,True,-1509.0,-1671.0,-1.0,-2.0,1,-2391.0,-3490.0,-26.0
LOLTMNT02_463036,LCK,2026-09-06 08:09:36,Red,T1,complete,2562,True,1509.0,1671.0,1.0,2.0,0,2391.0,3490.0,26.0
13500-13500_game_4,LPL,2026-09-06 08:54:18,Blue,Invictus Gaming,complete,1542,True,4848.0,4511.0,50.0,4.0,1,3263.0,2431.0,31.0
13500-13500_game_4,LPL,2026-09-06 08:54:18,Red,Team WE,complete,1542,True,-4848.0,-4511.0,-50.0,-4.0,0,-3263.0,-2431.0,-31.0
LOLTMNT02_463047,LCK,2026-09-06 09:15:47,Blue,Dplus Kia,complete,1873,True,-792.0,-495.0,-18.0,-1.0,1,2157.0,2159.0,14.0
LOLTMNT02_463047,LCK,2026-09-06 09:15:47,Red,T1,complete,1873,True,792.0,495.0,18.0,1.0,0,-2157.0,-2159.0,-14.0
13501-13501_game_1,LPL,2026-09-06 10:03:04,Blue,LGD Gaming,complete,1829,False,,,,,1,,,
13501-13501_game_1,LPL,2026-09-06 10:03:04,Red,Ninjas in Pyjamas,complete,1829,False,,,,,0,,,
LOLTMNT02_462218,LCK,2026-09-06 10:08:45,Blue,Dplus Kia,complete,2387,True,1453.0,4051.0,127.0,-3.0,1,811.0,-242.0,30.0
LOLTMNT02_462218,LCK,2026-09-06 10:08:45,Red,T1,complete,2387,True,-1453.0,-4051.0,-127.0,3.0,0,-811.0,242.0,-30.0
13501-13501_game_2,LPL,2026-09-06 10:59:22,Blue,LGD Gaming,complete,2470,False,,,,,1,,,
13501-13501_game_2,LPL,2026-09-06 10:59:22,Red,Ninjas in Pyjamas,complete,2470,False,,,,,0,,,
LOLTMNT02_463053,LCK,2026-09-06 11:11:44,Blue,Dplus Kia,complete,1884,True,3310.0,1745.0,33.0,4.0,1,1512.0,980.0,11.0
LOLTMNT02_463053,LCK,2026-09-06 11:11:44,Red,T1,complete,1884,True,-3310.0,-1745.0,-33.0,-4.0,0,-1512.0,-980.0,-11.0
13501-13501_game_3,LPL,2026-09-06 12:02:08,Blue,Ninjas in Pyjamas,complete,1572,True,-5356.0,-2517.0,10.0,-10.0,1,-2231.0,-523.0,15.0
13501-13501_game_3,LPL,2026-09-06 12:02:08,Red,LGD Gaming,complete,1572,True,5356.0,2517.0,-10.0,10.0,0,2231.0,523.0,-15.0
13501-13501_game_4,LPL,2026-09-06 12:51:12,Blue,LGD Gaming,complete,1569,True,-4055.0,-2757.0,29.0,-7.0,1,-3171.0,-2421.0,14.0
13501-13501_game_4,LPL,2026-09-06 12:51:12,Red,Ninjas in Pyjamas,complete,1569,True,4055.0,2757.0,-29.0,7.0,0,3171.0,2421.0,-14.0
13501-13501_game_5,LPL,2026-09-06 13:43:30,Blue,Ninjas in Pyjamas,complete,2428,True,-1986.0,-727.0,5.0,-3.0,1,-70.0,-537.0,-16.0
13501-13501_game_5,LPL,2026-09-06 13:43:30,Red,LGD Gaming,complete,2428,True,1986.0,727.0,-5.0,3.0,0,70.0,537.0,16.0
LOLTMNT04_188363,LEC,2026-09-06 15:17:22,Blue,Karmine Corp,complete,2025,True,164.0,-1173.0,20.0,-2.0,1,-81.0,-1797.0,30.0
LOLTMNT04_188363,LEC,2026-09-06 15:17:22,Red,G2 Esports,complete,2025,True,-164.0,1173.0,-20.0,2.0,0,81.0,1797.0,-30.0
LOLTMNT01_456330,CBLOL,2026-09-06 16:11:28,Blue,RED Canids,complete,2315,True,-1715.0,-345.0,1.0,0.0,1,-1583.0,-1336.0,-29.0
LOLTMNT01_456330,CBLOL,2026-09-06 16:11:28,Red,FURIA,complete,2315,True,1715.0,345.0,-1.0,0.0,0,1583.0,1336.0,29.0
LOLTMNT04_188367,LEC,2026-09-06 16:15:36,Blue,G2 Esports,complete,2068,True,-912.0,-1983.0,-36.0,0.0,1,-2768.0,-2650.0,-37.0
LOLTMNT04_188367,LEC,2026-09-06 16:15:36,Red,Karmine Corp,complete,2068,True,912.0,1983.0,36.0,0.0,0,2768.0,2650.0,37.0
LOLTMNT01_457348,CBLOL,2026-09-06 17:08:40,Blue,FURIA,complete,1921,True,4069.0,2122.0,52.0,4.0,1,1240.0,684.0,25.0
LOLTMNT01_457348,CBLOL,2026-09-06 17:08:40,Red,RED Canids,complete,1921,True,-4069.0,-2122.0,-52.0,-4.0,0,-1240.0,-684.0,-25.0
LOLTMNT04_188372,LEC,2026-09-06 17:13:03,Blue,G2 Esports,complete,1692,True,-4381.0,-2063.0,-43.0,-3.0,1,-2901.0,-1124.0,-18.0
LOLTMNT04_188372,LEC,2026-09-06 17:13:03,Red,Karmine Corp,complete,1692,True,4381.0,2063.0,43.0,3.0,0,2901.0,1124.0,18.0
LOLTMNT01_456366,CBLOL,2026-09-06 17:58:21,Blue,FURIA,complete,1921,True,2144.0,-333.0,9.0,2.0,1,1053.0,7.0,0.0
LOLTMNT01_456366,CBLOL,2026-09-06 17:58:21,Red,RED Canids,complete,1921,True,-2144.0,333.0,-9.0,-2.0,0,-1053.0,-7.0,0.0
LOLTMNT04_189380,LEC,2026-09-06 18:04:59,Blue,Karmine Corp,complete,1588,True,-3328.0,-2993.0,-94.0,1.0,1,-1104.0,-1062.0,-33.0
LOLTMNT04_189380,LEC,2026-09-06 18:04:59,Red,G2 Esports,complete,1588,True,3328.0,2993.0,94.0,-1.0,0,1104.0,1062.0,33.0
LOLTMNT01_456410,LCS,2026-09-06 20:07:35,Blue,Shopify Rebellion,complete,1940,True,-1922.0,135.0,-34.0,2.0,1,-947.0,754.0,1.0
LOLTMNT01_456410,LCS,2026-09-06 20:07:35,Red,FlyQuest,complete,1940,True,1922.0,-135.0,34.0,-2.0,0,947.0,-754.0,-1.0
LOLTMNT01_457428,LCS,2026-09-06 20:57:45,Blue,Shopify Rebellion,complete,1923,True,-3885.0,-4108.0,-24.0,-5.0,1,-4178.0,-5098.0,-30.0
LOLTMNT01_457428,LCS,2026-09-06 20:57:45,Red,FlyQuest,complete,1923,True,3885.0,4108.0,24.0,5.0,0,4178.0,5098.0,30.0
LOLTMNT01_456445,LCS,2026-09-06 21:51:40,Blue,Disguised,complete,1431,True,-3146.0,-5276.0,-39.0,-7.0,1,-1255.0,-2025.0,-12.0
LOLTMNT01_456445,LCS,2026-09-06 21:51:40,Red,LYON,complete,1431,True,3146.0,5276.0,39.0,7.0,0,1255.0,2025.0,12.0
LOLTMNT01_457447,LCS,2026-09-06 22:34:24,Blue,LYON,complete,1457,True,13451.0,9166.0,68.0,20.0,1,5220.0,3780.0,-2.0
LOLTMNT01_457447,LCS,2026-09-06 22:34:24,Red,Disguised,complete,1457,True,-13451.0,-9166.0,-68.0,-20.0,0,-5220.0,-3780.0,2.0
13502-13502_game_1,LPL,2026-09-07 09:12:41,Blue,Anyone's Legend,complete,1865,False,,,,,1,,,
13502-13502_game_1,LPL,2026-09-07 09:12:41,Red,Bilibili Gaming,complete,1865,False,,,,,0,,,
13502-13502_game_2,LPL,2026-09-07 10:08:53,Blue,Anyone's Legend,complete,1980,False,,,,,1,,,
13502-13502_game_2,LPL,2026-09-07 10:08:53,Red,Bilibili Gaming,complete,1980,False,,,,,0,,,
13502-13502_game_3,LPL,2026-09-07 11:05:44,Blue,Bilibili Gaming,complete,1495,True,5393.0,4015.0,56.0,7.0,1,3131.0,4192.0,30.0
13502-13502_game_3,LPL,2026-09-07 11:05:44,Red,Anyone's Legend,complete,1495,True,-5393.0,-4015.0,-56.0,-7.0,0,-3131.0,-4192.0,-30.0
13503-13503_game_1,LPL,2026-09-08 09:15:46,Blue,LGD Gaming,complete,1618,True,-6094.0,-3995.0,-79.0,-3.0,1,-3488.0,-3324.0,-30.0
13503-13503_game_1,LPL,2026-09-08 09:15:46,Red,Invictus Gaming,complete,1618,True,6094.0,3995.0,79.0,3.0,0,3488.0,3324.0,30.0
13503-13503_game_2,LPL,2026-09-08 10:06:24,Blue,Invictus Gaming,complete,1530,True,8031.0,6856.0,94.0,8.0,1,2275.0,3017.0,41.0
13503-13503_game_2,LPL,2026-09-08 10:06:24,Red,LGD Gaming,complete,1530,True,-8031.0,-6856.0,-94.0,-8.0,0,-2275.0,-3017.0,-41.0
13503-13503_game_3,LPL,2026-09-08 10:55:45,Blue,Invictus Gaming,complete,1665,True,1030.0,-394.0,41.0,0.0,1,-2633.0,-2459.0,-3.0
13503-13503_game_3,LPL,2026-09-08 10:55:45,Red,LGD Gaming,complete,1665,True,-1030.0,394.0,-41.0,0.0,0,2633.0,2459.0,3.0
LOLTMNT04_189689,LEC,2026-09-11 15:10:09,Blue,GiantX,complete,1728,True,-2674.0,-2158.0,-45.0,-3.0,1,-1034.0,-441.0,6.0
LOLTMNT04_189689,LEC,2026-09-11 15:10:09,Red,Natus Vincere,complete,1728,True,2674.0,2158.0,45.0,3.0,0,1034.0,441.0,-6.0
LOLTMNT04_188630,LEC,2026-09-11 15:57:07,Blue,GiantX,complete,2157,True,2561.0,-919.0,-31.0,-1.0,1,2202.0,-963.0,-18.0
LOLTMNT04_188630,LEC,2026-09-11 15:57:07,Red,Natus Vincere,complete,2157,True,-2561.0,919.0,31.0,1.0,0,-2202.0,963.0,18.0
LOLTMNT04_189695,LEC,2026-09-11 16:53:59,Blue,Natus Vincere,complete,2178,True,1026.0,1551.0,51.0,2.0,1,-774.0,-326.0,24.0
LOLTMNT04_189695,LEC,2026-09-11 16:53:59,Red,GiantX,complete,2178,True,-1026.0,-1551.0,-51.0,-2.0,0,774.0,326.0,-24.0
LOLTMNT04_188638,LEC,2026-09-11 17:53:27,Blue,GiantX,complete,2190,True,-1531.0,-3922.0,-45.0,-3.0,1,-1391.0,-2399.0,-23.0
LOLTMNT04_188638,LEC,2026-09-11 17:53:27,Red,Natus Vincere,complete,2190,True,1531.0,3922.0,45.0,3.0,0,1391.0,2399.0,23.0
LOLTMNT04_188647,LEC,2026-09-11 18:51:32,Blue,Natus Vincere,complete,2250,True,1961.0,3449.0,68.0,4.0,1,382.0,1647.0,37.0
LOLTMNT04_188647,LEC,2026-09-11 18:51:32,Red,GiantX,complete,2250,True,-1961.0,-3449.0,-68.0,-4.0,0,-382.0,-1647.0,-37.0
LOLTMNT02_463339,LCK,2026-09-12 05:21:16,Blue,Hanwha Life Esports,complete,2889,True,575.0,-1203.0,13.0,-1.0,1,394.0,648.0,5.0
LOLTMNT02_463339,LCK,2026-09-12 05:21:16,Red,T1,complete,2889,True,-575.0,1203.0,-13.0,1.0,0,-394.0,-648.0,-5.0
LOLTMNT02_463340,LCK,2026-09-12 06:33:41,Blue,T1,complete,1799,True,1089.0,1627.0,12.0,2.0,1,719.0,516.0,7.0
LOLTMNT02_463340,LCK,2026-09-12 06:33:41,Red,Hanwha Life Esports,complete,1799,True,-1089.0,-1627.0,-12.0,-2.0,0,-719.0,-516.0,-7.0
LOLTMNT02_462537,LCK,2026-09-12 07:27:48,Blue,Hanwha Life Esports,complete,1919,True,-799.0,-3212.0,0.0,-2.0,1,-2719.0,-2528.0,-17.0
LOLTMNT02_462537,LCK,2026-09-12 07:27:48,Red,T1,complete,1919,True,799.0,3212.0,0.0,2.0,0,2719.0,2528.0,17.0
LOLTMNT02_462538,LCK,2026-09-12 08:21:21,Blue,T1,complete,1788,True,-3974.0,-3362.0,-59.0,-4.0,1,-1793.0,-3016.0,-39.0
LOLTMNT02_462538,LCK,2026-09-12 08:21:21,Red,Hanwha Life Esports,complete,1788,True,3974.0,3362.0,59.0,4.0,0,1793.0,3016.0,39.0
13504-13504_game_1,LPL,2026-09-12 08:58:05,Blue,Anyone's Legend,partial,2275,False,,,,,1,,,
13504-13504_game_1,LPL,2026-09-12 08:58:05,Red,Invictus Gaming,partial,2275,False,,,,,0,,,
13504-13504_game_2,LPL,2026-09-12 10:03:43,Blue,Invictus Gaming,partial,2186,False,,,,,1,,,
13504-13504_game_2,LPL,2026-09-12 10:03:43,Red,Anyone's Legend,partial,2186,False,,,,,0,,,
13504-13504_game_3,LPL,2026-09-12 11:07:23,Blue,Invictus Gaming,partial,1915,False,,,,,1,,,
13504-13504_game_3,LPL,2026-09-12 11:07:23,Red,Anyone's Legend,partial,1915,False,,,,,0,,,
13504-13504_game_4,LPL,2026-09-12 12:05:21,Blue,Invictus Gaming,complete,1777,True,874.0,96.0,13.0,-3.0,1,1073.0,-527.0,9.0
13504-13504_game_4,LPL,2026-09-12 12:05:21,Red,Anyone's Legend,complete,1777,True,-874.0,-96.0,-13.0,3.0,0,-1073.0,527.0,-9.0
13504-13504_game_5,LPL,2026-09-12 13:07:02,Blue,Anyone's Legend,complete,1811,True,-4066.0,-2688.0,-7.0,-6.0,1,-1676.0,-304.0,-4.0
13504-13504_game_5,LPL,2026-09-12 13:07:02,Red,Invictus Gaming,complete,1811,True,4066.0,2688.0,7.0,6.0,0,1676.0,304.0,4.0
LOLTMNT04_189780,LEC,2026-09-12 15:12:08,Blue,Team Vitality,complete,1919,True,-2858.0,-1244.0,-50.0,1.0,1,81.0,2569.0,-6.0
LOLTMNT04_189780,LEC,2026-09-12 15:12:08,Red,Movistar KOI,complete,1919,True,2858.0,1244.0,50.0,-1.0,0,-81.0,-2569.0,6.0
LOLTMNT04_188707,LEC,2026-09-12 16:04:49,Blue,Movistar KOI,complete,2128,True,-3181.0,-2655.0,-55.0,-2.0,1,-1424.0,-977.0,-27.0
LOLTMNT04_188707,LEC,2026-09-12 16:04:49,Red,Team Vitality,complete,2128,True,3181.0,2655.0,55.0,2.0,0,1424.0,977.0,27.0
LOLTMNT01_461062,CBLOL,2026-09-12 16:11:02,Blue,FURIA,complete,2454,True,3912.0,3908.0,52.0,3.0,1,1750.0,2478.0,15.0
LOLTMNT01_461062,CBLOL,2026-09-12 16:11:02,Red,LØS,complete,2454,True,-3912.0,-3908.0,-52.0,-3.0,0,-1750.0,-2478.0,-15.0
LOLTMNT04_188718,LEC,2026-09-12 17:04:44,Blue,Team Vitality,complete,2209,True,-3546.0,-2901.0,-6.0,-7.0,1,-1096.0,-339.0,-11.0
LOLTMNT04_188718,LEC,2026-09-12 17:04:44,Red,Movistar KOI,complete,2209,True,3546.0,2901.0,6.0,7.0,0,1096.0,339.0,11.0
LOLTMNT01_461082,CBLOL,2026-09-12 17:09:59,Blue,LØS,complete,1646,True,3010.0,1684.0,36.0,1.0,1,281.0,-1109.0,6.0
LOLTMNT01_461082,CBLOL,2026-09-12 17:09:59,Red,FURIA,complete,1646,True,-3010.0,-1684.0,-36.0,-1.0,0,-281.0,1109.0,-6.0
LOLTMNT01_461094,CBLOL,2026-09-12 17:56:47,Blue,LØS,complete,1802,True,-2327.0,-1923.0,-7.0,-4.0,1,-641.0,-1697.0,-14.0
LOLTMNT01_461094,CBLOL,2026-09-12 17:56:47,Red,FURIA,complete,1802,True,2327.0,1923.0,7.0,4.0,0,641.0,1697.0,14.0
LOLTMNT04_188721,LEC,2026-09-12 18:00:49,Blue,Team Vitality,complete,1708,True,-2786.0,-1892.0,-12.0,-2.0,1,-1836.0,206.0,17.0
LOLTMNT04_188721,LEC,2026-09-12 18:00:49,Red,Movistar KOI,complete,1708,True,2786.0,1892.0,12.0,2.0,0,1836.0,-206.0,-17.0
LOLTMNT01_460135,CBLOL,2026-09-12 18:45:22,Blue,FURIA,complete,1903,True,-3218.0,-1021.0,-75.0,1.0,1,-216.0,1115.0,-9.0
LOLTMNT01_460135,CBLOL,2026-09-12 18:45:22,Red,LØS,complete,1903,True,3218.0,1021.0,75.0,-1.0,0,216.0,-1115.0,9.0
LOLTMNT02_463372,LCK,2026-09-13 05:30:03,Blue,Gen.G,complete,2325,True,-2449.0,-2151.0,-25.0,-1.0,1,-1570.0,-1012.0,7.0
LOLTMNT02_463372,LCK,2026-09-13 05:30:03,Red,Hanwha Life Esports,complete,2325,True,2449.0,2151.0,25.0,1.0,0,1570.0,1012.0,-7.0
LOLTMNT02_463373,LCK,2026-09-13 06:33:57,Blue,Hanwha Life Esports,complete,1864,True,-3885.0,-2275.0,12.0,-6.0,1,-3191.0,-2576.0,-5.0
LOLTMNT02_463373,LCK,2026-09-13 06:33:57,Red,Gen.G,complete,1864,True,3885.0,2275.0,-12.0,6.0,0,3191.0,2576.0,5.0
LOLTMNT02_462565,LCK,2026-09-13 07:29:20,Blue,Hanwha Life Esports,complete,1616,True,-2358.0,-1881.0,-34.0,0.0,1,346.0,362.0,-6.0
LOLTMNT02_462565,LCK,2026-09-13 07:29:20,Red,Gen.G,complete,1616,True,2358.0,1881.0,34.0,0.0,0,-346.0,-362.0,6.0
LOLTMNT02_463374,LCK,2026-09-13 08:19:05,Blue,Gen.G,complete,1681,True,3231.0,3884.0,37.0,4.0,1,2839.0,3598.0,3.0
LOLTMNT02_463374,LCK,2026-09-13 08:19:05,Red,Hanwha Life Esports,complete,1681,True,-3231.0,-3884.0,-37.0,-4.0,0,-2839.0,-3598.0,-3.0
13505-13505_game_1,LPL,2026-09-13 09:06:27,Blue,Bilibili Gaming,complete,1807,True,-1797.0,-291.0,29.0,-4.0,1,-702.0,-497.0,7.0
13505-13505_game_1,LPL,2026-09-13 09:06:27,Red,Anyone's Legend,complete,1807,True,1797.0,291.0,-29.0,4.0,0,702.0,497.0,-7.0
13505-13505_game_2,LPL,2026-09-13 10:04:32,Blue,Anyone's Legend,complete,1897,True,3547.0,2810.0,10.0,6.0,1,1797.0,2463.0,24.0
13505-13505_game_2,LPL,2026-09-13 10:04:32,Red,Bilibili Gaming,complete,1897,True,-3547.0,-2810.0,-10.0,-6.0,0,-1797.0,-2463.0,-24.0
13505-13505_game_3,LPL,2026-09-13 11:02:24,Blue,Anyone's Legend,complete,2126,True,-885.0,-548.0,-21.0,0.0,1,1071.0,1581.0,-19.0
13505-13505_game_3,LPL,2026-09-13 11:02:24,Red,Bilibili Gaming,complete,2126,True,885.0,548.0,21.0,0.0,0,-1071.0,-1581.0,19.0
13505-13505_game_4,LPL,2026-09-13 12:03:56,Blue,Bilibili Gaming,complete,1866,True,-5995.0,-3319.0,37.0,-11.0,1,-4640.0,-4155.0,-23.0
13505-13505_game_4,LPL,2026-09-13 12:03:56,Red,Anyone's Legend,complete,1866,True,5995.0,3319.0,-37.0,11.0,0,4640.0,4155.0,23.0
LOLTMNT01_461415,CBLOL,2026-09-13 16:11:32,Blue,paiN Gaming,complete,1602,True,5297.0,3900.0,27.0,7.0,1,2278.0,1686.0,3.0
LOLTMNT01_461415,CBLOL,2026-09-13 16:11:32,Red,LOUD,complete,1602,True,-5297.0,-3900.0,-27.0,-7.0,0,-2278.0,-1686.0,-3.0
LOLTMNT01_461426,CBLOL,2026-09-13 16:59:34,Blue,paiN Gaming,complete,2080,True,-3193.0,-1159.0,16.0,-4.0,1,-4319.0,-3683.0,-23.0
LOLTMNT01_461426,CBLOL,2026-09-13 16:59:34,Red,LOUD,complete,2080,True,3193.0,1159.0,-16.0,4.0,0,4319.0,3683.0,23.0
LOLTMNT01_461444,CBLOL,2026-09-13 17:53:46,Blue,LOUD,complete,2036,True,1641.0,-323.0,67.0,-1.0,1,-2265.0,-3507.0,1.0
LOLTMNT01_461444,CBLOL,2026-09-13 17:53:46,Red,paiN Gaming,complete,2036,True,-1641.0,323.0,-67.0,1.0,0,2265.0,3507.0,-1.0
LOLTMNT01_461452,CBLOL,2026-09-13 18:46:05,Blue,LOUD,complete,2135,True,89.0,1703.0,12.0,0.0,1,-755.0,-80.0,-4.0
LOLTMNT01_461452,CBLOL,2026-09-13 18:46:05,Red,paiN Gaming,complete,2135,True,-89.0,-1703.0,-12.0,0.0,0,755.0,80.0,4.0
