gold_diff,win_probability,checkpoint
-4446.785,0.031020015668108383,10 min
-4431.937637729549,0.03136737023760314,10 min
-4417.090275459098,0.03171848680511434,10 min
-4402.242913188647,0.03207340324419053,10 min
-4387.395550918197,0.032432157745072895,10 min
-4372.548188647746,0.032794788815853015,10 min
-4357.700826377295,0.03316133528359634,10 min
-4342.8534641068445,0.03353183629542959,10 min
-4328.006101836394,0.033906331319591115,10 min
-4313.1587395659435,0.034284860146443,10 min
-4298.311377295492,0.03466746288944347,10 min
-4283.464015025042,0.03505417998607843,10 min
-4268.616652754591,0.035445052198750965,10 min
-4253.76929048414,0.03584012061562704,10 min
-4238.921928213689,0.03623942665143633,10 min
-4224.074565943239,0.03664301204822709,10 min
-4209.227203672788,0.03705091887607291,10 min
-4194.379841402337,0.03746318953373047,10 min
-4179.532479131886,0.03787986674924666,10 min
-4164.685116861436,0.03830099358051377,10 min
-4149.837754590985,0.03872661341577091,10 min
-4134.990392320534,0.039156769974050265,10 min
-4120.143030050083,0.039591507305566716,10 min
-4105.295667779633,0.04003086979204927,10 min
-4090.448305509182,0.040474902147012326,10 min
-4075.600943238731,0.04092364941596571,10 min
-4060.7535809682804,0.04137715697656119,10 min
-4045.9062186978294,0.041835470538674376,10 min
-4031.058856427379,0.042298636144419755,10 min
-4016.211494156928,0.042766700168097735,10 min
-4001.3641318864775,0.04323970931607107,10 min
-3986.5167696160265,0.04371771062656993,10 min
-3971.669407345576,0.04420075146942267,10 min
-3956.822045075125,0.044688879545711595,10 min
-3941.9746828046746,0.04518214288735092,10 min
-3927.1273205342236,0.045680589856585505,10 min
-3912.2799582637726,0.04618426914540831,10 min
-3897.432595993322,0.04669322977489479,10 min
-3882.585233722871,0.04720752109445192,10 min
-3867.7378714524207,0.04772719278098024,10 min
-3852.8905091819697,0.048252294837946665,10 min
-3838.043146911519,0.04878287759436594,10 min
-3823.1957846410683,0.049318991703689155,10 min
-3808.3484223706178,0.04986068814259646,10 min
-3793.501060100167,0.050408018209692665,10 min
-3778.6536978297163,0.05096103352410281,10 min
-3763.8063355592653,0.051519786023966355,10 min
-3748.9589732888144,0.052084327964827176,10 min
-3734.111611018364,0.05265471191791726,10 min
-3719.2642487479134,0.05323099076833223,10 min
-3704.4168864774624,0.05381321771309613,10 min
-3689.5695242070115,0.05440144625911311,10 min
-3674.722161936561,0.054995730221004006,10 min
-3659.87479966611,0.055596123718825566,10 min
-3645.0274373956595,0.05620268117566925,10 min
-3630.1800751252085,0.05681545731513854,10 min
-3615.332712854758,0.05743450715870098,10 min
-3600.485350584307,0.05805988602291366,10 min
-3585.637988313856,0.058691649516519076,10 min
-3570.7906260434056,0.0593298535374094,10 min
-3555.943263772955,0.059974554269456276,10 min
-3541.095901502504,0.06062580817920411,10 min
-3526.248539232053,0.061283672012424004,10 min
-3511.4011769616027,0.06194820279052625,10 min
-3496.5538146911517,0.06261945780682884,10 min
-3481.706452420701,0.06329749462267867,10 min
-3466.8590901502503,0.06398237106342466,10 min
-3452.0117278797998,0.06467414521423817,10 min
-3437.164365609349,0.06537287541578007,10 min
-3422.317003338898,0.06607862025971076,10 min
-3407.4696410684473,0.06679143858404071,10 min
-3392.622278797997,0.06751138946831989,10 min
-3377.774916527546,0.06823853222866215,10 min
-3362.927554257095,0.0689729264126033,10 min
-3348.0801919866444,0.06971463179378944,10 min
-3333.232829716194,0.07046370836649343,10 min
-3318.3854674457425,0.07122021633995712,10 min
-3303.538105175292,0.07198421613255598,10 min
-3288.6907429048415,0.07275576836578487,10 min
-3273.8433806343905,0.07353493385806134,10 min
-3258.9960183639396,0.07432177361834422,10 min
-3244.148656093489,0.07511634883956561,10 min
-3229.3012938230386,0.07591872089187301,10 min
-3214.4539315525876,0.07672895131567925,10 min
-3199.6065692821367,0.07754710181451827,10 min
-3184.759207011686,0.07837323424770398,10 min
-3169.9118447412357,0.07920741062278946,10 min
-3155.0644824707847,0.08004969308782492,10 min
-3140.2171202003337,0.08090014392341102,10 min
-3125.3697579298832,0.08175882553454625,10 min
-3110.5223956594323,0.08262580044226568,10 min
-3095.6750333889813,0.08350113127506818,10 min
-3080.827671118531,0.08438488076013079,10 min
-3065.9803088480803,0.08527711171430787,10 min
-3051.1329465776294,0.08617788703491239,10 min
-3036.2855843071784,0.0870872696902773,10 min
-3021.438222036728,0.08800532271009598,10 min
-3006.5908597662774,0.08893210917553801,10 min
-2991.7434974958264,0.08986769220913991,10 min
-2976.8961352253755,0.09081213496446774,10 min
-2962.048772954925,0.09176550061555037,10 min
-2947.201410684474,0.0927278523460818,10 min
-2932.354048414023,0.09369925333838976,10 min
-2917.5066861435726,0.09467976676217008,10 min
-2902.659323873122,0.09566945576298494,10 min
-2887.811961602671,0.09666838345052264,10 min
-2872.96459933222,0.09767661288661877,10 min
-2858.1172370617696,0.09869420707303624,10 min
-2843.269874791319,0.09972122893900388,10 min
-2828.422512520868,0.10075774132851142,10 min
-2813.575150250417,0.1018038069873605,10 min
-2798.7277879799667,0.1028594885499704,10 min
-2783.8804257095157,0.10392484852593764,10 min
-2769.033063439065,0.10499994928634837,10 min
-2754.1857011686143,0.10608485304984339,10 min
-2739.338338898164,0.10717962186843433,10 min
-2724.490976627713,0.10828431761307188,10 min
-2709.643614357262,0.10939900195896353,10 min
-2694.7962520868114,0.11052373637064325,10 min
-2679.948889816361,0.11165858208679047,10 min
-2665.10152754591,0.11280360010480019,10 min
-2650.254165275459,0.11395885116510299,10 min
-2635.4068030050084,0.11512439573523628,10 min
-2620.5594407345575,0.11630029399366631,10 min
-2605.7120784641065,0.11748660581336223,10 min
-2590.864716193656,0.11868339074512224,10 min
-2576.0173539232055,0.11989070800065299,10 min
-2561.1699916527546,0.12110861643540326,10 min
-2546.3226293823036,0.12233717453115286,10 min
-2531.475267111853,0.12357644037835809,10 min
-2516.6279048414026,0.12482647165825558,10 min
-2501.7805425709516,0.12608732562472585,10 min
-2486.9331803005007,0.12735905908591794,10 min
-2472.08581803005,0.12864172838563814,10 min
-2457.238455759599,0.1299353893845047,10 min
-2442.3910934891483,0.13124009744086979,10 min
-2427.5437312186978,0.13255590739151296,10 min
-2412.6963689482473,0.1338828735321077,10 min
-2397.8490066777963,0.1352210495974645,10 min
-2383.001644407346,0.13657048874155325,10 min
-2368.154282136895,0.1379312435173089,10 min
-2353.306919866444,0.1393033658562232,10 min
-2338.4595575959934,0.140686907047727,10 min
-2323.6121953255424,0.14208191771836687,10 min
-2308.764833055092,0.14348844781077957,10 min
-2293.917470784641,0.14490654656247046,10 min
-2279.0701085141905,0.1463362624843984,10 min
-2264.2227462437395,0.14777764333937404,10 min
-2249.375383973289,0.14923073612027488,10 min
-2234.528021702838,0.1506955870280841,10 min
-2219.6806594323875,0.15217224144975722,10 min
-2204.8332971619366,0.15366074393592388,10 min
-2189.9859348914856,0.1551611381784292,10 min
-2175.138572621035,0.1566734669877226,10 min
-2160.291210350584,0.15819777227010023,10 min
-2145.4438480801336,0.15973409500480656,10 min
-2130.5964858096827,0.16128247522100425,10 min
-2115.749123539232,0.16284295197461815,10 min
-2100.9017612687812,0.1644155633250615,10 min
-2086.0543989983307,0.16600034631185207,10 min
-2071.2070367278798,0.16759733693112683,10 min
-2056.3596744574293,0.16920657011206208,10 min
-2041.5123121869783,0.17082807969321004,10 min
-2026.6649499165273,0.17246189839875792,10 min
-2011.8175876460768,0.17410805781472072,10 min
-1996.970225375626,0.17576658836507658,10 min
-1982.1228631051754,0.17743751928785378,10 min
-1967.2755008347244,0.17912087861117965,10 min
-1952.428138564274,0.1808166931293016,10 min
-1937.580776293823,0.18252498837859105,10 min
-1922.7334140233725,0.18424578861353952,10 min
-1907.8860517529215,0.1859791167827598,10 min
-1893.038689482471,0.18772499450500124,10 min
-1878.19132721202,0.18948344204519263,10 min
-1863.3439649415695,0.19125447829052242,10 min
-1848.4966026711186,0.19303812072656962,10 min
-1833.6492404006676,0.19483438541349643,10 min
-1818.8018781302171,0.1966432869623158,10 min
-1803.9545158597662,0.19846483851124613,10 min
-1789.1071535893157,0.2002990517021656,10 min
-1774.2597913188647,0.20214593665717998,10 min
-1759.4124290484142,0.20400550195531603,10 min
-1744.5650667779632,0.2058777546093554,10 min
-1729.7177045075127,0.2077627000428211,10 min
-1714.8703422370618,0.20966034206713183,10 min
-1700.0229799666113,0.2115706828589371,10 min
-1685.1756176961603,0.21349372293764832,10 min
-1670.3282554257094,0.21542946114317935,10 min
-1655.4808931552589,0.21737789461391166,10 min
-1640.633530884808,0.21933901876489934,10 min
-1625.7861686143574,0.22131282726632745,10 min
-1610.9388063439064,0.22329931202224007,10 min
-1596.091444073456,0.2252984631495523,10 min
-1581.244081803005,0.22731026895736284,10 min
-1566.3967195325545,0.2293347159265805,10 min
-1551.5493572621035,0.23137178868988262,10 min
-1536.701994991653,0.23342147001201832,10 min
-1521.854632721202,0.23548374077047543,10 min
-1507.007270450751,0.23755857993652363,10 min
-1492.1599081803006,0.2396459645566522,10 min
-1477.3125459098496,0.24174586973441714,10 min
-1462.4651836393991,0.2438582686127131,10 min
-1447.6178213689482,0.24598313235648764,10 min
-1432.7704590984977,0.24812043013591206,10 min
-1417.9230968280467,0.25027012911002633,10 min
-1403.0757345575962,0.25243219441087217,10 min
-1388.2283722871452,0.2546065891281328,10 min
-1373.3810100166947,0.2567932742942921,10 min
-1358.5336477462438,0.25899220887033236,10 min
-1343.6862854757933,0.2612033497319831,10 min
-1328.8389232053423,0.2634266516565392,10 min
-1313.9915609348914,0.2656620673102622,10 min
-1299.1441986644409,0.2679095472363811,10 min
-1284.29683639399,0.2701690398437079,10 min
-1269.4494741235394,0.272440491395882,10 min
-1254.6021118530884,0.2747238460012602,10 min
-1239.754749582638,0.2770190456034653,10 min
-1224.907387312187,0.279326029972609,10 min
-1210.0600250417365,0.281644736697203,10 min
-1195.2126627712855,0.2839751011767729,10 min
-1180.365300500835,0.28631705661518736,10 min
-1165.517938230384,0.288670534014719,10 min
-1150.670575959933,0.2910354621708464,10 min
-1135.8232136894826,0.29341176766781407,10 min
-1120.9758514190316,0.2957993748749604,10 min
-1106.1284891485811,0.29819820594382723,10 min
-1091.2811268781302,0.3006081808060628,10 min
-1076.4337646076797,0.30302921717212894,10 min
-1061.5864023372287,0.3054612305308261,10 min
-1046.7390400667782,0.3079041341496426,10 min
-1031.8916777963273,0.31035783907594483,10 min
-1017.0443155258768,0.31282225413901155,10 min
-1002.1969532554258,0.31529728595292716,10 min
-987.3495909849748,0.3177828389203407,10 min
-972.5022287145243,0.3202788152370982,10 min
-957.6548664440734,0.3227851148977597,10 min
-942.8075041736229,0.3253016357020043,10 min
-927.9601419031719,0.32782827326193453,10 min
-913.1127796327214,0.3303649210102822,10 min
-898.2654173622705,0.3329114702095264,10 min
-883.41805509182,0.33546780996192405,10 min
-868.570692821369,0.3380338272204623,10 min
-853.7233305509185,0.3406094068007332,10 min
-838.8759682804675,0.3431944313937369,10 min
-824.028606010017,0.34578878157961496,10 min
-809.1812437395661,0.34839233584231655,10 min
-794.3338814691151,0.3510049705851985,10 min
-779.4865191986646,0.35362656014756133,10 min
-764.6391569282137,0.3562569768221212,10 min
-749.7917946577631,0.3588960908734165,10 min
-734.9444323873122,0.3615437705571496,10 min
-720.0970701168617,0.3641998821404605,10 min
-705.2497078464107,0.36686428992313236,10 min
-690.4023455759602,0.36953685625972177,10 min
-675.5549833055093,0.3722174415826156,10 min
-660.7076210350588,0.3749059044260035,10 min
-645.8602587646078,0.3776021014507672,10 min
-631.0128964941568,0.3803058874702754,10 min
-616.1655342237063,0.38301711547707995,10 min
-601.3181719532554,0.38573563667050836,10 min
-586.4708096828049,0.3884613004851376,10 min
-571.6234474123539,0.3911939546201493,10 min
-556.7760851419034,0.3939334450695482,10 min
-541.9287228714525,0.39667961615324165,10 min
-527.081360601002,0.39943231054896133,10 min
-512.233998330551,0.4021913693250224,10 min
-497.3866360601005,0.4049566319739031,10 min
-482.53927378964954,0.40772793644663385,10 min
-467.6919115191986,0.4105051191879815,10 min
-452.8445492487481,0.4132880151724138,10 min
-437.9971869782971,0.41607645794083103,10 min
-423.1498247078466,0.4188702796380449,10 min
-408.30246243739566,0.4216693110509936,10 min
-393.45510016694516,0.42447338164767,10 min
-378.6077378964942,0.4272823196167518,10 min
-363.7603756260437,0.43009595190790806,10 min
-348.91301335559274,0.43291410427277,10 min
-334.06565108514224,0.43573660130654124,10 min
-319.21828881469173,0.43856326649023003,10 min
-304.3709265442403,0.44139392223348284,10 min
-289.5235642737898,0.4442283899179952,10 min
-274.6762020033393,0.4470664899414829,10 min
-259.8288397328879,0.4499080417621859,10 min
-244.9814774624374,0.4527528639438858,10 min
-230.1341151919869,0.45560077420141215,10 min
-215.2867529215364,0.45845158944661435,10 min
-200.43939065108498,0.461305125834774,10 min
-185.59202838063447,0.4641611988114338,10 min
-170.74466611018397,0.46701962315961953,10 min
-155.89730383973347,0.4698802130474258,10 min
-141.04994156928205,0.472742782075944,10 min
-126.20257929883155,0.475607143327504,10 min
-111.35521702838105,0.47847310941420373,10 min
-96.50785475792964,0.4813404925267019,10 min
-81.66049248747913,0.48420910448324184,10 min
-66.81313021702863,0.4870787567788874,10 min
-51.965767946578126,0.48994926063493527,10 min
-37.11840567612671,0.4928204270484828,10 min
-22.27104340567621,0.49569206684211903,10 min
-7.423681135225706,0.4985639907137155,10 min
7.423681135224797,0.5014360092862844,10 min
22.27104340567621,0.5043079331578809,10 min
37.11840567612671,0.5071795729515173,10 min
51.965767946577216,0.5100507393650646,10 min
66.81313021702863,0.5129212432211127,10 min
81.66049248747913,0.515790895516758,10 min
96.50785475792964,0.518659507473298,10 min
111.35521702838014,0.521526890585796,10 min
126.20257929883155,0.524392856672496,10 min
141.04994156928205,0.5272572179240559,10 min
155.89730383973256,0.530119786952574,10 min
170.74466611018306,0.5329803768403802,10 min
185.59202838063447,0.5358388011885662,10 min
200.43939065108498,0.538694874165226,10 min
215.28675292153548,0.5415484105533855,10 min
230.1341151919869,0.5443992257985879,10 min
244.9814774624374,0.5472471360561142,10 min
259.8288397328879,0.5500919582378141,10 min
274.6762020033384,0.5529335100585169,10 min
289.5235642737898,0.5557716100820048,10 min
304.3709265442403,0.5586060777665172,10 min
319.2182888146908,0.5614367335097699,10 min
334.0656510851413,0.5642633986934587,10 min
348.91301335559274,0.56708589572723,10 min
363.76037562604324,0.5699040480920918,10 min
378.60773789649375,0.5727176803832481,10 min
393.45510016694516,0.57552661835233,10 min
408.30246243739566,0.5783306889490064,10 min
423.14982470784616,0.581129720361955,10 min
437.99718697829667,0.583923542059169,10 min
452.8445492487481,0.5867119848275861,10 min
467.6919115191986,0.5894948808120185,10 min
482.5392737896491,0.592272063553366,10 min
497.3866360600996,0.5950433680260967,10 min
512.233998330551,0.5978086306749777,10 min
527.0813606010015,0.6005676894510386,10 min
541.928722871452,0.6033203838467582,10 min
556.7760851419025,0.6060665549304516,10 min
571.6234474123539,0.6088060453798507,10 min
586.4708096828044,0.6115386995148624,10 min
601.3181719532549,0.6142643633294915,10 min
616.1655342237063,0.61698288452292,10 min
631.0128964941568,0.6196941125297246,10 min
645.8602587646074,0.6223978985492327,10 min
660.7076210350579,0.6250940955739963,10 min
675.5549833055093,0.6277825584173844,10 min
690.4023455759598,0.6304631437402781,10 min
705.2497078464103,0.6331357100768676,10 min
720.0970701168608,0.6358001178595392,10 min
734.9444323873122,0.6384562294428504,10 min
749.7917946577627,0.6411039091265833,10 min
764.6391569282132,0.6437430231778787,10 min
779.4865191986646,0.6463734398524388,10 min
794.3338814691151,0.6489950294148015,10 min
809.1812437395656,0.6516076641576833,10 min
824.0286060100161,0.654211218420385,10 min
838.8759682804675,0.656805568606263,10 min
853.723330550918,0.6593905931992667,10 min
868.5706928213685,0.6619661727795375,10 min
883.418055091819,0.6645321900380758,10 min
898.2654173622705,0.6670885297904736,10 min
913.112779632721,0.6696350789897177,10 min
927.9601419031715,0.6721717267380654,10 min
942.8075041736229,0.6746983642979957,10 min
957.6548664440734,0.6772148851022404,10 min
972.5022287145239,0.6797211847629017,10 min
987.3495909849744,0.6822171610796592,10 min
1002.1969532554258,0.684702714047073,10 min
1017.0443155258763,0.6871777458609885,10 min
1031.8916777963268,0.6896421609240551,10 min
1046.7390400667773,0.6920958658503573,10 min
1061.5864023372287,0.694538769469174,10 min
1076.4337646076792,0.696970782827871,10 min
1091.2811268781297,0.6993918191939372,10 min
1106.1284891485811,0.7018017940561727,10 min
1120.9758514190316,0.7042006251250396,10 min
1135.8232136894821,0.7065882323321859,10 min
1150.6705759599326,0.7089645378291535,10 min
1165.517938230384,0.7113294659852809,10 min
1180.3653005008346,0.7136829433848125,10 min
1195.212662771285,0.7160248988232271,10 min
1210.0600250417356,0.7183552633027968,10 min
1224.907387312187,0.720673970027391,10 min
1239.7547495826375,0.7229809543965345,10 min
1254.602111853088,0.7252761539987397,10 min
1269.4494741235394,0.727559508604118,10 min
1284.29683639399,0.729830960156292,10 min
1299.1441986644404,0.732090452763619,10 min
1313.991560934891,0.7343379326897377,10 min
1328.8389232053423,0.7365733483434607,10 min
1343.6862854757928,0.7387966502680169,10 min
1358.5336477462433,0.7410077911296675,10 min
1373.3810100166938,0.7432067257057078,10 min
1388.2283722871452,0.7453934108718672,10 min
1403.0757345575958,0.7475678055891277,10 min
1417.9230968280463,0.7497298708899736,10 min
1432.7704590984977,0.751879569864088,10 min
1447.6178213689482,0.7540168676435124,10 min
1462.4651836393987,0.7561417313872869,10 min
1477.3125459098492,0.7582541302655829,10 min
1492.1599081803006,0.7603540354433478,10 min
1507.007270450751,0.7624414200634764,10 min
1521.8546327212016,0.7645162592295245,10 min
1536.701994991652,0.7665785299879815,10 min
1551.5493572621035,0.7686282113101174,10 min
1566.396719532554,0.7706652840734194,10 min
1581.2440818030045,0.772689731042637,10 min
1596.091444073455,0.7747015368504475,10 min
1610.9388063439064,0.77670068797776,10 min
1625.786168614357,0.7786871727336725,10 min
1640.6335308848074,0.7806609812351006,10 min
1655.4808931552589,0.7826221053860883,10 min
1670.3282554257094,0.7845705388568207,10 min
1685.1756176961599,0.7865062770623515,10 min
1700.0229799666104,0.7884293171410628,10 min
1714.8703422370618,0.7903396579328681,10 min
1729.7177045075123,0.7922372999571788,10 min
1744.5650667779628,0.7941222453906446,10 min
1759.4124290484133,0.7959944980446838,10 min
1774.2597913188647,0.79785406334282,10 min
1789.1071535893152,0.7997009482978343,10 min
1803.9545158597657,0.8015351614887538,10 min
1818.8018781302171,0.8033567130376842,10 min
1833.6492404006676,0.8051656145865036,10 min
1848.4966026711181,0.8069618792734303,10 min
1863.3439649415686,0.8087455217094774,10 min
1878.19132721202,0.8105165579548073,10 min
1893.0386894824705,0.8122750054949988,10 min
1907.886051752921,0.8140208832172402,10 min
1922.7334140233716,0.8157542113864604,10 min
1937.580776293823,0.817475011621409,10 min
1952.4281385642735,0.8191833068706983,10 min
1967.275500834724,0.8208791213888204,10 min
1982.1228631051754,0.8225624807121462,10 min
1996.970225375626,0.8242334116349234,10 min
2011.8175876460764,0.8258919421852793,10 min
2026.664949916527,0.827538101601242,10 min
2041.5123121869783,0.82917192030679,10 min
2056.359674457429,0.8307934298879379,10 min
2071.2070367278793,0.8324026630688731,10 min
2086.05439899833,0.8339996536881478,10 min
2100.9017612687812,0.8355844366749385,10 min
2115.7491235392317,0.8371570480253818,10 min
2130.5964858096822,0.8387175247789957,10 min
2145.4438480801336,0.8402659049951934,10 min
2160.291210350584,0.8418022277298998,10 min
2175.1385726210347,0.8433265330122774,10 min
2189.985934891485,0.8448388618215708,10 min
2204.8332971619366,0.8463392560640762,10 min
2219.680659432387,0.8478277585502427,10 min
2234.5280217028376,0.8493044129719158,10 min
2249.375383973288,0.8507692638797251,10 min
2264.2227462437395,0.852222356660626,10 min
2279.07010851419,0.8536637375156015,10 min
2293.9174707846405,0.8550934534375296,10 min
2308.764833055092,0.8565115521892205,10 min
2323.6121953255424,0.8579180822816332,10 min
2338.459557595993,0.859313092952273,10 min
2353.3069198664434,0.8606966341437767,10 min
2368.154282136895,0.8620687564826911,10 min
2383.0016444073453,0.8634295112584468,10 min
2397.849006677796,0.8647789504025354,10 min
2412.6963689482463,0.8661171264678922,10 min
2427.5437312186978,0.8674440926084871,10 min
2442.3910934891483,0.8687599025591302,10 min
2457.2384557595988,0.8700646106154952,10 min
2472.08581803005,0.8713582716143619,10 min
2486.9331803005007,0.8726409409140821,10 min
2501.780542570951,0.8739126743752741,10 min
2516.6279048414017,0.8751735283417443,10 min
2531.475267111853,0.8764235596216419,10 min
2546.3226293823036,0.8776628254688471,10 min
2561.169991652754,0.8788913835645966,10 min
2576.0173539232046,0.880109291999347,10 min
2590.864716193656,0.8813166092548779,10 min
2605.7120784641065,0.8825133941866378,10 min
2620.559440734557,0.8836997060063336,10 min
2635.4068030050075,0.8848756042647636,10 min
2650.254165275459,0.886041148834897,10 min
2665.1015275459094,0.8871963998951997,10 min
2679.94888981636,0.8883414179132094,10 min
2694.7962520868114,0.8894762636293567,10 min
2709.643614357262,0.8906009980410364,10 min
2724.4909766277124,0.8917156823869281,10 min
2739.338338898163,0.8928203781315657,10 min
2754.1857011686143,0.8939151469501566,10 min
2769.033063439065,0.8950000507136516,10 min
2783.8804257095153,0.8960751514740624,10 min
2798.727787979966,0.8971405114500295,10 min
2813.575150250417,0.8981961930126394,10 min
2828.4225125208677,0.8992422586714885,10 min
2843.269874791318,0.9002787710609961,10 min
2858.1172370617696,0.9013057929269637,10 min
2872.96459933222,0.9023233871133812,10 min
2887.8119616026706,0.9033316165494774,10 min
2902.659323873121,0.9043305442370151,10 min
2917.5066861435726,0.9053202332378298,10 min
2932.354048414023,0.9063007466616103,10 min
2947.2014106844736,0.9072721476539181,10 min
2962.048772954924,0.9082344993844496,10 min
2976.8961352253755,0.9091878650355323,10 min
2991.743497495826,0.9101323077908601,10 min
3006.5908597662765,0.9110678908244618,10 min
3021.438222036728,0.9119946772899039,10 min
3036.2855843071784,0.9129127303097226,10 min
3051.132946577629,0.9138221129650875,10 min
3065.9803088480794,0.9147228882856921,10 min
3080.827671118531,0.9156151192398692,10 min
3095.6750333889813,0.9164988687249318,10 min
3110.522395659432,0.9173741995577342,10 min
3125.3697579298823,0.9182411744654537,10 min
3140.2171202003337,0.9190998560765891,10 min
3155.0644824707842,0.919950306912175,10 min
3169.9118447412347,0.9207925893772104,10 min
3184.759207011686,0.9216267657522961,10 min
3199.6065692821367,0.9224528981854817,10 min
3214.453931552587,0.9232710486843207,10 min
3229.3012938230377,0.924081279108127,10 min
3244.148656093489,0.9248836511604344,10 min
3258.9960183639396,0.9256782263816559,10 min
3273.84338063439,0.9264650661419387,10 min
3288.6907429048406,0.9272442316342151,10 min
3303.538105175292,0.9280157838674441,10 min
3318.3854674457425,0.9287797836600429,10 min
3333.232829716193,0.9295362916335065,10 min
3348.0801919866444,0.9302853682062106,10 min
3362.927554257095,0.9310270735873968,10 min
3377.7749165275454,0.9317614677713378,10 min
3392.622278797996,0.9324886105316801,10 min
3407.4696410684473,0.9332085614159593,10 min
3422.317003338898,0.9339213797402892,10 min
3437.1643656093484,0.9346271245842199,10 min
3452.011727879799,0.9353258547857617,10 min
3466.8590901502503,0.9360176289365754,10 min
3481.7064524207008,0.9367025053773214,10 min
3496.5538146911513,0.9373805421931711,10 min
3511.4011769616027,0.9380517972094737,10 min
3526.248539232053,0.9387163279875759,10 min
3541.0959015025037,0.9393741918207958,10 min
3555.943263772954,0.9400254457305437,10 min
3570.7906260434056,0.9406701464625906,10 min
3585.637988313856,0.9413083504834809,10 min
3600.4853505843066,0.9419401139770864,10 min
3615.332712854757,0.942565492841299,10 min
3630.1800751252085,0.9431845426848615,10 min
3645.027437395659,0.9437973188243307,10 min
3659.8747996661095,0.9444038762811744,10 min
3674.722161936561,0.945004269778996,10 min
3689.5695242070115,0.9455985537408869,10 min
3704.416886477462,0.9461867822869038,10 min
3719.2642487479125,0.9467690092316676,10 min
3734.111611018364,0.9473452880820827,10 min
3748.9589732888144,0.9479156720351728,10 min
3763.806335559266,0.9484802139760335,10 min
3778.6536978297154,0.9490389664758971,10 min
3793.501060100167,0.9495919817903072,10 min
3808.3484223706164,0.9501393118574035,10 min
3823.195784641068,0.9506810082963109,10 min
3838.043146911519,0.951217122405634,10 min
3852.890509181969,0.9517477051620533,10 min
3867.73787145242,0.9522728072190196,10 min
3882.5852337228716,0.9527924789055482,10 min
3897.4325959933212,0.9533067702251052,10 min
3912.2799582637726,0.9538157308545917,10 min
3927.127320534224,0.9543194101434145,10 min
3941.9746828046736,0.9548178571126491,10 min
3956.822045075125,0.9553111204542885,10 min
3971.6694073455747,0.9557992485305773,10 min
3986.516769616026,0.9562822893734302,10 min
4001.3641318864775,0.956760290683929,10 min
4016.211494156927,0.9572332998319022,10 min
4031.0588564273785,0.9577013638555802,10 min
4045.90621869783,0.9581645294613257,10 min
4060.7535809682795,0.9586228430234388,10 min
4075.600943238731,0.9590763505840343,10 min
4090.4483055091823,0.9595250978529877,10 min
4105.295667779632,0.9599691302079507,10 min
4120.143030050083,0.9604084926944332,10 min
4134.990392320533,0.9608432300259497,10 min
4149.837754590984,0.9612733865842291,10 min
4164.685116861436,0.9616990064194862,10 min
4179.532479131885,0.9621201332507532,10 min
4194.379841402337,0.9625368104662695,10 min
4209.227203672788,0.9629490811239272,10 min
4224.074565943238,0.9633569879517729,10 min
4238.921928213689,0.9637605733485637,10 min
4253.769290484141,0.9641598793843731,10 min
4268.61665275459,0.9645549478012491,10 min
4283.464015025042,0.9649458200139216,10 min
4298.311377295491,0.9653325371105566,10 min
4313.158739565943,0.9657151398535571,10 min
4328.006101836394,0.9660936686804089,10 min
4342.853464106844,0.9664681637045704,10 min
4357.700826377295,0.9668386647164037,10 min
4372.548188647746,0.9672052111841469,10 min
4387.395550918196,0.9675678422549271,10 min
4402.242913188647,0.9679265967558095,10 min
4417.090275459099,0.9682815131948856,10 min
4431.937637729548,0.9686326297623968,10 min
4446.785,0.9689799843318916,10 min
-9009.71,0.008836812781999201,15 min
-8979.627495826377,0.00897592013929703,15 min
-8949.544991652754,0.009117197152922193,15 min
-8919.462487479132,0.009260677024014966,15 min
-8889.379983305509,0.00940639344151176,15 min
-8859.297479131885,0.00955438058866615,15 min
-8829.214974958262,0.009704673149635959,15 min
-8799.13247078464,0.009857306316136662,15 min
-8769.049966611017,0.010012315794160669,15 min
-8738.967462437395,0.010169737810762566,15 min
-8708.884958263772,0.010329609120910124,15 min
-8678.80245409015,0.010491967014400892,15 min
-8648.719949916527,0.010656849322844057,15 min
-8618.637445742905,0.010824294426707372,15 min
-8588.554941569282,0.010994341262428908,15 min
-8558.472437395658,0.01116702932959307,15 min
-8528.389933222035,0.011342398698170691,15 min
-8498.307429048413,0.011520490015822695,15 min
-8468.22492487479,0.011701344515266696,15 min
-8438.142420701168,0.011885004021706225,15 min
-8408.059916527545,0.01207151096032186,15 min
-8377.977412353923,0.012260908363823592,15 min
-8347.8949081803,0.012453239880063808,15 min
-8317.812404006678,0.01264854977971006,15 min
-8287.729899833055,0.012846882963976885,15 min
-8257.647395659431,0.013048284972415797,15 min
-8227.564891485808,0.01325280199076229,15 min
-8197.482387312186,0.013460480858839326,15 min
-8167.399883138563,0.013671369078515707,15 min
-8137.317378964941,0.013885514821718514,15 min
-8107.234874791318,0.01410296693849834,15 min
-8077.152370617696,0.014323774965146025,15 min
-8047.069866444072,0.014547989132359489,15 min
-8016.98736227045,0.014775660373459225,15 min
-7986.904858096827,0.015006840332651025,15 min
-7956.822353923204,0.015241581373334291,15 min
-7926.7398497495815,0.015479936586454083,15 min
-7896.657345575959,0.015721959798895437,15 min
-7866.5748414023365,0.01596770558191774,15 min
-7836.492337228714,0.016217229259627437,15 min
-7806.409833055091,0.016470586917486964,15 min
-7776.327328881468,0.01672783541085758,15 min
-7746.2448247078455,0.01698903237357398,15 min
-7716.162320534223,0.017254236226548394,15 min
-7686.0798163606005,0.0175235061864013,15 min
-7655.997312186977,0.01779690227411678,15 min
-7625.914808013355,0.018074485323719046,15 min
-7595.832303839732,0.018356316990968014,15 min
-7565.7497996661095,0.018642459762070393,15 min
-7535.667295492487,0.01893297696240366,15 min
-7505.5847913188645,0.01922793276524922,15 min
-7475.502287145241,0.01952739220053206,15 min
-7445.419782971619,0.01983142116356258,15 min
-7415.337278797996,0.02014008642377777,15 min
-7385.254774624373,0.02045345563347746,15 min
-7355.17227045075,0.02077159733655173,15 min
-7325.089766277128,0.02109458097719588,15 min
-7295.007262103505,0.021422476908608046,15 min
-7264.924757929883,0.02175535640166556,15 min
-7234.84225375626,0.02209329165357548,15 min
-7204.759749582637,0.022436355796494188,15 min
-7174.677245409014,0.02278462290611158,15 min
-7144.594741235392,0.023138168010194665,15 min
-7114.512237061769,0.023497067097085128,15 min
-7084.429732888146,0.023861397124145617,15 min
-7054.347228714523,0.024231236026149197,15 min
-7024.264724540901,0.02460666272360583,15 min
-6994.182220367278,0.024987757131020315,15 min
-6964.099716193656,0.025374600165074992,15 min
-6934.017212020033,0.02576727375273126,15 min
-6903.93470784641,0.026165860839242758,15 min
-6873.852203672787,0.026570445396074036,15 min
-6843.769699499165,0.026981112428716862,15 min
-6813.687195325541,0.02739794798439759,15 min
-6783.604691151919,0.0278210391596675,15 min
-6753.522186978296,0.02825047410786885,15 min
-6723.439682804674,0.02868634204646827,15 min
-6693.357178631051,0.029128733264249425,15 min
-6663.274674457429,0.02957773912835646,15 min
-6633.192170283806,0.03003345209117966,15 min
-6603.109666110183,0.03049596569707395,15 min
-6573.02716193656,0.030965374588901355,15 min
-6542.944657762937,0.031441774514387906,15 min
-6512.862153589314,0.03192526233228489,15 min
-6482.779649415692,0.03241593601832491,15 min
-6452.697145242069,0.032913894670961924,15 min
-6422.614641068447,0.033419238516885025,15 min
-6392.532136894824,0.0339320689162951,15 min
-6362.449632721202,0.0344524883679328,15 min
-6332.367128547578,0.034980600513846945,15 min
-6302.284624373956,0.035516510143891136,15 min
-6272.202120200333,0.036060323199936836,15 min
-6242.11961602671,0.03661214677979041,15 min
-6212.0371118530875,0.0371720891408015,15 min
-6181.954607679465,0.03774025970315002,15 min
-6151.8721035058425,0.03831676905279791,15 min
-6121.78959933222,0.038901728944092995,15 min
-6091.707095158597,0.03949525230201005,15 min
-6061.624590984975,0.04009745322401573,15 min
-6031.5420868113515,0.04070844698154229,15 min
-6001.459582637729,0.04132835002105543,15 min
-5971.377078464106,0.041957279964701374,15 min
-5941.294574290483,0.04259535561051715,15 min
-5911.212070116861,0.04324269693218873,15 min
-5881.129565943238,0.043899425078340895,15 min
-5851.0470617696155,0.044565662371341894,15 min
-5820.964557595993,0.045241532305606985,15 min
-5790.8820534223705,0.04592715954538272,15 min
-5760.799549248747,0.04662266992199574,15 min
-5730.717045075125,0.0473281904305472,15 min
-5700.634540901502,0.04804384922603575,15 min
-5670.552036727879,0.04876977561889015,15 min
-5640.469532554256,0.049506100069893075,15 min
-5610.387028380634,0.05025295418447706,15 min
-5580.304524207011,0.05101047070637363,15 min
-5550.222020033389,0.051778783510595394,15 min
-5520.139515859766,0.05255802759573222,15 min
-5490.057011686144,0.05334833907554021,15 min
-5459.97450751252,0.05414985516980439,15 min
-5429.892003338898,0.05496271419445304,15 min
-5399.809499165274,0.05578705555090402,15 min
-5369.726994991652,0.056623019714620804,15 min
-5339.644490818029,0.05747074822285793,15 min
-5309.561986644407,0.05833038366157281,15 min
-5279.479482470784,0.05920206965148356,15 min
-5249.396978297162,0.06008595083324933,15 min
-5219.314474123539,0.06098217285175219,15 min
-5189.231969949916,0.06189088233945671,15 min
-5159.149465776293,0.06281222689882601,15 min
-5129.066961602671,0.0637463550837705,15 min
-5098.984457429047,0.0646934163801067,15 min
-5068.901953255425,0.06565356118500333,15 min
-5038.819449081802,0.06662694078539144,15 min
-5008.73694490818,0.06761370733531497,15 min
-4978.654440734557,0.06861401383219956,15 min
-4948.571936560935,0.06962801409201477,15 min
-4918.489432387312,0.07065586272330837,15 min
-4888.406928213689,0.0716977151000873,15 min
-4858.324424040066,0.07275372733352425,15 min
-4828.241919866444,0.07382405624246494,15 min
-4798.15941569282,0.07490885932271418,15 min
-4768.076911519198,0.07600829471507725,15 min
-4737.994407345575,0.0771225211721343,15 min
-4707.911903171953,0.0782516980237247,15 min
-4677.82939899833,0.07939598514111973,15 min
-4647.746894824707,0.08055554289986064,15 min
-4617.664390651084,0.08173053214124146,15 min
-4587.581886477462,0.08292111413241421,15 min
-4557.499382303839,0.08412745052509611,15 min
-4527.416878130217,0.08534970331285785,15 min
-4497.3343739565935,0.08658803478697306,15 min
-4467.251869782971,0.08784260749080919,15 min
-4437.1693656093485,0.08911358417274091,15 min
-4407.086861435726,0.09040112773756756,15 min
-4377.004357262103,0.09170540119641668,15 min
-4346.92185308848,0.09302656761511661,15 min
-4316.8393489148575,0.09436479006102229,15 min
-4286.756844741235,0.0957202315482779,15 min
-4256.6743405676125,0.09709305498150234,15 min
-4226.591836393989,0.09848342309788367,15 min
-4196.509332220367,0.09989149840766914,15 min
-4166.426828046744,0.10131744313304067,15 min
-4136.3443238731215,0.10276141914536277,15 min
-4106.261819699499,0.10422358790079556,15 min
-4076.1793155258756,0.10570411037426364,15 min
-4046.096811352253,0.10720314699177319,15 min
-4016.0143071786306,0.10872085756107377,15 min
-3985.931803005008,0.11025740120065747,15 min
-3955.8492988313856,0.11181293626709582,15 min
-3925.766794657762,0.1133876202807107,15 min
-3895.6842904841396,0.11498160984958061,15 min
-3865.601786310517,0.11659506059188557,15 min
-3835.5192821368946,0.11822812705659139,15 min
-3805.436777963272,0.119880962642482,15 min
-3775.3542737896487,0.1215537195155455,15 min
-3745.271769616026,0.12324654852472366,15 min
-3715.1892654424037,0.1249595991160371,15 min
-3685.106761268781,0.1266930192450981,15 min
-3655.0242570951577,0.12844695528802869,15 min
-3624.941752921535,0.13022155195079982,15 min
-3594.8592487479127,0.13201695217701373,15 min
-3564.77674457429,0.13383329705415065,15 min
-3534.6942404006677,0.13567072571830557,15 min
-3504.6117362270443,0.13752937525744224,15 min
-3474.5292320534218,0.13940938061319427,15 min
-3444.4467278797993,0.14131087448124696,15 min
-3414.3642237061767,0.14323398721033354,15 min
-3384.2817195325542,0.145178846699885,15 min
-3354.199215358931,0.14714557829637503,15 min
-3324.1167111853083,0.1491343046884011,15 min
-3294.034207011686,0.15114514580055194,15 min
-3263.9517028380633,0.1531782186861081,15 min
-3233.869198664441,0.15523363741862922,15 min
-3203.7866944908174,0.15731151298248403,15 min
-3173.704190317195,0.15941195316238063,15 min
-3143.6216861435723,0.16153506243196064,15 min
-3113.53918196995,0.16368094184151968,15 min
-3083.4566777963264,0.16584968890492513,15 min
-3053.374173622704,0.16804139748579977,15 min
-3023.2916694490814,0.17025615768304836,15 min
-2993.209165275459,0.17249405571580323,15 min
-2963.1266611018364,0.17475517380787015,15 min
-2933.044156928213,0.17703959007175973,15 min
-2902.9616527545904,0.17934737839239065,15 min
-2872.879148580968,0.18167860831055638,15 min
-2842.7966444073454,0.18403334490624884,15 min
-2812.714140233723,0.186411648681936,15 min
-2782.6316360600995,0.18881357544589455,15 min
-2752.549131886477,0.19123917619569986,15 min
-2722.4666277128545,0.1936884970019812,15 min
-2692.384123539232,0.19616157889255026,15 min
-2662.3016193656085,0.1986584577370167,15 min
-2632.219115191986,0.20117916413200515,15 min
-2602.1366110183635,0.20372372328709304,15 min
-2572.054106844741,0.2062921549115891,15 min
-2541.9716026711185,0.20888447310227687,15 min
-2511.889098497495,0.21150068623224969,15 min
-2481.8065943238726,0.21414079684096393,15 min
-2451.72409015025,0.21680480152564488,15 min
-2421.6415859766275,0.2194926908341749,15 min
-2391.559081803005,0.22220444915960105,15 min
-2361.4765776293816,0.2249400546363992,15 min
-2331.394073455759,0.22769947903863252,15 min
-2301.3115692821366,0.23048268768014607,15 min
-2271.229065108514,0.23328963931693894,15 min
-2241.1465609348916,0.23612028605185623,15 min
-2211.064056761268,0.2389745732417473,15 min
-2180.9815525876456,0.24185243940723228,15 min
-2150.899048414023,0.2447538161452257,15 min
-2120.8165442404006,0.24767862804436164,15 min
-2090.734040066777,0.2506267926034667,15 min
-2060.6515358931547,0.2535982201532281,15 min
-2030.5690317195322,0.25659281378120224,15 min
-2000.4865275459097,0.2596104692603104,15 min
-1970.4040233722872,0.26265107498096446,15 min
-1940.3215191986637,0.2657145118869688,15 min
-1910.2390150250412,0.2688006534153393,15 min
-1880.1565108514187,0.2719093654401815,15 min
-1850.0740066777962,0.27504050622076637,15 min
-1819.9915025041737,0.278193926353941,15 min
-1789.9089983305503,0.28136946873100954,15 min
-1759.8264941569278,0.2845669684992149,15 min
-1729.7439899833053,0.287786253027953,15 min
-1699.6614858096827,0.2910271418798416,15 min
-1669.5789816360602,0.29428944678676966,15 min
-1639.4964774624368,0.29757297163104357,15 min
-1609.4139732888143,0.3008775124317443,15 min
-1579.3314691151918,0.30420285733640706,15 min
-1549.2489649415693,0.307548786618127,15 min
-1519.1664607679459,0.31091507267819174,15 min
-1489.0839565943234,0.31430148005433467,15 min
-1459.0014524207008,0.3177077654347005,15 min
-1428.9189482470783,0.32113367767760315,15 min
-1398.8364440734558,0.3245789578371562,15 min
-1368.7539398998324,0.32804333919484474,15 min
-1338.67143572621,0.3315265472971032,15 min
-1308.5889315525874,0.335028299998958,15 min
-1278.5064273789649,0.3385483075137825,15 min
-1248.4239232053424,0.34208627246920886,15 min
-1218.341419031719,0.3456418899692316,15 min
-1188.2589148580964,0.34921484766252964,15 min
-1158.176410684474,0.35280482581702705,15 min
-1128.0939065108514,0.356411497400703,15 min
-1098.011402337229,0.360034528168654,15 min
-1067.9288981636055,0.36367357675640266,15 min
-1037.846393989983,0.36732829477943885,15 min
-1007.7638898163605,0.37099832693897017,15 min
-977.681385642738,0.3746833111338505,15 min
-947.5988814691145,0.37838287857864394,15 min
-917.516377295492,0.3820966539277759,15 min
-887.4338731218695,0.3858242554057133,15 min
-857.351368948247,0.3895652949431033,15 min
-827.2688647746245,0.3933193783187958,15 min
-797.1863606010011,0.3970861053076623,15 min
-767.1038564273786,0.4008650698341172,15 min
-737.021352253756,0.4046558601312359,15 min
-706.9388480801335,0.4084580589053585,15 min
-676.856343906511,0.41227124350605504,15 min
-646.7738397328885,0.4160949861013237,15 min
-616.691335559266,0.4199288538578818,15 min
-586.6088313856417,0.4237724091264024,15 min
-556.5263272120192,0.4276252096315395,15 min
-526.4438230383967,0.4314868086665816,15 min
-496.36131886477415,0.4353567552925569,15 min
-466.27881469115164,0.43923459454161506,15 min
-436.1963105175291,0.4431198676244968,15 min
-406.1138063439066,0.4470121121418992,15 min
-376.0313021702841,0.4509108622995347,15 min
-345.9487979966616,0.45481564912667904,15 min
-315.8662938230391,0.45872600069799363,15 min
-285.78378964941476,0.4626414423584047,15 min
-255.70128547579225,0.46656149695081384,15 min
-225.61878130216974,0.47048568504641464,15 min
-195.53627712854723,0.4744135251773762,15 min
-165.45377295492472,0.4783445340716604,15 min
-135.3712687813022,0.48227822688972843,15 min
-105.2887646076797,0.4862141174628932,15 min
-75.20626043405719,0.4901517185330686,15 min
-45.123756260434675,0.4940905419936648,15 min
-15.041252086810346,0.49803009913137863,15 min
15.041252086812165,0.5019699008686216,15 min
45.123756260434675,0.5059094580063351,15 min
75.20626043405719,0.5098482814669314,15 min
105.2887646076797,0.5137858825371067,15 min
135.3712687813022,0.5177217731102717,15 min
165.45377295492472,0.5216554659283396,15 min
195.53627712854723,0.5255864748226238,15 min
225.61878130216974,0.5295143149535854,15 min
255.70128547579225,0.5334385030491862,15 min
285.7837896494166,0.5373585576415956,15 min
315.8662938230391,0.5412739993020064,15 min
345.9487979966616,0.545184350873321,15 min
376.0313021702841,0.5490891377004653,15 min
406.1138063439066,0.5529878878581009,15 min
436.1963105175291,0.5568801323755033,15 min
466.27881469115164,0.5607654054583849,15 min
496.36131886477415,0.5646432447074431,15 min
526.4438230383967,0.5685131913334185,15 min
556.526327212021,0.5723747903684606,15 min
586.6088313856435,0.5762275908735979,15 min
616.691335559266,0.5800711461421182,15 min
646.7738397328885,0.5839050138986763,15 min
676.856343906511,0.587728756493945,15 min
706.9388480801335,0.5915419410946414,15 min
737.021352253756,0.5953441398687642,15 min
767.1038564273786,0.5991349301658828,15 min
797.1863606010011,0.6029138946923377,15 min
827.2688647746236,0.6066806216812041,15 min
857.3513689482479,0.6104347050568968,15 min
887.4338731218704,0.6141757445942868,15 min
917.5163772954929,0.6179033460722242,15 min
947.5988814691154,0.6216171214213562,15 min
977.681385642738,0.6253166888661494,15 min
1007.7638898163605,0.6290016730610298,15 min
1037.846393989983,0.6326717052205613,15 min
1067.9288981636055,0.6363264232435972,15 min
1098.011402337228,0.6399654718313459,15 min
1128.0939065108523,0.6435885025992971,15 min
1158.1764106844748,0.6471951741829731,15 min
1188.2589148580973,0.6507851523374705,15 min
1218.3414190317199,0.6543581100307685,15 min
1248.4239232053424,0.6579137275307911,15 min
1278.5064273789649,0.6614516924862175,15 min
1308.5889315525874,0.664971700001042,15 min
1338.67143572621,0.6684734527028968,15 min
1368.7539398998324,0.6719566608051553,15 min
1398.836444073455,0.6754210421628437,15 min
1428.9189482470792,0.678866322322397,15 min
1459.0014524207018,0.6822922345652996,15 min
1489.0839565943243,0.6856985199456654,15 min
1519.1664607679468,0.6890849273218083,15 min
1549.2489649415693,0.692451213381873,15 min
1579.3314691151918,0.6957971426635929,15 min
1609.4139732888143,0.6991224875682558,15 min
1639.4964774624368,0.7024270283689564,15 min
1669.5789816360593,0.7057105532132302,15 min
1699.6614858096837,0.7089728581201585,15 min
1729.7439899833062,0.7122137469720471,15 min
1759.8264941569287,0.7154330315007852,15 min
1789.9089983305512,0.7186305312689905,15 min
1819.9915025041737,0.721806073646059,15 min
1850.0740066777962,0.7249594937792336,15 min
1880.1565108514187,0.7280906345598184,15 min
1910.2390150250412,0.7311993465846607,15 min
1940.3215191986637,0.7342854881130312,15 min
1970.4040233722862,0.7373489250190355,15 min
2000.4865275459106,0.7403895307396897,15 min
2030.569031719533,0.7434071862187979,15 min
2060.6515358931556,0.746401779846772,15 min
2090.734040066778,0.7493732073965333,15 min
2120.8165442404006,0.7523213719556384,15 min
2150.899048414023,0.7552461838547743,15 min
2180.9815525876456,0.7581475605927677,15 min
2211.064056761268,0.7610254267582527,15 min
2241.1465609348907,0.7638797139481436,15 min
2271.229065108515,0.7667103606830612,15 min
2301.3115692821375,0.769517312319854,15 min
2331.39407345576,0.7723005209613676,15 min
2361.4765776293825,0.7750599453636008,15 min
2391.559081803005,0.7777955508403989,15 min
2421.6415859766275,0.7805073091658252,15 min
2451.72409015025,0.7831951984743551,15 min
2481.8065943238726,0.785859203159036,15 min
2511.889098497495,0.7884993137677503,15 min
2541.9716026711176,0.791115526897723,15 min
2572.054106844742,0.7937078450884111,15 min
2602.1366110183644,0.796276276712907,15 min
2632.219115191987,0.7988208358679949,15 min
2662.3016193656094,0.8013415422629833,15 min
2692.384123539232,0.8038384211074497,15 min
2722.4666277128545,0.8063115029980188,15 min
2752.549131886477,0.8087608238043,15 min
2782.6316360600995,0.8111864245541054,15 min
2812.714140233722,0.813588351318064,15 min
2842.7966444073463,0.8159666550937512,15 min
2872.879148580969,0.8183213916894436,15 min
2902.9616527545913,0.8206526216076094,15 min
2933.044156928214,0.8229604099282404,15 min
2963.1266611018364,0.8252448261921299,15 min
2993.209165275459,0.8275059442841968,15 min
3023.2916694490814,0.8297438423169516,15 min
3053.374173622704,0.8319586025142003,15 min
3083.4566777963264,0.8341503110950749,15 min
3113.5391819699507,0.8363190581584803,15 min
3143.6216861435732,0.8384649375680395,15 min
3173.7041903171958,0.8405880468376195,15 min
3203.7866944908183,0.842688487017516,15 min
3233.869198664441,0.8447663625813708,15 min
3263.9517028380633,0.8468217813138919,15 min
3294.034207011686,0.8488548541994481,15 min
3324.1167111853083,0.850865695311599,15 min
3354.199215358931,0.8528544217036249,15 min
3384.2817195325533,0.8548211533001149,15 min
3414.3642237061777,0.8567660127896666,15 min
3444.4467278798,0.8586891255187531,15 min
3474.5292320534227,0.8605906193868057,15 min
3504.611736227045,0.8624706247425578,15 min
3534.6942404006677,0.8643292742816945,15 min
3564.77674457429,0.8661667029458493,15 min
3594.8592487479127,0.8679830478229862,15 min
3624.941752921535,0.8697784480492001,15 min
3655.0242570951577,0.8715530447119715,15 min
3685.106761268782,0.873306980754902,15 min
3715.1892654424046,0.875040400883963,15 min
3745.271769616027,0.8767534514752764,15 min
3775.3542737896496,0.8784462804844544,15 min
3805.436777963272,0.8801190373575181,15 min
3835.5192821368946,0.8817718729434086,15 min
3865.601786310517,0.8834049394081145,15 min
3895.6842904841396,0.8850183901504194,15 min
3925.766794657762,0.8866123797192893,15 min
3955.8492988313847,0.8881870637329041,15 min
3985.931803005009,0.8897425987993426,15 min
4016.0143071786315,0.8912791424389264,15 min
4046.096811352254,0.8927968530082269,15 min
4076.1793155258765,0.8942958896257365,15 min
4106.261819699499,0.8957764120992044,15 min
4136.3443238731215,0.8972385808546373,15 min
4166.426828046744,0.8986825568669593,15 min
4196.509332220367,0.9001085015923308,15 min
4226.591836393989,0.9015165769021163,15 min
4256.674340567613,0.9029069450184977,15 min
4286.756844741236,0.9042797684517221,15 min
4316.839348914858,0.9056352099389777,15 min
4346.921853088481,0.9069734323848835,15 min
4377.004357262103,0.9082945988035833,15 min
4407.086861435726,0.9095988722624325,15 min
4437.1693656093485,0.9108864158272592,15 min
4467.251869782971,0.9121573925091908,15 min
4497.3343739565935,0.9134119652130269,15 min
4527.416878130216,0.9146502966871422,15 min
4557.49938230384,0.9158725494749039,15 min
4587.581886477463,0.9170788858675858,15 min
4617.664390651085,0.9182694678587586,15 min
4647.746894824708,0.9194444571001394,15 min
4677.82939899833,0.9206040148588803,15 min
4707.911903171953,0.9217483019762752,15 min
4737.994407345575,0.9228774788278657,15 min
4768.076911519198,0.9239917052849227,15 min
4798.15941569282,0.9250911406772857,15 min
4828.241919866445,0.9261759437575351,15 min
4858.324424040067,0.9272462726664759,15 min
4888.40692821369,0.9283022848999127,15 min
4918.489432387312,0.9293441372766917,15 min
4948.571936560935,0.9303719859079853,15 min
4978.654440734557,0.9313859861678004,15 min
5008.73694490818,0.9323862926646851,15 min
5038.819449081802,0.9333730592146086,15 min
5068.901953255425,0.9343464388149967,15 min
5098.984457429047,0.9353065836198933,15 min
5129.066961602672,0.9362536449162295,15 min
5159.149465776294,0.937187773101174,15 min
5189.231969949917,0.9381091176605434,15 min
5219.314474123539,0.9390178271482479,15 min
5249.396978297162,0.9399140491667507,15 min
5279.479482470784,0.9407979303485166,15 min
5309.561986644407,0.9416696163384272,15 min
5339.644490818029,0.942529251777142,15 min
5369.726994991652,0.9433769802853792,15 min
5399.809499165276,0.9442129444490961,15 min
5429.892003338899,0.9450372858055471,15 min
5459.974507512521,0.9458501448301957,15 min
5490.057011686144,0.9466516609244597,15 min
5520.139515859766,0.9474419724042678,15 min
5550.222020033389,0.9482212164894046,15 min
5580.304524207011,0.9489895292936263,15 min
5610.387028380634,0.9497470458155229,15 min
5640.469532554256,0.9504938999301069,15 min
5670.552036727879,0.9512302243811099,15 min
5700.634540901503,0.9519561507739642,15 min
5730.7170450751255,0.9526718095694529,15 min
5760.799549248748,0.9533773300780042,15 min
5790.8820534223705,0.9540728404546173,15 min
5820.964557595993,0.954758467694393,15 min
5851.0470617696155,0.9554343376286581,15 min
5881.129565943238,0.9561005749216591,15 min
5911.212070116861,0.9567573030678114,15 min
5941.294574290483,0.9574046443894828,15 min
5971.377078464107,0.9580427200352986,15 min
6001.45958263773,0.9586716499789445,15 min
6031.542086811352,0.9592915530184578,15 min
6061.624590984975,0.9599025467759842,15 min
6091.707095158597,0.96050474769799,15 min
6121.78959933222,0.9610982710559071,15 min
6151.8721035058425,0.9616832309472021,15 min
6181.954607679465,0.9622597402968499,15 min
6212.0371118530875,0.9628279108591985,15 min
6242.11961602671,0.9633878532202096,15 min
6272.202120200334,0.9639396768000632,15 min
6302.284624373957,0.964483489856109,15 min
6332.367128547579,0.965019399486153,15 min
6362.449632721202,0.9655475116320672,15 min
6392.532136894824,0.9660679310837048,15 min
6422.614641068447,0.966580761483115,15 min
6452.697145242069,0.967086105329038,15 min
6482.779649415692,0.9675840639816751,15 min
6512.862153589314,0.968074737667715,15 min
6542.944657762939,0.9685582254856121,15 min
6573.027161936561,0.9690346254110986,15 min
6603.109666110184,0.9695040343029262,15 min
6633.192170283806,0.9699665479088204,15 min
6663.274674457429,0.9704222608716435,15 min
6693.357178631051,0.9708712667357505,15 min
6723.439682804674,0.9713136579535318,15 min
6753.522186978296,0.9717495258921311,15 min
6783.604691151919,0.9721789608403324,15 min
6813.687195325541,0.9726020520156025,15 min
6843.769699499166,0.9730188875712832,15 min
6873.852203672788,0.973429554603926,15 min
6903.934707846411,0.9738341391607571,15 min
6934.017212020033,0.9742327262472688,15 min
6964.099716193656,0.974625399834925,15 min
6994.182220367278,0.9750122428689797,15 min
7024.264724540901,0.9753933372763941,15 min
7054.347228714523,0.9757687639738508,15 min
7084.429732888146,0.9761386028758543,15 min
7114.51223706177,0.9765029329029149,15 min
7144.594741235393,0.9768618319898054,15 min
7174.677245409015,0.9772153770938885,15 min
7204.759749582638,0.9775636442035058,15 min
7234.84225375626,0.9779067083464246,15 min
7264.924757929883,0.9782446435983344,15 min
7295.007262103505,0.978577523091392,15 min
7325.089766277128,0.978905419022804,15 min
7355.17227045075,0.9792284026634483,15 min
7385.254774624373,0.9795465443665226,15 min
7415.337278797997,0.9798599135762223,15 min
7445.419782971618,0.9801685788364374,15 min
7475.502287145242,0.980472607799468,15 min
7505.584791318863,0.9807720672347507,15 min
7535.667295492487,0.9810670230375963,15 min
7565.749799666111,0.9813575402379296,15 min
7595.832303839732,0.9816436830090319,15 min
7625.914808013356,0.981925514676281,15 min
7655.997312186977,0.9822030977258833,15 min
7686.079816360601,0.9824764938135986,15 min
7716.162320534222,0.9827457637734516,15 min
7746.244824707846,0.983010967626426,15 min
7776.327328881467,0.9832721645891424,15 min
7806.409833055091,0.983529413082513,15 min
7836.492337228716,0.9837827707403726,15 min
7866.5748414023365,0.9840322944180823,15 min
7896.657345575961,0.9842780402011047,15 min
7926.7398497495815,0.9845200634135458,15 min
7956.822353923206,0.9847584186266657,15 min
7986.9048580968265,0.984993159667349,15 min
8016.987362270451,0.9852243396265408,15 min
8047.0698664440715,0.9854520108676406,15 min
8077.152370617696,0.9856762250348541,15 min
8107.23487479132,0.9858970330615018,15 min
8137.317378964941,0.9861144851782816,15 min
8167.399883138565,0.9863286309214843,15 min
8197.482387312186,0.9865395191411606,15 min
8227.56489148581,0.9867471980092377,15 min
8257.647395659431,0.9869517150275842,15 min
8287.729899833055,0.9871531170360232,15 min
8317.812404006676,0.98735145022029,15 min
8347.8949081803,0.9875467601199361,15 min
8377.977412353921,0.9877390916361763,15 min
8408.059916527545,0.987928489039678,15 min
8438.14242070117,0.9881149959782938,15 min
8468.22492487479,0.9882986554847333,15 min
8498.307429048415,0.9884795099841772,15 min
8528.389933222035,0.9886576013018292,15 min
8558.47243739566,0.9888329706704069,15 min
8588.55494156928,0.9890056587375711,15 min
8618.637445742905,0.9891757055732926,15 min
8648.719949916525,0.989343150677156,15 min
8678.80245409015,0.9895080329855991,15 min
8708.884958263774,0.9896703908790898,15 min
8738.967462437395,0.9898302621892374,15 min
8769.049966611019,0.9899876842058394,15 min
8799.13247078464,0.9901426936838633,15 min
8829.214974958264,0.990295326850364,15 min
8859.297479131885,0.9904456194113338,15 min
8889.379983305509,0.9905936065584883,15 min
8919.46248747913,0.9907393229759851,15 min
8949.544991652754,0.9908828028470777,15 min
8979.627495826378,0.9910240798607031,15 min
9009.71,0.9911631872180009,15 min
-13024.155,0.002815119142559422,20 min
-12980.66867278798,0.002870677360165713,20 min
-12937.18234557596,0.0029273288366368443,20 min
-12893.69601836394,0.002985094956521506,20 min
-12850.20969115192,0.003043997517545663,20 min
-12806.7233639399,0.003104058738391661,20 min
-12763.23703672788,0.0031653012666155887,20 min
-12719.75070951586,0.003227748186705095,20 min
-12676.26438230384,0.003291423028279692,20 min
-12632.77805509182,0.003356349774435799,20 min
-12589.2917278798,0.0034225528702386604,20 min
-12545.805400667781,0.003490057231363305,20 min
-12502.319073455761,0.0035588882528868795,20 min
-12458.832746243741,0.0036290718182343867,20 min
-12415.34641903172,0.003700634308280272,20 min
-12371.8600918197,0.0037736026106079536,20 min
-12328.37376460768,0.0038480041289296707,20 min
-12284.88743739566,0.003923866792668877,20 min
-12241.40111018364,0.004001219066707463,20 min
-12197.91478297162,0.004080089961300164,20 min
-12154.4284557596,0.004160509042158365,20 min
-12110.94212854758,0.004242506440705766,20 min
-12067.45580133556,0.004326112864508051,20 min
-12023.96947412354,0.004411359607879056,20 min
-11980.48314691152,0.004498278562665661,20 min
-11936.9968196995,0.004586902229213749,20 min
-11893.51049248748,0.004677263727517674,20 min
-11850.02416527546,0.0047693968085553845,20 min
-11806.53783806344,0.004863335865811732,20 min
-11763.05151085142,0.004959115946992141,20 min
-11719.565183639399,0.005056772765928995,20 min
-11676.078856427379,0.005156342714683177,20 min
-11632.592529215359,0.0052578628758428135,20 min
-11589.106202003339,0.005361371035021774,20 min
-11545.61987479132,0.0054669056935600065,20 min
-11502.1335475793,0.005574506081428039,20 min
-11458.64722036728,0.005684212170337915,20 min
-11415.16089315526,0.005796064687062657,20 min
-11371.67456594324,0.005910105126966599,20 min
-11328.18823873122,0.006026375767748568,20 min
-11284.7019115192,0.006144919683400185,20 min
-11241.21558430718,0.0062657807583812765,20 min
-11197.72925709516,0.006389003702014496,20 min
-11154.24292988314,0.006514634063101118,20 min
-11110.75660267112,0.006642718244759969,20 min
-11067.2702754591,0.006773303519491432,20 min
-11023.783948247079,0.006906438044468348,20 min
-10980.297621035059,0.0070421708770556125,20 min
-10936.811293823039,0.007180551990560179,20 min
-10893.324966611019,0.007321632290213138,20 min
-10849.838639398999,0.007465463629385482,20 min
-10806.35231218698,0.007612098826039021,20 min
-10762.86598497496,0.00776159167941395,20 min
-10719.37965776294,0.007913996986954218,20 min
-10675.89333055092,0.00806937056147221,20 min
-10632.4070033389,0.008227769248553628,20 min
-10588.92067612688,0.008389250944203761,20 min
-10545.43434891486,0.008553874612735999,20 min
-10501.94802170284,0.008721700304903338,20 min
-10458.46169449082,0.008892789176273699,20 min
-10414.9753672788,0.009067203505849362,20 min
-10371.48904006678,0.009245006714931132,20 min
-10328.002712854759,0.009426263386227353,20 min
-10284.516385642739,0.009611039283207803,20 min
-10241.030058430719,0.009799401369702539,20 min
-10197.543731218699,0.00999141782974526,20 min
-10154.057404006679,0.010187158087660884,20 min
-10110.571076794658,0.010386692828396549,20 min
-10067.084749582638,0.010590094018095287,20 min
-10023.598422370618,0.010797434924911285,20 min
-9980.112095158598,0.011008790140065415,20 min
-9936.625767946578,0.011224235599139563,20 min
-9893.139440734558,0.011443848603607872,20 min
-9849.653113522538,0.011667707842602949,20 min
-9806.166786310518,0.011895893414914737,20 min
-9762.680459098498,0.012128486851219405,20 min
-9719.194131886477,0.012365571136535403,20 min
-9675.707804674457,0.012607230732903447,20 min
-9632.221477462439,0.012853551602286899,20 min
-9588.735150250419,0.013104621229688817,20 min
-9545.248823038399,0.013360528646481195,20 min
-9501.762495826379,0.01362136445394211,20 min
-9458.276168614359,0.013887220846995495,20 min
-9414.789841402338,0.014158191638148503,20 min
-9371.303514190318,0.014434372281620304,20 min
-9327.817186978298,0.01471585989765644,20 min
-9284.330859766278,0.015002753297021797,20 min
-9240.844532554258,0.01529515300566528,20 min
-9197.358205342238,0.015593161289548298,20 min
-9153.871878130218,0.015896882179629146,20 min
-9110.385550918198,0.01620642149699451,20 min
-9066.899223706178,0.016521886878128913,20 min
-9023.412896494157,0.016843387800312318,20 min
-8979.926569282137,0.017171035607135468,20 min
-8936.440242070119,0.017504943534122012,20 min
-8892.953914858099,0.017845226734445916,20 min
-8849.467587646079,0.018192002304731614,20 min
-8805.981260434059,0.01854538931092431,20 min
-8762.494933222039,0.01890550881421637,20 min
-8719.008606010018,0.019272483897015837,20 min
-8675.522278797998,0.01964643968894155,20 min
-8632.035951585978,0.020027503392829358,20 min
-8588.549624373958,0.020415804310732193,20 min
-8545.063297161938,0.020811473869897054,20 min
-8501.576969949918,0.021214645648700015,20 min
-8458.090642737898,0.02162545540252015,20 min
-8414.604315525878,0.02204404108953234,20 min
-8371.117988313857,0.02247054289639739,20 min
-8327.631661101837,0.02290510326382786,20 min
-8284.145333889817,0.023347866912006063,20 min
-8240.659006677797,0.02379898086583035,20 min
-8197.172679465777,0.02425859447996439,20 min
-8153.686352253757,0.024726859463663164,20 min
-8110.200025041738,0.025203929905348255,20 min
-8066.713697829718,0.02568996229690395,20 min
-8023.2273706176975,0.026185115557664222,20 min
-7979.741043405677,0.026689551058059976,20 min
-7936.254716193657,0.02720343264289396,20 min
-7892.768388981637,0.027726926654210296,20 min
-7849.282061769617,0.02826020195372339,20 min
-7805.795734557597,0.028803429944770597,20 min
-7762.309407345577,0.02935678459375077,20 min
-7718.823080133557,0.02992044245100997,20 min
-7675.3367529215375,0.030494582671134113,20 min
-7631.850425709517,0.031079387032606577,20 min
-7588.364098497497,0.03167503995678769,20 min
-7544.877771285477,0.03228172852617116,20 min
-7501.391444073457,0.03289964250187117,20 min
-7457.905116861437,0.03352897434029237,20 min
-7414.418789649417,0.034169919208932906,20 min
-7370.932462437397,0.03482267500126969,20 min
-7327.446135225377,0.03548744235067286,20 min
-7283.959808013356,0.036164424643294876,20 min
-7240.473480801336,0.036853828029878466,20 min
-7196.987153589317,0.0375558614364248,20 min
-7153.500826377297,0.03827073657366298,20 min
-7110.014499165277,0.03899866794525857,20 min
-7066.528171953257,0.039739872854698724,20 min
-7023.041844741237,0.04049457141078826,20 min
-6979.555517529217,0.04126298653168997,20 min
-6936.069190317196,0.0420453439474409,20 min
-6892.582863105176,0.042841872200873266,20 min
-6849.096535893156,0.043652802646868515,20 min
-6805.610208681136,0.044478369449869784,20 min
-6762.123881469117,0.04531880957957668,20 min
-6718.637554257097,0.046174362804745184,20 min
-6675.151227045077,0.04704527168501194,20 min
-6631.664899833057,0.047931781560662516,20 min
-6588.178572621036,0.04883414054025942,20 min
-6544.692245409016,0.049752599486045365,20 min
-6501.205918196996,0.05068741199703472,20 min
-6457.719590984976,0.05163883438970453,20 min
-6414.233263772956,0.05260712567619509,20 min
-6370.746936560936,0.053592547539927864,20 min
-6327.260609348916,0.05459536430854757,20 min
-6283.7742821368965,0.05561584292409319,20 min
-6240.287954924876,0.05665425291030131,20 min
-6196.801627712856,0.057710866336944056,20 min
-6153.315300500836,0.05878595778110228,20 min
-6109.828973288816,0.059879804285273036,20 min
-6066.342646076796,0.06099268531221031,20 min
-6022.856318864776,0.06212488269639539,20 min
-5979.369991652756,0.06327668059203367,20 min
-5935.883664440736,0.06444836541747243,20 min
-5892.3973372287155,0.06564022579593537,20 min
-5848.911010016695,0.06685255249246634,20 min
-5805.424682804676,0.06808563834697672,20 min
-5761.938355592656,0.06933977820328953,20 min
-5718.452028380636,0.07061526883407251,20 min
-5674.965701168616,0.07191240886155394,20 min
-5631.479373956596,0.07323149867391383,20 min
-5587.993046744576,0.07457284033724418,20 min
-5544.5067195325555,0.07593673750297253,20 min
-5501.020392320535,0.07732349531064321,20 min
-5457.534065108515,0.07873342028595301,20 min
-5414.047737896495,0.08016682023393762,20 min
-5370.561410684475,0.08162400412720788,20 min
-5327.075083472456,0.08310528198913694,20 min
-5283.588756260436,0.08461096477189953,20 min
-5240.102429048416,0.08614136422926955,20 min
-5196.6161018363955,0.08769679278408296,20 min
-5153.129774624375,0.08927756339027595,20 min
-5109.643447412355,0.09088398938941374,20 min
-5066.157120200335,0.0925163843616254,20 min
-5022.670792988315,0.09417506197086825,20 min
-4979.184465776295,0.09586033580444564,20 min
-4935.698138564275,0.09757251920671049,20 min
-4892.211811352256,0.09931192510688859,20 min
-4848.7254841402355,0.10107886584096407,20 min
-4805.239156928215,0.10287365296757364,20 min
-4761.752829716195,0.10469659707786283,20 min
-4718.266502504175,0.10654800759926564,20 min
-4674.780175292155,0.10842819259317318,20 min
-4631.293848080135,0.11033745854646898,20 min
-4587.807520868115,0.11227611015691219,20 min
-4544.321193656095,0.11424445011236194,20 min
-4500.834866444075,0.11624277886384404,20 min
-4457.3485392320545,0.11827139439246978,20 min
-4413.862212020034,0.120330591970229,20 min
-4370.375884808014,0.1224206639146875,20 min
-4326.889557595994,0.12454189933763248,20 min
-4283.403230383974,0.12669458388771898,20 min
-4239.916903171954,0.12887899948718412,20 min
-4196.430575959936,0.1310954240627073,20 min
-4152.9442487479155,0.13334413127050848,20 min
-4109.457921535895,0.13562539021578884,20 min
-4065.9715943238753,0.1379394651666338,20 min
-4022.485267111855,0.14028661526251177,20 min
-3978.998939899835,0.1426670942175164,20 min
-3935.512612687815,0.14508115001851712,20 min
-3892.026285475795,0.14752902461839673,20 min
-3848.5399582637747,0.15001095362457195,20 min
-3805.0536310517546,0.15252716598300914,20 min
-3761.5673038397344,0.15507788365796416,20 min
-3718.0809766277143,0.15766332130769292,20 min
-3674.594649415694,0.16028368595639608,20 min
-3631.108322203674,0.16293917666267932,20 min
-3587.621994991654,0.16562998418482966,20 min
-3544.135667779634,0.16835629064322427,20 min
-3500.6493405676138,0.17111826918020906,20 min
-3457.1630133555936,0.17391608361780092,20 min
-3413.6766861435735,0.17674988811358752,20 min
-3370.1903589315534,0.17961982681521507,20 min
-3326.7040317195333,0.18252603351387603,20 min
-3283.217704507513,0.18546863129722363,20 min
-3239.731377295495,0.18844773220216138,20 min
-3196.245050083475,0.1914634368679723,20 min
-3152.7587228714547,0.19451583419026952,20 min
-3109.2723956594346,0.19760500097627048,20 min
-3065.7860684474144,0.20073100160191004,20 min
-3022.2997412353943,0.20389388767132766,20 min
-2978.813414023374,0.2070936976792781,20 min
-2935.327086811354,0.21033045667703032,20 min
-2891.840759599334,0.2136041759423356,20 min
-2848.354432387314,0.21691485265405816,20 min
-2804.8681051752937,0.22026246957207468,20 min
-2761.3817779632736,0.2236469947230634,20 min
-2717.8954507512535,0.22706838109281174,20 min
-2674.4091235392334,0.23052656632568258,20 min
-2630.9227963272133,0.23402147243188964,20 min
-2587.436469115193,0.2375530055032375,20 min
-2543.950141903173,0.24112105543798962,20 min
-2500.463814691153,0.24472549567553314,20 min
-2456.977487479133,0.2483661829415102,20 min
-2413.4911602671127,0.25204295700409063,20 min
-2370.0048330550926,0.25575564044205884,20 min
-2326.5185058430743,0.25950403842538583,20 min
-2283.032178631054,0.26328793850895815,20 min
-2239.545851419034,0.26710711044012303,20 min
-2196.059524207014,0.2709613059807111,20 min
-2152.573196994994,0.2748502587441822,20 min
-2109.0868697829737,0.27877368404853176,20 min
-2065.6005425709536,0.2827312787855836,20 min
-2022.1142153589335,0.28672272130727705,20 min
-1978.6278881469134,0.290747671329543,20 min
-1935.1415609348933,0.2948057698543416,20 min
-1891.6552337228732,0.2988966391104151,20 min
-1848.168906510853,0.3030198825132854,20 min
-1804.682579298833,0.3071750846450003,20 min
-1761.1962520868128,0.31136181125410756,20 min
-1717.7099248747927,0.315579609276301,20 min
-1674.2235976627726,0.3198280068761597,20 min
-1630.7372704507525,0.32410651351035935,20 min
-1587.2509432387324,0.3284146200127063,20 min
-1543.7646160267122,0.33275179870130345,20 min
-1500.2782888146921,0.33711750350812064,20 min
-1456.791961602672,0.34151117013119914,20 min
-1413.3056343906537,0.3459322162096812,20 min
-1369.8193071786336,0.35038004152180746,20 min
-1326.3329799666135,0.35485402820598166,20 min
-1282.8466527545934,0.35935354100495775,20 min
-1239.3603255425733,0.36387792753315185,20 min
-1195.8739983305531,0.36842651856703734,20 min
-1152.387671118533,0.37299862835852826,20 min
-1108.901343906513,0.37759355497120806,20 min
-1065.4150166944928,0.38221058063920693,20 min
-1021.9286894824727,0.38684897214848324,20 min
-978.4423622704526,0.3915079812402087,20 min
-934.9560350584325,0.39618684503590673,20 min
-891.4697078464123,0.4008847864839429,20 min
-847.9833806343922,0.4056010148269117,20 min
-804.4970534223721,0.41033472608941546,20 min
-761.010726210352,0.41508510358567874,20 min
-717.5243989983319,0.41985131844639273,20 min
-674.0380717863118,0.42463253016413555,20 min
-630.5517445742917,0.42942788715666536,20 min
-587.0654173622715,0.43423652734733875,20 min
-543.5790901502514,0.43905757876186025,20 min
-500.09276293823314,0.443890160140528,20 min
-456.606435726213,0.4487333815650985,20 min
-413.1201085141929,0.45358634509935025,20 min
-369.6337813021728,0.4584481454423991,20 min
-326.1474540901527,0.4633178705937726,20 min
-282.66112687813256,0.4681946025292254,20 min
-239.17479966611245,0.47307741788624685,20 min
-195.68847245409233,0.47796538865818317,20 min
-152.20214524207222,0.4828575828958762,20 min
-108.7158180300521,0.48775306541569796,20 min
-65.22949081803199,0.4926508985128415,20 min
-21.743163606011876,0.4975501426787162,20 min
21.74316360600824,0.5024498573212833,20 min
65.22949081802835,0.5073491014871581,20 min
108.71581803004847,0.5122469345843016,20 min
152.20214524206858,0.5171424171041235,20 min
195.6884724540887,0.5220346113418164,20 min
239.1747996661088,0.5269225821137528,20 min
282.6611268781289,0.5318053974707742,20 min
326.14745409014904,0.536682129406227,20 min
369.63378130216915,0.5415518545576005,20 min
413.12010851418927,0.5464136549006493,20 min
456.60643572620756,0.5512666184349009,20 min
500.0927629382277,0.5561098398594714,20 min
543.5790901502478,0.5609424212381393,20 min
587.0654173622679,0.5657634726526608,20 min
630.551744574288,0.5705721128433342,20 min
674.0380717863081,0.5753674698358641,20 min
717.5243989983283,0.5801486815536069,20 min
761.0107262103484,0.5849148964143209,20 min
804.4970534223685,0.5896652739105841,20 min
847.9833806343886,0.594398985173088,20 min
891.4697078464087,0.5991152135160567,20 min
934.9560350584288,0.6038131549640928,20 min
978.4423622704489,0.608492018759791,20 min
1021.928689482469,0.6131510278515164,20 min
1065.4150166944892,0.6177894193607927,20 min
1108.9013439065093,0.6224064450287916,20 min
1152.3876711185294,0.6270013716414713,20 min
1195.8739983305495,0.6315734814329623,20 min
1239.3603255425696,0.6361220724668477,20 min
1282.8466527545897,0.6406464589950418,20 min
1326.3329799666099,0.645145971794018,20 min
1369.8193071786282,0.6496199584781921,20 min
1413.3056343906483,0.6540677837903182,20 min
1456.7919616026684,0.6584888298688005,20 min
1500.2782888146885,0.6628824964918791,20 min
1543.7646160267086,0.6672482012986961,20 min
1587.2509432387287,0.6715853799872933,20 min
1630.7372704507488,0.6758934864896404,20 min
1674.223597662769,0.6801719931238399,20 min
1717.709924874789,0.6844203907236986,20 min
1761.1962520868092,0.6886381887458921,20 min
1804.6825792988293,0.6928249153549992,20 min
1848.1689065108494,0.6969801174867143,20 min
1891.6552337228695,0.7011033608895846,20 min
1935.1415609348896,0.7051942301456582,20 min
1978.6278881469098,0.7092523286704566,20 min
2022.1142153589299,0.7132772786927226,20 min
2065.60054257095,0.717268721214416,20 min
2109.08686978297,0.7212263159514678,20 min
2152.57319699499,0.7251497412558175,20 min
2196.0595242070103,0.7290386940192886,20 min
2239.5458514190304,0.7328928895598766,20 min
2283.0321786310506,0.7367120614910414,20 min
2326.518505843069,0.7404959615746136,20 min
2370.004833055089,0.7442443595579409,20 min
2413.491160267109,0.747957042995909,20 min
2456.977487479129,0.7516338170584895,20 min
2500.4638146911493,0.7552745043244665,20 min
2543.9501419031694,0.7588789445620101,20 min
2587.4364691151895,0.7624469944967621,20 min
2630.9227963272097,0.76597852756811,20 min
2674.4091235392298,0.7694734336743172,20 min
2717.89545075125,0.772931618907188,20 min
2761.38177796327,0.7763530052769363,20 min
2804.86810517529,0.779737530427925,20 min
2848.35443238731,0.7830851473459415,20 min
2891.8407595993303,0.7863958240576641,20 min
2935.3270868113505,0.7896695433229695,20 min
2978.8134140233706,0.7929063023207217,20 min
3022.2997412353907,0.7961061123286721,20 min
3065.786068447411,0.7992689983980897,20 min
3109.272395659431,0.8023949990237292,20 min
3152.758722871451,0.8054841658097303,20 min
3196.245050083471,0.8085365631320274,20 min
3239.7313772954894,0.8115522677978383,20 min
3283.2177045075096,0.8145313687027761,20 min
3326.7040317195297,0.8174739664861237,20 min
3370.19035893155,0.8203801731847846,20 min
3413.67668614357,0.8232501118864123,20 min
3457.16301335559,0.8260839163821988,20 min
3500.64934056761,0.8288817308197908,20 min
3544.1356677796302,0.8316437093567755,20 min
3587.6219949916504,0.8343700158151701,20 min
3631.1083222036705,0.8370608233373205,20 min
3674.5946494156906,0.8397163140436037,20 min
3718.0809766277107,0.8423366786923068,20 min
3761.567303839731,0.8449221163420356,20 min
3805.053631051751,0.8474728340169907,20 min
3848.539958263771,0.8499890463754278,20 min
3892.026285475791,0.852470975381603,20 min
3935.5126126878113,0.8549188499814826,20 min
3978.9989398998314,0.8573329057824834,20 min
4022.4852671118515,0.859713384737488,20 min
4065.9715943238716,0.862060534833366,20 min
4109.457921535892,0.8643746097842109,20 min
4152.944248747912,0.8666558687294914,20 min
4196.430575959932,0.8689045759372925,20 min
4239.916903171952,0.8711210005128158,20 min
4283.403230383972,0.8733054161122811,20 min
4326.889557595992,0.8754581006623675,20 min
4370.375884808012,0.8775793360853124,20 min
4413.8622120200325,0.8796694080297709,20 min
4457.348539232053,0.8817286056075302,20 min
4500.834866444073,0.883757221136156,20 min
4544.321193656093,0.8857555498876379,20 min
4587.807520868113,0.8877238898430877,20 min
4631.2938480801295,0.8896625414535309,20 min
4674.78017529215,0.8915718074068265,20 min
4718.26650250417,0.8934519924007343,20 min
4761.75282971619,0.895303402922137,20 min
4805.23915692821,0.8971263470324262,20 min
4848.72548414023,0.8989211341590357,20 min
4892.21181135225,0.9006880748931112,20 min
4935.69813856427,0.9024274807932893,20 min
4979.18446577629,0.9041396641955541,20 min
5022.6707929883105,0.9058249380291316,20 min
5066.157120200331,0.9074836156383744,20 min
5109.643447412351,0.9091160106105862,20 min
5153.129774624371,0.9107224366097237,20 min
5196.616101836391,0.912303207215917,20 min
5240.102429048411,0.9138586357707302,20 min
5283.588756260431,0.9153890352281003,20 min
5327.075083472451,0.916894718010863,20 min
5370.561410684471,0.918375995872792,20 min
5414.0477378964915,0.9198331797660623,20 min
5457.534065108512,0.9212665797140469,20 min
5501.020392320532,0.9226765046893568,20 min
5544.506719532552,0.9240632624970273,20 min
5587.993046744572,0.9254271596627557,20 min
5631.479373956592,0.926768501326086,20 min
5674.965701168612,0.928087591138446,20 min
5718.452028380632,0.9293847311659273,20 min
5761.938355592652,0.9306602217967104,20 min
5805.424682804673,0.9319143616530232,20 min
5848.911010016693,0.9331474475075336,20 min
5892.397337228713,0.9343597742040646,20 min
5935.883664440733,0.9355516345825274,20 min
5979.369991652753,0.9367233194079663,20 min
6022.856318864773,0.9378751173036044,20 min
6066.342646076793,0.9390073146877895,20 min
6109.828973288813,0.9401201957147269,20 min
6153.3153005008335,0.9412140422188977,20 min
6196.801627712854,0.9422891336630558,20 min
6240.287954924874,0.9433457470896985,20 min
6283.774282136894,0.9443841570759066,20 min
6327.260609348914,0.9454046356914525,20 min
6370.746936560934,0.9464074524600721,20 min
6414.233263772954,0.9473928743238049,20 min
6457.719590984974,0.9483611656102955,20 min
6501.205918196991,0.9493125880029651,20 min
6544.692245409011,0.9502474005139545,20 min
6588.178572621031,0.9511658594597405,20 min
6631.664899833051,0.9520682184393374,20 min
6675.151227045071,0.952954728314988,20 min
6718.637554257091,0.9538256371952547,20 min
6762.123881469111,0.9546811904204233,20 min
6805.610208681132,0.9555216305501302,20 min
6849.096535893152,0.9563471973531315,20 min
6892.582863105172,0.9571581277991266,20 min
6936.069190317192,0.957954656052559,20 min
6979.555517529212,0.95873701346831,20 min
7023.041844741232,0.9595054285892116,20 min
7066.528171953252,0.9602601271453012,20 min
7110.014499165272,0.9610013320547413,20 min
7153.5008263772925,0.961729263426337,20 min
7196.987153589313,0.9624441385635751,20 min
7240.473480801333,0.9631461719701214,20 min
7283.959808013353,0.963835575356705,20 min
7327.446135225373,0.9645125576493271,20 min
7370.932462437393,0.9651773249987303,20 min
7414.418789649413,0.9658300807910671,20 min
7457.905116861433,0.9664710256597077,20 min
7501.391444073453,0.9671003574981287,20 min
7544.8777712854735,0.9677182714738288,20 min
7588.364098497494,0.9683249600432122,20 min
7631.850425709514,0.9689206129673934,20 min
7675.336752921534,0.969505417328866,20 min
7718.823080133554,0.97007955754899,20 min
7762.309407345574,0.9706432154062492,20 min
7805.795734557594,0.9711965700552293,20 min
7849.282061769614,0.9717397980462767,20 min
7892.768388981634,0.9722730733457896,20 min
7936.2547161936545,0.9727965673571061,20 min
7979.741043405675,0.9733104489419401,20 min
8023.227370617695,0.9738148844423358,20 min
8066.713697829715,0.9743100377030961,20 min
8110.200025041735,0.9747960700946516,20 min
8153.686352253755,0.9752731405363368,20 min
8197.172679465775,0.9757414055200356,20 min
8240.659006677795,0.9762010191341697,20 min
8284.145333889815,0.9766521330879939,20 min
8327.631661101832,0.977094896736172,20 min
8371.117988313852,0.9775294571036026,20 min
8414.604315525872,0.9779559589104676,20 min
8458.090642737892,0.9783745445974797,20 min
8501.576969949912,0.9787853543512999,20 min
8545.063297161932,0.9791885261301029,20 min
8588.549624373953,0.9795841956892678,20 min
8632.035951585973,0.9799724966071706,20 min
8675.522278797993,0.9803535603110584,20 min
8719.008606010013,0.980727516102984,20 min
8762.494933222033,0.9810944911857836,20 min
8805.981260434053,0.9814546106890756,20 min
8849.467587646073,0.9818079976952683,20 min
8892.953914858093,0.982154773265554,20 min
8936.440242070114,0.9824950564658779,20 min
8979.926569282134,0.9828289643928646,20 min
9023.412896494154,0.9831566121996878,20 min
9066.899223706174,0.9834781131218711,20 min
9110.385550918194,0.9837935785030054,20 min
9153.871878130214,0.9841031178203709,20 min
9197.358205342234,0.9844068387104516,20 min
9240.844532554254,0.9847048469943347,20 min
9284.330859766274,0.9849972467029782,20 min
9327.817186978295,0.9852841401023436,20 min
9371.303514190315,0.9855656277183797,20 min
9414.789841402335,0.9858418083618514,20 min
9458.276168614355,0.9861127791530044,20 min
9501.762495826375,0.9863786355460579,20 min
9545.248823038395,0.9866394713535188,20 min
9588.735150250415,0.9868953787703112,20 min
9632.221477462435,0.987146448397713,20 min
9675.707804674455,0.9873927692670965,20 min
9719.194131886476,0.9876344288634646,20 min
9762.680459098496,0.9878715131487805,20 min
9806.166786310516,0.9881041065850853,20 min
9849.653113522536,0.9883322921573972,20 min
9893.139440734556,0.9885561513963921,20 min
9936.625767946576,0.9887757644008603,20 min
9980.112095158596,0.9889912098599345,20 min
10023.598422370616,0.9892025650750886,20 min
10067.084749582637,0.9894099059819047,20 min
10110.571076794657,0.9896133071716035,20 min
10154.057404006677,0.9898128419123392,20 min
10197.543731218693,0.9900085821702547,20 min
10241.030058430713,0.9902005986302973,20 min
10284.516385642733,0.9903889607167922,20 min
10328.002712854754,0.9905737366137726,20 min
10371.489040066774,0.9907549932850688,20 min
10414.975367278794,0.9909327964941506,20 min
10458.461694490814,0.9911072108237262,20 min
10501.948021702834,0.9912782996950966,20 min
10545.434348914854,0.991446125387264,20 min
10588.920676126874,0.9916107490557962,20 min
10632.407003338894,0.9917722307514464,20 min
10675.893330550914,0.9919306294385277,20 min
10719.379657762935,0.9920860030130458,20 min
10762.865984974955,0.9922384083205861,20 min
10806.352312186975,0.9923879011739609,20 min
10849.838639398995,0.9925345363706144,20 min
10893.324966611015,0.9926783677097868,20 min
10936.811293823035,0.9928194480094398,20 min
10980.297621035055,0.9929578291229444,20 min
11023.783948247075,0.9930935619555316,20 min
11067.270275459096,0.9932266964805085,20 min
11110.756602671116,0.9933572817552401,20 min
11154.242929883136,0.993485365936899,20 min
11197.729257095156,0.9936109962979854,20 min
11241.215584307176,0.9937342192416186,20 min
11284.701911519196,0.9938550803165999,20 min
11328.188238731216,0.9939736242322514,20 min
11371.674565943236,0.9940898948730335,20 min
11415.160893155256,0.9942039353129373,20 min
11458.647220367277,0.994315787829662,20 min
11502.133547579297,0.9944254939185719,20 min
11545.619874791317,0.99453309430644,20 min
11589.106202003337,0.9946386289649782,20 min
11632.592529215357,0.9947421371241573,20 min
11676.078856427377,0.9948436572853168,20 min
11719.565183639397,0.994943227234071,20 min
11763.051510851417,0.9950408840530078,20 min
11806.537838063437,0.9951366641341883,20 min
11850.024165275458,0.9952306031914446,20 min
11893.510492487478,0.9953227362724822,20 min
11936.996819699498,0.9954130977707862,20 min
11980.483146911518,0.9955017214373343,20 min
12023.969474123534,0.9955886403921209,20 min
12067.455801335554,0.995673887135492,20 min
12110.942128547575,0.9957574935592943,20 min
12154.428455759595,0.9958394909578416,20 min
12197.914782971615,0.9959199100387,20 min
12241.401110183635,0.9959987809332925,20 min
12284.887437395655,0.9960761332073311,20 min
12328.373764607675,0.9961519958710703,20 min
12371.860091819695,0.9962263973893919,20 min
12415.346419031715,0.9962993656917196,20 min
12458.832746243736,0.9963709281817656,20 min
12502.319073455756,0.996441111747113,20 min
12545.805400667776,0.9965099427686366,20 min
12589.291727879796,0.9965774471297613,20 min
12632.778055091816,0.9966436502255642,20 min
12676.264382303836,0.9967085769717203,20 min
12719.750709515856,0.9967722518132949,20 min
12763.237036727876,0.9968346987333845,20 min
12806.723363939896,0.9968959412616083,20 min
12850.209691151917,0.9969560024824544,20 min
12893.696018363937,0.9970149050434784,20 min
12937.182345575957,0.9970726711633632,20 min
12980.668672787977,0.9971293226398342,20 min
13024.154999999995,0.9971848808574406,20 min
-15341.36,0.001428724800353544,25 min
-15290.136761268783,0.00146026916638914,25 min
-15238.913522537563,0.0014925089484657248,25 min
-15187.690283806345,0.0015254594309609265,25 min
-15136.467045075125,0.0015591362321073408,25 min
-15085.243806343908,0.001593555311192137,25 min
-15034.020567612688,0.0016287329759077486,25 min
-14982.79732888147,0.0016646858898566874,25 min
-14931.57409015025,0.0017014310802134455,25 min
-14880.350851419033,0.0017389859455466368,25 min
-14829.127612687815,0.0017773682638044525,25 min
-14777.904373956595,0.0018165962004666866,25 min
-14726.681135225377,0.0018566883168664953,25 min
-14675.457896494157,0.001897663578685255,25 min
-14624.23465776294,0.0019395413646237935,25 min
-14573.01141903172,0.0019823414752534684,25 min
-14521.788180300502,0.0020260841420504617,25 min
-14470.564941569282,0.0020707900366168613,25 min
-14419.341702838065,0.002116480280092048,25 min
-14368.118464106845,0.0021631764527580213,25 min
-14316.895225375627,0.0022109006038422904,25 min
-14265.67198664441,0.002259675261522121,25 min
-14214.44874791319,0.002309523443133828,25 min
-14163.225509181972,0.0023604686655909896,25 min
-14112.002270450752,0.0024125349560154647,25 min
-14060.779031719534,0.002465746862585103,25 min
-14009.555792988314,0.002520129465602213,25 min
-13958.332554257096,0.002575708388786729,25 min
-13907.109315525877,0.002632509810798258,25 min
-13855.886076794659,0.0026905604769911027,25 min
-13804.66283806344,0.002749887711406482,25 min
-13753.439599332221,0.002810519429006156,25 min
-13702.216360601004,0.0028724841481518413,25 min
-13650.993121869784,0.0029358110033346633,25 min
-13599.769883138566,0.0030005297581591085,25 min
-13548.546644407346,0.0030666708185859352,25 min
-13497.323405676128,0.0031342652464384575,25 min
-13446.100166944909,0.00320334477317687,25 min
-13394.876928213691,0.003273941813945063,25 min
-13343.653689482471,0.003346089481894665,25 min
-13292.430450751253,0.0034198216027909257,25 min
-13241.207212020036,0.0034951727299051888,25 min
-13189.983973288816,0.0035721781591986756,25 min
-13138.760734557598,0.0036508739448023624,25 min
-13087.537495826378,0.0037312969147978627,25 min
-13036.31425709516,0.0038134846873040225,25 min
-12985.09101836394,0.0038974756868742754,25 min
-12933.867779632723,0.003983309161209517,25 min
-12882.644540901503,0.004071025198191613,25 min
-12831.421302170285,0.004160664743242325,25 min
-12780.198063439067,0.004252269617012772,25 min
-12728.974824707848,0.004345882533408363,25 min
-12677.75158597663,0.004441547117954231,25 min
-12626.52834724541,0.00453930792650616,25 min
-12575.305108514192,0.004639210464312075,25 min
-12524.081869782973,0.004741301205429099,25 min
-12472.858631051755,0.004845627612501131,25 min
-12421.635392320535,0.0049522381569021305,25 min
-12370.412153589317,0.005061182339249862,25 min
-12319.1889148581,0.005172510710295296,25 min
-12267.96567612688,0.005286274892192502,25 min
-12216.74243739566,0.005402527600153954,25 min
-12165.519198664442,0.005521322664496167,25 min
-12114.295959933224,0.005642715053080535,25 min
-12063.072721202005,0.005766760894154018,25 min
-12011.849482470787,0.005893517499594594,25 min
-11960.626243739567,0.006023043388565956,25 min
-11909.40300500835,0.006155398311586171,25 min
-11858.179766277131,0.006290643275014721,25 min
-11806.956527545912,0.006428840565962397,25 min
-11755.733288814692,0.0065700537776282285,25 min
-11704.510050083474,0.0067143478350678125,25 min
-11653.286811352256,0.00686178902139694,25 min
-11602.063572621037,0.007012445004434573,25 min
-11550.840333889819,0.007166384863788837,25 min
-11499.6170951586,0.0073236791183897915,25 min
-11448.393856427381,0.007484399754472241,25 min
-11397.170617696163,0.007648620254012096,25 min
-11345.947378964944,0.007816415623619089,25 min
-11294.724140233724,0.007987862423888816,25 min
-11243.500901502506,0.008163038799216787,25 min
-11192.277662771288,0.008342024508076718,25 min
-11141.054424040069,0.008524900953765222,25 min
-11089.831185308849,0.008711751215614686,25 min
-11038.607946577631,0.008902660080675997,25 min
-10987.384707846413,0.009097714075872095,25 min
-10936.161469115195,0.009297001500623375,25 min
-10884.938230383976,0.009500612459945323,25 min
-10833.714991652756,0.009708638898018623,25 min
-10782.491752921538,0.009921174632231319,25 min
-10731.26851419032,0.010138315387692349,25 min
-10680.0452754591,0.010360158832215336,25 min
-10628.822036727881,0.0105868046117708,25 min
-10577.598797996663,0.010818354386404785,25 min
-10526.375559265445,0.0110549118666212,25 min
-10475.152320534227,0.01129658285022435,25 min
-10423.929081803008,0.011543475259618154,25 min
-10372.705843071788,0.011795699179557185,25 min
-10321.48260434057,0.012053366895344666,25 min
-10270.259365609352,0.012316592931471346,25 min
-10219.036126878133,0.012585494090688872,25 min
-10167.812888146913,0.012860189493510053,25 min
-10116.589649415695,0.013140800618128053,25 min
-10065.366410684477,0.013427451340745588,25 min
-10014.14317195326,0.01372026797630391,25 min
-9962.91993322204,0.014019379319601073,25 min
-9911.69669449082,0.014324916686787634,25 min
-9860.473455759602,0.014637013957226889,25 min
-9809.250217028384,0.014955807615705984,25 min
-9758.026978297165,0.015281436794982669,25 min
-9706.803739565945,0.015614043318651889,25 min
-9655.580500834727,0.01595377174431464,25 min
-9604.35726210351,0.016300769407030707,25 min
-9553.13402337229,0.016655186463035137,25 min
-9501.910784641072,0.017017175933697476,25 min
-9450.687545909852,0.01738689374970082,25 min
-9399.464307178634,0.017764498795416743,25 min
-9348.241068447416,0.01815015295345006,25 min
-9297.017829716197,0.018544021149326465,25 min
-9245.794590984977,0.01894627139629374,25 min
-9194.571352253759,0.01935707484020599,25 min
-9143.348113522541,0.019776605804458218,25 min
-9092.124874791321,0.02020504183493707,25 min
-9040.901636060102,0.02064256374495095,25 min
-8989.678397328884,0.021089355660101772,25 min
-8938.455158597666,0.021545605063057256,25 min
-8887.231919866448,0.02201150283818175,25 min
-8836.008681135228,0.02248724331598028,25 min
-8784.785442404009,0.02297302431730888,25 min
-8733.562203672791,0.02346904719730174,25 min
-8682.338964941573,0.023975516888963194,25 min
-8631.115726210353,0.024492641946369638,25 min
-8579.892487479134,0.02502063458742465,25 min
-8528.669248747916,0.025559710736107265,25 min
-8477.446010016698,0.026110090064150708,25 min
-8426.22277128548,0.02667199603208595,25 min
-8374.99953255426,0.02724565592958186,25 min
-8323.77629382304,0.02783130091500998,25 min
-8272.553055091823,0.028429166054159766,25 min
-8221.329816360605,0.029039490358025884,25 min
-8170.106577629385,0.029662516819586898,25 min
-8118.883338898167,0.03029849244949011,25 min
-8067.660100166948,0.03094766831055544,25 min
-8016.43686143573,0.03161029955100583,25 min
-7965.213622704511,0.032286645436329864,25 min
-7913.990383973292,0.03297696937967684,25 min
-7862.767145242074,0.03368153897068263,25 min
-7811.543906510855,0.03440062600261877,25 min
-7760.320667779636,0.03513450649775533,25 min
-7709.097429048417,0.03588346073082233,25 min
-7657.874190317199,0.03664777325045182,25 min
-7606.65095158598,0.03742773289847756,25 min
-7555.427712854761,0.03822363282696598,25 min
-7504.204474123543,0.03903577051284703,25 min
-7452.981235392324,0.03986444777000992,25 min
-7401.757996661106,0.04070997075872383,25 min
-7350.534757929887,0.041572649992240154,25 min
-7299.311519198668,0.042452800340427546,25 min
-7248.088280467449,0.04335074103028707,25 min
-7196.8650417362305,0.04426679564319071,25 min
-7145.641803005012,0.045201292108681096,25 min
-7094.418564273794,0.04615456269466729,25 min
-7043.195325542574,0.04712694399384541,25 min
-6991.972086811356,0.048118776906170224,25 min
-6940.748848080137,0.049130406617198266,25 min
-6889.525609348919,0.050162182572119254,25 min
-6838.302370617699,0.051214458445288644,25 min
-6787.079131886481,0.05228759210506926,25 min
-6735.855893155263,0.05338194557378717,25 min
-6684.632654424044,0.05449788498260157,25 min
-6633.409415692826,0.05563578052108585,25 min
-6582.186176961606,0.05679600638131348,25 min
-6530.962938230388,0.057978940696237095,25 min
-6479.739699499169,0.059184965472149284,25 min
-6428.516460767951,0.0604144665150062,25 min
-6377.293222036731,0.06166783335039714,25 min
-6326.069983305513,0.06294545913693579,25 min
-6274.846744574294,0.06424774057285157,25 min
-6223.623505843076,0.0655750777955523,25 min
-6172.400267111858,0.06692787427393349,25 min
-6121.177028380638,0.06830653669320275,25 min
-6069.95378964942,0.06971147483199133,25 min
-6018.730550918201,0.07114310143152272,25 min
-5967.507312186983,0.0726018320566067,25 min
-5916.284073455763,0.07408808494823169,25 min
-5865.060834724545,0.07560228086752516,25 min
-5813.8375959933255,0.07714484293085638,25 min
-5762.614357262108,0.07871619643585644,25 min
-5711.39111853089,0.08031676867813467,25 min
-5660.16787979967,0.08194698875847235,25 min
-5608.944641068452,0.08360728738028045,25 min
-5557.721402337233,0.08529809663711267,25 min
-5506.498163606015,0.08701984979002995,25 min
-5455.274924874795,0.08877298103462061,25 min
-5404.051686143577,0.09055792525748613,25 min
-5352.8284474123575,0.0923751177820128,25 min
-5301.60520868114,0.09422499410325635,25 min
-5250.381969949922,0.09610798961177942,25 min
-5199.158731218702,0.09802453930629083,25 min
-5147.935492487484,0.09997507749494886,25 min
-5096.7122537562645,0.10196003748520473,25 min
-5045.489015025047,0.10397985126207471,25 min
-4994.265776293827,0.10603494915474834,25 min
-4943.042537562609,0.10812575949145248,25 min
-4891.8192988313895,0.11025270824251386,25 min
-4840.596060100172,0.11241621865157778,25 min
-4789.372821368952,0.11461671085496371,25 min
-4738.149582637734,0.1168546014891586,25 min
-4686.926343906516,0.11913030328647346,25 min
-4635.7031051752965,0.12144422465891087,25 min
-4584.479866444079,0.12379676927031869,25 min
-4533.256627712859,0.12618833559693127,25 min
-4482.033388981641,0.1286193164764273,25 min
-4430.810150250421,0.13109009864566432,25 min
-4379.586911519204,0.1336010622672787,25 min
-4328.363672787984,0.1361525804453752,25 min
-4277.140434056766,0.13874501873055928,25 min
-4225.917195325548,0.14137873461460465,25 min
-4174.6939565943285,0.14405407701508116,25 min
-4123.470717863111,0.1467713857503052,25 min
-4072.247479131891,0.14953099100501643,25 min
-4021.024240400673,0.15233321278721762,25 min
-3969.8010016694534,0.15517836037666174,25 min
-3918.5777629382355,0.1580667317655043,25 min
-3867.354524207016,0.16099861309168736,25 min
-3816.131285475798,0.16397427806565817,25 min
-3764.9080467445783,0.16699398739107424,25 min
-3713.6848080133605,0.1700579881801847,25 min
-3662.4615692821426,0.17316651336462752,25 min
-3611.238330550923,0.1763197811024214,25 min
-3560.015091819705,0.17951799418197825,25 min
-3508.7918530884854,0.182761339424008,25 min
-3457.5686143572675,0.18604998708222595,25 min
-3406.345375626048,0.1893840902438252,25 min
-3355.12213689483,0.19276378423070958,25 min
-3303.8988981636103,0.19618918600253696,25 min
-3252.6756594323924,0.19966039356265097,25 min
-3201.4524207011746,0.20317748536803318,25 min
-3150.229181969955,0.2067405197444358,25 min
-3099.005943238737,0.21034953430789743,25 min
-3047.7827045075173,0.21400454539388253,25 min
-2996.5594657762995,0.21770554749531154,25 min
-2945.33622704508,0.22145251271078822,25 min
-2894.112988313862,0.22524539020435297,25 min
-2842.8897495826423,0.22908410567812243,25 min
-2791.6665108514244,0.2329685608591943,25 min
-2740.4432721202047,0.2368986330022205,25 min
-2689.220033388987,0.2408741744090644,25 min
-2637.996794657769,0.2448950119669755,25 min
-2586.7735559265493,0.2489609467067187,25 min
-2535.5503171953314,0.25307175338210375,25 min
-2484.3270784641118,0.2572271800723627,25 min
-2433.103839732894,0.2614269478088125,25 min
-2381.880601001674,0.26567075022723985,25 min
-2330.6573622704564,0.2699582532474255,25 min
-2279.4341235392367,0.27428909478121044,25 min
-2228.210884808019,0.2786628844704797,25 min
-2176.987646076801,0.28307920345641535,25 min
-2125.7644073455813,0.28753760418132923,25 min
-2074.5411686143634,0.2920376102243519,25 min
-2023.3179298831437,0.29657871617220755,25 min
-1972.0946911519259,0.30116038752624974,25 min
-1920.8714524207062,0.30578206064688296,25 min
-1869.6482136894883,0.3104431427364256,25 min
-1818.4249749582686,0.3151430118614109,25 min
-1767.2017362270508,0.3198810170152381,25 min
-1715.978497495833,0.3246564782220205,25 min
-1664.7552587646132,0.3294686866823819,25 min
-1613.5320200333954,0.33431690496187216,25 min
-1562.3087813021757,0.33920036722257674,25 min
-1511.0855425709578,0.34411827949839413,25 min
-1459.8623038397382,0.3490698200143593,25 min
-1408.6390651085203,0.35405413955027787,25 min
-1357.4158263773006,0.35907036184883173,25 min
-1306.1925876460828,0.3641175840681986,25 min
-1254.969348914863,0.36919487727911754,25 min
-1203.7461101836452,0.374301287006205,25 min
-1152.5228714524274,0.37943583381321766,25 min
-1101.2996327212077,0.3845975139318224,25 min
-1050.0763939899898,0.389785299933319,25 min
-998.8531552587701,0.3949981414426378,25 min
-947.6299165275523,0.4002349658938001,25 min
-896.4066777963326,0.4054946793259201,25 min
-845.1834390651147,0.4107761672186893,25 min
-793.960200333895,0.4160782953661763,25 min
-742.7369616026772,0.4213999107876436,25 min
-691.5137228714593,0.4267398426739769,25 min
-640.2904841402396,0.43209690336820084,25 min
-589.0672454090218,0.4374698893784482,25 min
-537.8440066778021,0.44285758242164763,25 min
-486.62076794658424,0.44825875049608543,25 min
-435.39752921536456,0.45367214898091146,25 min
-384.1742904841467,0.4590965217605588,25 min
-332.951051752927,0.4645306023719753,25 min
-281.72781302170915,0.46997311517247325,25 min
-230.50457429048947,0.4754227765259489,25 min
-179.2813355592716,0.48087829600514653,25 min
-128.05809682805375,0.486338377607599,25 min
-76.83485809683407,0.4918017209828187,25 min
-25.611619365616207,0.4972670226682819,25 min
25.611619365603474,0.5027329773317168,25 min
76.83485809682134,0.50819827901718,25 min
128.05809682804102,0.5136616223923995,25 min
179.28133555925888,0.5191217039948521,25 min
230.50457429047856,0.52457722347405,25 min
281.7278130216964,0.5300268848275255,25 min
332.9510517529143,0.5354693976280234,25 min
384.17429048413396,0.5409034782394397,25 min
435.3975292153518,0.5463278510190872,25 min
486.6207679465715,0.5517412495039131,25 min
537.8440066777894,0.557142417578351,25 min
589.067245409009,0.5625301106215504,25 min
640.2904841402269,0.5679030966317978,25 min
691.5137228714466,0.5732601573260216,25 min
742.7369616026645,0.5786000892123551,25 min
793.9602003338841,0.5839217046338225,25 min
845.183439065102,0.5892238327813094,25 min
896.4066777963199,0.5945053206740786,25 min
947.6299165275395,0.5997650341061986,25 min
998.8531552587574,0.6050018585573609,25 min
1050.076393989977,0.6102147000666797,25 min
1101.299632721195,0.6154024860681764,25 min
1152.5228714524128,0.6205641661867809,25 min
1203.7461101836343,0.6256987129937939,25 min
1254.9693489148522,0.6308051227208814,25 min
1306.19258764607,0.6358824159318,25 min
1357.4158263772879,0.6409296381511671,25 min
1408.6390651085057,0.6459458604497208,25 min
1459.8623038397272,0.6509301799856396,25 min
1511.085542570945,0.6558817205016048,25 min
1562.308781302163,0.660799632777422,25 min
1613.5320200333808,0.6656830950381265,25 min
1664.7552587646023,0.6705313133176172,25 min
1715.9784974958202,0.6753435217779784,25 min
1767.201736227038,0.6801189829847607,25 min
1818.424974958256,0.6848569881385879,25 min
1869.6482136894738,0.6895568572635731,25 min
1920.8714524206953,0.694217939353116,25 min
1972.0946911519131,0.698839612473749,25 min
2023.317929883131,0.7034212838277913,25 min
2074.541168614349,0.7079623897756468,25 min
2125.7644073455704,0.7124623958186698,25 min
2176.987646076788,0.7169207965435835,25 min
2228.210884808006,0.7213371155295192,25 min
2279.434123539224,0.7257109052187884,25 min
2330.657362270442,0.7300417467525733,25 min
2381.8806010016633,0.7343292497727592,25 min
2433.103839732881,0.7385730521911864,25 min
2484.327078464099,0.7427728199276362,25 min
2535.550317195317,0.746928246617895,25 min
2586.7735559265384,0.7510390532932805,25 min
2637.9967946577563,0.7551049880330234,25 min
2689.220033388974,0.7591258255909347,25 min
2740.443272120192,0.7631013669977786,25 min
2791.6665108514135,0.767031439140805,25 min
2842.8897495826313,0.7709158943218768,25 min
2894.112988313849,0.7747546097956461,25 min
2945.336227045067,0.7785474872892109,25 min
2996.559465776285,0.7822944525046875,25 min
3047.7827045075064,0.7859954546061166,25 min
3099.0059432387243,0.7896504656921017,25 min
3150.229181969942,0.7932594802555633,25 min
3201.45242070116,0.7968225146319657,25 min
3252.6756594323815,0.8003396064373484,25 min
3303.8988981635994,0.8038108139974622,25 min
3355.1221368948172,0.8072362157692896,25 min
3406.345375626035,0.8106159097561739,25 min
3457.568614357253,0.813950012917773,25 min
3508.7918530884745,0.8172386605759914,25 min
3560.0150918196923,0.8204820058180209,25 min
3611.23833055091,0.8236802188975778,25 min
3662.461569282128,0.8268334866353716,25 min
3713.6848080133495,0.8299420118198146,25 min
3764.9080467445674,0.8330060126089252,25 min
3816.1312854757853,0.8360257219343411,25 min
3867.354524207003,0.8390013869083119,25 min
3918.577762938221,0.8419332682344949,25 min
3969.8010016694425,0.8448216396233377,25 min
4021.0242404006603,0.8476667872127817,25 min
4072.247479131878,0.8504690089949829,25 min
4123.470717863096,0.853228614249694,25 min
4174.693956594318,0.8559459229849183,25 min
4225.917195325535,0.8586212653853946,25 min
4277.140434056753,0.8612549812694401,25 min
4328.363672787971,0.8638474195546242,25 min
4379.586911519189,0.8663989377327206,25 min
4430.8101502504105,0.8689099013543352,25 min
4482.033388981628,0.871380683523572,25 min
4533.256627712846,0.8738116644030681,25 min
4584.479866444064,0.8762032307296805,25 min
4635.703105175286,0.8785557753410886,25 min
4686.9263439065035,0.880869696713526,25 min
4738.149582637721,0.8831453985108408,25 min
4789.372821368939,0.8853832891450357,25 min
4840.596060100157,0.8875837813484215,25 min
4891.819298831379,0.8897472917574857,25 min
4943.042537562596,0.8918742405085469,25 min
4994.265776293814,0.8939650508452511,25 min
5045.489015025032,0.8960201487379247,25 min
5096.712253756254,0.8980399625147949,25 min
5147.9354924874715,0.9000249225050506,25 min
5199.158731218689,0.9019754606937087,25 min
5250.381969949907,0.9038920103882201,25 min
5301.605208681129,0.9057750058967432,25 min
5352.828447412347,0.9076248822179869,25 min
5404.051686143564,0.9094420747425134,25 min
5455.274924874782,0.9112270189653788,25 min
5506.498163606,0.9129801502099696,25 min
5557.721402337222,0.9147019033628869,25 min
5608.9446410684395,0.9163927126197191,25 min
5660.167879799657,0.9180530112415273,25 min
5711.391118530875,0.9196832313218648,25 min
5762.614357262097,0.9212838035641433,25 min
5813.837595993315,0.9228551570691433,25 min
5865.0608347245325,0.9243977191324746,25 min
5916.28407345575,0.9259119150517678,25 min
5967.507312186968,0.9273981679433928,25 min
6018.73055091819,0.9288568985684771,25 min
6069.953789649408,0.9302885251680082,25 min
6121.177028380625,0.9316934633067969,25 min
6172.400267111843,0.9330721257260661,25 min
6223.623505843065,0.9344249222044474,25 min
6274.846744574283,0.9357522594271481,25 min
6326.0699833055005,0.937054540863064,25 min
6377.293222036718,0.9383321666496027,25 min
6428.516460767936,0.9395855334849934,25 min
6479.739699499158,0.9408150345278504,25 min
6530.962938230376,0.9420210593037626,25 min
6582.186176961593,0.9432039936186862,25 min
6633.409415692811,0.9443642194789139,25 min
6684.632654424033,0.9455021150173981,25 min
6735.855893155251,0.9466180544262125,25 min
6787.0791318864685,0.9477124078949304,25 min
6838.302370617686,0.9487855415547112,25 min
6889.525609348904,0.9498378174278804,25 min
6940.748848080126,0.9508695933828015,25 min
6991.972086811344,0.9518812230938295,25 min
7043.1953255425615,0.9528730560061542,25 min
7094.418564273779,0.9538454373053324,25 min
7145.641803005001,0.9547987078913186,25 min
7196.865041736219,0.9557332043568091,25 min
7248.088280467437,0.9566492589697128,25 min
7299.311519198654,0.9575471996595722,25 min
7350.534757929876,0.9584273500077596,25 min
7401.757996661094,0.9592900292412758,25 min
7452.981235392312,0.9601355522299899,25 min
7504.2044741235295,0.9609642294871528,25 min
7555.427712854747,0.9617763671730337,25 min
7606.650951585969,0.9625722671015222,25 min
7657.874190317187,0.963352226749548,25 min
7709.097429048405,0.9641165392691775,25 min
7760.320667779622,0.9648654935022445,25 min
7811.543906510844,0.9655993739973812,25 min
7862.767145242062,0.9663184610293172,25 min
7913.99038397328,0.9670230306203229,25 min
7965.2136227044975,0.96771335456367,25 min
8016.436861435715,0.968389700448994,25 min
8067.660100166937,0.9690523316894445,25 min
8118.883338898155,0.9697015075505098,25 min
8170.106577629373,0.9703374831804129,25 min
8221.32981636059,0.970960509641974,25 min
8272.553055091812,0.9715708339458402,25 min
8323.77629382303,0.9721686990849899,25 min
8374.999532554248,0.972754344070418,25 min
8426.222771285466,0.973328003967914,25 min
8477.446010016683,0.9738899099358491,25 min
8528.669248747905,0.9744402892638926,25 min
8579.892487479123,0.9749793654125752,25 min
8631.11572621034,0.9755073580536303,25 min
8682.338964941559,0.9760244831110366,25 min
8733.56220367278,0.976530952802698,25 min
8784.785442403998,0.977026975682691,25 min
8836.008681135216,0.9775127566840196,25 min
8887.231919866434,0.9779884971618181,25 min
8938.455158597651,0.9784543949369426,25 min
8989.678397328873,0.978910644339898,25 min
9040.90163606009,0.979357436255049,25 min
9092.124874791309,0.9797949581650629,25 min
9143.348113522527,0.9802233941955416,25 min
9194.571352253748,0.9806429251597939,25 min
9245.794590984966,0.9810537286037062,25 min
9297.017829716184,0.9814559788506734,25 min
9348.241068447402,0.9818498470465499,25 min
9399.46430717862,0.9822355012045831,25 min
9450.687545909841,0.9826131062502992,25 min
9501.910784641059,0.9829828240663024,25 min
9553.134023372277,0.9833448135369647,25 min
9604.357262103495,0.9836992305929693,25 min
9655.580500834716,0.9840462282556852,25 min
9706.803739565934,0.984385956681348,25 min
9758.026978297152,0.9847185632050173,25 min
9809.25021702837,0.985044192384294,25 min
9860.473455759591,0.9853629860427731,25 min
9911.696694490809,0.9856750833132124,25 min
9962.919933222027,0.9859806206803989,25 min
10014.143171953245,0.986279732023696,25 min
10065.366410684463,0.9865725486592543,25 min
10116.589649415684,0.9868591993818718,25 min
10167.812888146902,0.9871398105064899,25 min
10219.03612687812,0.9874145059093111,25 min
10270.259365609338,0.9876834070685286,25 min
10321.48260434056,0.9879466331046554,25 min
10372.705843071777,0.9882043008204426,25 min
10423.929081802995,0.9884565247403818,25 min
10475.152320534213,0.9887034171497756,25 min
10526.37555926543,0.9889450881333788,25 min
10577.598797996652,0.9891816456135951,25 min
10628.82203672787,0.9894131953882292,25 min
10680.045275459088,0.9896398411677846,25 min
10731.268514190306,0.9898616846123076,25 min
10782.491752921527,0.9900788253677687,25 min
10833.714991652745,0.9902913611019815,25 min
10884.938230383963,0.9904993875400546,25 min
10936.16146911518,0.9907029984993765,25 min
10987.384707846399,0.9909022859241277,25 min
11038.60794657762,0.991097339919324,25 min
11089.831185308838,0.9912882487843852,25 min
11141.054424040056,0.9914750990462347,25 min
11192.277662771274,0.9916579754919232,25 min
11243.500901502495,0.9918369612007831,25 min
11294.724140233713,0.9920121375761111,25 min
11345.947378964931,0.9921835843763809,25 min
11397.170617696149,0.9923513797459879,25 min
11448.393856427367,0.9925156002455278,25 min
11499.617095158588,0.9926763208816103,25 min
11550.840333889806,0.9928336151362112,25 min
11602.063572621024,0.9929875549955655,25 min
11653.286811352242,0.9931382109786031,25 min
11704.510050083463,0.993285652164932,25 min
11755.733288814681,0.9934299462223718,25 min
11806.956527545899,0.9935711594340375,25 min
11858.179766277117,0.9937093567249853,25 min
11909.403005008335,0.9938446016884137,25 min
11960.626243739556,0.993976956611434,25 min
12011.849482470774,0.9941064825004053,25 min
12063.072721201992,0.9942332391058459,25 min
12114.29595993321,0.9943572849469193,25 min
12165.519198664431,0.9944786773355038,25 min
12216.74243739565,0.9945974723998461,25 min
12267.965676126867,0.9947137251078075,25 min
12319.188914858085,0.9948274892897047,25 min
12370.412153589306,0.9949388176607501,25 min
12421.635392320524,0.9950477618430977,25 min
12472.858631051742,0.9951543723874989,25 min
12524.08186978296,0.9952586987945709,25 min
12575.305108514178,0.995360789535688,25 min
12626.5283472454,0.9954606920734939,25 min
12677.751585976617,0.9955584528820457,25 min
12728.974824707835,0.9956541174665916,25 min
12780.198063439053,0.9957477303829874,25 min
12831.421302170274,0.9958393352567576,25 min
12882.644540901492,0.9959289748018083,25 min
12933.86777963271,0.9960166908387904,25 min
12985.091018363928,0.9961025243131256,25 min
13036.314257095146,0.996186515312696,25 min
13087.537495826367,0.996268703085202,25 min
13138.760734557585,0.9963491260551978,25 min
13189.983973288803,0.9964278218408014,25 min
13241.207212020021,0.9965048272700948,25 min
13292.430450751242,0.996580178397209,25 min
13343.65368948246,0.9966539105181054,25 min
13394.876928213678,0.9967260581860549,25 min
13446.100166944896,0.9967966552268231,25 min
13497.323405676114,0.9968657347535615,25 min
13548.546644407335,0.996933329181414,25 min
13599.769883138553,0.9969994702418409,25 min
13650.993121869771,0.9970641889966654,25 min
13702.216360600989,0.9971275158518481,25 min
13753.43959933221,0.9971894805709938,25 min
13804.662838063428,0.9972501122885935,25 min
13855.886076794646,0.9973094395230089,25 min
13907.109315525864,0.9973674901892018,25 min
13958.332554257082,0.9974242916112133,25 min
14009.555792988303,0.9974798705343979,25 min
14060.779031719521,0.9975342531374148,25 min
14112.00227045074,0.9975874650439845,25 min
14163.225509181957,0.9976395313344091,25 min
14214.448747913179,0.9976904765568662,25 min
14265.671986644396,0.9977403247384778,25 min
14316.895225375614,0.9977890993961578,25 min
14368.118464106832,0.997836823547242,25 min
14419.34170283805,0.9978835197199081,25 min
14470.564941569271,0.9979292099633832,25 min
14521.78818030049,0.9979739158579495,25 min
14573.011419031707,0.9980176585247467,25 min
14624.234657762925,0.9980604586353762,25 min
14675.457896494147,0.9981023364213146,25 min
14726.681135225364,0.9981433116831335,25 min
14777.904373956582,0.9981834037995334,25 min
14829.1276126878,0.9982226317361955,25 min
14880.350851419022,0.9982610140544534,25 min
14931.57409015024,0.9982985689197865,25 min
14982.797328881457,0.9983353141101432,25 min
15034.020567612675,0.9983712670240921,25 min
15085.243806343893,0.9984064446888079,25 min
15136.467045075115,0.9984408637678927,25 min
15187.690283806332,0.9984745405690392,25 min
15238.91352253755,0.9985074910515344,25 min
15290.136761268768,0.9985397308336108,25 min
15341.359999999986,0.9985712751996464,25 min
